# Blender 5.2.0 LTS
# www.blender.org
mtllib cabin.mtl
o Cube
v -3.291892 9.248919 0.000000
v 3.291892 9.248919 0.000000
v -3.137021 5.051400 0.000000
v 3.134766 4.076448 0.000000
v 2.794444 0.428270 0.000000
v -2.728545 0.428270 0.000000
v -3.233996 -0.022042 0.000000
v 2.943953 -0.023232 0.000000
v 3.142573 4.164898 2.797391
v -3.142573 4.164898 2.797391
v -3.349046 9.453246 0.000000
v 3.349046 9.453246 0.000000
v 3.606224 4.006607 2.759717
v -3.606224 4.006607 2.759717
v -3.668834 4.090920 2.848547
v 3.668834 4.090920 2.848547
v -3.887123 9.404420 0.000000
v 3.887123 9.404420 0.000000
v -3.909882 9.601307 0.000000
v 3.909882 9.601307 0.000000
v 3.283416 8.984429 0.112958
v -3.283416 8.984429 0.112958
v 3.340422 9.418139 0.091154
v -3.340422 9.418139 0.091154
v 3.872538 9.136276 0.113847
v -3.872538 9.136276 0.113847
v 3.899814 9.564524 0.095125
v -3.899814 9.564524 0.095125
v 1.853913 4.076448 2.704541
v 0.000000 4.076448 2.704541
v 1.853913 0.428270 2.190010
v 0.000000 0.428270 2.190010
v 1.853913 -0.023232 2.340887
v 0.000000 -0.023232 2.340887
v 1.853913 -0.023232 0.000000
v 0.000000 -0.023232 0.000000
v 1.853913 4.164898 2.797391
v 0.000000 4.164898 2.797391
v 1.853913 9.027344 0.000000
v 0.000000 8.711607 0.000000
v 1.853913 4.006607 2.759717
v 0.000000 4.006607 2.759717
v 1.853913 4.090920 2.848547
v 0.000000 4.090920 2.848547
v 1.853913 8.994687 0.082358
v 0.000000 8.679019 0.075801
v -3.088835 4.076723 1.118658
v -2.728431 0.428544 1.113011
v -3.126908 4.861153 0.000000
v 3.192336 4.813439 0.000000
v 3.126601 4.818091 2.168566
v -3.126601 4.818091 2.168566
v 3.180884 4.915357 2.267163
v -3.180884 4.915357 2.267163
v 3.650186 4.682197 2.288916
v -3.650186 4.682197 2.288916
v 3.713559 4.778842 2.385940
v -3.713559 4.778842 2.385940
v 0.000000 4.880444 2.266437
v 1.853913 4.901089 2.266866
v -3.126467 4.854468 1.073954
v -2.689620 4.106307 0.000000
v -2.329221 0.458127 0.000000
v -2.329107 0.458401 1.112966
v -2.689510 4.106579 1.118613
v -2.727584 4.891010 0.000000
v -2.727143 4.884325 1.073909
v -3.088851 4.076682 1.356082
v -2.728448 0.428503 1.274249
v -3.126487 4.816328 1.305434
v -3.136787 5.022040 1.294378
v -3.329659 4.852672 0.000000
v -3.339772 5.042918 0.000000
v -2.931200 0.420021 1.274247
v -2.931183 0.420062 1.113008
v -3.291586 4.068241 1.118655
v -3.329218 4.845987 1.073952
v -3.329238 4.807846 1.305432
v -3.339538 5.013559 1.294375
v -3.291602 4.068200 1.356079
v 3.158750 5.451292 1.774287
v -3.158750 5.451292 1.774287
v -3.143405 5.455474 0.000000
v 3.204185 5.441013 0.000000
v -3.213653 5.557281 1.876998
v 3.213653 5.557281 1.876998
v 3.687971 5.446872 1.788090
v 3.752025 5.554607 1.891822
v -3.687971 5.446872 1.788090
v -3.752025 5.554607 1.891822
v 1.853913 5.530775 1.876471
v 0.000000 5.492247 1.875832
v -1.807070 9.019365 0.000000
v -1.807070 8.986712 0.082192
v -1.807070 4.076448 2.704541
v -1.807070 4.006607 2.759717
v -1.807069 4.090920 2.848547
v -1.807070 4.164898 2.797391
v -1.807070 -0.023232 0.000000
v -1.807070 -0.023232 2.340887
v -1.807070 0.428270 2.190010
v -1.807070 4.900567 2.266855
v -1.807070 5.529801 1.876455
v 2.948658 0.428270 0.000000
v 2.978535 0.384466 0.000000
v -3.153570 0.385840 0.000000
v -3.094230 0.429315 0.000000
v 1.853913 0.384669 2.311898
v 1.853913 0.428270 2.287994
v 0.000000 0.428270 2.289157
v 0.000000 0.384693 2.311896
v -1.807070 0.428270 2.291152
v -1.807070 0.384737 2.311893
v -3.088940 4.076458 2.648490
v -3.014838 4.076448 2.704541
v -3.140533 4.048131 2.728575
v -3.091831 4.133311 2.666066
v -2.728539 0.428284 2.133950
v -2.653992 0.428270 2.190010
v -3.157167 -0.022106 2.298237
v -3.233996 -0.022042 2.239932
v -3.153577 0.385804 2.251620
v -3.076223 0.385742 2.307793
v -3.014105 0.429249 2.293954
v -3.093589 0.429313 2.238124
v 3.031856 4.076448 2.704541
v 3.088592 4.076448 2.657061
v 3.091266 4.122185 2.673594
v 3.130440 4.053672 2.723872
v 2.671198 0.428270 2.190010
v 2.728545 0.428270 2.142434
v 2.878055 -0.023232 2.248575
v 2.821362 -0.023232 2.298305
v 2.855612 0.384476 2.307774
v 2.912637 0.384465 2.260177
v 2.882787 0.428270 2.239955
v 2.825102 0.428270 2.287594
v -3.083090 1.957748 1.106355
v -3.139365 2.527389 1.107218
v -2.481132 1.995864 0.000000
v -2.537482 2.566274 0.000000
v -3.083108 1.957715 1.281106
v -3.139307 2.526594 1.293796
v -2.936452 2.534017 1.293756
v -2.880358 1.966213 1.281108
v 1.853913 2.529272 2.352243
v 1.853913 1.965783 2.273607
v -2.880339 1.966229 1.106357
v -2.936663 2.536369 1.107224
v -2.537364 2.566476 1.107185
v -2.481018 1.996119 1.106316
v 2.990559 2.530581 0.000000
v 2.937879 1.965866 0.000000
v 0.000000 2.529449 2.352283
v 0.000000 1.965742 2.273605
v -1.807070 1.965751 2.273605
v -1.807070 2.529927 2.352392
v -2.861950 2.530745 2.352578
v -2.806072 1.965812 2.273608
v -2.880451 1.966019 2.222793
v -2.936398 2.532346 2.302137
v 2.823206 1.965878 2.273612
v 2.878913 2.529382 2.352268
v 2.935977 2.530075 2.309364
v 2.880315 1.966081 2.230522
v 3.142573 4.164898 -2.797391
v -3.142573 4.164898 -2.797391
v 3.606224 4.006607 -2.759717
v -3.606224 4.006607 -2.759717
v -3.668834 4.090920 -2.848547
v 3.668834 4.090920 -2.848547
v 3.283416 8.984429 -0.112958
v -3.283416 8.984429 -0.112958
v 3.340422 9.418139 -0.091154
v -3.340422 9.418139 -0.091154
v 3.872538 9.136276 -0.113847
v -3.872538 9.136276 -0.113847
v 3.899814 9.564524 -0.095125
v -3.899814 9.564524 -0.095125
v 1.853913 4.076448 -2.704541
v 0.000000 4.076448 -2.704541
v 1.853913 0.428270 -2.190010
v 0.000000 0.428270 -2.190010
v 1.853913 -0.023232 -2.340887
v 0.000000 -0.023232 -2.340887
v 1.853913 4.164898 -2.797391
v 0.000000 4.164898 -2.797391
v 1.853913 4.006607 -2.759717
v 0.000000 4.006607 -2.759717
v 1.853913 4.090920 -2.848547
v 0.000000 4.090920 -2.848547
v 1.853913 8.994687 -0.082358
v 0.000000 8.679019 -0.075801
v -3.088835 4.076723 -1.118658
v -2.728431 0.428544 -1.113011
v 3.126601 4.818091 -2.168566
v -3.126601 4.818091 -2.168566
v 3.180884 4.915357 -2.267163
v -3.180884 4.915357 -2.267163
v 3.650186 4.682197 -2.288916
v -3.650186 4.682197 -2.288916
v 3.713559 4.778842 -2.385940
v -3.713559 4.778842 -2.385940
v 0.000000 4.880444 -2.266437
v 1.853913 4.901089 -2.266866
v -3.126467 4.854468 -1.073954
v -2.329107 0.458401 -1.112966
v -2.689510 4.106579 -1.118613
v -2.727143 4.884325 -1.073909
v -3.088851 4.076682 -1.356082
v -2.728448 0.428503 -1.274249
v -3.126487 4.816328 -1.305434
v -3.136787 5.022040 -1.294378
v -2.931200 0.420021 -1.274247
v -2.931183 0.420062 -1.113008
v -3.291586 4.068241 -1.118655
v -3.329218 4.845987 -1.073952
v -3.329238 4.807846 -1.305432
v -3.339538 5.013559 -1.294375
v -3.291602 4.068200 -1.356079
v 3.158750 5.451292 -1.774287
v -3.158750 5.451292 -1.774287
v -3.213653 5.557281 -1.876998
v 3.213653 5.557281 -1.876998
v 3.687971 5.446872 -1.788090
v 3.752025 5.554607 -1.891822
v -3.687971 5.446872 -1.788090
v -3.752025 5.554607 -1.891822
v 1.853913 5.530775 -1.876471
v 0.000000 5.492247 -1.875832
v -1.807070 8.986712 -0.082192
v -1.807070 4.076448 -2.704541
v -1.807070 4.006607 -2.759717
v -1.807069 4.090920 -2.848547
v -1.807070 4.164898 -2.797391
v -1.807070 -0.023232 -2.340887
v -1.807070 0.428270 -2.190010
v -1.807070 4.900567 -2.266855
v -1.807070 5.529801 -1.876455
v 1.853913 0.384669 -2.311898
v 1.853913 0.428270 -2.287994
v 0.000000 0.428270 -2.289157
v 0.000000 0.384693 -2.311896
v -1.807070 0.428270 -2.291152
v -1.807070 0.384737 -2.311893
v -3.088940 4.076458 -2.648490
v -3.014838 4.076448 -2.704541
v -3.140533 4.048131 -2.728575
v -3.091831 4.133311 -2.666066
v -2.728539 0.428284 -2.133950
v -2.653992 0.428270 -2.190010
v -3.157167 -0.022106 -2.298237
v -3.233996 -0.022042 -2.239932
v -3.153577 0.385804 -2.251620
v -3.076223 0.385742 -2.307793
v -3.014105 0.429249 -2.293954
v -3.093589 0.429313 -2.238124
v 3.031856 4.076448 -2.704541
v 3.088592 4.076448 -2.657061
v 3.091266 4.122185 -2.673594
v 3.130440 4.053672 -2.723872
v 2.671198 0.428270 -2.190010
v 2.728545 0.428270 -2.142434
v 2.878055 -0.023232 -2.248575
v 2.821362 -0.023232 -2.298305
v 2.855612 0.384476 -2.307774
v 2.912637 0.384465 -2.260177
v 2.882787 0.428270 -2.239955
v 2.825102 0.428270 -2.287594
v -3.083090 1.957748 -1.106355
v -3.139365 2.527389 -1.107218
v -3.083108 1.957715 -1.281106
v -3.139307 2.526594 -1.293796
v -2.936452 2.534017 -1.293756
v -2.880358 1.966213 -1.281108
v 1.853913 2.529272 -2.352243
v 1.853913 1.965783 -2.273607
v -2.880339 1.966229 -1.106357
v -2.936663 2.536369 -1.107224
v -2.537364 2.566476 -1.107185
v -2.481018 1.996119 -1.106316
v 0.000000 2.529449 -2.352283
v 0.000000 1.965742 -2.273605
v -1.807070 1.965751 -2.273605
v -1.807070 2.529927 -2.352392
v -2.861950 2.530745 -2.352578
v -2.806072 1.965812 -2.273608
v -2.880451 1.966019 -2.222793
v -2.936398 2.532346 -2.302137
v 2.823206 1.965878 -2.273612
v 2.878913 2.529382 -2.352268
v 2.935977 2.530075 -2.309364
v 2.880315 1.966081 -2.230522
vn 0.0033 -0.0572 -0.9984
vn 0.0042 -0.0572 -0.9984
vn 0.0017 -0.0242 -0.9997
vn 0.0014 -0.0246 -0.9997
vn 0.2224 0.9750 -0.0000
vn 0.2629 0.9648 -0.0000
vn 0.1614 0.6905 0.7051
vn 0.1319 0.6989 0.7030
vn 0.0582 -0.9983 -0.0062
vn 0.0582 -0.9983 -0.0000
vn 0.0746 -0.9972 -0.0000
vn 0.0746 -0.9972 -0.0062
vn -0.0176 0.5487 0.8358
vn -0.0059 0.5719 0.8203
vn -0.0171 0.5687 0.8224
vn -0.0265 0.5526 0.8330
vn 0.0829 -0.4089 -0.9088
vn 0.2528 -0.9675 -0.0000
vn 0.0877 -0.4052 -0.9100
vn 0.9773 -0.1251 -0.1709
vn 0.9968 -0.0797 -0.0000
vn 0.9949 -0.0916 -0.0427
vn -0.0479 0.4764 0.8779
vn -0.0345 0.4925 0.8696
vn -0.0059 0.5567 0.8307
vn -0.0000 -0.7253 0.6884
vn -0.7427 -0.6576 0.1265
vn -0.6187 -0.7334 0.2816
vn -0.9066 -0.2677 -0.3262
vn -0.9055 -0.2705 -0.3271
vn 0.0059 0.5568 0.8306
vn 0.0017 0.5772 0.8166
vn -0.0000 0.5795 0.8150
vn -0.0000 0.5615 0.8275
vn -0.0000 0.5688 0.8225
vn -0.0017 0.5772 0.8166
vn -0.0000 -0.5236 0.8519
vn -0.0078 -0.5324 0.8465
vn -0.0004 -1.0000 -0.0000
vn -0.0000 -1.0000 -0.0000
vn 0.0476 0.4765 0.8779
vn 0.0343 0.4927 0.8695
vn 0.0059 0.5719 0.8203
vn 0.0171 0.5687 0.8224
vn -0.0418 0.9989 0.0227
vn -0.0418 0.9991 -0.0000
vn -0.0541 0.4716 0.8801
vn -0.9459 -0.1922 -0.2615
vn -0.9447 -0.1946 -0.2640
vn -0.0000 0.7046 0.7096
vn -0.0000 0.5042 0.8636
vn -0.1328 0.6986 0.7031
vn 0.9447 -0.1946 -0.2640
vn 0.9054 -0.2705 -0.3271
vn 0.9066 -0.2677 -0.3262
vn 0.9459 -0.1922 -0.2615
vn -0.0746 0.9972 -0.0000
vn -0.0746 0.9972 -0.0002
vn 0.0521 -0.4791 -0.8762
vn 0.0267 -0.5639 -0.8254
vn 0.0292 -0.5570 -0.8300
vn 0.0516 -0.4808 -0.8753
vn -0.9988 -0.0483 -0.0000
vn -0.9973 -0.0733 -0.0000
vn -0.9973 -0.0739 0.0001
vn -0.9988 -0.0483 0.0001
vn 0.9993 -0.0252 0.0274
vn 0.9985 -0.0489 0.0243
vn 0.9991 -0.0414 -0.0000
vn 0.9997 -0.0246 -0.0000
vn 0.0418 -0.9991 -0.0062
vn 0.0418 -0.9991 -0.0000
vn 0.0418 -0.9991 -0.0002
vn -0.7395 -0.6731 -0.0002
vn 0.0176 0.5487 0.8358
vn 0.0101 -0.5314 0.8470
vn -0.1624 0.6905 0.7049
vn 0.6187 -0.7334 0.2816
vn 0.7427 -0.6576 0.1265
vn -0.1676 0.7175 0.6761
vn -0.9773 -0.1251 -0.1709
vn -0.9949 -0.0916 -0.0427
vn -0.9992 -0.0393 -0.0092
vn -0.9992 -0.0393 -0.0000
vn -0.9993 -0.0385 -0.0000
vn -0.9993 -0.0381 -0.0052
vn 0.1676 0.7175 0.6761
vn 0.0541 0.4716 0.8801
vn -0.0877 -0.4052 -0.9100
vn -0.0829 -0.4089 -0.9088
vn -0.0516 -0.4808 -0.8753
vn -0.0521 -0.4791 -0.8762
vn 0.0265 0.5526 0.8330
vn -0.0026 0.0610 0.9981
vn -0.0023 0.0536 0.9986
vn -0.0026 0.0607 0.9982
vn 0.0024 -0.0573 -0.9984
vn 0.0011 -0.0262 -0.9997
vn -0.0007 0.0162 0.9999
vn -0.0005 0.0118 0.9999
vn -0.2643 0.9644 -0.0000
vn -0.2241 0.9746 -0.0000
vn 0.0002 -0.6190 -0.7854
vn -0.0000 -0.6199 -0.7847
vn 0.2554 0.9668 -0.0000
vn -0.0002 -0.6187 -0.7856
vn 0.9997 -0.0232 -0.0000
vn 0.9994 -0.0232 0.0254
vn -0.9993 -0.0376 -0.0036
vn -0.9990 -0.0438 -0.0019
vn -0.9989 -0.0474 -0.0010
vn -0.9993 -0.0376 -0.0000
vn -0.9984 -0.0560 -0.0000
vn -0.9985 -0.0541 -0.0022
vn -0.9986 -0.0525 -0.0029
vn -0.9984 -0.0560 -0.0014
vn -0.9973 -0.0735 -0.0022
vn -0.9972 -0.0744 -0.0021
vn -0.0289 -0.5571 -0.8299
vn -0.0263 -0.5641 -0.8253
vn -0.2554 0.9668 -0.0000
vn -0.9968 -0.0797 -0.0000
vn -0.2528 -0.9675 -0.0000
vn -0.0000 1.0000 -0.0000
vn 0.0008 0.8093 0.5874
vn 0.0003 0.8083 0.5887
vn 0.0002 0.2601 0.9656
vn 0.0070 0.2487 0.9686
vn 0.0002 0.7846 0.6200
vn -0.0047 0.2239 0.9746
vn 0.0002 1.0000 -0.0020
vn -0.9344 -0.3148 0.1669
vn -0.6645 -0.5807 0.4703
vn -0.3387 -0.7970 -0.5001
vn -0.8938 -0.3901 -0.2211
vn -0.5156 0.4832 0.7076
vn -0.1461 0.9677 0.2054
vn -0.3423 0.9135 0.2199
vn -0.7828 0.4412 0.4388
vn 0.0021 1.0000 -0.0022
vn 0.0023 1.0000 -0.0012
vn -0.3182 -0.4611 0.8283
vn -0.8083 -0.4418 0.3893
vn -0.0087 -0.6023 -0.7982
vn -0.0005 -0.6175 -0.7865
vn -0.0187 -0.5834 -0.8120
vn -0.0199 -0.5811 -0.8136
vn -0.9972 -0.0742 -0.0001
vn 0.0025 1.0000 -0.0000
vn -0.3200 0.9474 -0.0000
vn 0.0005 1.0000 -0.0039
vn -0.0001 0.4425 0.8968
vn -0.8599 0.5104 -0.0000
vn -0.8552 -0.5182 -0.0000
vn -0.0141 0.1014 0.9947
vn 0.6948 -0.5858 0.4172
vn 0.9373 -0.3018 0.1743
vn 0.8874 -0.4095 -0.2120
vn 0.3548 -0.7944 -0.4930
vn 0.8609 0.2452 0.4457
vn 0.5007 0.8386 0.2146
vn 0.2744 0.9030 0.3305
vn 0.6208 0.2743 0.7344
vn 0.2852 -0.5050 0.8146
vn 0.7340 -0.5716 0.3668
vn 0.0191 -0.5835 -0.8119
vn 0.0089 -0.6025 -0.7981
vn 0.0205 -0.5809 -0.8137
vn 0.9970 -0.0773 -0.0000
vn 0.0004 -0.6180 -0.7862
vn 0.5069 0.8620 -0.0000
vn 0.0019 0.5981 0.8014
vn 0.0162 0.1835 0.9829
vn 0.7601 -0.6498 -0.0000
vn 0.9711 0.2385 -0.0000
vn 0.8838 -0.1291 0.4497
vn 0.9953 -0.0968 -0.0000
vn 0.9952 -0.0975 -0.0000
vn 0.8822 -0.1640 0.4414
vn -0.0000 -0.1832 0.9831
vn -0.0000 -0.1799 0.9837
vn -0.0000 -0.0962 0.9954
vn -0.0000 -0.0995 0.9950
vn 0.6062 -0.1364 0.7835
vn 0.6004 -0.2015 0.7739
vn -0.8751 -0.1684 0.4537
vn -0.9952 -0.0983 -0.0001
vn -0.8776 -0.1321 0.4608
vn -0.0000 -0.1800 0.9837
vn -0.0000 -0.1833 0.9831
vn -0.0000 -0.0996 0.9950
vn -0.5624 -0.2025 0.8016
vn -0.5684 -0.1355 0.8115
vn -0.0003 0.0044 -1.0000
vn -0.0004 0.0043 -1.0000
vn -0.0000 -0.0015 -1.0000
vn -0.0000 -0.0014 -1.0000
vn -0.0002 0.0046 -1.0000
vn 0.0001 -0.0012 -1.0000
vn -0.9952 -0.0983 0.0001
vn -0.9952 -0.0983 -0.0000
vn 0.0013 -0.0306 0.9995
vn 0.0013 -0.0318 0.9995
vn 0.0006 -0.0138 0.9999
vn 0.0005 -0.0128 0.9999
vn 0.0002 -0.0043 -1.0000
vn 0.0002 -0.0044 1.0000
vn -0.8776 -0.1128 0.4660
vn -0.0000 -0.0543 0.9985
vn -0.0000 -0.2220 0.9750
vn 0.8837 -0.1108 0.4547
vn 0.9953 -0.0963 -0.0000
vn -0.5801 -0.1027 0.8081
vn 0.6176 -0.1045 0.7795
vn 0.0033 -0.0572 0.9984
vn 0.0014 -0.0246 0.9997
vn 0.0017 -0.0242 0.9997
vn 0.0042 -0.0572 0.9984
vn 0.1319 0.6989 -0.7030
vn 0.1614 0.6905 -0.7051
vn 0.0582 -0.9983 0.0062
vn 0.0746 -0.9972 0.0062
vn -0.0176 0.5487 -0.8358
vn -0.0265 0.5526 -0.8330
vn -0.0171 0.5687 -0.8224
vn -0.0059 0.5719 -0.8203
vn 0.0829 -0.4089 0.9088
vn 0.0877 -0.4052 0.9100
vn 0.9773 -0.1251 0.1709
vn 0.9949 -0.0916 0.0427
vn -0.0479 0.4764 -0.8779
vn -0.0059 0.5567 -0.8307
vn -0.0345 0.4925 -0.8696
vn -0.0000 -0.7253 -0.6884
vn -0.6187 -0.7334 -0.2816
vn -0.7427 -0.6576 -0.1265
vn -0.9066 -0.2677 0.3262
vn -0.9055 -0.2705 0.3271
vn 0.0059 0.5568 -0.8306
vn -0.0000 0.5615 -0.8275
vn -0.0000 0.5795 -0.8150
vn 0.0017 0.5772 -0.8166
vn -0.0000 0.5688 -0.8225
vn -0.0017 0.5772 -0.8166
vn -0.0000 -0.5236 -0.8519
vn -0.0078 -0.5324 -0.8465
vn 0.0343 0.4927 -0.8695
vn 0.0476 0.4765 -0.8779
vn 0.0171 0.5687 -0.8224
vn 0.0059 0.5719 -0.8203
vn -0.0418 0.9989 -0.0227
vn -0.0541 0.4716 -0.8801
vn -0.9459 -0.1922 0.2615
vn -0.9447 -0.1946 0.2640
vn -0.0000 0.7046 -0.7096
vn -0.1328 0.6986 -0.7031
vn -0.0000 0.5042 -0.8636
vn 0.9447 -0.1946 0.2640
vn 0.9459 -0.1922 0.2615
vn 0.9066 -0.2677 0.3262
vn 0.9054 -0.2705 0.3271
vn -0.0746 0.9972 0.0002
vn 0.0521 -0.4791 0.8762
vn 0.0516 -0.4808 0.8753
vn 0.0292 -0.5570 0.8300
vn 0.0267 -0.5639 0.8254
vn -0.9988 -0.0483 -0.0001
vn -0.9973 -0.0739 -0.0001
vn 0.9993 -0.0252 -0.0274
vn 0.9985 -0.0489 -0.0243
vn 0.0418 -0.9991 0.0062
vn 0.0418 -0.9991 0.0002
vn -0.7395 -0.6731 0.0002
vn 0.0176 0.5487 -0.8358
vn 0.0101 -0.5314 -0.8470
vn -0.1624 0.6905 -0.7049
vn 0.7427 -0.6576 -0.1265
vn 0.6187 -0.7334 -0.2816
vn -0.1676 0.7175 -0.6761
vn -0.9773 -0.1251 0.1709
vn -0.9949 -0.0916 0.0427
vn -0.9992 -0.0393 0.0092
vn -0.9993 -0.0381 0.0052
vn 0.0541 0.4716 -0.8801
vn 0.1676 0.7175 -0.6761
vn -0.0877 -0.4052 0.9100
vn -0.0521 -0.4791 0.8762
vn -0.0516 -0.4808 0.8753
vn -0.0829 -0.4089 0.9088
vn 0.0265 0.5526 -0.8330
vn -0.0026 0.0610 -0.9981
vn -0.0026 0.0607 -0.9982
vn -0.0023 0.0536 -0.9986
vn 0.0024 -0.0573 0.9984
vn 0.0011 -0.0262 0.9997
vn -0.0005 0.0118 -0.9999
vn -0.0007 0.0162 -0.9999
vn 0.0002 -0.6190 0.7854
vn -0.0000 -0.6199 0.7847
vn -0.0002 -0.6187 0.7856
vn 0.9994 -0.0232 -0.0254
vn -0.9993 -0.0376 0.0036
vn -0.9989 -0.0474 0.0010
vn -0.9990 -0.0438 0.0019
vn -0.9984 -0.0560 0.0014
vn -0.9986 -0.0525 0.0029
vn -0.9985 -0.0541 0.0022
vn -0.9972 -0.0744 0.0021
vn -0.9973 -0.0735 0.0022
vn -0.0263 -0.5641 0.8253
vn -0.0289 -0.5571 0.8299
vn 0.0008 0.8093 -0.5874
vn 0.0070 0.2487 -0.9686
vn 0.0002 0.2601 -0.9656
vn 0.0003 0.8083 -0.5887
vn -0.0047 0.2239 -0.9746
vn 0.0002 0.7846 -0.6200
vn 0.0002 1.0000 0.0020
vn -0.9344 -0.3148 -0.1669
vn -0.8938 -0.3901 0.2211
vn -0.3387 -0.7970 0.5001
vn -0.6645 -0.5807 -0.4703
vn -0.5156 0.4832 -0.7076
vn -0.7828 0.4412 -0.4388
vn -0.3423 0.9135 -0.2199
vn -0.1461 0.9677 -0.2054
vn 0.0023 1.0000 0.0012
vn 0.0021 1.0000 0.0022
vn -0.3182 -0.4611 -0.8283
vn -0.8083 -0.4418 -0.3893
vn -0.0087 -0.6023 0.7982
vn -0.0187 -0.5834 0.8120
vn -0.0005 -0.6175 0.7865
vn -0.0199 -0.5811 0.8136
vn -0.9972 -0.0742 0.0001
vn -0.0001 0.4425 -0.8968
vn 0.0005 1.0000 0.0039
vn -0.0141 0.1014 -0.9947
vn 0.6948 -0.5858 -0.4172
vn 0.3548 -0.7944 0.4930
vn 0.8874 -0.4095 0.2120
vn 0.9373 -0.3018 -0.1743
vn 0.8609 0.2452 -0.4457
vn 0.6208 0.2743 -0.7344
vn 0.2744 0.9030 -0.3305
vn 0.5007 0.8386 -0.2146
vn 0.7340 -0.5716 -0.3668
vn 0.2852 -0.5050 -0.8146
vn 0.0205 -0.5809 0.8137
vn 0.0089 -0.6025 0.7981
vn 0.0191 -0.5835 0.8119
vn 0.0004 -0.6180 0.7862
vn 0.0019 0.5981 -0.8014
vn 0.0162 0.1835 -0.9829
vn 0.8838 -0.1291 -0.4497
vn 0.8822 -0.1640 -0.4414
vn -0.0000 -0.1832 -0.9831
vn -0.0000 -0.0995 -0.9950
vn -0.0000 -0.0962 -0.9954
vn -0.0000 -0.1799 -0.9837
vn 0.6062 -0.1364 -0.7835
vn 0.6004 -0.2015 -0.7739
vn -0.8751 -0.1684 -0.4537
vn -0.8776 -0.1321 -0.4608
vn -0.0000 -0.1800 -0.9837
vn -0.0000 -0.0996 -0.9950
vn -0.0000 -0.1833 -0.9831
vn -0.5624 -0.2025 -0.8016
vn -0.5684 -0.1355 -0.8115
vn -0.0003 0.0044 1.0000
vn -0.0000 -0.0014 1.0000
vn -0.0000 -0.0015 1.0000
vn -0.0004 0.0043 1.0000
vn -0.0002 0.0046 1.0000
vn 0.0001 -0.0012 1.0000
vn 0.0013 -0.0306 -0.9995
vn 0.0005 -0.0128 -0.9999
vn 0.0006 -0.0138 -0.9999
vn 0.0013 -0.0318 -0.9995
vn 0.0002 -0.0043 1.0000
vn 0.0002 -0.0044 -1.0000
vn -0.8776 -0.1128 -0.4660
vn -0.0000 -0.0543 -0.9985
vn -0.0000 -0.2220 -0.9750
vn 0.8837 -0.1108 -0.4547
vn -0.5801 -0.1027 -0.8081
vn 0.6176 -0.1045 -0.7795
vt 0.795756 0.549283
vt 0.816257 0.548744
vt 0.821726 0.574241
vt 0.804801 0.578513
vt 0.718613 0.325420
vt 0.709877 0.325419
vt 0.709951 0.324842
vt 0.718637 0.324871
vt 0.813468 0.488215
vt 0.830913 0.494230
vt 0.745755 0.302581
vt 0.745347 0.298305
vt 0.747997 0.297768
vt 0.748414 0.301552
vt 0.006264 0.738147
vt 0.006090 0.725377
vt 0.037226 0.718475
vt 0.037086 0.731415
vt 0.604754 0.663211
vt 0.609012 0.675011
vt 0.607378 0.682732
vt 0.602275 0.680101
vt 0.746141 0.306005
vt 0.739070 0.306334
vt 0.738943 0.302882
vt 0.512425 0.720967
vt 0.506397 0.720967
vt 0.506397 0.628111
vt 0.512425 0.631233
vt 0.496268 0.473435
vt 0.485685 0.436563
vt 0.491928 0.433559
vt 0.503112 0.470263
vt 0.720009 0.302891
vt 0.720150 0.298611
vt 0.729355 0.298766
vt 0.729356 0.303014
vt 0.720163 0.298194
vt 0.729354 0.298348
vt 0.738799 0.298602
vt 0.738786 0.298184
vt 0.707053 0.330803
vt 0.707053 0.314905
vt 0.730574 0.314905
vt 0.730574 0.330803
vt 0.712572 0.306004
vt 0.719884 0.306341
vt 0.713365 0.298305
vt 0.710715 0.297768
vt 0.760416 0.554967
vt 0.789179 0.479840
vt 0.799688 0.483464
vt 0.770772 0.558939
vt 0.748898 0.305722
vt 0.508770 0.513612
vt 0.516148 0.510325
vt 0.729349 0.324892
vt 0.729356 0.306431
vt 0.740342 0.324873
vt 0.533041 0.502764
vt 0.511849 0.466352
vt 0.518774 0.463361
vt 0.540408 0.499451
vt 0.723386 0.719381
vt 0.655624 0.719387
vt 0.655622 0.698064
vt 0.723386 0.698058
vt 0.036770 0.912914
vt 0.037226 0.956316
vt 0.009240 0.948868
vt 0.008984 0.913762
vt 0.730680 0.363573
vt 0.730682 0.350240
vt 0.758496 0.350249
vt 0.757382 0.363464
vt 0.125773 0.384087
vt 0.096068 0.336381
vt 0.259448 0.336031
vt 0.259448 0.383312
vt 0.783440 0.549972
vt 0.805603 0.485503
vt 0.843712 0.702994
vt 0.836466 0.705852
vt 0.833317 0.697871
vt 0.840563 0.695012
vt 0.712957 0.302580
vt 0.707053 0.347112
vt 0.730574 0.347112
vt 0.748764 0.324848
vt 0.512425 0.903559
vt 0.512425 0.990956
vt 0.506397 0.994079
vt 0.506397 0.903559
vt 0.751764 0.324843
vt 0.588028 0.670697
vt 0.602275 0.680101
vt 0.676553 0.665664
vt 0.668029 0.685623
vt 0.668029 0.399361
vt 0.801921 0.399045
vt 0.706950 0.324837
vt 0.709815 0.305721
vt 0.037199 0.731233
vt 0.006377 0.737964
vt 0.009097 0.913579
vt 0.036883 0.912731
vt 0.710299 0.301552
vt 0.768501 0.568525
vt 0.765017 0.563790
vt 0.775286 0.563509
vt 0.796143 0.581008
vt 0.498327 0.430905
vt 0.785856 0.585940
vt 0.778519 0.589904
vt 0.506397 0.811095
vt 0.512425 0.811095
vt 0.748837 0.325424
vt 0.740366 0.325423
vt 0.526761 0.900436
vt 0.522609 0.900436
vt 0.522609 0.807972
vt 0.526761 0.807972
vt 0.706869 0.325418
vt 0.522609 0.717844
vt 0.526762 0.717844
vt 0.259448 0.670201
vt 0.250938 0.650274
vt 0.765706 0.366653
vt 0.766540 0.351129
vt 0.831674 0.351262
vt 0.668029 0.368868
vt 0.009353 0.948685
vt 0.037339 0.956133
vt 0.751845 0.325425
vt 0.593991 0.681734
vt 0.600838 0.685660
vt 0.006203 0.725195
vt 0.037339 0.718293
vt 0.729349 0.325421
vt 0.491538 0.498896
vt 0.529786 0.591054
vt 0.527664 0.591938
vt 0.489372 0.499795
vt 0.567213 0.680677
vt 0.565191 0.681514
vt 0.535408 0.588711
vt 0.497099 0.496584
vt 0.511761 0.598521
vt 0.473497 0.506394
vt 0.572836 0.678350
vt 0.548879 0.688606
vt 0.867890 0.295297
vt 0.872120 0.295296
vt 0.873933 0.293160
vt 0.869216 0.299587
vt 0.589080 0.739705
vt 0.589673 0.736412
vt 0.593315 0.739329
vt 0.592731 0.742765
vt 0.589325 0.718960
vt 0.593715 0.721485
vt 0.580253 0.755632
vt 0.585693 0.759696
vt 0.525006 0.651337
vt 0.526762 0.657606
vt 0.522607 0.628111
vt 0.009915 0.989641
vt 0.012765 0.994602
vt 0.037320 0.995704
vt 0.770362 0.295314
vt 0.723386 0.738871
vt 0.646398 0.719680
vt 0.723386 0.742448
vt 0.723386 0.760079
vt 0.707482 0.303028
vt 0.708068 0.302352
vt 0.730574 0.302352
vt 0.055688 0.280506
vt 0.059265 0.280506
vt 0.058019 0.283952
vt 0.054231 0.278790
vt 0.967827 0.398320
vt 0.965312 0.398239
vt 0.964754 0.394028
vt 0.967816 0.394073
vt 0.985504 0.396902
vt 0.984565 0.401301
vt 0.955693 0.399194
vt 0.954477 0.395075
vt 0.037207 0.995886
vt 0.012101 0.994455
vt 0.009809 0.990465
vt 0.259448 0.280506
vt 0.526761 0.959187
vt 0.525348 0.964104
vt 0.522607 0.987833
vt 0.907768 0.519005
vt 0.915263 0.522125
vt 0.480226 0.455967
vt 0.471510 0.450620
vt 0.453725 0.458165
vt 0.468835 0.449952
vt 0.730574 0.356702
vt 0.707981 0.356122
vt 0.707481 0.355623
vt 0.917532 0.523070
vt 0.933351 0.529654
vt 0.091400 0.121510
vt 0.259448 0.121494
vt 0.259448 0.164040
vt 0.085460 0.164002
vt 0.493468 0.875636
vt 0.414536 0.875628
vt 0.414536 0.832235
vt 0.489178 0.832243
vt 0.088154 0.121495
vt 0.082228 0.163949
vt 0.841753 0.178775
vt 0.765659 0.178901
vt 0.764704 0.136053
vt 0.835766 0.136039
vt 0.132618 0.875678
vt 0.051386 0.875741
vt 0.055688 0.832238
vt 0.132618 0.832233
vt 0.845560 0.178654
vt 0.839601 0.136023
vt 0.823554 0.627107
vt 0.839782 0.622146
vt 0.846588 0.639857
vt 0.830375 0.644861
vt 0.815232 0.629461
vt 0.822083 0.647193
vt 0.758216 0.323922
vt 0.730686 0.323914
vt 0.730687 0.314164
vt 0.758196 0.314172
vt 0.271774 0.832232
vt 0.271774 0.875641
vt 0.814166 0.650267
vt 0.806781 0.632696
vt 0.799248 0.636842
vt 0.806532 0.654273
vt 0.848848 0.692672
vt 0.730691 0.287877
vt 0.758365 0.287886
vt 0.825664 0.701818
vt 0.764187 0.020014
vt 0.829062 0.019998
vt 0.477472 0.713837
vt 0.414536 0.713837
vt 0.414536 0.994770
vt 0.271774 0.994770
vt 0.505245 0.994770
vt 0.271774 0.713837
vt 0.865057 0.687643
vt 0.098037 0.005651
vt 0.259448 0.005651
vt 0.132618 0.994770
vt 0.132618 0.713837
vt 0.039612 0.994770
vt 0.067400 0.713837
vt 0.833292 0.019997
vt 0.094453 0.005651
vt 0.837159 0.429209
vt 0.862297 0.411766
vt 0.872992 0.425561
vt 0.852971 0.442269
vt 0.718637 0.325969
vt 0.709951 0.325995
vt 0.745748 0.348267
vt 0.748407 0.349296
vt 0.747989 0.353080
vt 0.745340 0.352542
vt 0.006153 0.738147
vt 0.036975 0.731415
vt 0.037115 0.718475
vt 0.005979 0.725377
vt 0.635484 0.649457
vt 0.649731 0.658860
vt 0.648293 0.664419
vt 0.641447 0.660494
vt 0.746135 0.344843
vt 0.738936 0.347963
vt 0.739065 0.344512
vt 0.518453 0.901223
vt 0.518453 0.990956
vt 0.512425 0.994079
vt 0.512425 0.901223
vt 0.534593 0.456281
vt 0.527668 0.459272
vt 0.507746 0.426479
vt 0.514146 0.423825
vt 0.720002 0.347950
vt 0.729349 0.347829
vt 0.729347 0.352077
vt 0.720143 0.352229
vt 0.729347 0.352495
vt 0.720155 0.352646
vt 0.738791 0.352244
vt 0.738778 0.352661
vt 0.754095 0.330803
vt 0.754095 0.314905
vt 0.719878 0.344499
vt 0.712566 0.344834
vt 0.710707 0.353069
vt 0.713357 0.352533
vt 0.812832 0.402951
vt 0.823436 0.406206
vt 0.748893 0.345127
vt 0.556226 0.492371
vt 0.548860 0.495684
vt 0.729349 0.325951
vt 0.740342 0.325973
vt 0.729351 0.344411
vt 0.563604 0.489085
vt 0.556226 0.492371
vt 0.543724 0.452194
vt 0.550568 0.449023
vt 0.791150 0.698064
vt 0.791149 0.719387
vt 0.036660 0.912914
vt 0.008874 0.913762
vt 0.009130 0.948868
vt 0.037115 0.956316
vt 0.703977 0.363455
vt 0.702868 0.350240
vt 0.393124 0.384087
vt 0.422829 0.336381
vt 0.827885 0.421075
vt 0.969662 0.337722
vt 0.962262 0.342066
vt 0.958318 0.335349
vt 0.965718 0.331005
vt 0.712951 0.348258
vt 0.754095 0.347112
vt 0.748764 0.326000
vt 0.518453 0.718630
vt 0.512425 0.718630
vt 0.512425 0.628111
vt 0.518453 0.631233
vt 0.751764 0.326006
vt 0.620572 0.656131
vt 0.618094 0.673021
vt 0.659505 0.665664
vt 0.534137 0.399045
vt 0.709809 0.345117
vt 0.706950 0.326000
vt 0.037197 0.731415
vt 0.036881 0.912914
vt 0.009096 0.913762
vt 0.006375 0.738146
vt 0.710292 0.349285
vt 0.827556 0.397258
vt 0.829808 0.405389
vt 0.821894 0.398839
vt 0.857017 0.404465
vt 0.533141 0.415323
vt 0.539383 0.412318
vt 0.848621 0.386597
vt 0.851956 0.394240
vt 0.518453 0.811095
vt 0.522607 0.715507
vt 0.522607 0.807972
vt 0.518455 0.807972
vt 0.518454 0.715507
vt 0.522607 0.898100
vt 0.518455 0.898100
vt 0.267959 0.650274
vt 0.570352 0.366653
vt 0.504384 0.351262
vt 0.569518 0.351129
vt 0.037337 0.956316
vt 0.009351 0.948868
vt 0.624831 0.667931
vt 0.623197 0.675652
vt 0.006201 0.725377
vt 0.037337 0.718475
vt 0.955235 0.498895
vt 0.957401 0.499795
vt 0.919108 0.591938
vt 0.916987 0.591054
vt 0.881581 0.681514
vt 0.879559 0.680677
vt 0.911364 0.588711
vt 0.949673 0.496584
vt 0.973276 0.506394
vt 0.935012 0.598520
vt 0.873936 0.678350
vt 0.897894 0.688606
vt 0.468168 0.295297
vt 0.466842 0.299587
vt 0.462125 0.293160
vt 0.463938 0.295296
vt 0.857693 0.739704
vt 0.854042 0.742764
vt 0.853457 0.739329
vt 0.857100 0.736412
vt 0.853058 0.721485
vt 0.857447 0.718960
vt 0.866520 0.755632
vt 0.861080 0.759696
vt 0.520851 0.964607
vt 0.518453 0.987833
vt 0.522607 0.958338
vt 0.037318 0.995886
vt 0.012763 0.994784
vt 0.009913 0.989824
vt 0.565696 0.295314
vt 0.800375 0.719680
vt 0.753080 0.302352
vt 0.753666 0.303028
vt 0.463209 0.280506
vt 0.464666 0.278790
vt 0.460878 0.283952
vt 0.459632 0.280506
vt 0.864460 0.646664
vt 0.861439 0.649648
vt 0.859250 0.647507
vt 0.862630 0.644936
vt 0.878370 0.656439
vt 0.875911 0.660205
vt 0.852750 0.639478
vt 0.856529 0.637438
vt 0.009698 0.990465
vt 0.011991 0.994455
vt 0.037096 0.995886
vt 0.518453 0.628111
vt 0.521194 0.651840
vt 0.522606 0.656757
vt 0.966546 0.455967
vt 0.975262 0.450620
vt 0.993047 0.458165
vt 0.977938 0.449952
vt 0.753667 0.355623
vt 0.753167 0.356122
vt 0.427496 0.121510
vt 0.433436 0.164002
vt 0.414536 0.832235
vt 0.430743 0.121495
vt 0.436669 0.163949
vt 0.494304 0.178775
vt 0.500292 0.136039
vt 0.571353 0.136053
vt 0.570399 0.178901
vt 0.055688 0.832237
vt 0.490498 0.178654
vt 0.496457 0.136023
vt 0.907016 0.385057
vt 0.923330 0.375280
vt 0.933013 0.389213
vt 0.916737 0.398966
vt 0.901913 0.378075
vt 0.918237 0.368333
vt 0.703156 0.323913
vt 0.703179 0.314163
vt 0.271774 0.832232
vt 0.897252 0.370318
vt 0.913897 0.361033
vt 0.893875 0.362410
vt 0.910354 0.353173
vt 0.967344 0.349016
vt 0.703018 0.287877
vt 0.954724 0.327525
vt 0.571871 0.020014
vt 0.506996 0.019998
vt 0.977009 0.362966
vt 0.420860 0.005651
vt 0.502766 0.019997
vt 0.424444 0.005651
s 1
usemtl Cabin
f 61/1/1 67/2/2 65/3/3 47/4/4
f 93/5/5 11/6/6 24/7/7 94/8/8
f 61/1/9 49/9/10 66/10/11 67/2/12
f 53/11/13 9/12/14 16/13/15 57/14/16
f 21/15/17 2/16/18 18/17/18 25/18/19
f 25/19/20 18/20/21 20/21/21 27/22/22
f 86/23/23 91/24/24 60/25/25 53/11/13
f 96/26/26 97/27/26 15/28/27 14/29/28
f 56/30/29 14/31/28 15/32/27 58/33/30
f 102/34/31 98/35/32 38/36/33 59/37/34
f 98/35/32 97/38/35 44/39/35 38/36/33
f 60/25/25 59/37/34 38/36/33 37/40/36
f 38/36/33 44/39/35 43/41/35 37/40/36
f 34/42/37 100/43/38 99/44/39 36/45/40
f 94/8/8 24/7/7 85/46/41 103/47/42
f 53/11/13 60/25/25 37/40/36 9/12/14
f 97/38/35 98/35/32 10/48/43 15/49/44
f 71/50/45 3/51/46 73/52/46 79/53/45
f 86/23/23 53/11/13 57/14/16 88/54/47
f 89/55/48 56/30/29 58/33/30 90/56/49
f 46/57/50 92/58/51 91/24/24 45/59/52
f 88/60/53 57/61/54 55/62/55 87/63/56
f 6/64/57 48/65/58 64/66/58 63/67/57
f 87/68/59 55/69/60 51/70/61 81/71/62
f 66/72/63 62/73/64 65/74/65 67/75/66
f 9/12/14 37/40/36 43/41/35 16/13/15
f 81/76/67 51/77/68 50/78/69 84/79/70
f 49/9/10 61/1/9 77/80/71 72/81/72
f 48/82/73 69/83/73 74/84/74 75/85/74
f 98/35/32 102/34/31 54/86/75 10/48/43
f 33/87/76 34/42/37 36/45/40 35/88/40
f 103/47/42 102/34/31 59/37/34 92/58/51
f 23/89/77 45/59/52 91/24/24 86/23/23
f 41/90/26 13/91/78 16/92/79 43/93/26
f 92/58/51 46/57/50 94/8/8 103/47/42
f 86/23/23 88/54/47 27/94/80 23/89/77
f 26/95/81 89/55/48 90/56/49 28/96/82
f 87/63/56 25/19/20 27/22/22 88/60/53
f 22/97/83 1/98/84 83/99/85 82/100/86
f 81/71/62 21/15/17 25/18/19 87/68/59
f 24/7/7 28/101/87 90/102/88 85/46/41
f 26/103/89 22/104/90 82/105/91 89/106/92
f 90/102/88 58/107/93 54/86/75 85/46/41
f 70/108/94 71/109/95 79/53/95 78/110/96
f 77/80/97 61/1/1 47/4/4 76/111/98
f 58/107/93 15/49/44 10/48/43 54/86/75
f 57/61/54 16/32/79 13/112/78 55/62/55
f 70/108/94 78/110/96 80/113/99 68/114/100
f 59/37/34 60/25/25 91/24/24 92/58/51
f 43/93/26 44/115/26 42/116/26 41/90/26
f 102/34/31 103/47/42 85/46/41 54/86/75
f 12/117/101 39/118/102 45/59/52 23/89/77
f 29/119/103 41/120/103 42/121/104 30/122/104
f 19/123/105 28/101/87 24/7/7 11/6/6
f 42/116/26 44/115/26 97/27/26 96/26/26
f 30/122/104 42/121/104 96/124/106 95/125/106
f 81/76/67 84/79/70 2/126/107 21/127/108
f 71/128/109 70/129/110 52/130/111 82/100/86 83/99/85 3/131/112
f 72/81/113 77/80/114 78/110/115 79/53/116 73/52/113
f 78/110/115 77/80/114 76/111/117 80/113/118
f 82/105/91 52/132/119 56/133/120 89/106/92
f 12/117/101 23/89/77 27/94/80 20/134/121
f 17/135/122 26/95/81 28/96/82 19/136/122
f 1/137/123 22/104/90 26/103/89 17/138/123
f 93/5/5 94/8/8 46/57/50 40/139/124
f 40/139/124 46/57/50 45/59/52 39/118/102
f 109/140/125 110/141/126 111/142/127 108/143/128
f 110/141/126 112/144/129 113/145/130 111/142/127
f 32/146/124 110/141/126 109/140/125 31/147/124
f 111/142/127 34/148/37 33/149/76 108/143/128
f 101/150/131 112/144/129 110/141/126 32/146/124
f 113/145/130 100/151/38 34/148/37 111/142/127
f 114/152/132 115/153/133 116/154/134 117/155/135
f 123/156/136 124/157/137 125/158/138 122/159/139
f 124/157/137 119/160/140 118/161/141 125/158/138
f 120/162/142 123/156/136 122/159/139 121/163/143
f 116/164/144 115/165/145 95/125/106 96/124/106 14/166/146
f 52/132/119 117/167/147 116/168/144 14/169/146 56/133/120
f 70/129/110 68/170/148 114/152/132 117/155/135 52/130/111
f 48/65/149 6/64/149 107/171/150 125/158/138 118/161/141 69/172/149
f 112/144/129 101/150/131 119/160/151 124/157/152
f 122/159/139 106/173/153 7/174/154 121/163/143
f 99/44/39 100/43/38 120/175/142 121/176/143 7/177/154
f 100/151/38 113/145/130 123/156/155 120/162/142
f 123/156/155 113/145/130 112/144/129 124/157/152
f 125/158/138 107/171/150 106/173/153 122/159/139
f 126/178/156 127/179/157 128/180/158 129/181/159
f 135/182/160 136/183/161 137/184/162 134/185/163
f 134/185/163 133/186/164 132/187/165 135/182/160
f 136/183/161 131/188/124 130/189/124 137/184/162
f 55/69/60 13/190/166 129/191/167 128/192/168 51/70/61
f 51/77/68 128/180/158 127/179/157 4/193/169 50/78/69
f 29/119/103 126/194/170 129/195/167 13/196/166 41/120/103
f 5/197/124 131/188/124 136/183/161 104/198/171
f 130/199/124 31/147/124 109/140/125 137/200/172
f 133/201/164 134/202/173 108/143/128 33/149/76
f 35/88/40 8/203/174 132/204/165 133/205/164 33/87/76
f 105/206/175 135/182/160 132/187/165 8/207/174
f 108/143/128 134/202/173 137/200/172 109/140/125
f 104/198/171 136/183/161 135/182/160 105/206/175
f 165/208/176 153/209/177 152/210/178 164/211/179
f 163/212/180 146/213/181 147/214/182 162/215/183
f 162/216/184 165/208/176 164/211/179 163/217/185
f 161/218/186 144/219/187 145/220/187 160/221/188
f 157/222/189 158/223/190 159/224/191 156/225/182
f 158/226/192 161/218/186 160/221/188 159/227/193
f 149/228/194 150/229/195 151/230/196 148/231/197
f 139/232/198 149/228/194 148/231/197 138/233/199
f 150/234/200 141/235/201 140/236/201 151/237/200
f 155/238/182 147/214/182 146/213/181 154/239/181
f 138/233/187 142/240/187 143/241/187 139/232/187
f 144/242/202 143/241/203 142/240/204 145/243/205
f 156/225/182 155/238/182 154/239/181 157/222/189
f 80/113/118 76/111/117 139/232/187 143/241/187
f 149/228/194 139/232/198 76/111/98 47/4/4
f 142/240/187 138/233/187 75/85/74 74/84/74
f 48/244/206 75/85/206 138/233/199 148/231/197
f 63/245/201 64/246/200 151/237/200 140/236/201
f 141/235/201 150/234/200 65/74/65 62/73/64
f 69/247/207 145/243/205 142/240/204 74/84/207
f 144/242/202 68/114/100 80/113/99 143/241/203
f 69/248/187 118/249/208 160/221/188 145/220/187
f 144/219/187 161/218/186 114/152/132 68/170/148
f 130/250/209 162/215/183 147/214/182 31/251/209
f 29/252/210 30/253/210 154/239/181 146/213/181
f 163/212/180 126/254/210 29/252/210 146/213/181
f 147/214/182 155/238/182 32/255/209 31/251/209
f 149/228/194 47/4/4 65/3/3 150/229/195
f 48/244/206 148/231/197 151/230/196 64/256/206
f 4/193/169 127/179/157 164/211/179 152/210/178
f 153/209/177 165/208/176 131/257/211 5/258/212
f 30/253/210 95/259/210 157/222/189 154/239/181
f 155/238/182 156/225/182 101/260/209 32/255/209
f 157/222/189 95/259/210 115/261/210 158/223/190
f 101/260/209 156/225/182 159/224/191 119/262/209
f 119/263/213 159/227/193 160/221/188 118/249/208
f 158/226/192 115/153/133 114/152/132 161/218/186
f 126/178/156 163/217/185 164/211/179 127/179/157
f 162/216/184 130/264/214 131/257/211 165/208/176
f 206/265/215 194/266/216 208/267/217 209/268/218
f 93/5/5 231/269/219 175/270/220 11/6/6
f 206/265/221 209/268/222 66/10/11 49/9/10
f 198/271/223 202/272/224 171/273/225 166/274/226
f 172/275/227 176/276/228 18/277/18 2/278/18
f 176/279/229 178/280/230 20/281/21 18/282/21
f 224/283/231 198/271/223 205/284/232 229/285/233
f 233/286/234 169/287/235 170/288/236 234/289/234
f 201/290/237 203/291/238 170/292/236 169/293/235
f 238/294/239 204/295/240 187/296/241 235/297/242
f 235/297/242 187/296/241 191/298/243 234/299/243
f 205/284/232 186/300/244 187/296/241 204/295/240
f 187/296/241 186/300/244 190/301/243 191/298/243
f 185/302/245 36/45/40 99/44/39 236/303/246
f 231/269/219 239/304/247 223/305/248 175/270/220
f 198/271/223 166/274/226 186/300/244 205/284/232
f 234/299/243 170/306/249 167/307/250 235/297/242
f 213/308/251 219/309/251 73/52/46 3/51/46
f 224/283/231 226/310/252 202/272/224 198/271/223
f 227/311/253 228/312/254 203/291/238 201/290/237
f 193/313/255 192/314/256 229/285/233 230/315/257
f 226/316/258 225/317/259 200/318/260 202/319/261
f 6/64/57 63/67/57 207/320/262 195/321/262
f 225/322/263 221/323/264 196/324/265 200/325/266
f 66/72/63 209/326/267 208/327/268 62/73/64
f 166/274/226 171/273/225 190/301/243 186/300/244
f 221/328/269 84/79/70 50/78/69 196/329/270
f 49/9/10 72/81/72 217/330/271 206/265/221
f 195/331/272 215/332/273 214/333/273 211/334/272
f 235/297/242 167/307/250 199/335/274 238/294/239
f 184/336/275 35/88/40 36/45/40 185/302/245
f 239/304/247 230/315/257 204/295/240 238/294/239
f 174/337/276 224/283/231 229/285/233 192/314/256
f 188/338/234 190/339/234 171/340/277 168/341/278
f 230/315/257 239/304/247 231/269/219 193/313/255
f 224/283/231 174/337/276 178/342/279 226/310/252
f 177/343/280 179/344/281 228/312/254 227/311/253
f 225/317/259 226/316/258 178/280/230 176/279/229
f 173/345/282 222/346/283 83/99/85 1/98/84
f 221/323/264 225/322/263 176/276/228 172/275/227
f 175/270/220 223/305/248 228/347/284 179/348/285
f 177/349/286 227/350/287 222/351/288 173/352/289
f 228/347/284 223/305/248 199/335/274 203/353/290
f 212/354/291 218/355/292 219/309/293 213/356/293
f 217/330/294 216/357/295 194/266/216 206/265/215
f 203/353/290 199/335/274 167/307/250 170/306/249
f 202/319/261 200/318/260 168/358/278 171/359/277
f 212/354/291 210/360/296 220/361/297 218/355/292
f 204/295/240 230/315/257 229/285/233 205/284/232
f 190/339/234 188/338/234 189/362/234 191/116/234
f 238/294/239 199/335/274 223/305/248 239/304/247
f 12/117/101 174/337/276 192/314/256 39/118/102
f 180/363/298 181/364/299 189/365/299 188/366/298
f 19/123/105 11/6/6 175/270/220 179/348/285
f 189/362/234 233/286/234 234/289/234 191/116/234
f 181/364/299 232/367/300 233/368/300 189/365/299
f 221/328/269 172/369/301 2/126/107 84/79/70
f 213/370/302 3/131/112 83/99/85 222/346/283 197/371/303 212/372/304
f 72/81/113 73/52/113 219/309/305 218/355/306 217/330/307
f 218/355/306 220/361/308 216/357/309 217/330/307
f 222/351/288 227/350/287 201/373/310 197/374/311
f 12/117/101 20/134/121 178/342/279 174/337/276
f 17/375/122 19/376/122 179/344/281 177/343/280
f 1/377/123 17/378/123 177/349/286 173/352/289
f 93/5/5 40/139/124 193/313/255 231/269/219
f 40/139/124 39/118/102 192/314/256 193/313/255
f 241/379/312 240/380/313 243/381/314 242/382/315
f 242/382/315 243/381/314 245/383/316 244/384/317
f 183/385/124 182/386/124 241/379/312 242/382/315
f 243/381/314 240/380/313 184/387/275 185/388/245
f 237/389/318 183/385/124 242/382/315 244/384/317
f 245/383/316 243/381/314 185/388/245 236/390/246
f 246/391/319 249/392/320 248/393/321 247/394/322
f 255/395/323 254/396/324 257/397/325 256/398/326
f 256/398/326 257/397/325 250/399/327 251/400/328
f 252/401/329 253/402/330 254/396/324 255/395/323
f 248/403/331 169/404/332 233/368/300 232/367/300 247/405/333
f 197/374/311 201/373/310 169/406/332 248/407/331 249/408/334
f 212/372/304 197/371/303 249/392/320 246/391/319 210/409/335
f 195/321/149 211/410/149 250/399/327 257/397/325 107/171/150 6/64/149
f 244/384/317 256/398/336 251/400/337 237/389/318
f 254/396/324 253/402/330 7/174/154 106/173/153
f 99/44/39 7/177/154 253/411/330 252/412/329 236/303/246
f 236/390/246 252/401/329 255/395/338 245/383/316
f 255/395/338 256/398/336 244/384/317 245/383/316
f 257/397/325 254/396/324 106/173/153 107/171/150
f 258/413/339 261/414/340 260/415/341 259/416/342
f 267/417/343 266/418/344 269/419/345 268/420/346
f 266/418/344 267/417/343 264/421/347 265/422/348
f 268/420/346 269/419/345 262/423/124 263/424/124
f 200/325/266 196/324/265 260/425/349 261/426/350 168/427/351
f 196/329/270 50/78/69 4/193/169 259/416/342 260/415/341
f 180/363/298 188/366/298 168/428/351 261/429/350 258/430/352
f 5/197/124 104/198/171 268/420/346 263/424/124
f 262/431/124 269/432/353 241/379/312 182/386/124
f 265/433/348 184/387/275 240/380/313 266/434/354
f 35/88/40 184/336/275 265/435/348 264/436/347 8/203/174
f 105/206/175 8/207/174 264/421/347 267/417/343
f 240/380/313 241/379/312 269/432/353 266/434/354
f 104/198/171 105/206/175 267/417/343 268/420/346
f 293/437/355 292/438/356 152/210/178 153/209/177
f 291/212/357 290/215/358 277/439/359 276/213/360
f 290/440/361 291/441/362 292/438/356 293/437/355
f 289/442/363 288/443/364 275/444/200 274/445/200
f 285/222/365 284/225/359 287/446/366 286/223/367
f 286/447/368 287/448/369 288/443/364 289/442/363
f 279/449/370 278/450/371 281/451/372 280/452/373
f 271/453/374 270/454/375 278/450/371 279/449/370
f 280/455/187 281/456/187 140/236/201 141/235/201
f 283/457/359 282/239/360 276/213/360 277/439/359
f 270/454/200 271/453/200 273/458/200 272/459/200
f 274/460/376 275/461/377 272/459/378 273/458/379
f 284/225/359 285/222/365 282/239/360 283/457/359
f 220/361/308 273/458/200 271/453/200 216/357/309
f 279/449/370 194/266/216 216/357/295 271/453/374
f 272/459/200 214/333/273 215/332/273 270/454/200
f 195/462/380 278/450/371 270/454/375 215/332/380
f 63/245/201 140/236/201 281/456/187 207/463/187
f 141/235/201 62/73/64 208/327/268 280/455/187
f 211/464/381 214/333/381 272/459/378 275/461/377
f 274/460/376 273/458/379 220/361/297 210/360/296
f 211/465/200 275/444/200 288/443/364 250/466/382
f 274/445/200 210/409/335 246/391/319 289/442/363
f 262/250/383 182/251/383 277/439/359 290/215/358
f 180/252/384 276/213/360 282/239/360 181/253/384
f 291/212/357 276/213/360 180/252/384 258/254/384
f 277/439/359 182/251/383 183/255/383 283/457/359
f 279/449/370 280/452/373 208/267/217 194/266/216
f 195/462/380 207/467/380 281/451/372 278/450/371
f 4/193/169 152/210/178 292/438/356 259/416/342
f 153/209/177 5/258/212 263/468/385 293/437/355
f 181/253/384 282/239/360 285/222/365 232/259/384
f 283/457/359 183/255/383 237/260/383 284/225/359
f 285/222/365 286/223/367 247/261/384 232/259/384
f 237/260/383 251/262/383 287/446/366 284/225/359
f 251/469/386 250/466/382 288/443/364 287/448/369
f 286/447/368 289/442/363 246/391/319 247/394/322
f 258/413/339 259/416/342 292/438/356 291/441/362
f 290/440/361 293/437/355 263/468/385 262/470/387
o Cube.001
v -0.161971 7.582778 -0.974733
v -1.221202 5.829628 -1.579846
v -0.161971 8.189415 -2.292964
v -1.310113 5.886621 -2.212100
v -1.229540 5.884838 -2.694282
v -0.161971 8.216944 -2.831041
v -1.317825 5.936239 -2.759394
v -0.161971 8.315525 -2.853801
v -0.274929 7.521710 -1.119556
v -0.302438 8.074781 -2.284341
v -0.275818 8.024210 -2.816457
v -0.303138 8.199506 -2.843733
v -0.161971 7.826657 -0.797832
v -1.310114 5.709263 -0.291643
v -0.302438 7.714033 -0.797832
v 0.897261 5.829628 -1.557742
v 0.986172 5.886621 -2.212100
v 0.905598 5.884838 -2.694282
v 0.993883 5.936239 -2.759394
v -0.049012 7.521710 -1.119556
v -0.021503 8.074781 -2.284341
v -0.048123 8.024210 -2.816457
v -0.020804 8.199506 -2.843733
v 0.986172 5.709263 -0.291643
v -0.021503 7.714033 -0.797832
v -0.161971 7.963866 -1.902887
v -1.225371 5.857233 -2.390158
v -0.275374 7.772961 -1.968006
v 0.901429 5.857233 -2.379106
v -0.048568 7.772961 -1.968006
v -0.161971 8.117212 -1.995371
v -0.302438 8.002977 -1.988464
v -1.310113 5.851319 -1.424413
v -0.021503 8.002977 -1.988464
v 0.986172 5.851319 -1.424413
v -1.221010 5.841147 -2.106780
v 0.897454 5.841147 -2.084677
v -1.219644 5.011642 -2.059043
v -0.160407 4.992519 -2.043561
v 0.898822 5.003177 -2.038917
v -1.219521 5.234702 -2.536576
v -0.160284 5.215579 -2.521094
v 0.898946 5.226236 -2.516449
v -0.161509 7.325359 -1.192881
v -0.251711 7.276595 -1.308527
v -0.071308 7.276595 -1.308527
v -1.007188 5.934608 -2.096859
v -0.161356 5.925472 -2.079279
v 0.684477 5.934608 -2.079209
v -1.005999 5.450340 -2.440066
v -0.160163 5.435070 -2.427703
v 0.685669 5.443580 -2.423994
vn -0.1113 0.4957 -0.8613
vn -0.2124 0.5702 -0.7936
vn -0.1068 0.5701 -0.8146
vn -0.0602 0.5039 -0.8616
vn 0.8693 -0.4774 -0.1280
vn 0.8978 -0.4306 -0.0929
vn 0.9032 -0.4163 -0.1043
vn 0.8794 -0.4594 -0.1246
vn 0.2800 -0.1904 -0.9409
vn -0.0892 -0.7442 -0.6620
vn 0.0662 -0.5927 -0.8027
vn 0.1825 -0.1783 -0.9669
vn -0.7944 0.5959 0.1177
vn -0.0000 0.9740 0.2267
vn -0.0000 0.9757 0.2190
vn -0.7812 0.6113 0.1267
vn -0.9055 0.4206 0.0565
vn -0.9071 0.4147 0.0722
vn -0.0000 -0.1691 -0.9856
vn -0.0000 -0.9511 -0.3089
vn -0.0000 -0.9619 -0.2735
vn -0.0000 0.9718 0.2358
vn -0.7884 0.6035 0.1196
vn -0.8946 0.4418 0.0671
vn -0.9909 0.0537 -0.1232
vn 0.8404 -0.5176 -0.1609
vn -0.9896 0.1437 0.0026
vn -0.8692 -0.4776 -0.1277
vn -0.8794 -0.4596 -0.1242
vn -0.9032 -0.4166 -0.1034
vn -0.8976 -0.4311 -0.0921
vn -0.2800 -0.1904 -0.9409
vn -0.1825 -0.1783 -0.9669
vn -0.0684 -0.5931 -0.8022
vn 0.0858 -0.7449 -0.6617
vn 0.7944 0.5959 0.1177
vn 0.7812 0.6113 0.1267
vn 0.9055 0.4206 0.0565
vn 0.9071 0.4147 0.0722
vn 0.7884 0.6035 0.1196
vn 0.8946 0.4418 0.0671
vn -0.0000 -0.9420 -0.3356
vn -0.8404 -0.5177 -0.1605
vn 0.9914 0.0557 -0.1185
vn 0.4372 -0.8969 -0.0668
vn 0.3610 -0.9316 -0.0428
vn 0.7987 0.5883 0.1267
vn 0.8880 0.4522 0.0839
vn -0.7987 0.5883 0.1267
vn -0.8880 0.4522 0.0839
vn 0.3386 -0.9402 -0.0359
vn -0.4426 -0.8941 -0.0677
vn -0.3659 -0.9297 -0.0427
vn -0.3451 -0.9379 -0.0360
vn 0.0003 0.6465 -0.7629
vn -0.3763 0.5869 -0.7169
vn -0.0268 0.5601 -0.8280
vn 0.0015 0.6043 -0.7967
vn 0.1291 0.4927 -0.8605
vn 0.0103 0.3915 -0.9201
vn 0.0099 0.4848 -0.8746
vn 0.0788 0.5018 -0.8614
vn 0.9891 0.1472 0.0038
vn 0.8612 -0.4605 -0.2152
vn 0.0005 -0.9060 -0.4232
vn 0.0003 -0.9060 -0.4232
vn 0.7337 -0.6156 -0.2876
vn -0.8577 -0.4659 -0.2175
vn -0.7345 -0.6149 -0.2872
vn 0.3785 0.5874 -0.7154
vn 0.0410 0.5607 -0.8270
vn 0.0088 0.5392 -0.8421
vn 0.1235 0.5675 -0.8141
vn 0.2281 0.5661 -0.7922
vt 0.291806 0.702730
vt 0.290236 0.651181
vt 0.310130 0.645828
vt 0.311225 0.686805
vt 0.464428 0.073857
vt 0.465927 0.006391
vt 0.476707 0.004714
vt 0.495530 0.074069
vt 0.388907 0.441444
vt 0.345342 0.506149
vt 0.340893 0.503984
vt 0.387740 0.435987
vt 0.725889 0.330825
vt 0.725577 0.333129
vt 0.718366 0.333129
vt 0.718691 0.330798
vt 0.730703 0.305185
vt 0.723770 0.304484
vt 0.394076 0.435619
vt 0.394076 0.432487
vt 0.463522 0.081091
vt 0.497197 0.081153
vt 0.729410 0.333129
vt 0.729704 0.330820
vt 0.740632 0.306394
vt 0.497451 0.371459
vt 0.471425 0.313709
vt 0.515196 0.372271
vt 0.464401 0.088327
vt 0.495504 0.088231
vt 0.476425 0.157521
vt 0.465263 0.155722
vt 0.399245 0.441444
vt 0.400412 0.435987
vt 0.447258 0.503984
vt 0.442809 0.506149
vt 0.725889 0.335432
vt 0.718691 0.335459
vt 0.730703 0.361073
vt 0.723770 0.361774
vt 0.729704 0.335438
vt 0.740632 0.359864
vt 0.429014 0.081026
vt 0.433496 0.086737
vt 0.436219 0.150097
vt 0.433517 0.075332
vt 0.437256 0.011824
vt 0.441258 0.518407
vt 0.444529 0.525268
vt 0.745072 0.335439
vt 0.755049 0.358859
vt 0.744865 0.333129
vt 0.745072 0.330819
vt 0.755049 0.307398
vt 0.441423 0.555933
vt 0.437907 0.550363
vt 0.346855 0.517977
vt 0.343622 0.525268
vt 0.350161 0.549503
vt 0.346725 0.555933
vt 0.385690 0.508099
vt 0.397509 0.519091
vt 0.395866 0.540736
vt 0.386138 0.532366
vt 0.486551 0.698552
vt 0.389267 0.701324
vt 0.388968 0.685584
vt 0.466600 0.683490
vt 0.441113 0.314842
vt 0.420033 0.374202
vt 0.402407 0.376288
vt 0.411041 0.404701
vt 0.460373 0.410024
vt 0.461625 0.430901
vt 0.408949 0.426800
vt 0.508590 0.400760
vt 0.512621 0.422116
vt 0.374250 0.519486
vt 0.376702 0.541064
vt 0.388157 0.401849
vt 0.531093 0.396319
vt 0.388084 0.643808
vt 0.466054 0.642220
vt 0.486040 0.646638
s 1
usemtl Cabin
f 334/471/388 329/472/389 340/473/390 343/474/391
f 321/475/392 320/476/393 298/477/394 304/478/395
f 304/479/396 298/480/397 300/481/398 305/482/399
f 303/483/400 296/484/401 301/485/402 305/486/403
f 297/487/404 303/483/400 305/486/403 300/488/405
f 299/489/406 304/479/396 305/482/399 301/490/406
f 319/491/407 321/475/392 304/478/395 299/492/408
f 324/493/409 296/484/401 303/483/400 325/494/410
f 325/494/410 303/483/400 297/487/404 326/495/411
f 295/496/412 302/497/413 329/498/414
f 323/499/415 315/500/416 311/501/417 322/502/418
f 315/503/419 316/504/420 312/505/421 311/506/422
f 314/507/423 316/508/424 301/485/402 296/484/401
f 310/509/425 312/510/426 316/508/424 314/507/423
f 299/489/406 301/490/406 316/504/420 315/503/419
f 319/491/407 299/492/408 315/500/416 323/499/415
f 324/493/409 327/511/427 314/507/423 296/484/401
f 327/511/427 328/512/428 310/509/425 314/507/423
f 294/513/429 319/491/407 323/499/415 313/514/430
f 313/514/430 323/499/415 322/502/418 309/515/431
f 294/513/429 302/516/413 321/475/392 319/491/407
f 302/516/413 295/517/412 320/476/393 321/475/392
f 322/518/432 311/506/422 312/505/421 310/519/433
f 318/520/434 317/521/435 328/512/428 327/511/427
f 306/522/409 318/520/434 327/511/427 324/493/409
f 308/523/436 325/494/410 326/495/411 307/524/437
f 306/522/409 324/493/409 325/494/410 308/523/436
f 310/519/433 328/525/438 309/526/438 322/518/432
f 320/527/439 297/528/440 300/481/398 298/480/397
f 297/528/440 320/527/439 295/529/441 326/530/441
f 294/531/442 313/532/443 339/533/444 337/534/445
f 336/535/446 335/536/447 344/537/448 345/538/449
f 313/539/430 309/540/431 330/541/450
f 333/542/451 332/543/452 335/544/453 336/545/454
f 332/543/452 331/546/455 334/547/456 335/544/453
f 302/548/457 294/531/442 337/534/445 338/549/458
f 330/541/450 309/540/431 333/542/451 336/550/454
f 295/496/412 329/498/414 334/551/456 331/546/455
f 341/552/459 342/553/460 345/538/449 344/537/448
f 341/552/459 340/473/390 338/549/458 337/534/445
f 341/552/459 337/534/445 339/533/444 342/553/460
f 340/473/390 341/552/459 344/537/448 343/474/391
f 329/472/389 302/548/457 338/549/458 340/473/390
f 330/554/461 336/535/446 345/538/449 342/553/460
f 313/532/443 330/554/461 342/553/460 339/533/444
f 335/536/447 334/471/388 343/474/391 344/537/448
o Cube.003
v -3.920777 -0.026035 1.159994
v -3.920777 0.278653 1.122917
v -4.021737 -0.026035 -1.152104
v -4.021737 0.230190 -1.123592
v -3.134575 -0.026035 1.159994
v -3.134575 0.278653 1.122917
v -3.134575 -0.026035 -1.159994
v -3.134575 0.230190 -1.131483
v -3.927942 -0.026035 0.995909
v -3.927942 0.302156 1.043397
v -3.134575 -0.026035 0.995349
v -3.134575 0.302156 1.042837
v -3.947278 0.186733 1.134103
v -4.048238 0.152891 -1.152281
v -3.134575 0.152891 -1.160171
v -3.134575 0.186733 1.134103
v -3.134575 0.203145 1.028510
v -3.954443 0.203145 1.029070
vn -0.3033 -0.9451 0.1221
vn -0.6516 0.6601 0.3736
vn -0.3492 -0.9309 -0.1070
vn -0.3740 0.9187 -0.1268
vn 0.3416 -0.9326 0.1169
vn 0.8080 0.5072 0.2997
vn 0.3396 -0.9335 -0.1154
vn 0.3912 0.9096 -0.1398
vn -0.3260 -0.9453 0.0148
vn -0.2501 0.9663 0.0610
vn 0.3423 -0.9396 -0.0000
vn 0.2803 0.9582 0.0580
vn -0.9311 0.0006 0.3648
vn -0.9556 0.1047 -0.2756
vn 0.9437 0.0603 -0.3253
vn 0.9464 0.0390 0.3207
vn 1.0000 -0.0000 -0.0000
vn -0.9871 0.1415 0.0753
vt 0.744220 0.562515
vt 0.749535 0.562953
vt 0.719490 0.623235
vt 0.715924 0.621529
vt 0.688649 0.696370
vt 0.684552 0.695907
vt 0.775478 0.490542
vt 0.779901 0.493008
vt 0.777819 0.494797
vt 0.773444 0.493120
vt 0.749473 0.560081
vt 0.744667 0.559360
vt 0.730263 0.309748
vt 0.735393 0.309751
vt 0.735393 0.308687
vt 0.730310 0.308687
vt 0.830149 0.568543
vt 0.874047 0.582721
vt 0.872233 0.586995
vt 0.828721 0.572975
vt 0.868920 0.448207
vt 0.917879 0.464463
vt 0.729657 0.323635
vt 0.735393 0.323686
vt 0.799523 0.428700
vt 0.802862 0.430880
vt 0.735187 0.553901
vt 0.733118 0.558584
vt 0.791180 0.425053
vt 0.765224 0.484807
vt 0.763246 0.489346
vt 0.706570 0.620338
vt 0.675397 0.694170
s 1
usemtl Cabin
f 363/555/479 355/556/471 349/557/465 359/558/475
f 359/558/475 349/557/465 353/559/469 360/560/476
f 362/561/478 357/562/473 351/563/467 361/564/477
f 361/564/477 351/563/467 347/565/463 358/566/474
f 354/567/470 356/568/472 350/569/466 346/570/462
f 357/571/473 355/572/471 347/573/463 351/574/467
f 353/575/469 349/576/465 355/572/471 357/571/473
f 348/577/464 352/578/468 356/568/472 354/567/470
f 360/579/476 353/580/469 357/562/473 362/561/478
f 358/566/474 347/565/463 355/556/471 363/555/479
f 346/581/462 358/566/474 363/555/479 354/582/470
f 352/583/468 360/579/476 362/561/478 356/584/472
f 350/585/466 361/564/477 358/566/474 346/581/462
f 356/584/472 362/561/478 361/564/477 350/585/466
f 348/586/464 359/558/475 360/560/476 352/587/468
f 354/582/470 363/555/479 359/558/475 348/586/464
o Cube.004
v 3.262113 5.608570 1.209881
v 3.049671 3.111717 1.059920
v 3.414523 5.600705 1.209897
v 3.202081 3.103853 1.059920
v 3.202081 3.103853 0.953699
v 3.414523 5.600705 1.062977
v 3.049671 3.111717 0.953699
v 3.262113 5.608570 1.062966
v 3.251016 5.415426 1.171751
v 3.060769 3.281126 1.029104
v 3.213178 3.273262 1.029104
v 3.403425 5.407562 1.171767
v 3.403425 5.407559 0.918666
v 3.213179 3.273264 0.879906
v 3.251015 5.415424 1.026122
v 3.060769 3.281128 0.922401
v 3.304405 5.413109 0.918625
v 3.114159 3.278813 0.879987
v 3.049671 3.111717 1.096986
v 3.202081 3.103853 1.096986
v 3.414523 5.600705 1.246963
v 3.262113 5.608570 1.246947
v 3.060769 3.281126 1.066170
v 3.213178 3.273262 1.066170
v 3.403425 5.407562 1.208834
v 3.251016 5.415426 1.208817
v 3.472019 5.600705 0.998006
v 3.460921 5.407559 0.961161
v 3.259577 3.103853 0.953699
v 3.259577 3.103853 1.059920
v 3.270675 3.273264 0.922401
v 3.270674 3.273262 1.029104
v 3.472019 5.600705 1.209897
v 3.460921 5.407562 1.171767
v 3.259577 3.103853 1.096986
v 3.270674 3.273262 1.066170
v 3.460921 5.407562 1.208834
v 3.472019 5.600705 1.246963
v 3.262113 5.608570 -1.209881
v 3.049671 3.111717 -1.059920
v 3.414523 5.600705 -1.209897
v 3.202081 3.103853 -1.059920
v 3.202081 3.103853 -0.953699
v 3.414523 5.600705 -1.062977
v 3.049671 3.111717 -0.953699
v 3.262113 5.608570 -1.062966
v 3.251016 5.415426 -1.171751
v 3.060769 3.281126 -1.029104
v 3.213178 3.273262 -1.029104
v 3.403425 5.407562 -1.171767
v 3.403425 5.407559 -0.918666
v 3.213179 3.273264 -0.879906
v 3.251015 5.415424 -1.026122
v 3.060769 3.281128 -0.922401
v 3.304405 5.413109 -0.918625
v 3.114159 3.278813 -0.879987
v 3.049671 3.111717 -1.096986
v 3.202081 3.103853 -1.096986
v 3.414523 5.600705 -1.246963
v 3.262113 5.608570 -1.246947
v 3.060769 3.281126 -1.066170
v 3.213178 3.273262 -1.066170
v 3.403425 5.407562 -1.208834
v 3.251016 5.415426 -1.208817
v 3.472019 5.600705 -0.998006
v 3.460921 5.407559 -0.961161
v 3.259577 3.103853 -0.953699
v 3.259577 3.103853 -1.059920
v 3.270675 3.273264 -0.922401
v 3.270674 3.273262 -1.029104
v 3.472019 5.600705 -1.209897
v 3.460921 5.407562 -1.171767
v 3.259577 3.103853 -1.096986
v 3.270674 3.273262 -1.066170
v 3.460921 5.407562 -1.208834
v 3.472019 5.600705 -1.246963
vn -0.0000 -1.0000 -0.0000
vn 0.0008 0.0181 -0.9998
vn -0.9984 0.0574 -0.0000
vn 0.0515 0.9987 -0.0000
vn -0.0000 0.1790 0.9839
vn -0.9961 0.0888 -0.0000
vn -0.0035 -0.0664 0.9978
vn 0.9961 -0.0888 -0.0000
vn -0.9979 0.0654 -0.0000
vn -0.0515 -0.9987 -0.0000
vn -0.0000 1.0000 -0.0000
vn -0.0560 -0.9984 -0.0000
vn 0.0560 0.9984 -0.0000
vn 0.9979 -0.0654 -0.0000
vn 0.0092 0.1784 0.9839
vn -0.0101 -0.1931 0.9811
vn 0.9984 -0.0574 -0.0000
vn -0.0000 -0.1937 0.9811
vn 0.0008 0.0181 0.9998
vn -0.0000 0.1790 -0.9839
vn -0.0035 -0.0664 -0.9978
vn 0.0092 0.1784 -0.9839
vn -0.0101 -0.1931 -0.9811
vn -0.0000 -0.1937 -0.9811
vt 0.969710 0.645208
vt 0.973310 0.645208
vt 0.973310 0.781627
vt 0.969710 0.781627
vt 0.987350 0.943447
vt 0.984749 0.838653
vt 0.990927 0.838064
vt 0.993529 0.942858
vt 0.912858 0.696657
vt 0.912858 0.848706
vt 0.903411 0.846071
vt 0.903411 0.699292
vt 0.950607 0.799766
vt 0.950607 0.647716
vt 0.960158 0.647717
vt 0.960158 0.799765
vt 0.960158 0.810273
vt 0.950607 0.810274
vt 0.982243 0.793214
vt 0.973951 0.795418
vt 0.973311 0.791875
vt 0.981604 0.789671
vt 0.931257 0.948748
vt 0.934240 0.948748
vt 0.936365 0.978758
vt 0.934179 0.978758
vt 0.933959 0.658037
vt 0.937559 0.654998
vt 0.937559 0.792484
vt 0.933959 0.789445
vt 0.964608 0.838064
vt 0.974092 0.839200
vt 0.969272 0.944375
vt 0.959788 0.943239
vt 0.924092 0.713407
vt 0.924092 0.845349
vt 0.915799 0.847587
vt 0.915799 0.711169
vt 0.915799 0.703571
vt 0.924091 0.705775
vt 0.903411 0.688877
vt 0.912858 0.686150
vt 0.960158 0.789224
vt 0.969710 0.789224
vt 0.969710 0.791875
vt 0.960158 0.791875
vt 0.947006 0.810274
vt 0.947006 0.795119
vt 0.947006 0.652363
vt 0.933959 0.810198
vt 0.933959 0.807547
vt 0.937559 0.807547
vt 0.937559 0.810198
vt 0.976274 0.948748
vt 0.974149 0.978758
vt 0.960158 0.781627
vt 0.927752 0.789442
vt 0.927752 0.658040
vt 0.985204 0.650486
vt 0.991411 0.650480
vt 0.991411 0.776355
vt 0.985204 0.776349
vt 0.981604 0.647446
vt 0.981604 0.779388
vt 0.984305 0.802541
vt 0.976012 0.804745
vt 0.942823 0.825392
vt 0.933376 0.822665
vt 0.936319 0.813578
vt 0.945766 0.816305
vt 0.985204 0.787020
vt 0.981604 0.787020
vt 0.924407 0.807546
vt 0.924407 0.810197
vt 0.903412 0.686226
vt 0.912858 0.683499
vt 0.960158 0.812924
vt 0.950607 0.812925
vt 0.994756 0.787020
vt 0.994756 0.789671
vt 0.985204 0.789671
vt 0.915799 0.700920
vt 0.924091 0.703124
vt 0.973311 0.789224
vt 0.947006 0.812925
vt 0.705790 0.354461
vt 0.705790 0.295913
vt 0.754531 0.294628
vt 0.754531 0.355746
vt 0.932226 0.943447
vt 0.926048 0.942858
vt 0.928649 0.838064
vt 0.934828 0.838653
vt 0.950607 0.637208
vt 0.960158 0.637209
vt 0.982243 0.633621
vt 0.981604 0.637164
vt 0.973311 0.634960
vt 0.973951 0.631417
vt 0.979257 0.948748
vt 0.976335 0.978758
vt 0.954968 0.838064
vt 0.950304 0.944375
vt 0.945485 0.839200
vt 0.924091 0.852980
vt 0.915799 0.855184
vt 0.912858 0.859213
vt 0.903411 0.856486
vt 0.960158 0.637611
vt 0.960158 0.634960
vt 0.969710 0.634960
vt 0.969710 0.637611
vt 0.947006 0.637208
vt 0.933959 0.637284
vt 0.937559 0.637284
vt 0.937559 0.639935
vt 0.933959 0.639935
vt 0.960158 0.645208
vt 0.984305 0.624294
vt 0.976012 0.622090
vt 0.942823 0.622090
vt 0.945766 0.631177
vt 0.936319 0.633904
vt 0.933376 0.624817
vt 0.981604 0.639815
vt 0.985204 0.639815
vt 0.924407 0.639936
vt 0.924407 0.637285
vt 0.912858 0.861865
vt 0.903411 0.859137
vt 0.950607 0.634557
vt 0.960158 0.634558
vt 0.985204 0.637164
vt 0.994756 0.637164
vt 0.994756 0.639815
vt 0.924091 0.855631
vt 0.915799 0.857835
vt 0.973311 0.637611
vt 0.947006 0.634557
s 0
usemtl Cabin
f 406/588/480 430/589/480 392/590/480 368/591/480
f 376/592/481 377/593/481 381/594/481 380/595/481
f 371/596/482 409/597/482 416/598/482 378/599/482
f 369/600/483 407/601/483 409/602/483 371/603/483
f 371/603/483 364/604/483 366/605/483 369/600/483
f 387/606/484 383/607/484 398/608/484 399/609/484
f 372/610/485 378/611/485 379/612/485 373/613/485
f 414/614/480 429/615/480 391/616/480 376/617/480
f 373/618/486 374/619/486 375/620/486 372/621/486
f 376/592/487 375/620/487 374/619/487 377/593/487
f 379/622/488 417/623/488 408/624/488 370/625/488
f 370/625/488 365/626/488 373/627/488 379/622/488
f 378/599/482 372/628/482 364/629/482 371/596/482
f 365/630/489 367/631/489 383/632/489 382/633/489
f 369/600/490 366/605/490 396/634/490 390/635/490
f 390/635/490 428/636/490 407/601/490 369/600/490
f 388/637/480 375/638/480 397/639/480 400/640/480
f 416/641/485 417/642/485 379/612/485 378/611/485
f 365/630/489 370/643/489 368/591/489 367/631/489
f 380/644/491 418/645/491 414/614/491 376/617/491
f 415/646/492 419/647/492 381/648/492 377/649/492
f 392/590/493 430/589/493 432/650/493 394/651/493
f 386/652/494 382/653/494 383/607/494 387/606/494
f 385/654/495 389/655/495 388/656/495 384/657/495
f 377/649/490 374/658/490 395/659/490 394/651/490
f 372/660/489 375/638/489 388/637/489 389/661/489
f 364/629/482 372/628/482 389/662/482 385/663/482
f 366/605/483 364/604/483 385/664/483 384/665/483
f 374/658/483 373/666/483 386/667/483 387/668/483
f 373/627/488 365/626/488 382/669/488 386/670/488
f 391/616/496 429/615/496 428/636/496 390/635/496
f 394/651/490 432/650/490 415/646/490 377/649/490
f 393/671/493 395/659/493 399/609/493 398/608/493
f 392/590/493 394/651/493 395/659/493 393/671/493
f 391/616/496 390/635/496 396/634/496 397/639/496
f 397/639/496 396/634/496 401/672/496 400/640/496
f 384/657/497 388/656/497 400/640/497 401/672/497
f 381/673/487 419/674/487 418/675/487 380/676/487
f 374/658/490 387/668/490 399/609/490 395/659/490
f 367/631/480 368/591/480 392/590/480 393/671/480
f 383/632/480 367/631/480 393/671/480 398/608/480
f 366/605/490 384/665/490 401/672/490 396/634/490
f 375/638/480 376/617/480 391/616/480 397/639/480
f 414/677/498 418/678/498 419/679/498 415/680/498
f 409/602/483 407/601/483 404/681/483 402/682/483
f 425/683/499 437/684/499 436/685/499 421/686/499
f 410/687/485 411/688/485 417/642/485 416/641/485
f 411/689/500 410/621/500 413/690/500 412/691/500
f 414/677/487 415/680/487 412/691/487 413/690/487
f 408/624/488 417/623/488 411/692/488 403/693/488
f 416/598/482 409/597/482 402/694/482 410/695/482
f 403/696/489 420/697/489 421/698/489 405/699/489
f 407/601/490 428/636/490 434/700/490 404/681/490
f 426/701/480 438/702/480 435/703/480 413/704/480
f 403/696/489 405/699/489 406/588/489 408/705/489
f 424/706/501 425/683/501 421/686/501 420/707/501
f 423/708/502 422/709/502 426/710/502 427/711/502
f 415/646/490 432/650/490 433/712/490 412/713/490
f 410/714/489 427/715/489 426/701/489 413/704/489
f 402/694/482 423/716/482 427/717/482 410/695/482
f 404/681/483 422/718/483 423/719/483 402/682/483
f 412/713/483 425/720/483 424/721/483 411/722/483
f 411/692/488 424/723/488 420/724/488 403/693/488
f 431/725/493 436/685/493 437/684/493 433/712/493
f 430/589/493 431/725/493 433/712/493 432/650/493
f 429/615/496 435/703/496 434/700/496 428/636/496
f 435/703/496 438/702/496 439/726/496 434/700/496
f 422/709/503 439/726/503 438/702/503 426/710/503
f 412/713/490 433/712/490 437/684/490 425/720/490
f 405/699/480 431/725/480 430/589/480 406/588/480
f 421/698/480 436/685/480 431/725/480 405/699/480
f 404/681/490 434/700/490 439/726/490 422/718/490
f 413/704/480 435/703/480 429/615/480 414/614/480
f 408/705/489 406/588/489 368/591/489 370/643/489
o Cube.005
v 3.205347 5.349671 0.800042
v 3.301452 5.341780 0.904713
v 3.834784 5.340134 0.221397
v 3.243469 3.273131 0.801992
v 3.930890 5.332242 0.326069
v 3.874120 3.276044 0.223172
v 3.147364 3.281022 0.697320
v 3.778015 3.283936 0.118500
v 3.755152 5.268169 0.482594
v 3.586694 3.283052 0.294097
v 3.659046 5.276061 0.377923
v 3.682799 3.275160 0.398769
v 3.638203 3.283290 0.246821
v 3.734309 3.275398 0.351492
v 3.800509 5.360803 0.447933
v 3.704403 5.368694 0.343261
v 3.697372 5.360332 0.542594
v 3.601267 5.368223 0.437922
v 3.539266 3.282833 0.337627
v 3.635372 3.274941 0.442298
v 3.354494 5.358765 0.857293
v 3.258388 5.366656 0.752622
v 3.211794 3.322536 0.641292
v 3.307900 3.314644 0.745964
vn -0.6753 0.0554 -0.7355
vn 0.6753 -0.0554 0.7355
vn 0.1348 -0.9711 -0.1970
vn 0.0350 0.9985 0.0431
vn 0.7370 0.0129 -0.6757
vn -0.7370 -0.0135 0.6757
vn 0.6085 -0.5217 -0.5980
vn -0.1536 -0.9859 0.0667
vn 0.1027 0.9945 -0.0193
vn -0.5724 -0.6682 0.4752
vn -0.2889 0.8976 0.3329
vn -0.0350 -0.9985 -0.0431
vt 0.958665 0.148314
vt 0.957780 0.012176
vt 0.963492 0.009488
vt 0.963410 0.147247
vt 0.958654 0.148435
vt 0.963399 0.147369
vt 0.963480 0.009610
vt 0.957768 0.012297
vt 0.982932 0.278789
vt 0.982902 0.283109
vt 0.975448 0.283109
vt 0.975478 0.278789
vt 0.979117 0.133139
vt 0.979117 0.144509
vt 0.971663 0.144509
vt 0.971663 0.133139
vt 0.982902 0.008097
vt 0.979117 0.092899
vt 0.971663 0.092899
vt 0.975448 0.008097
vt 0.982879 0.228802
vt 0.975425 0.228802
vt 0.979117 0.125094
vt 0.979117 0.128951
vt 0.971663 0.128951
vt 0.971663 0.125094
vt 0.982932 0.239554
vt 0.982763 0.244662
vt 0.975309 0.244662
vt 0.975478 0.239554
vt 0.918402 0.148027
vt 0.922265 0.141910
vt 0.923832 0.009209
vt 0.919183 0.009162
vt 0.906574 0.145843
vt 0.906577 0.008913
vt 0.919195 0.009040
vt 0.918413 0.147905
vt 0.906563 0.145965
vt 0.906566 0.009034
vt 0.923843 0.009087
vt 0.922276 0.141789
vt 0.979192 0.098293
vt 0.971738 0.098293
vt 0.982932 0.250905
vt 0.975478 0.250905
vt 0.927710 0.148121
vt 0.928112 0.009252
vt 0.928123 0.009131
vt 0.927721 0.148000
s 0
usemtl Cabin
f 460/727/504 463/728/504 443/729/504 441/730/504
f 461/731/505 440/732/505 446/733/505 462/734/505
f 460/735/506 441/736/506 440/737/506 461/738/506
f 453/739/507 445/740/507 447/741/507 452/742/507
f 441/743/508 443/744/508 446/745/508 440/746/508
f 445/740/509 444/747/509 442/748/509 447/741/509
f 459/749/507 451/750/507 449/751/507 458/752/507
f 454/753/510 448/754/510 450/755/510 455/756/510
f 455/757/505 450/758/505 449/759/505 452/760/505
f 444/761/504 445/762/504 453/763/504 454/764/504
f 442/765/505 455/757/505 452/760/505 447/766/505
f 444/747/511 454/753/511 455/756/511 442/748/511
f 454/764/504 453/763/504 451/767/504 448/768/504
f 463/769/512 459/749/512 458/752/512 462/770/512
f 448/754/513 456/771/513 457/772/513 450/755/513
f 450/758/505 457/773/505 458/774/505 449/759/505
f 448/768/504 451/767/504 459/775/504 456/776/504
f 443/744/514 463/769/514 462/770/514 446/745/514
f 456/771/515 460/735/515 461/738/515 457/772/515
f 457/773/505 461/731/505 462/734/505 458/774/505
f 456/776/504 459/775/504 463/728/504 460/727/504
f 451/750/507 453/739/507 452/742/507 449/751/507
o Cube.006
v 3.214717 5.341323 -0.892232
v 3.356474 5.328687 -0.892232
v 3.217134 5.368435 -0.035251
v 3.176153 3.305742 -0.869128
v 3.358891 5.355799 -0.035251
v 3.176155 3.305758 -0.013113
v 3.034397 3.318378 -0.869128
v 3.034398 3.318394 -0.013113
v 3.356016 5.323550 -0.263531
v 3.038387 3.363141 -0.252062
v 3.214260 5.336186 -0.263531
v 3.180144 3.350505 -0.252062
v 3.361598 5.386169 -0.296238
v 3.219841 5.398805 -0.296238
v 3.034398 3.318389 -0.283438
v 3.176155 3.305753 -0.283438
v 3.034398 3.318390 -0.222857
v 3.176155 3.305754 -0.222857
v 3.361598 5.386168 -0.233086
v 3.219841 5.398804 -0.233086
v 3.355049 5.312693 -0.720295
v 3.213292 5.325329 -0.720295
v 3.034397 3.318381 -0.690227
v 3.176154 3.305746 -0.690227
v 3.361599 5.386178 -0.818943
v 3.219842 5.398814 -0.818943
v 3.034397 3.318380 -0.784858
v 3.176154 3.305744 -0.784858
v 3.039465 3.375236 -0.612413
v 3.181222 3.362600 -0.612413
v 3.361603 5.386223 -0.681626
v 3.219846 5.398859 -0.681626
v 3.034397 3.318385 -0.475755
v 3.176154 3.305749 -0.475755
v 3.359252 5.359850 -0.496720
v 3.217495 5.372486 -0.496720
vn -0.9961 0.0888 -0.0000
vn 0.9961 -0.0888 -0.0000
vn -0.0698 -0.7825 0.6187
vn 0.0888 0.9961 -0.0000
vn 0.0010 0.0113 0.9999
vn -0.0010 -0.0107 -0.9999
vn 0.0508 0.5703 -0.8199
vn -0.0387 -0.4341 0.9000
vn -0.0410 -0.4597 -0.8871
vn -0.0878 -0.9844 -0.1523
vn 0.0484 0.5429 0.8384
vn -0.0412 -0.4622 0.8858
vn -0.0711 -0.7976 -0.5989
vn -0.0879 -0.9860 -0.1418
vn 0.0716 0.8031 -0.5915
vn -0.0880 -0.9875 0.1307
vn 0.0819 0.9191 0.3854
vt 0.851195 0.146056
vt 0.846258 0.142384
vt 0.844360 0.008773
vt 0.849924 0.008630
vt 0.851216 0.146890
vt 0.849946 0.009465
vt 0.844381 0.009607
vt 0.846280 0.143218
vt 0.993940 0.232540
vt 0.986566 0.232540
vt 0.986462 0.227607
vt 0.993835 0.227607
vt 0.990165 0.104677
vt 0.982791 0.104677
vt 0.982791 0.092246
vt 0.990165 0.092246
vt 0.982791 0.145371
vt 0.990165 0.145371
vt 0.986511 0.008910
vt 0.993885 0.008910
vt 0.990165 0.109789
vt 0.982791 0.109789
vt 0.982872 0.107188
vt 0.990246 0.107188
vt 0.993940 0.272132
vt 0.986566 0.272132
vt 0.986452 0.269012
vt 0.993826 0.269012
vt 0.889899 0.145898
vt 0.887054 0.008514
vt 0.885201 0.011518
vt 0.887783 0.141815
vt 0.889878 0.145063
vt 0.887762 0.140980
vt 0.885180 0.010684
vt 0.887032 0.007680
vt 0.990165 0.121187
vt 0.982791 0.121187
vt 0.986566 0.265813
vt 0.993940 0.265813
vt 0.883053 0.008617
vt 0.885729 0.146005
vt 0.885708 0.145170
vt 0.883032 0.007782
vt 0.902889 0.142723
vt 0.900881 0.007325
vt 0.902910 0.143558
vt 0.900903 0.008159
vt 0.993884 0.283922
vt 0.986511 0.283922
vt 0.990165 0.140377
vt 0.982791 0.140377
vt 0.982791 0.134768
vt 0.990165 0.134768
vt 0.993940 0.242871
vt 0.986566 0.242871
vt 0.986432 0.239105
vt 0.993806 0.239105
vt 0.860283 0.146660
vt 0.861428 0.012927
vt 0.856194 0.009305
vt 0.857605 0.141871
vt 0.860261 0.145826
vt 0.857584 0.141036
vt 0.856173 0.008470
vt 0.861407 0.012093
vt 0.872426 0.143772
vt 0.870334 0.008108
vt 0.872447 0.144606
vt 0.870355 0.008942
vt 0.993892 0.253882
vt 0.986518 0.253882
vt 0.982894 0.129610
vt 0.990268 0.129610
s 0
usemtl Cabin
f 488/777/516 465/778/516 467/779/516 491/780/516
f 489/781/517 490/782/517 470/783/517 464/784/517
f 488/785/518 489/786/518 464/787/518 465/788/518
f 481/789/519 480/790/519 471/791/519 469/792/519
f 465/788/520 464/787/520 470/793/520 467/794/520
f 469/792/521 471/791/521 466/795/521 468/796/521
f 479/797/522 478/798/522 473/799/522 475/800/522
f 482/801/523 483/802/523 474/803/523 472/804/523
f 483/805/517 480/806/517 473/807/517 474/808/517
f 482/809/516 472/810/516 475/811/516 481/812/516
f 497/813/519 496/814/519 478/798/519 479/797/519
f 472/804/524 474/803/524 477/815/524 476/816/524
f 474/808/517 473/807/517 478/817/517 477/818/517
f 472/810/516 476/819/516 479/820/516 475/811/516
f 468/821/516 482/809/516 481/812/516 469/822/516
f 466/823/517 471/824/517 480/806/517 483/805/517
f 468/825/525 466/826/525 483/802/525 482/801/525
f 475/800/526 473/799/526 480/790/526 481/789/526
f 491/827/519 490/828/519 486/829/519 487/830/519
f 494/831/527 495/832/527 485/833/527 484/834/527
f 495/835/517 492/836/517 486/837/517 485/838/517
f 494/839/516 484/840/516 487/841/516 493/842/516
f 467/794/519 470/793/519 490/828/519 491/827/519
f 484/834/528 485/833/528 489/786/528 488/785/528
f 485/838/517 486/837/517 490/782/517 489/781/517
f 484/840/516 488/777/516 491/780/516 487/841/516
f 498/843/516 494/839/516 493/842/516 497/844/516
f 499/845/517 496/846/517 492/836/517 495/835/517
f 498/847/529 499/848/529 495/832/529 494/831/529
f 487/830/530 486/829/530 492/849/530 493/850/530
f 476/816/531 477/815/531 499/848/531 498/847/531
f 477/818/517 478/817/517 496/846/517 499/845/517
f 476/819/516 498/843/516 497/844/516 479/820/516
f 493/850/532 492/849/532 496/814/532 497/813/532
o Plane
v -2.516268 2.039591 -2.692414
v 2.477295 2.039591 -2.692414
v -2.516268 4.039591 -2.692414
v 2.477295 4.039591 -2.692414
vn -0.0000 -0.0000 1.0000
vt 0.528823 0.877673
vt 0.792425 0.877673
vt 0.792425 0.983250
vt 0.528823 0.983250
s 0
usemtl Cabin
f 500/851/533 501/852/533 503/853/533 502/854/533
o Plane.001
v -2.516268 2.052378 2.685412
v 2.477295 2.052378 2.685412
v -2.516268 4.052378 2.685412
v 2.477295 4.052378 2.685412
vn -0.0000 -0.0000 1.0000
vt 0.527823 0.768348
vt 0.791425 0.768348
vt 0.791425 0.873925
vt 0.527823 0.873925
s 0
usemtl Cabin
f 504/855/534 505/856/534 507/857/534 506/858/534
o Plane.002
v 3.294892 5.436545 0.908119
v 3.294892 5.436545 -0.828088
v 3.294892 7.650017 0.908119
v 3.294892 7.650017 -0.828088
vn 1.0000 -0.0000 -0.0000
vt 0.915448 0.864001
vt 0.796949 0.864001
vt 0.796949 0.983470
vt 0.915448 0.983470
s 0
usemtl Cabin
f 508/859/535 509/860/535 511/861/535 510/862/535
o Cube.008
v -3.136197 2.193246 -2.096970
v -3.136197 2.296962 -2.096970
v -3.136197 2.193246 -2.451409
v -3.136197 2.296962 -2.451409
v -2.781758 2.193246 -2.096970
v -2.781758 2.296962 -2.096970
v -2.781758 2.193246 -2.451409
v -2.781758 2.296962 -2.451409
v -3.189732 2.172519 -2.274190
v -3.189732 2.306863 -2.274190
v -2.728222 2.172519 -2.274190
v -2.728222 2.306863 -2.274190
v -2.958977 2.172519 -2.504945
v -2.958977 2.306863 -2.504945
v -2.958977 2.172519 -2.043435
v -2.958977 2.306863 -2.043435
v -2.958977 2.272696 -2.274190
v -2.958977 2.110042 -2.274190
v -3.189732 2.273188 -2.043435
v -3.189732 2.273188 -2.504945
v -2.728222 2.273188 -2.504945
v -2.728222 2.273188 -2.043435
v -2.665791 2.259418 -2.274190
v -3.252163 2.259418 -2.274190
v -2.958977 2.259418 -1.981004
v -2.958977 2.259418 -2.567376
vn -0.3993 -0.8253 0.3993
vn -0.1355 0.9815 0.1355
vn -0.3993 -0.8253 -0.3993
vn -0.1355 0.9815 -0.1355
vn 0.3993 -0.8253 0.3993
vn 0.1355 0.9815 0.1355
vn 0.3993 -0.8253 -0.3993
vn 0.1355 0.9815 -0.1355
vn -0.4146 -0.9100 -0.0000
vn -0.1681 0.9858 -0.0000
vn 0.4146 -0.9100 -0.0000
vn 0.1681 0.9858 -0.0000
vn -0.0000 -0.9100 -0.4146
vn -0.0000 0.9858 -0.1681
vn -0.0000 -0.9100 0.4146
vn -0.0000 0.9858 0.1681
vn -0.0000 1.0000 -0.0000
vn -0.0000 -1.0000 -0.0000
vn -0.6222 0.4750 0.6222
vn -0.6222 0.4750 -0.6222
vn 0.6222 0.4750 -0.6222
vn 0.6222 0.4750 0.6222
vn 0.9612 0.2758 -0.0000
vn -0.9612 0.2758 -0.0000
vn -0.0000 0.2758 0.9612
vn -0.0000 0.2758 -0.9612
vt 0.057987 0.020044
vt 0.050349 0.023624
vt 0.045103 0.016536
vt 0.047109 0.010989
vt 0.032956 0.010989
vt 0.036536 0.018627
vt 0.029448 0.023874
vt 0.023901 0.021867
vt 0.023901 0.036020
vt 0.031539 0.032440
vt 0.036785 0.039529
vt 0.034779 0.045075
vt 0.048932 0.045075
vt 0.045352 0.037437
vt 0.052440 0.032191
vt 0.057987 0.034198
vt 0.036601 0.088315
vt 0.045226 0.100254
vt 0.039531 0.106959
vt 0.029890 0.103711
vt 0.040944 0.028032
vt 0.051101 0.088315
vt 0.052507 0.096298
vt 0.052507 0.080333
vt 0.045226 0.076377
vt 0.029890 0.072920
vt 0.039531 0.069671
vt 0.063929 0.075037
vt 0.064351 0.088315
vt 0.044004 0.119475
vt 0.030424 0.119176
vt 0.044004 0.057155
vt 0.054073 0.066042
vt 0.063929 0.101593
vt 0.054073 0.110589
vt 0.030424 0.057455
s 1
usemtl Cabin
f 535/863/559 521/864/545 515/865/539 531/866/555
f 537/867/561 525/868/549 519/869/543 532/870/556
f 534/871/558 523/872/547 517/873/541 533/874/557
f 536/875/560 527/876/551 513/877/537 530/878/554
f 529/879/553 522/880/546 516/881/540 526/882/550
f 528/883/552 521/864/545 513/877/537 527/876/551
f 525/868/549 515/865/539 521/864/545 528/883/552
f 524/884/548 518/885/542 522/880/546 529/879/553
f 532/870/556 519/869/543 523/872/547 534/871/558
f 530/878/554 513/877/537 521/864/545 535/863/559
f 514/886/538 524/884/548 529/879/553 520/887/544
f 519/869/543 525/868/549 528/883/552 523/872/547
f 523/872/547 528/883/552 527/876/551 517/873/541
f 520/887/544 529/879/553 526/888/550 512/889/536
f 533/874/557 517/873/541 527/876/551 536/875/560
f 531/866/555 515/865/539 525/868/549 537/867/561
f 514/886/538 531/890/555 537/891/561 524/884/548
f 516/881/540 533/892/557 536/893/560 526/882/550
f 512/889/536 530/894/554 535/895/559 520/887/544
f 518/885/542 532/896/556 534/897/558 522/880/546
f 526/888/550 536/898/560 530/894/554 512/889/536
f 522/880/546 534/897/558 533/892/557 516/881/540
f 524/884/548 537/891/561 532/896/556 518/885/542
f 520/887/544 535/895/559 531/890/555 514/886/538
o Cube.032
v -3.901310 8.126293 0.851942
v -3.901310 8.178843 0.937374
v -3.901310 8.774611 0.453153
v -3.901310 8.827161 0.538585
v -2.952986 8.126293 0.851942
v -2.952986 8.178843 0.937374
v -2.952986 8.774611 0.453153
v -2.952986 8.827161 0.538585
v -3.750407 8.774611 0.453153
v -3.591762 8.774611 0.453153
v -3.262535 8.774611 0.453153
v -3.103889 8.774611 0.453153
v -3.103889 8.827161 0.538585
v -3.262535 8.827161 0.538585
v -3.591762 8.827161 0.538585
v -3.750407 8.827161 0.538585
v -3.104309 8.033063 0.909290
v -3.262535 7.986067 0.938197
v -3.591762 7.986067 0.938197
v -3.749987 8.033063 0.909290
v -3.749987 8.085613 0.994721
v -3.591762 8.038617 1.023629
v -3.262535 8.038617 1.023629
v -3.104309 8.085613 0.994721
v -4.061738 8.964079 0.449709
v -4.060662 9.015197 0.536000
v -3.888632 9.601715 0.069816
v -3.887556 9.652834 0.156107
v -3.138770 8.773808 0.550915
v -3.137694 8.824925 0.637206
v -2.965664 9.411444 0.171022
v -2.964588 9.462563 0.257313
v -3.741764 9.571438 0.085921
v -3.587361 9.539608 0.102852
v -3.266936 9.473552 0.137987
v -3.112533 9.441721 0.154918
v -3.111457 9.492840 0.241209
v -3.265860 9.524671 0.224278
v -3.586284 9.590726 0.189143
v -3.740688 9.622557 0.172212
v -3.310941 8.712474 0.589396
v -3.477484 8.697999 0.600048
v -3.797908 8.764055 0.564912
v -3.939355 8.842023 0.520488
v -3.938279 8.893141 0.606779
v -3.796832 8.815173 0.651203
v -3.476408 8.749118 0.686338
v -3.309865 8.763593 0.675687
v -3.790303 7.350972 1.186758
v -3.791307 7.403490 1.272207
v -3.844688 7.998930 0.787870
v -3.845694 8.051449 0.873318
v -2.845334 7.413479 1.159455
v -2.846339 7.465997 1.244903
v -2.899719 8.061438 0.760566
v -2.900724 8.113955 0.846014
v -3.694319 8.008877 0.783525
v -3.536235 8.019333 0.778958
v -3.208173 8.041034 0.769479
v -3.050089 8.051491 0.764911
v -3.051094 8.104009 0.850359
v -3.209178 8.093552 0.854927
v -3.537240 8.071852 0.864406
v -3.695324 8.061395 0.868973
v -2.988300 7.310326 1.221173
v -3.142024 7.252927 1.254644
v -3.470086 7.231227 1.264123
v -3.631694 7.267767 1.239763
v -3.632699 7.320285 1.325212
v -3.471091 7.283745 1.349571
v -3.143028 7.305446 1.340092
v -2.989305 7.362844 1.306622
v -3.846222 6.647124 1.472415
v -3.846222 6.699675 1.557847
v -3.846222 7.295442 1.073626
v -3.846222 7.347992 1.159058
v -2.897899 6.647124 1.472415
v -2.897899 6.699675 1.557847
v -2.897899 7.295442 1.073626
v -2.897899 7.347992 1.159058
v -3.695319 7.295442 1.073626
v -3.536674 7.295442 1.073626
v -3.207447 7.295442 1.073626
v -3.048802 7.295442 1.073626
v -3.048802 7.347992 1.159058
v -3.207447 7.347992 1.159058
v -3.536674 7.347992 1.159058
v -3.695319 7.347992 1.159058
v -3.049222 6.553894 1.529762
v -3.207447 6.506898 1.558670
v -3.536674 6.506898 1.558670
v -3.694899 6.553894 1.529762
v -3.694899 6.606444 1.615194
v -3.536674 6.559448 1.644102
v -3.207447 6.559448 1.644102
v -3.049222 6.606444 1.615194
v -3.892150 6.014014 1.844080
v -3.891048 6.079751 1.921248
v -3.833753 6.586967 1.355167
v -3.832652 6.652703 1.432335
v -2.947826 5.951621 1.883754
v -2.946724 6.017358 1.960921
v -2.889429 6.524573 1.394840
v -2.888328 6.590310 1.472008
v -3.683486 6.577038 1.361480
v -3.525510 6.566600 1.368117
v -3.197672 6.544939 1.381891
v -3.039696 6.534501 1.388527
v -3.038594 6.600238 1.465696
v -3.196570 6.610676 1.459058
v -3.524409 6.632337 1.445285
v -3.682385 6.642775 1.438648
v -3.106908 5.879184 1.947731
v -3.268699 5.848062 1.976552
v -3.596538 5.869722 1.962778
v -3.749863 5.921666 1.920718
v -3.748762 5.987402 1.997886
v -3.595437 5.935460 2.039946
v -3.267598 5.913798 2.053720
v -3.105807 5.944921 2.024899
v -3.880517 5.352531 2.143907
v -3.879377 5.413968 2.224073
v -3.819650 5.952033 1.683601
v -3.818511 6.013470 1.763767
v -2.936485 5.285705 2.181702
v -2.935346 5.347141 2.261869
v -2.875619 5.885207 1.721396
v -2.874479 5.946644 1.801563
v -3.669430 5.941399 1.689615
v -3.511503 5.930220 1.695938
v -3.183766 5.907020 1.709059
v -3.025839 5.895841 1.715382
v -3.024699 5.957277 1.795548
v -3.182626 5.968457 1.789225
v -3.510363 5.991657 1.776104
v -3.668291 6.002836 1.769781
v -3.095876 5.210157 2.241865
v -3.257798 5.177850 2.268926
v -3.585535 5.201050 2.255805
v -3.738632 5.255657 2.216132
v -3.737492 5.317094 2.296298
v -3.584395 5.262486 2.335971
v -3.256658 5.239287 2.349092
v -3.094737 5.271594 2.322031
v -3.832069 4.531587 2.610759
v -3.832069 4.593062 2.690901
v -3.832069 5.131533 2.150546
v -3.832069 5.193008 2.230687
v -2.883745 4.531587 2.610759
v -2.883745 4.593062 2.690901
v -2.883745 5.131533 2.150546
v -2.883745 5.193008 2.230687
v -3.681166 5.131533 2.150546
v -3.522521 5.131533 2.150546
v -3.193294 5.131533 2.150546
v -3.034648 5.131533 2.150546
v -3.034648 5.193008 2.230687
v -3.193294 5.193008 2.230687
v -3.522521 5.193008 2.230687
v -3.681166 5.193008 2.230687
v -3.035068 4.445312 2.676940
v -3.193294 4.401823 2.710300
v -3.522521 4.401823 2.710300
v -3.680746 4.445312 2.676940
v -3.680746 4.506787 2.757081
v -3.522521 4.463298 2.790441
v -3.193294 4.463298 2.790441
v -3.035068 4.506787 2.757081
v -3.832069 3.882461 2.983536
v -3.832069 3.943936 3.063677
v -3.832069 4.482407 2.523322
v -3.832069 4.543882 2.603463
v -2.883745 3.882461 2.983536
v -2.883745 3.943936 3.063677
v -2.883745 4.482407 2.523322
v -2.883745 4.543882 2.603463
v -3.681166 4.482407 2.523322
v -3.522521 4.482407 2.523322
v -3.193294 4.482407 2.523322
v -3.034648 4.482407 2.523322
v -3.034648 4.543882 2.603463
v -3.193294 4.543882 2.603463
v -3.522521 4.543882 2.603463
v -3.681166 4.543882 2.603463
v -3.035068 3.796186 3.049716
v -3.193294 3.752697 3.083076
v -3.522521 3.752697 3.083076
v -3.680746 3.796186 3.049716
v -3.680746 3.857661 3.129857
v -3.522521 3.814172 3.163218
v -3.193294 3.814172 3.163218
v -3.035068 3.857661 3.129857
v -3.157858 8.807958 0.521304
v -3.149812 8.859628 0.607003
v -2.952173 9.425281 0.129792
v -2.944128 9.476951 0.215491
v -2.122775 8.513895 0.601427
v -2.114730 8.565565 0.687126
v -1.917091 9.131218 0.209915
v -1.909045 9.182888 0.295614
v -2.787465 9.378488 0.142542
v -2.614306 9.329294 0.155946
v -2.254959 9.227205 0.183762
v -2.081800 9.178011 0.197166
v -2.073754 9.229681 0.282864
v -2.246913 9.278875 0.269460
v -2.606260 9.380964 0.241644
v -2.779419 9.430158 0.228241
v -2.317521 8.472045 0.644943
v -2.505131 8.476359 0.659955
v -2.864478 8.578448 0.632139
v -3.022269 8.672260 0.590390
v -3.014224 8.723930 0.676089
v -2.856432 8.630118 0.717837
v -2.497086 8.528029 0.745653
v -2.309475 8.523715 0.730641
v -2.938944 7.931448 0.885491
v -2.938375 7.985806 0.969945
v -2.908256 8.570513 0.473956
v -2.907687 8.624871 0.558410
v -1.991696 7.896383 0.901674
v -1.991126 7.950741 0.986128
v -1.961008 8.535448 0.490139
v -1.960439 8.589806 0.574592
v -2.757524 8.564933 0.476531
v -2.599059 8.559067 0.479238
v -2.270205 8.546893 0.484856
v -2.111740 8.541027 0.487564
v -2.111170 8.595386 0.572017
v -2.269636 8.601252 0.569310
v -2.598490 8.613425 0.563692
v -2.756955 8.619291 0.560985
v -2.147260 7.810079 0.958272
v -2.307530 7.769604 0.985404
v -2.636384 7.781778 0.979786
v -2.792206 7.833953 0.947254
v -2.791636 7.888311 1.031708
v -2.635815 7.836136 1.064239
v -2.306961 7.823962 1.069857
v -2.146690 7.864437 1.042726
v -2.908794 7.379094 1.174138
v -2.908794 7.431644 1.259569
v -2.908794 8.027411 0.775349
v -2.908794 8.079962 0.860780
v -1.960470 7.379094 1.174138
v -1.960470 7.431644 1.259569
v -1.960470 8.027411 0.775349
v -1.960470 8.079962 0.860780
v -2.757891 8.027411 0.775349
v -2.599246 8.027411 0.775349
v -2.270019 8.027411 0.775349
v -2.111373 8.027411 0.775349
v -2.111373 8.079962 0.860780
v -2.270019 8.079962 0.860780
v -2.599246 8.079962 0.860780
v -2.757891 8.079962 0.860780
v -2.111793 7.285863 1.231485
v -2.270019 7.238868 1.260393
v -2.599246 7.238868 1.260393
v -2.757471 7.285863 1.231485
v -2.757471 7.338413 1.316917
v -2.599246 7.291418 1.345824
v -2.270019 7.291418 1.345824
v -2.111793 7.338413 1.316917
v -2.962727 6.656585 1.470084
v -2.962727 6.715112 1.565233
v -2.962727 7.378644 1.025935
v -2.962727 7.437171 1.121084
v -1.906537 6.656585 1.470084
v -1.906537 6.715112 1.565233
v -1.906537 7.378644 1.025935
v -1.906537 7.437171 1.121084
v -2.794660 7.378644 1.025935
v -2.617970 7.378644 1.025935
v -2.251295 7.378644 1.025935
v -2.074605 7.378644 1.025935
v -2.074605 7.437171 1.121084
v -2.251295 7.437171 1.121084
v -2.617970 7.437171 1.121084
v -2.794660 7.437171 1.121084
v -2.075072 6.552750 1.533954
v -2.251295 6.500409 1.566150
v -2.617970 6.500409 1.566150
v -2.794192 6.552750 1.533954
v -2.794192 6.611277 1.629103
v -2.617970 6.558936 1.661299
v -2.251295 6.558936 1.661299
v -2.075072 6.611277 1.629103
v -2.969509 6.003065 1.850762
v -2.968841 6.068824 1.927914
v -2.934143 6.576274 1.361894
v -2.933475 6.642033 1.439046
v -1.860436 5.958697 1.878974
v -1.859768 6.024456 1.956126
v -1.825070 6.531906 1.390106
v -1.824401 6.597665 1.467258
v -2.757660 6.569214 1.366383
v -2.572123 6.561792 1.371102
v -2.187089 6.546389 1.380897
v -2.001552 6.538966 1.385616
v -2.000884 6.604725 1.462768
v -2.186421 6.612147 1.458049
v -2.571455 6.627551 1.448255
v -2.756992 6.634973 1.443535
v -2.042495 5.883347 1.944773
v -2.230105 5.849198 1.975503
v -2.615139 5.864601 1.965709
v -2.797622 5.913555 1.925565
v -2.796954 5.979314 2.002717
v -2.614471 5.930360 2.042861
v -2.229437 5.914957 2.052655
v -2.041827 5.949106 2.021925
v -2.875913 5.223783 2.351830
v -2.876518 5.285248 2.431978
v -2.908188 5.823606 1.891588
v -2.908794 5.885071 1.971737
v -1.928800 5.259322 2.331729
v -1.929406 5.320787 2.411878
v -1.961076 5.859146 1.871488
v -1.961681 5.920611 1.951636
v -2.757478 5.829262 1.888390
v -2.599035 5.835207 1.885027
v -2.270229 5.847546 1.878049
v -2.111786 5.853491 1.874687
v -2.112391 5.914956 1.954835
v -2.270834 5.909010 1.958197
v -2.599641 5.896672 1.965176
v -2.758084 5.890727 1.968538
v -2.075289 5.167394 2.401122
v -2.230972 5.117984 2.437837
v -2.559779 5.105646 2.444816
v -2.720142 5.143197 2.414807
v -2.720747 5.204662 2.494955
v -2.560384 5.167111 2.524964
v -2.231578 5.179449 2.517986
v -2.075894 5.228859 2.481270
v -2.943956 4.633197 2.647127
v -2.943138 4.694653 2.727281
v -2.900311 5.232918 2.186864
v -2.899493 5.294374 2.267018
v -1.997844 4.585185 2.674282
v -1.997026 4.646640 2.754436
v -1.954200 5.184905 2.214019
v -1.953382 5.246361 2.294173
v -2.749760 5.225278 2.191185
v -2.591485 5.217246 2.195728
v -2.263026 5.200577 2.205155
v -2.104751 5.192545 2.209698
v -2.103933 5.254001 2.289852
v -2.262208 5.262033 2.285309
v -2.590667 5.278701 2.275882
v -2.748942 5.286734 2.271339
v -2.155091 4.506603 2.736137
v -2.316111 4.471141 2.764970
v -2.644570 4.487810 2.755543
v -2.799263 4.539294 2.717648
v -2.798445 4.600749 2.797802
v -2.643752 4.549265 2.835696
v -2.315293 4.532597 2.845124
v -2.154273 4.568059 2.816291
v -2.997301 3.934614 2.977341
v -2.995556 3.995999 3.057541
v -2.903759 4.533477 2.516936
v -2.902014 4.594862 2.597136
v -2.059047 3.832472 3.035110
v -2.057303 3.893857 3.115309
v -1.965505 4.431335 2.574705
v -1.963761 4.492721 2.654905
v -2.754458 4.517224 2.526128
v -2.597497 4.500137 2.535793
v -2.271767 4.464677 2.555848
v -2.114806 4.447589 2.565512
v -2.113061 4.508974 2.645712
v -2.270022 4.526061 2.636048
v -2.595753 4.561522 2.615992
v -2.752714 4.578609 2.606328
v -2.222215 3.762651 3.092100
v -2.385541 3.736283 3.115835
v -2.711272 3.771744 3.095779
v -2.861037 3.832196 3.052767
v -2.859292 3.893581 3.132967
v -2.709527 3.833128 3.175979
v -2.383796 3.797668 3.196035
v -2.220470 3.824037 3.172300
v -2.107475 8.415426 0.694239
v -2.104000 8.490857 0.783690
v -1.982827 9.070908 0.136650
v -1.979352 9.146339 0.226101
v -1.026053 8.274869 0.770754
v -1.022578 8.350300 0.860205
v -0.901405 8.930350 0.213165
v -0.897930 9.005781 0.302616
v -1.810745 9.048542 0.148826
v -1.629833 9.025028 0.161626
v -1.254399 8.976231 0.188189
v -1.073488 8.952717 0.200990
v -1.070012 9.028148 0.290440
v -1.250924 9.051661 0.277640
v -1.626358 9.100459 0.251077
v -1.807270 9.123973 0.238276
v -1.216539 8.203036 0.838728
v -1.406007 8.178973 0.866381
v -1.781441 8.227770 0.839817
v -1.952839 8.298737 0.786632
v -1.949363 8.374167 0.876083
v -1.777966 8.303201 0.929268
v -1.402532 8.254404 0.955831
v -1.213064 8.278467 0.928179
v -1.888237 8.059100 0.890501
v -1.887611 8.122539 0.969312
v -1.854961 8.646981 0.417028
v -1.854335 8.710420 0.495839
v -0.941208 8.022902 0.912114
v -0.940582 8.086340 0.990925
v -0.907932 8.610783 0.438640
v -0.907306 8.674221 0.517452
v -1.704264 8.641221 0.420467
v -1.545835 8.635166 0.424083
v -1.217058 8.622599 0.431586
v -1.058629 8.616543 0.435201
v -1.058003 8.679981 0.514013
v -1.216431 8.686037 0.510397
v -1.545209 8.698604 0.502894
v -1.703638 8.704659 0.499278
v -1.097110 7.944138 0.976752
v -1.257531 7.907563 1.007468
v -1.586309 7.920130 0.999964
v -1.741906 7.968784 0.962037
v -1.741280 8.032223 1.040848
v -1.585683 7.983568 1.078776
v -1.256905 7.971001 1.086279
v -1.096483 8.007576 1.055563
v -1.849293 7.151011 1.245826
v -1.851328 7.208977 1.340316
v -1.959977 7.866189 0.804713
v -1.962012 7.924154 0.899202
v -0.813570 7.277284 1.190669
v -0.815606 7.335249 1.285158
v -0.924255 7.992462 0.749555
v -0.926290 8.050427 0.844045
v -1.795167 7.886282 0.795936
v -1.621900 7.907407 0.786709
v -1.262331 7.951244 0.767560
v -1.089065 7.972369 0.758332
v -1.091100 8.030334 0.852822
v -1.264366 8.009210 0.862049
v -1.623935 7.965372 0.881198
v -1.797202 7.944248 0.890425
v -0.962923 7.154290 1.262904
v -1.127707 7.081379 1.304083
v -1.487276 7.037541 1.323232
v -1.668107 7.068316 1.300459
v -1.670142 7.126280 1.394948
v -1.489311 7.095507 1.417721
v -1.129742 7.139344 1.398572
v -0.964958 7.212255 1.357394
v -1.916278 6.730327 1.424724
v -1.916278 6.782877 1.510155
v -1.916278 7.378644 1.025935
v -1.916278 7.431194 1.111367
v -0.967954 6.730327 1.424724
v -0.967954 6.782877 1.510155
v -0.967954 7.378644 1.025935
v -0.967954 7.431194 1.111367
v -1.765375 7.378644 1.025935
v -1.606730 7.378644 1.025935
v -1.277503 7.378644 1.025935
v -1.118857 7.378644 1.025935
v -1.118857 7.431194 1.111367
v -1.277503 7.431194 1.111367
v -1.606730 7.431194 1.111367
v -1.765375 7.431194 1.111367
v -1.119277 6.637096 1.482071
v -1.277503 6.590101 1.510979
v -1.606730 6.590101 1.510979
v -1.764955 6.637096 1.482071
v -1.764955 6.689646 1.567503
v -1.606730 6.642651 1.596411
v -1.277503 6.642651 1.596411
v -1.119277 6.689646 1.567503
v -1.916278 5.982415 1.863843
v -1.916278 6.048186 1.940986
v -1.916278 6.555770 1.375004
v -1.916278 6.621541 1.452147
v -0.967954 5.982415 1.863843
v -0.967954 6.048186 1.940986
v -0.967954 6.555770 1.375004
v -0.967954 6.621541 1.452147
v -1.765375 6.555770 1.375004
v -1.606730 6.555770 1.375004
v -1.277503 6.555770 1.375004
v -1.118857 6.555770 1.375004
v -1.118857 6.621541 1.452147
v -1.277503 6.621541 1.452147
v -1.606730 6.621541 1.452147
v -1.765375 6.621541 1.452147
v -1.119277 5.899964 1.934140
v -1.277503 5.858402 1.969575
v -1.606730 5.858402 1.969575
v -1.764955 5.899964 1.934140
v -1.764955 5.965735 2.011283
v -1.606730 5.924174 2.046718
v -1.277503 5.924174 2.046718
v -1.119277 5.965735 2.011283
v -1.916278 5.241430 2.341752
v -1.916278 5.302906 2.421893
v -1.916278 5.841376 1.881538
v -1.916278 5.902852 1.961679
v -0.967954 5.241430 2.341752
v -0.967954 5.302906 2.421893
v -0.967954 5.841376 1.881538
v -0.967954 5.902852 1.961679
v -1.765375 5.841376 1.881538
v -1.606730 5.841376 1.881538
v -1.277503 5.841376 1.881538
v -1.118857 5.841376 1.881538
v -1.118857 5.902852 1.961679
v -1.277503 5.902852 1.961679
v -1.606730 5.902852 1.961679
v -1.765375 5.902852 1.961679
v -1.119277 5.155155 2.407932
v -1.277503 5.111666 2.441293
v -1.606730 5.111666 2.441293
v -1.764955 5.155155 2.407932
v -1.764955 5.216631 2.488073
v -1.606730 5.173141 2.521434
v -1.277503 5.173141 2.521434
v -1.119277 5.216631 2.488073
v -1.916278 4.609107 2.660580
v -1.916278 4.670582 2.740721
v -1.916278 5.209053 2.200366
v -1.916278 5.270529 2.280508
v -0.967954 4.609107 2.660580
v -0.967954 4.670582 2.740721
v -0.967954 5.209053 2.200366
v -0.967954 5.270529 2.280508
v -1.765375 5.209053 2.200366
v -1.606730 5.209053 2.200366
v -1.277503 5.209053 2.200366
v -1.118857 5.209053 2.200366
v -1.118857 5.270529 2.280508
v -1.277503 5.270529 2.280508
v -1.606730 5.270529 2.280508
v -1.765375 5.270529 2.280508
v -1.119277 4.522832 2.726760
v -1.277503 4.479343 2.760121
v -1.606730 4.479343 2.760121
v -1.764955 4.522832 2.726760
v -1.764955 4.584308 2.806901
v -1.606730 4.540818 2.840262
v -1.277503 4.540818 2.840262
v -1.119277 4.584308 2.806901
v -1.912620 3.817387 3.055951
v -1.912620 3.885530 3.144785
v -1.912620 4.482407 2.545820
v -1.912620 4.550550 2.634654
v -0.861436 3.817387 3.055951
v -0.861436 3.885530 3.144785
v -0.861436 4.482407 2.545820
v -0.861436 4.550550 2.634654
v -1.745350 4.482407 2.545820
v -1.569497 4.482407 2.545820
v -1.204560 4.482407 2.545820
v -1.028707 4.482407 2.545820
v -1.028707 4.550550 2.634654
v -1.204560 4.550550 2.634654
v -1.569497 4.550550 2.634654
v -1.745350 4.550550 2.634654
v -1.029172 3.721754 3.129310
v -1.204560 3.673547 3.166289
v -1.569497 3.673547 3.166289
v -1.744884 3.721754 3.129310
v -1.744884 3.789897 3.218144
v -1.569497 3.741691 3.255123
v -1.204560 3.741691 3.255123
v -1.029172 3.789897 3.218144
v -0.953339 8.387245 0.762360
v -0.953339 8.464334 0.828357
v -0.953339 8.876754 0.190576
v -0.953339 8.953843 0.256573
v -0.005015 8.387245 0.762360
v -0.005015 8.464334 0.828357
v -0.005015 8.876754 0.190576
v -0.005015 8.953843 0.256573
v -0.802436 8.876754 0.190576
v -0.643790 8.876754 0.190576
v -0.314564 8.876754 0.190576
v -0.155918 8.876754 0.190576
v -0.155918 8.953843 0.256573
v -0.314564 8.953843 0.256573
v -0.643790 8.953843 0.256573
v -0.802436 8.953843 0.256573
v -0.156338 8.316852 0.844585
v -0.314564 8.281368 0.886033
v -0.643790 8.281368 0.886033
v -0.802016 8.316852 0.844585
v -0.802016 8.393941 0.910582
v -0.643790 8.358458 0.952030
v -0.314564 8.358458 0.952030
v -0.156338 8.393941 0.910582
v -0.923762 7.964299 0.839079
v -0.923762 8.027749 0.917882
v -0.923762 8.552311 0.365634
v -0.923762 8.615760 0.444437
v 0.024562 7.964299 0.839079
v 0.024562 8.027749 0.917882
v 0.024562 8.552311 0.365634
v 0.024562 8.615760 0.444437
v -0.772859 8.552311 0.365634
v -0.614213 8.552311 0.365634
v -0.284986 8.552311 0.365634
v -0.126341 8.552311 0.365634
v -0.126341 8.615760 0.444437
v -0.284986 8.615760 0.444437
v -0.614213 8.615760 0.444437
v -0.772859 8.615760 0.444437
v -0.126761 7.879741 0.907162
v -0.284986 7.837117 0.941482
v -0.614213 7.837117 0.941482
v -0.772439 7.879741 0.907162
v -0.772439 7.943191 0.985966
v -0.614213 7.900566 1.020285
v -0.284986 7.900566 1.020285
v -0.126761 7.943191 0.985966
v -0.868674 7.193930 1.055820
v -0.868674 7.246480 1.141252
v -0.868674 7.842247 0.657031
v -0.868674 7.894797 0.742463
v 0.079650 7.193930 1.055820
v 0.079650 7.246480 1.141252
v 0.079650 7.842247 0.657031
v 0.079650 7.894797 0.742463
v -0.717771 7.842247 0.657031
v -0.559126 7.842247 0.657031
v -0.229898 7.842247 0.657031
v -0.071253 7.842247 0.657031
v -0.071253 7.894797 0.742463
v -0.229898 7.894797 0.742463
v -0.559126 7.894797 0.742463
v -0.717771 7.894797 0.742463
v -0.071673 7.100699 1.113168
v -0.229898 7.053703 1.142075
v -0.559126 7.053703 1.142075
v -0.717351 7.100699 1.113168
v -0.717351 7.153249 1.198599
v -0.559126 7.106254 1.227507
v -0.229898 7.106254 1.227507
v -0.071673 7.153249 1.198599
v -0.923762 6.644970 1.354097
v -0.923762 6.697521 1.439529
v -0.923762 7.293288 0.955308
v -0.923762 7.345838 1.040740
v 0.024562 6.644970 1.354097
v 0.024562 6.697521 1.439529
v 0.024562 7.293288 0.955308
v 0.024562 7.345838 1.040740
v -0.772859 7.293288 0.955308
v -0.614213 7.293288 0.955308
v -0.284986 7.293288 0.955308
v -0.126341 7.293288 0.955308
v -0.126341 7.345838 1.040740
v -0.284986 7.345838 1.040740
v -0.614213 7.345838 1.040740
v -0.772859 7.345838 1.040740
v -0.126761 6.551740 1.411445
v -0.284986 6.504745 1.440352
v -0.614213 6.504745 1.440352
v -0.772439 6.551740 1.411445
v -0.772439 6.604290 1.496877
v -0.614213 6.557295 1.525784
v -0.284986 6.557295 1.525784
v -0.126761 6.604290 1.496877
v -1.087946 6.027233 1.716163
v -1.086584 6.092951 1.793344
v -1.015591 6.599962 1.227217
v -1.014228 6.665680 1.304398
v 0.044035 5.934541 1.775102
v 0.045398 6.000259 1.852283
v 0.116391 6.507270 1.286156
v 0.117754 6.572989 1.363337
v -0.835463 6.585212 1.236596
v -0.646093 6.569706 1.246456
v -0.253106 6.537526 1.266917
v -0.063737 6.522020 1.276777
v -0.062374 6.587738 1.353958
v -0.251744 6.603245 1.344098
v -0.644731 6.635424 1.323637
v -0.834100 6.650930 1.313777
v -0.146999 5.866971 1.836010
v -0.341112 5.840919 1.861619
v -0.734099 5.873099 1.841157
v -0.917722 5.930081 1.795880
v -0.916360 5.995800 1.873061
v -0.732737 5.938818 1.918338
v -0.339749 5.906638 1.938800
v -0.145636 5.932689 1.913191
v -0.858189 5.275995 2.191636
v -0.859590 5.337413 2.271815
v -0.933148 5.875260 1.731288
v -0.934549 5.936677 1.811468
v 0.083642 5.358123 2.145186
v 0.082241 5.419540 2.225366
v 0.008683 5.957387 1.684839
v 0.007282 6.018805 1.765018
v -0.783278 5.888329 1.723897
v -0.625719 5.902067 1.716127
v -0.298746 5.930579 1.700001
v -0.141187 5.944319 1.692230
v -0.142588 6.005736 1.772409
v -0.300147 5.991997 1.780180
v -0.627120 5.963485 1.796306
v -0.784679 5.949746 1.804076
v -0.055865 5.258841 2.218798
v -0.207574 5.201698 2.259918
v -0.534547 5.173186 2.276044
v -0.697123 5.202924 2.250424
v -0.698524 5.264341 2.330603
v -0.535948 5.234604 2.356223
v -0.208975 5.263116 2.340097
v -0.057267 5.320258 2.298977
v -0.923762 4.714656 2.657078
v -0.923762 4.801394 2.713454
v -0.923762 5.221902 1.967887
v -0.923762 5.308639 2.024263
v 0.024562 4.714656 2.657078
v 0.024562 4.801394 2.713454
v 0.024562 5.221902 1.967887
v 0.024562 5.308639 2.024263
v -0.772859 5.221902 1.967887
v -0.614213 5.221902 1.967887
v -0.284986 5.221902 1.967887
v -0.126341 5.221902 1.967887
v -0.126341 5.308639 2.024263
v -0.284986 5.308639 2.024263
v -0.614213 5.308639 2.024263
v -0.772859 5.308639 2.024263
v -0.126761 4.656807 2.746080
v -0.284986 4.627647 2.790945
v -0.614213 4.627647 2.790945
v -0.772439 4.656807 2.746080
v -0.772439 4.743544 2.802457
v -0.614213 4.714384 2.847322
v -0.284986 4.714384 2.847322
v -0.126761 4.743544 2.802457
v -0.881585 3.933111 2.966071
v -0.882504 3.994562 3.046228
v -0.930654 4.532771 2.505795
v -0.931574 4.594222 2.585952
v 0.063945 3.987062 2.935557
v 0.063025 4.048512 3.015715
v 0.014875 4.586722 2.475281
v 0.013956 4.648172 2.555439
v -0.780196 4.541356 2.500940
v -0.622018 4.550382 2.495835
v -0.293761 4.569112 2.485241
v -0.135583 4.578137 2.480137
v -0.136503 4.639587 2.560294
v -0.294681 4.630562 2.565399
v -0.622938 4.611833 2.575992
v -0.781116 4.602807 2.581097
v -0.079876 3.892220 3.006616
v -0.234078 3.839749 3.045072
v -0.562335 3.821019 3.055665
v -0.723651 3.855486 3.027391
v -0.724571 3.916937 3.107548
v -0.563255 3.882470 3.135822
v -0.234998 3.901200 3.125229
v -0.080796 3.953670 3.086773
v 0.019874 8.390289 0.645687
v 0.017616 8.467563 0.711429
v 0.034046 8.878183 0.072701
v 0.031788 8.955457 0.138443
v 1.103404 8.395430 0.676864
v 1.101146 8.472703 0.742606
v 1.117576 8.883324 0.103878
v 1.115319 8.960597 0.169620
v 0.206464 8.879002 0.077662
v 0.387728 8.879862 0.082878
v 0.763895 8.881646 0.093701
v 0.945159 8.882506 0.098917
v 0.942900 8.959779 0.164659
v 0.761636 8.958920 0.159443
v 0.385470 8.957135 0.148619
v 0.204206 8.956275 0.143404
v 0.928468 8.324448 0.754287
v 0.746657 8.288223 0.790620
v 0.370491 8.286439 0.779797
v 0.190734 8.320948 0.733060
v 0.188476 8.398221 0.798802
v 0.368233 8.363712 0.845538
v 0.744399 8.365497 0.856362
v 0.926211 8.401721 0.820029
v 0.067281 8.014286 0.744753
v 0.065791 8.074486 0.819540
v 0.118495 8.572173 0.296702
v 0.117005 8.632373 0.371489
v 0.964374 7.972981 0.795865
v 0.962885 8.033182 0.870652
v 1.015589 8.530869 0.347814
v 1.014099 8.591069 0.422601
v 0.261246 8.565600 0.304835
v 0.411321 8.558691 0.313386
v 0.722762 8.544352 0.331130
v 0.872837 8.537441 0.339681
v 0.871348 8.597642 0.414468
v 0.721273 8.604551 0.405918
v 0.409832 8.618891 0.388173
v 0.259756 8.625800 0.379622
v 0.813862 7.899346 0.852140
v 0.660471 7.865797 0.876091
v 0.349030 7.880136 0.858346
v 0.203064 7.927468 0.817340
v 0.201575 7.987668 0.892127
v 0.347540 7.940336 0.933134
v 0.658982 7.925997 0.950878
v 0.812372 7.959546 0.926928
v 0.097290 7.260791 0.958071
v 0.094279 7.313333 1.043455
v 0.081957 7.909013 0.558645
v 0.078947 7.961555 0.644030
v 1.044779 7.291966 0.972293
v 1.041768 7.344508 1.057678
v 1.029446 7.940188 0.572868
v 1.026436 7.992730 0.658252
v 0.232727 7.913974 0.560908
v 0.391233 7.919189 0.563288
v 0.720170 7.930012 0.568225
v 0.878676 7.935227 0.570604
v 0.875665 7.987769 0.655989
v 0.717160 7.982553 0.653610
v 0.388222 7.971731 0.648672
v 0.229717 7.966516 0.646293
v 0.895794 7.193775 1.027462
v 0.738819 7.141585 1.054043
v 0.409882 7.130762 1.049106
v 0.250684 7.172549 1.017779
v 0.247674 7.225091 1.103163
v 0.406872 7.183303 1.134490
v 0.735809 7.194126 1.139428
v 0.892784 7.246317 1.112847
v 0.405249 6.538600 1.296497
v 0.390975 6.589237 1.381892
v 0.270415 7.172846 0.897873
v 0.256143 7.223483 0.983268
v 1.328767 6.752300 1.324136
v 1.314494 6.802937 1.409531
v 1.193934 7.386545 0.925511
v 1.179662 7.437182 1.010906
v 0.417372 7.206851 0.902271
v 0.571867 7.242600 0.906894
v 0.892483 7.316791 0.916489
v 1.046978 7.352540 0.921113
v 1.032706 7.403177 1.006508
v 0.878210 7.367427 1.001884
v 0.557595 7.293238 0.992289
v 0.403098 7.257487 0.987666
v 1.200792 6.626993 1.377049
v 1.056479 6.545363 1.401334
v 0.735863 6.471173 1.391738
v 0.572003 6.481493 1.358231
v 0.557730 6.532130 1.443626
v 0.721591 6.521810 1.477134
v 1.042206 6.595999 1.486729
v 1.186519 6.677630 1.462444
v 0.109293 5.979239 1.689369
v 0.107010 6.045010 1.766479
v 0.123236 6.552598 1.200733
v 0.120953 6.618368 1.277843
v 1.057214 5.979742 1.717008
v 1.054931 6.045513 1.794117
v 1.071156 6.553101 1.228372
v 1.068873 6.618872 1.305482
v 0.274075 6.552678 1.205132
v 0.432652 6.552762 1.209755
v 0.761740 6.552937 1.219350
v 0.920318 6.553020 1.223974
v 0.918034 6.618792 1.301084
v 0.759456 6.618708 1.296460
v 0.430369 6.618533 1.286865
v 0.271791 6.618448 1.282241
v 0.903950 5.897210 1.782865
v 0.744781 5.855564 1.813675
v 0.415694 5.855390 1.804079
v 0.258547 5.896868 1.764047
v 0.256263 5.962639 1.841157
v 0.413411 5.921161 1.881189
v 0.742498 5.921335 1.890784
v 0.901667 5.962981 1.859975
v 0.068457 5.272434 2.140040
v 0.066224 5.330405 2.215581
v 0.080805 5.944952 1.569818
v 0.078572 6.002923 1.645359
v 0.962343 5.272909 2.166104
v 0.960110 5.330879 2.241644
v 0.974692 5.945426 1.595881
v 0.972458 6.003397 1.671422
v 0.223046 5.945027 1.573965
v 0.372584 5.945107 1.578325
v 0.682913 5.945271 1.587374
v 0.832451 5.945352 1.591734
v 0.830218 6.003322 1.667274
v 0.680680 6.003242 1.662914
v 0.370351 6.003078 1.653866
v 0.220813 6.002998 1.649506
v 0.817932 5.191475 2.224327
v 0.667894 5.150386 2.251424
v 0.357566 5.150221 2.242376
v 0.209318 5.191153 2.206582
v 0.207085 5.249123 2.282122
v 0.355332 5.208192 2.317916
v 0.665661 5.208357 2.326964
v 0.815698 5.249446 2.299868
v 0.070048 4.648777 2.652763
v 0.066863 4.733607 2.711529
v 0.043837 5.174558 1.973617
v 0.040651 5.259388 2.032383
v 1.016813 4.691914 2.641818
v 1.013627 4.776743 2.700585
v 0.990601 5.217694 1.962673
v 0.987416 5.302524 2.021439
v 0.194492 5.181422 1.971875
v 0.352876 5.188638 1.970044
v 0.681562 5.203614 1.966245
v 0.839947 5.210830 1.964414
v 0.836761 5.295660 2.023180
v 0.678376 5.288444 2.025011
v 0.349691 5.273468 2.028811
v 0.191306 5.266252 2.030642
v 0.869508 4.624516 2.731123
v 0.713442 4.586814 2.777085
v 0.384757 4.571838 2.780884
v 0.224892 4.595146 2.738574
v 0.221706 4.679976 2.797341
v 0.381571 4.656669 2.839651
v 0.710257 4.671644 2.835851
v 0.866322 4.709345 2.789889
v 0.019849 3.881400 2.947771
v 0.017481 3.942875 3.027878
v 0.032944 4.481350 2.487748
v 0.030576 4.542825 2.567855
v 0.967770 3.881903 2.975410
v 0.965402 3.943378 3.055516
v 0.980864 4.481853 2.515387
v 0.978496 4.543328 2.595494
v 0.183783 4.481431 2.492146
v 0.342360 4.481514 2.496770
v 0.671448 4.481689 2.506366
v 0.830025 4.481773 2.510989
v 0.827657 4.543248 2.591096
v 0.669079 4.543164 2.586472
v 0.339992 4.542989 2.576877
v 0.181414 4.542905 2.572253
v 0.814628 3.795547 3.037153
v 0.655521 3.751974 3.065888
v 0.326434 3.751800 3.056292
v 0.169225 3.795205 3.018335
v 0.166857 3.856680 3.098441
v 0.324065 3.813274 3.136399
v 0.653153 3.813449 3.145994
v 0.812260 3.857022 3.117260
v 1.176389 8.369282 0.668451
v 1.169060 8.434386 0.745950
v 1.056156 8.933015 0.183508
v 1.048828 8.998119 0.261007
v 2.109732 8.528908 0.622608
v 2.102404 8.594012 0.700107
v 1.989500 9.092640 0.137664
v 1.982173 9.157744 0.215163
v 1.204676 8.958415 0.176213
v 1.360815 8.985119 0.168544
v 1.684841 9.040536 0.152628
v 1.840981 9.067240 0.144959
v 1.833653 9.132344 0.222458
v 1.677514 9.105640 0.230127
v 1.353487 9.050223 0.246043
v 1.197347 9.023520 0.253712
v 1.978090 8.422369 0.699660
v 1.831079 8.354872 0.742462
v 1.507052 8.299456 0.758377
v 1.342611 8.313686 0.730873
v 1.335283 8.378791 0.808372
v 1.499724 8.364560 0.835876
v 1.823751 8.419976 0.819960
v 1.970762 8.487473 0.777159
v 1.071689 7.965935 0.928931
v 1.069359 8.029384 1.007701
v 1.085176 8.553949 0.455683
v 1.082845 8.617398 0.534452
v 2.019610 7.966438 0.956570
v 2.017280 8.029886 1.035339
v 2.033096 8.554453 0.483321
v 2.030766 8.617902 0.562091
v 1.236015 8.554029 0.460081
v 1.394592 8.554113 0.464704
v 1.723680 8.554288 0.474300
v 1.882258 8.554373 0.478923
v 1.879927 8.617822 0.557693
v 1.721349 8.617738 0.553069
v 1.392262 8.617562 0.543474
v 1.233684 8.617478 0.538850
v 1.866412 7.881799 1.020215
v 1.707276 7.839090 1.049909
v 1.378189 7.838915 1.040313
v 1.221008 7.881456 1.001397
v 1.218678 7.944905 1.080166
v 1.375859 7.902365 1.119083
v 1.704946 7.902539 1.128678
v 1.864082 7.945248 1.098984
v 1.089612 7.336987 1.171882
v 1.086933 7.392908 1.262756
v 1.101615 8.026907 0.747679
v 1.098935 8.082829 0.838553
v 2.098357 7.337522 1.201294
v 2.095678 7.393443 1.292168
v 2.110359 8.027442 0.777091
v 2.107681 8.083364 0.867965
v 1.262132 8.026992 0.752359
v 1.430886 8.027081 0.757280
v 1.781089 8.027267 0.767491
v 1.949842 8.027357 0.772411
v 1.947162 8.083279 0.863285
v 1.778409 8.083189 0.858365
v 1.428206 8.083003 0.848154
v 1.259453 8.082913 0.843234
v 1.935667 7.238223 1.257603
v 1.766490 7.188122 1.283445
v 1.416287 7.187936 1.273234
v 1.248851 7.237858 1.237577
v 1.246171 7.293780 1.328452
v 1.413608 7.243858 1.364109
v 1.763811 7.244044 1.374320
v 1.932987 7.294145 1.348477
v 1.108703 6.696517 1.412371
v 1.105108 6.749029 1.497754
v 1.061749 7.344393 1.011935
v 1.058154 7.396905 1.097318
v 2.053594 6.763947 1.410674
v 2.049999 6.816460 1.496057
v 2.006640 7.411823 1.010238
v 2.003046 7.464336 1.095621
v 1.212106 7.355123 1.011665
v 1.370177 7.366404 1.011381
v 1.698212 7.389813 1.010792
v 1.856283 7.401093 1.010508
v 1.852689 7.453606 1.095891
v 1.694618 7.442326 1.096175
v 1.366582 7.418916 1.096764
v 1.208512 7.407635 1.097048
v 1.909570 6.660020 1.468529
v 1.755322 6.601806 1.497839
v 1.427286 6.578396 1.498428
v 1.266230 6.614109 1.469684
v 1.262635 6.666622 1.555067
v 1.423692 6.630909 1.583811
v 1.751727 6.654318 1.583222
v 1.905977 6.712533 1.553912
v 1.070082 5.969284 1.843782
v 1.067352 6.035049 1.920883
v 1.060368 6.542565 1.354444
v 1.057638 6.608330 1.431545
v 2.017800 5.995155 1.855278
v 2.015070 6.060920 1.932379
v 2.008086 6.568436 1.365939
v 2.005356 6.634201 1.443040
v 1.211175 6.546682 1.356273
v 1.369719 6.551010 1.358196
v 1.698735 6.559991 1.362187
v 1.857280 6.564320 1.364110
v 1.854549 6.630084 1.441211
v 1.696005 6.625756 1.439288
v 1.366988 6.616775 1.435297
v 1.208444 6.612447 1.433374
v 1.867971 5.908587 1.923812
v 1.710551 5.862714 1.957366
v 1.381534 5.853732 1.953375
v 1.222705 5.890972 1.915986
v 1.219975 5.956737 1.993086
v 1.378803 5.919497 2.030476
v 1.707820 5.928479 2.034467
v 1.865240 5.974352 2.000913
v 1.006504 5.255817 2.303573
v 1.004642 5.317286 2.383699
v 1.046542 5.857720 1.606094
v 1.044679 5.919188 1.686220
v 1.953107 5.226630 2.347972
v 1.951244 5.288097 2.428099
v 1.993145 5.828532 1.650493
v 1.991282 5.890000 1.730619
v 1.197171 5.853076 1.613159
v 1.355529 5.848193 1.620586
v 1.684158 5.838060 1.636000
v 1.842515 5.833178 1.643428
v 1.840652 5.894645 1.723554
v 1.682295 5.899528 1.716127
v 1.353666 5.909661 1.700713
v 1.195308 5.914544 1.693285
v 1.796301 5.145022 2.406930
v 1.635460 5.106408 2.432813
v 1.306831 5.116541 2.417399
v 1.151795 5.164895 2.376700
v 1.149932 5.226363 2.456827
v 1.304968 5.178009 2.497526
v 1.633598 5.167875 2.512940
v 1.794438 5.206490 2.487057
v 1.016817 4.613311 2.628539
v 1.014610 4.674786 2.708650
v 1.038498 5.213257 2.168764
v 1.036291 5.274731 2.248876
v 1.964501 4.604346 2.661527
v 1.962293 4.665820 2.741639
v 1.986181 5.204291 2.201753
v 1.983974 5.265766 2.281865
v 1.189299 5.211830 2.174014
v 1.347837 5.210330 2.179532
v 1.676842 5.207218 2.190985
v 1.835380 5.205718 2.196504
v 1.833173 5.267192 2.276615
v 1.674635 5.268692 2.271097
v 1.345630 5.271805 2.259644
v 1.187092 5.273304 2.254126
v 1.810162 4.519502 2.722381
v 1.650472 4.477509 2.750205
v 1.321467 4.480621 2.738752
v 1.164920 4.525606 2.699920
v 1.162713 4.587080 2.780032
v 1.319260 4.542095 2.818864
v 1.648265 4.538983 2.830317
v 1.807956 4.580976 2.802493
v 0.955442 4.031696 2.871034
v 0.954179 4.093135 2.951197
v 1.027576 4.631259 2.412645
v 1.026313 4.692698 2.492808
v 1.898288 3.967336 2.935224
v 1.897024 4.028776 3.015386
v 1.970422 4.566900 2.476834
v 1.969158 4.628339 2.556997
v 1.177607 4.621018 2.422859
v 1.335336 4.610252 2.433598
v 1.662661 4.587908 2.455882
v 1.820390 4.577142 2.466620
v 1.819127 4.638581 2.546783
v 1.661398 4.649347 2.536044
v 1.334073 4.671691 2.513760
v 1.176344 4.682457 2.503022
v 1.737466 3.891387 2.990899
v 1.574926 3.858664 3.013417
v 1.247600 3.881006 2.991133
v 1.095518 3.935206 2.947195
v 1.094254 3.996645 3.027358
v 1.246337 3.942446 3.071295
v 1.573663 3.920103 3.093580
v 1.736202 3.952826 3.071062
v 2.187518 8.444042 0.658171
v 2.181110 8.497436 0.742997
v 1.993250 9.059326 0.256214
v 1.986842 9.112719 0.341040
v 3.102354 8.680719 0.578311
v 3.095946 8.734112 0.663137
v 2.908086 9.296002 0.176354
v 2.901678 9.349396 0.261181
v 2.138824 9.096988 0.243506
v 2.291867 9.136581 0.230146
v 2.609469 9.218747 0.202422
v 2.762511 9.258341 0.189062
v 2.756104 9.311734 0.273888
v 2.603060 9.272141 0.287248
v 2.285459 9.189974 0.314973
v 2.132416 9.150380 0.328333
v 2.984311 8.554473 0.648857
v 2.845755 8.470383 0.691319
v 2.528154 8.388216 0.719043
v 2.361434 8.393329 0.703230
v 2.355026 8.446721 0.788057
v 2.521746 8.441609 0.803870
v 2.839347 8.523775 0.776145
v 2.977903 8.607865 0.733683
v 2.073415 7.867679 0.920978
v 2.070259 7.924525 1.009243
v 2.055895 8.535998 0.489922
v 2.052739 8.592845 0.578186
v 3.064198 7.902170 0.934185
v 3.061043 7.959017 1.022449
v 3.046678 8.570490 0.503129
v 3.043523 8.627337 0.591393
v 2.213554 8.541487 0.492024
v 2.379303 8.547257 0.494233
v 2.723270 8.559232 0.498818
v 2.889018 8.565001 0.501027
v 2.885863 8.621848 0.589291
v 2.720114 8.616077 0.587082
v 2.376148 8.604104 0.582497
v 2.210399 8.598333 0.580288
v 2.908619 7.800559 0.994065
v 2.744580 7.746359 1.023108
v 2.400612 7.734385 1.018523
v 2.234032 7.777075 0.985073
v 2.230877 7.833922 1.073337
v 2.397456 7.791231 1.106788
v 2.741424 7.803205 1.111372
v 2.905464 7.857406 1.082329
v 1.982557 7.379061 1.172318
v 1.980039 7.431610 1.257713
v 1.993836 8.027381 0.773694
v 1.991318 8.079930 0.859089
v 3.080920 7.379643 1.204343
v 3.078403 7.432193 1.289738
v 3.092199 8.027964 0.805719
v 3.089681 8.080514 0.891114
v 2.168614 8.027473 0.778790
v 2.352359 8.027572 0.784147
v 2.733675 8.027774 0.795265
v 2.917421 8.027871 0.800623
v 2.914903 8.080420 0.886018
v 2.731157 8.080323 0.880660
v 2.349841 8.080121 0.869542
v 2.166096 8.080024 0.864185
v 2.904033 7.286320 1.256557
v 2.719957 7.239226 1.280109
v 2.338641 7.239024 1.268991
v 2.156199 7.285923 1.234752
v 2.153682 7.338472 1.320147
v 2.336123 7.291574 1.354386
v 2.717439 7.291776 1.365504
v 2.901516 7.338869 1.341952
v 2.104538 6.647159 1.474273
v 2.102020 6.699708 1.559668
v 2.115816 7.295479 1.075649
v 2.113299 7.348029 1.161044
v 3.052458 6.647662 1.501912
v 3.049940 6.700212 1.587307
v 3.063737 7.295982 1.103287
v 3.061219 7.348532 1.188682
v 2.266655 7.295559 1.080047
v 2.425233 7.295643 1.084670
v 2.754320 7.295818 1.094265
v 2.912898 7.295902 1.098889
v 2.910380 7.348452 1.184284
v 2.751802 7.348368 1.179660
v 2.422715 7.348193 1.170065
v 2.264138 7.348109 1.165442
v 2.899578 6.554350 1.554825
v 2.740602 6.507270 1.579110
v 2.411515 6.507096 1.569515
v 2.254174 6.554008 1.536007
v 2.251656 6.606557 1.621402
v 2.408997 6.559646 1.654910
v 2.738084 6.559820 1.664505
v 2.897060 6.606900 1.640220
v 2.036190 5.915089 1.921296
v 2.033638 5.988583 2.007460
v 2.051769 6.555775 1.375281
v 2.049218 6.629269 1.461446
v 3.095421 5.915651 1.952180
v 3.092870 5.989145 2.038344
v 3.111001 6.556337 1.406165
v 3.108450 6.629831 1.492329
v 2.220321 6.555864 1.380196
v 2.397520 6.555958 1.385362
v 2.765250 6.556153 1.396084
v 2.942450 6.556248 1.401251
v 2.939899 6.629742 1.487415
v 2.762699 6.629648 1.482249
v 2.394969 6.629453 1.471527
v 2.217770 6.629358 1.466360
v 2.924160 5.823428 2.025771
v 2.746301 5.776892 2.060197
v 2.378570 5.776696 2.049476
v 2.202969 5.823045 2.004743
v 2.200418 5.896539 2.090907
v 2.376019 5.850191 2.135640
v 2.743749 5.850386 2.146362
v 2.921609 5.896922 2.111935
v 1.980294 5.251302 2.314190
v 1.978948 5.303523 2.400630
v 1.996804 5.835717 1.666545
v 1.995456 5.887938 1.752985
v 3.013512 5.236985 2.345823
v 3.012166 5.289206 2.432263
v 3.030022 5.821400 1.698178
v 3.028675 5.873621 1.784618
v 2.161216 5.833438 1.671579
v 2.334063 5.831043 1.676870
v 2.692762 5.826073 1.687852
v 2.865609 5.823678 1.693144
v 2.864263 5.875898 1.779584
v 2.691415 5.878294 1.774292
v 2.332715 5.883265 1.763310
v 2.159869 5.885659 1.758018
v 2.846092 5.146206 2.396947
v 2.672416 5.101685 2.419984
v 2.313717 5.106654 2.409001
v 2.142613 5.155954 2.375409
v 2.141266 5.208175 2.461849
v 2.312370 5.158875 2.495441
v 2.671069 5.153905 2.506423
v 2.844745 5.198427 2.483387
v 1.960306 4.525978 2.726419
v 1.957349 4.587442 2.806515
v 1.942050 5.125795 2.265456
v 1.939094 5.187259 2.345552
v 2.907634 4.561018 2.734498
v 2.904678 4.622483 2.814594
v 2.889378 5.160835 2.273535
v 2.886421 5.222300 2.353631
v 2.092795 5.131371 2.266741
v 2.251273 5.137233 2.268093
v 2.580155 5.149398 2.270898
v 2.738634 5.155260 2.272249
v 2.735677 5.216724 2.352345
v 2.577198 5.210862 2.350994
v 2.248317 5.198697 2.348189
v 2.089839 5.192835 2.346838
v 2.759095 4.469171 2.799497
v 2.602359 4.419845 2.831564
v 2.273478 4.407680 2.828758
v 2.114095 4.445313 2.793996
v 2.111139 4.506777 2.874092
v 2.270520 4.469144 2.908855
v 2.599403 4.481309 2.911660
v 2.756139 4.530635 2.879593
v 1.947938 3.988431 2.941557
v 1.946199 4.049895 3.021690
v 1.994629 4.588266 2.482484
v 1.992890 4.649729 2.562617
v 2.893955 3.951929 2.990078
v 2.892217 4.013392 3.070211
v 2.940646 4.551763 2.531005
v 2.938908 4.613227 2.611138
v 2.145165 4.582457 2.490205
v 2.303424 4.576351 2.498322
v 2.631850 4.563678 2.515167
v 2.790110 4.557571 2.523284
v 2.788372 4.619035 2.603417
v 2.630112 4.625142 2.595300
v 2.301685 4.637814 2.578455
v 2.143426 4.643920 2.570338
v 2.736286 3.871495 3.048352
v 2.575061 3.834104 3.073534
v 2.246635 3.846776 3.056690
v 2.092178 3.896348 3.015316
v 2.090440 3.957811 3.095449
v 2.244896 3.908239 3.136822
v 2.573323 3.895567 3.153667
v 2.734548 3.932958 3.128485
v 3.059555 8.766864 0.538002
v 3.055105 8.818653 0.623784
v 2.919045 9.404870 0.145534
v 2.914595 9.456658 0.231316
v 4.094469 8.957143 0.476808
v 4.090019 9.008931 0.562590
v 3.953960 9.595148 0.084340
v 3.949511 9.646936 0.170122
v 3.083727 9.435148 0.135797
v 3.256858 9.466980 0.125560
v 3.616147 9.533038 0.104315
v 3.789278 9.564870 0.094078
v 3.784828 9.616658 0.179860
v 3.611697 9.584826 0.190097
v 3.252409 9.518768 0.211342
v 3.079278 9.486937 0.221579
v 3.949535 8.835032 0.543011
v 3.787048 8.757036 0.581670
v 3.427759 8.690978 0.602915
v 3.244901 8.705479 0.584676
v 3.240451 8.757267 0.670458
v 3.423309 8.742766 0.688697
v 3.782598 8.808825 0.667452
v 3.945085 8.886821 0.628793
v 3.058350 8.126828 0.899077
v 3.055833 8.179379 0.984472
v 3.069629 8.775149 0.500452
v 3.067111 8.827699 0.585847
v 4.006270 8.127332 0.926715
v 4.003754 8.179881 1.012110
v 4.017550 8.775652 0.528090
v 4.015032 8.828201 0.613485
v 3.220468 8.775229 0.504850
v 3.379046 8.775313 0.509474
v 3.708133 8.775488 0.519069
v 3.866711 8.775572 0.523692
v 3.864193 8.828122 0.609087
v 3.705615 8.828037 0.604464
v 3.376528 8.827863 0.594869
v 3.217950 8.827779 0.590245
v 3.853390 8.034020 0.979629
v 3.694415 7.986940 1.003913
v 3.365328 7.986766 0.994318
v 3.207987 8.033678 0.960811
v 3.205469 8.086227 1.046206
v 3.362810 8.039315 1.079713
v 3.691897 8.039490 1.089308
v 3.850873 8.086570 1.065024
v 3.054409 7.435705 1.170850
v 3.050928 7.488225 1.256233
v 3.013603 8.083669 0.770615
v 3.010123 8.136189 0.855998
v 3.999981 7.496112 1.172242
v 3.996500 7.548632 1.257624
v 3.959175 8.144076 0.772008
v 3.955694 8.196596 0.857390
v 3.164068 8.093282 0.770837
v 3.322253 8.103387 0.771070
v 3.650525 8.124358 0.771553
v 3.808710 8.134463 0.771786
v 3.805229 8.186983 0.857168
v 3.647044 8.176878 0.856935
v 3.318773 8.155907 0.856452
v 3.160588 8.145802 0.856219
v 3.854964 7.393293 1.229576
v 3.700156 7.336245 1.258356
v 3.371885 7.315273 1.257873
v 3.211160 7.352165 1.228628
v 3.207680 7.404684 1.314010
v 3.368404 7.367793 1.343255
v 3.696676 7.388764 1.343738
v 3.851484 7.445813 1.314958
v 3.016764 6.614503 1.521264
v 3.014118 6.669739 1.611024
v 3.028620 7.295963 1.102263
v 3.025973 7.351199 1.192023
v 4.013139 6.615032 1.550315
v 4.010493 6.670267 1.640076
v 4.024994 7.296492 1.131315
v 4.022347 7.351727 1.221075
v 3.187169 7.296047 1.106886
v 3.353853 7.296136 1.111746
v 3.699762 7.296319 1.121832
v 3.866445 7.296408 1.126692
v 3.863799 7.351644 1.216452
v 3.697115 7.351555 1.211592
v 3.351206 7.351371 1.201506
v 3.184522 7.351283 1.196646
v 3.852444 6.516951 1.605934
v 3.685342 6.467464 1.631459
v 3.339433 6.467281 1.621374
v 3.174050 6.516591 1.586154
v 3.171404 6.571826 1.675914
v 3.336787 6.522517 1.711134
v 3.682696 6.522700 1.721220
v 3.849798 6.572186 1.695694
v 2.854488 6.008908 1.875204
v 2.853112 6.074656 1.952357
v 2.916497 6.582022 1.387918
v 2.915120 6.647769 1.465071
v 3.798768 5.957972 1.935457
v 3.797392 6.023719 2.012610
v 3.860777 6.531084 1.448171
v 3.859401 6.596832 1.525324
v 3.066756 6.573916 1.397506
v 3.224725 6.565395 1.407585
v 3.552549 6.547711 1.428503
v 3.710517 6.539190 1.438583
v 3.709141 6.604938 1.515736
v 3.551172 6.613459 1.505656
v 3.223349 6.631143 1.484738
v 3.065380 6.639664 1.474659
v 3.639174 5.883684 1.995916
v 3.477128 5.850638 2.021186
v 3.149305 5.868321 2.000268
v 2.996249 5.918365 1.954892
v 2.994872 5.984113 2.032045
v 3.147928 5.934070 2.077421
v 3.475751 5.916386 2.098339
v 3.637798 5.949431 2.073070
v 2.928892 5.324204 2.245370
v 2.937683 5.385535 2.325142
v 2.889149 5.926172 1.786944
v 2.897940 5.987502 1.866716
v 3.871459 5.313565 2.149683
v 3.880250 5.374896 2.229455
v 3.831715 5.915533 1.691257
v 3.840506 5.976863 1.771030
v 3.039136 5.924479 1.771718
v 3.196818 5.922699 1.755710
v 3.524047 5.919005 1.722491
v 3.681728 5.917226 1.706484
v 3.690520 5.978557 1.786256
v 3.532837 5.980336 1.802263
v 3.205609 5.984030 1.835482
v 3.047927 5.985809 1.851490
v 3.726770 5.228698 2.230875
v 3.572387 5.186837 2.280071
v 3.245158 5.190531 2.313290
v 3.085012 5.235941 2.296025
v 3.093803 5.297272 2.375797
v 3.253949 5.251861 2.393063
v 3.581177 5.248168 2.359843
v 3.735561 5.290028 2.310647
v 2.874704 4.575010 2.642153
v 2.871728 4.644275 2.715608
v 2.855405 5.125010 2.122742
v 2.852429 5.194274 2.196196
v 3.821973 4.611764 2.645876
v 3.818997 4.681030 2.719330
v 3.802675 5.161763 2.126465
v 3.799699 5.231029 2.199919
v 3.006140 5.130858 2.123334
v 3.164609 5.137006 2.123957
v 3.493470 5.149767 2.125249
v 3.651940 5.155915 2.125873
v 3.648963 5.225180 2.199327
v 3.490494 5.219031 2.198704
v 3.161633 5.206271 2.197412
v 3.003165 5.200123 2.196789
v 3.673594 4.526807 2.719975
v 3.516943 4.480807 2.757006
v 3.188082 4.468046 2.755713
v 3.028634 4.501783 2.717441
v 3.025657 4.571048 2.790895
v 3.185106 4.537312 2.829167
v 3.513967 4.550071 2.830460
v 3.670618 4.596072 2.793430
v 2.831671 3.915888 3.095832
v 2.829303 3.985165 3.169296
v 2.844765 4.466125 2.577374
v 2.842396 4.535403 2.650838
v 3.779591 3.919189 3.123277
v 3.777222 3.988467 3.196741
v 3.792685 4.469428 2.604820
v 3.790317 4.538704 2.678283
v 2.995604 4.466651 2.581741
v 3.154182 4.467204 2.586333
v 3.483269 4.468349 2.595861
v 3.641847 4.468902 2.600452
v 3.639478 4.538179 2.673916
v 3.480901 4.537627 2.669325
v 3.151813 4.536481 2.659796
v 2.993235 4.535929 2.655205
v 3.626450 3.839536 3.193455
v 3.467342 3.799099 3.226458
v 3.138255 3.797953 3.216929
v 2.981046 3.837288 3.174768
v 2.978678 3.906565 3.248232
v 3.135886 3.867230 3.290393
v 3.464974 3.868376 3.299922
v 3.624081 3.908813 3.266918
v -3.901310 8.126293 -0.851942
v -3.901310 8.178843 -0.937374
v -3.901310 8.774611 -0.453153
v -3.901310 8.827161 -0.538585
v -2.952986 8.126293 -0.851942
v -2.952986 8.178843 -0.937374
v -2.952986 8.774611 -0.453153
v -2.952986 8.827161 -0.538585
v -3.750407 8.774611 -0.453153
v -3.591762 8.774611 -0.453153
v -3.262535 8.774611 -0.453153
v -3.103889 8.774611 -0.453153
v -3.103889 8.827161 -0.538585
v -3.262535 8.827161 -0.538585
v -3.591762 8.827161 -0.538585
v -3.750407 8.827161 -0.538585
v -3.104309 8.033063 -0.909289
v -3.262535 7.986067 -0.938197
v -3.591762 7.986067 -0.938197
v -3.749987 8.033063 -0.909289
v -3.749987 8.085612 -0.994721
v -3.591762 8.038617 -1.023629
v -3.262535 8.038617 -1.023629
v -3.104309 8.085612 -0.994721
v -4.061738 8.964079 -0.449709
v -4.060662 9.015197 -0.536000
v -3.888632 9.601715 -0.069816
v -3.887556 9.652834 -0.156107
v -3.138770 8.773808 -0.550915
v -3.137694 8.824925 -0.637206
v -2.965664 9.411444 -0.171022
v -2.964588 9.462563 -0.257313
v -3.741764 9.571438 -0.085921
v -3.587360 9.539608 -0.102851
v -3.266936 9.473552 -0.137987
v -3.112533 9.441721 -0.154918
v -3.111456 9.492840 -0.241209
v -3.265860 9.524670 -0.224278
v -3.586284 9.590726 -0.189142
v -3.740688 9.622557 -0.172212
v -3.310940 8.712474 -0.589395
v -3.477484 8.697999 -0.600047
v -3.797908 8.764054 -0.564912
v -3.939354 8.842022 -0.520488
v -3.938278 8.893141 -0.606779
v -3.796832 8.815173 -0.651203
v -3.476407 8.749117 -0.686338
v -3.309864 8.763593 -0.675686
v -3.790302 7.350972 -1.186758
v -3.791307 7.403490 -1.272206
v -3.844688 7.998930 -0.787870
v -3.845693 8.051448 -0.873318
v -2.845333 7.413479 -1.159454
v -2.846338 7.465997 -1.244903
v -2.899719 8.061437 -0.760566
v -2.900724 8.113955 -0.846014
v -3.694319 8.008877 -0.783525
v -3.536235 8.019333 -0.778957
v -3.208173 8.041034 -0.769478
v -3.050088 8.051491 -0.764911
v -3.051094 8.104009 -0.850359
v -3.209177 8.093552 -0.854927
v -3.537240 8.071852 -0.864406
v -3.695324 8.061395 -0.868973
v -2.988300 7.310326 -1.221173
v -3.142023 7.252927 -1.254643
v -3.470086 7.231227 -1.264122
v -3.631694 7.267767 -1.239763
v -3.632699 7.320285 -1.325211
v -3.471091 7.283745 -1.349571
v -3.143028 7.305446 -1.340092
v -2.989305 7.362844 -1.306621
v -3.846222 6.647124 -1.472415
v -3.846222 6.699675 -1.557846
v -3.846222 7.295442 -1.073626
v -3.846222 7.347992 -1.159057
v -2.897898 6.647124 -1.472415
v -2.897898 6.699675 -1.557846
v -2.897898 7.295442 -1.073626
v -2.897898 7.347992 -1.159057
v -3.695319 7.295442 -1.073626
v -3.536674 7.295442 -1.073626
v -3.207447 7.295442 -1.073626
v -3.048801 7.295442 -1.073626
v -3.048801 7.347992 -1.159057
v -3.207447 7.347992 -1.159057
v -3.536674 7.347992 -1.159057
v -3.695319 7.347992 -1.159057
v -3.049221 6.553894 -1.529762
v -3.207447 6.506898 -1.558670
v -3.536674 6.506898 -1.558670
v -3.694899 6.553894 -1.529762
v -3.694899 6.606444 -1.615194
v -3.536674 6.559448 -1.644101
v -3.207447 6.559448 -1.644101
v -3.049221 6.606444 -1.615194
v -3.892150 6.014014 -1.844079
v -3.891048 6.079751 -1.921248
v -3.833753 6.586967 -1.355167
v -3.832651 6.652703 -1.432335
v -2.947826 5.951621 -1.883753
v -2.946724 6.017358 -1.960921
v -2.889429 6.524573 -1.394840
v -2.888328 6.590310 -1.472008
v -3.683486 6.577038 -1.361480
v -3.525510 6.566600 -1.368117
v -3.197672 6.544939 -1.381890
v -3.039696 6.534501 -1.388527
v -3.038594 6.600238 -1.465695
v -3.196570 6.610676 -1.459058
v -3.524409 6.632337 -1.445285
v -3.682385 6.642775 -1.438648
v -3.106908 5.879184 -1.947730
v -3.268699 5.848062 -1.976551
v -3.596538 5.869723 -1.962778
v -3.749863 5.921666 -1.920718
v -3.748761 5.987402 -1.997886
v -3.595436 5.935460 -2.039946
v -3.267598 5.913799 -2.053719
v -3.105807 5.944921 -2.024898
v -3.880517 5.352531 -2.143907
v -3.879377 5.413968 -2.224073
v -3.819650 5.952033 -1.683601
v -3.818511 6.013470 -1.763767
v -2.936485 5.285705 -2.181702
v -2.935346 5.347142 -2.261868
v -2.875618 5.885207 -1.721396
v -2.874479 5.946644 -1.801563
v -3.669430 5.941399 -1.689615
v -3.511503 5.930220 -1.695938
v -3.183766 5.907020 -1.709059
v -3.025838 5.895841 -1.715382
v -3.024699 5.957278 -1.795548
v -3.182626 5.968457 -1.789225
v -3.510363 5.991657 -1.776104
v -3.668290 6.002836 -1.769781
v -3.095876 5.210157 -2.241865
v -3.257797 5.177851 -2.268925
v -3.585534 5.201050 -2.255804
v -3.738632 5.255657 -2.216131
v -3.737492 5.317094 -2.296298
v -3.584395 5.262487 -2.335971
v -3.256658 5.239287 -2.349092
v -3.094737 5.271594 -2.322031
v -3.832069 4.531587 -2.610759
v -3.832069 4.593062 -2.690900
v -3.832069 5.131533 -2.150545
v -3.832069 5.193008 -2.230687
v -2.883745 4.531587 -2.610759
v -2.883745 4.593062 -2.690900
v -2.883745 5.131533 -2.150545
v -2.883745 5.193008 -2.230687
v -3.681166 5.131533 -2.150545
v -3.522521 5.131533 -2.150545
v -3.193293 5.131533 -2.150545
v -3.034648 5.131533 -2.150545
v -3.034648 5.193008 -2.230687
v -3.193293 5.193008 -2.230687
v -3.522521 5.193008 -2.230687
v -3.681166 5.193008 -2.230687
v -3.035068 4.445312 -2.676940
v -3.193293 4.401822 -2.710300
v -3.522521 4.401822 -2.710300
v -3.680746 4.445312 -2.676940
v -3.680746 4.506787 -2.757081
v -3.522521 4.463298 -2.790441
v -3.193293 4.463298 -2.790441
v -3.035068 4.506787 -2.757081
v -3.832069 3.882461 -2.983535
v -3.832069 3.943936 -3.063676
v -3.832069 4.482407 -2.523321
v -3.832069 4.543882 -2.603463
v -2.883745 3.882461 -2.983535
v -2.883745 3.943936 -3.063676
v -2.883745 4.482407 -2.523321
v -2.883745 4.543882 -2.603463
v -3.681166 4.482407 -2.523321
v -3.522521 4.482407 -2.523321
v -3.193293 4.482407 -2.523321
v -3.034648 4.482407 -2.523321
v -3.034648 4.543882 -2.603463
v -3.193293 4.543882 -2.603463
v -3.522521 4.543882 -2.603463
v -3.681166 4.543882 -2.603463
v -3.035068 3.796185 -3.049716
v -3.193293 3.752697 -3.083076
v -3.522521 3.752697 -3.083076
v -3.680746 3.796185 -3.049716
v -3.680746 3.857662 -3.129857
v -3.522521 3.814172 -3.163217
v -3.193293 3.814172 -3.163217
v -3.035068 3.857662 -3.129857
v -3.157858 8.807957 -0.521304
v -3.149812 8.859627 -0.607002
v -2.952173 9.425281 -0.129792
v -2.944128 9.476951 -0.215491
v -2.122775 8.513895 -0.601427
v -2.114729 8.565565 -0.687125
v -1.917091 9.131218 -0.209915
v -1.909045 9.182888 -0.295614
v -2.787465 9.378488 -0.142542
v -2.614305 9.329294 -0.155945
v -2.254959 9.227205 -0.183762
v -2.081799 9.178011 -0.197165
v -2.073754 9.229681 -0.282864
v -2.246913 9.278875 -0.269460
v -2.606260 9.380964 -0.241644
v -2.779419 9.430158 -0.228240
v -2.317520 8.472045 -0.644943
v -2.505131 8.476359 -0.659954
v -2.864478 8.578448 -0.632138
v -3.022269 8.672260 -0.590390
v -3.014224 8.723930 -0.676089
v -2.856432 8.630118 -0.717837
v -2.497086 8.528029 -0.745653
v -2.309475 8.523715 -0.730641
v -2.938944 7.931448 -0.885491
v -2.938374 7.985806 -0.969945
v -2.908256 8.570513 -0.473956
v -2.907686 8.624871 -0.558409
v -1.991696 7.896383 -0.901674
v -1.991126 7.950741 -0.986127
v -1.961008 8.535447 -0.490138
v -1.960438 8.589806 -0.574592
v -2.757524 8.564933 -0.476531
v -2.599059 8.559067 -0.479238
v -2.270205 8.546893 -0.484856
v -2.111740 8.541027 -0.487563
v -2.111170 8.595386 -0.572017
v -2.269636 8.601252 -0.569310
v -2.598489 8.613425 -0.563692
v -2.756955 8.619291 -0.560984
v -2.147260 7.810079 -0.958272
v -2.307530 7.769604 -0.985404
v -2.636384 7.781778 -0.979785
v -2.792205 7.833953 -0.947254
v -2.791636 7.888311 -1.031707
v -2.635814 7.836136 -1.064239
v -2.306961 7.823962 -1.069857
v -2.146690 7.864437 -1.042726
v -2.908794 7.379094 -1.174137
v -2.908794 7.431644 -1.259569
v -2.908794 8.027411 -0.775348
v -2.908794 8.079962 -0.860780
v -1.960470 7.379094 -1.174137
v -1.960470 7.431644 -1.259569
v -1.960470 8.027411 -0.775348
v -1.960470 8.079962 -0.860780
v -2.757891 8.027411 -0.775348
v -2.599245 8.027411 -0.775348
v -2.270018 8.027411 -0.775348
v -2.111373 8.027411 -0.775348
v -2.111373 8.079962 -0.860780
v -2.270018 8.079962 -0.860780
v -2.599245 8.079962 -0.860780
v -2.757891 8.079962 -0.860780
v -2.111793 7.285863 -1.231485
v -2.270018 7.238868 -1.260392
v -2.599245 7.238868 -1.260392
v -2.757471 7.285863 -1.231485
v -2.757471 7.338413 -1.316916
v -2.599245 7.291418 -1.345824
v -2.270018 7.291418 -1.345824
v -2.111793 7.338413 -1.316916
v -2.962727 6.656585 -1.470083
v -2.962727 6.715112 -1.565233
v -2.962727 7.378644 -1.025935
v -2.962727 7.437172 -1.121084
v -1.906537 6.656585 -1.470083
v -1.906537 6.715112 -1.565233
v -1.906537 7.378644 -1.025935
v -1.906537 7.437172 -1.121084
v -2.794659 7.378644 -1.025935
v -2.617969 7.378644 -1.025935
v -2.251295 7.378644 -1.025935
v -2.074604 7.378644 -1.025935
v -2.074604 7.437172 -1.121084
v -2.251295 7.437172 -1.121084
v -2.617969 7.437172 -1.121084
v -2.794659 7.437172 -1.121084
v -2.075072 6.552750 -1.533954
v -2.251295 6.500409 -1.566149
v -2.617969 6.500409 -1.566149
v -2.794192 6.552750 -1.533954
v -2.794192 6.611277 -1.629103
v -2.617969 6.558936 -1.661299
v -2.251295 6.558936 -1.661299
v -2.075072 6.611277 -1.629103
v -2.969509 6.003065 -1.850761
v -2.968841 6.068824 -1.927914
v -2.934143 6.576274 -1.361893
v -2.933474 6.642033 -1.439046
v -1.860436 5.958697 -1.878973
v -1.859768 6.024456 -1.956125
v -1.825069 6.531906 -1.390105
v -1.824401 6.597665 -1.467257
v -2.757660 6.569214 -1.366383
v -2.572123 6.561791 -1.371102
v -2.187089 6.546389 -1.380897
v -2.001552 6.538966 -1.385616
v -2.000884 6.604725 -1.462768
v -2.186421 6.612147 -1.458049
v -2.571455 6.627551 -1.448254
v -2.756992 6.634973 -1.443535
v -2.042495 5.883347 -1.944773
v -2.230105 5.849198 -1.975503
v -2.615139 5.864602 -1.965708
v -2.797621 5.913556 -1.925564
v -2.796953 5.979314 -2.002716
v -2.614471 5.930360 -2.042861
v -2.229437 5.914957 -2.052655
v -2.041827 5.949106 -2.021925
v -2.875913 5.223783 -2.351829
v -2.876518 5.285247 -2.431978
v -2.908188 5.823606 -1.891588
v -2.908793 5.885071 -1.971736
v -1.928800 5.259323 -2.331729
v -1.929406 5.320787 -2.411877
v -1.961076 5.859146 -1.871488
v -1.961681 5.920611 -1.951636
v -2.757478 5.829262 -1.888390
v -2.599035 5.835207 -1.885027
v -2.270228 5.847546 -1.878049
v -2.111786 5.853491 -1.874686
v -2.112391 5.914956 -1.954835
v -2.270834 5.909010 -1.958197
v -2.599641 5.896672 -1.965175
v -2.758083 5.890727 -1.968538
v -2.075288 5.167395 -2.401121
v -2.230972 5.117984 -2.437837
v -2.559779 5.105646 -2.444815
v -2.720142 5.143197 -2.414807
v -2.720747 5.204662 -2.494954
v -2.560384 5.167111 -2.524963
v -2.231577 5.179449 -2.517985
v -2.075894 5.228859 -2.481269
v -2.943956 4.633197 -2.647127
v -2.943138 4.694653 -2.727281
v -2.900311 5.232918 -2.186864
v -2.899493 5.294374 -2.267018
v -1.997844 4.585185 -2.674282
v -1.997026 4.646640 -2.754436
v -1.954200 5.184905 -2.214019
v -1.953381 5.246361 -2.294173
v -2.749760 5.225278 -2.191185
v -2.591485 5.217246 -2.195727
v -2.263026 5.200577 -2.205154
v -2.104751 5.192545 -2.209697
v -2.103932 5.254001 -2.289852
v -2.262208 5.262033 -2.285309
v -2.590667 5.278702 -2.275882
v -2.748942 5.286734 -2.271338
v -2.155091 4.506604 -2.736136
v -2.316111 4.471142 -2.764970
v -2.644570 4.487810 -2.755542
v -2.799263 4.539294 -2.717648
v -2.798444 4.600750 -2.797801
v -2.643752 4.549266 -2.835696
v -2.315292 4.532597 -2.845124
v -2.154273 4.568059 -2.816291
v -2.997301 3.934614 -2.977340
v -2.995556 3.995999 -3.057540
v -2.903759 4.533477 -2.516935
v -2.902014 4.594862 -2.597136
v -2.059047 3.832473 -3.035110
v -2.057302 3.893857 -3.115309
v -1.965505 4.431336 -2.574704
v -1.963760 4.492721 -2.654904
v -2.754458 4.517224 -2.526128
v -2.597497 4.500137 -2.535792
v -2.271766 4.464677 -2.555847
v -2.114806 4.447589 -2.565511
v -2.113061 4.508975 -2.645711
v -2.270022 4.526062 -2.636048
v -2.595753 4.561522 -2.615992
v -2.752713 4.578609 -2.606328
v -2.222215 3.762651 -3.092099
v -2.385541 3.736283 -3.115835
v -2.711272 3.771744 -3.095779
v -2.861036 3.832196 -3.052767
v -2.859292 3.893581 -3.132967
v -2.709527 3.833128 -3.175979
v -2.383796 3.797668 -3.196035
v -2.220470 3.824037 -3.172299
v -2.107475 8.415426 -0.694239
v -2.104000 8.490857 -0.783690
v -1.982827 9.070908 -0.136650
v -1.979352 9.146338 -0.226101
v -1.026052 8.274869 -0.770754
v -1.022578 8.350300 -0.860204
v -0.901405 8.930350 -0.213165
v -0.897930 9.005781 -0.302616
v -1.810744 9.048542 -0.148825
v -1.629833 9.025027 -0.161626
v -1.254399 8.976231 -0.188189
v -1.073487 8.952717 -0.200989
v -1.070012 9.028148 -0.290440
v -1.250924 9.051661 -0.277640
v -1.626358 9.100458 -0.251076
v -1.807269 9.123973 -0.238276
v -1.216539 8.203036 -0.838728
v -1.406007 8.178973 -0.866380
v -1.781441 8.227770 -0.839817
v -1.952838 8.298737 -0.786632
v -1.949363 8.374167 -0.876083
v -1.777966 8.303201 -0.929268
v -1.402532 8.254404 -0.955831
v -1.213064 8.278467 -0.928179
v -1.888237 8.059100 -0.890501
v -1.887611 8.122539 -0.969312
v -1.854961 8.646981 -0.417028
v -1.854335 8.710420 -0.495839
v -0.941208 8.022902 -0.912113
v -0.940582 8.086340 -0.990924
v -0.907932 8.610783 -0.438640
v -0.907305 8.674221 -0.517451
v -1.704264 8.641221 -0.420467
v -1.545835 8.635165 -0.424082
v -1.217057 8.622599 -0.431585
v -1.058629 8.616543 -0.435201
v -1.058002 8.679981 -0.514012
v -1.216431 8.686037 -0.510397
v -1.545209 8.698604 -0.502893
v -1.703638 8.704659 -0.499278
v -1.097109 7.944138 -0.976752
v -1.257531 7.907563 -1.007467
v -1.586309 7.920130 -0.999964
v -1.741906 7.968784 -0.962037
v -1.741280 8.032222 -1.040848
v -1.585682 7.983568 -1.078775
v -1.256905 7.971001 -1.086278
v -1.096483 8.007576 -1.055563
v -1.849293 7.151011 -1.245826
v -1.851328 7.208977 -1.340315
v -1.959977 7.866189 -0.804713
v -1.962012 7.924154 -0.899202
v -0.813570 7.277285 -1.190669
v -0.815605 7.335249 -1.285158
v -0.924255 7.992462 -0.749555
v -0.926290 8.050426 -0.844045
v -1.795166 7.886282 -0.795936
v -1.621900 7.907407 -0.786708
v -1.262331 7.951244 -0.767559
v -1.089065 7.972369 -0.758332
v -1.091100 8.030334 -0.852821
v -1.264366 8.009210 -0.862049
v -1.623935 7.965372 -0.881198
v -1.797201 7.944248 -0.890425
v -0.962922 7.154290 -1.262904
v -1.127707 7.081379 -1.304083
v -1.487276 7.037541 -1.323231
v -1.668107 7.068316 -1.300459
v -1.670142 7.126280 -1.394948
v -1.489311 7.095506 -1.417721
v -1.129742 7.139344 -1.398572
v -0.964957 7.212255 -1.357393
v -1.916278 6.730327 -1.424724
v -1.916278 6.782877 -1.510155
v -1.916278 7.378644 -1.025935
v -1.916278 7.431194 -1.111366
v -0.967954 6.730327 -1.424724
v -0.967954 6.782877 -1.510155
v -0.967954 7.378644 -1.025935
v -0.967954 7.431194 -1.111366
v -1.765375 7.378644 -1.025935
v -1.606729 7.378644 -1.025935
v -1.277502 7.378644 -1.025935
v -1.118857 7.378644 -1.025935
v -1.118857 7.431194 -1.111366
v -1.277502 7.431194 -1.111366
v -1.606729 7.431194 -1.111366
v -1.765375 7.431194 -1.111366
v -1.119277 6.637096 -1.482071
v -1.277502 6.590100 -1.510979
v -1.606729 6.590100 -1.510979
v -1.764955 6.637096 -1.482071
v -1.764955 6.689646 -1.567503
v -1.606729 6.642651 -1.596410
v -1.277502 6.642651 -1.596410
v -1.119277 6.689646 -1.567503
v -1.916278 5.982415 -1.863842
v -1.916278 6.048186 -1.940985
v -1.916278 6.555770 -1.375003
v -1.916278 6.621541 -1.452147
v -0.967954 5.982415 -1.863842
v -0.967954 6.048186 -1.940985
v -0.967954 6.555770 -1.375003
v -0.967954 6.621541 -1.452147
v -1.765375 6.555770 -1.375003
v -1.606729 6.555770 -1.375003
v -1.277502 6.555770 -1.375003
v -1.118857 6.555770 -1.375003
v -1.118857 6.621541 -1.452147
v -1.277502 6.621541 -1.452147
v -1.606729 6.621541 -1.452147
v -1.765375 6.621541 -1.452147
v -1.119277 5.899964 -1.934139
v -1.277502 5.858402 -1.969574
v -1.606729 5.858402 -1.969574
v -1.764955 5.899964 -1.934139
v -1.764955 5.965735 -2.011282
v -1.606729 5.924174 -2.046717
v -1.277502 5.924174 -2.046717
v -1.119277 5.965735 -2.011282
v -1.916278 5.241430 -2.341752
v -1.916278 5.302906 -2.421893
v -1.916278 5.841376 -1.881538
v -1.916278 5.902852 -1.961679
v -0.967954 5.241430 -2.341752
v -0.967954 5.302906 -2.421893
v -0.967954 5.841376 -1.881538
v -0.967954 5.902852 -1.961679
v -1.765375 5.841376 -1.881538
v -1.606729 5.841376 -1.881538
v -1.277502 5.841376 -1.881538
v -1.118857 5.841376 -1.881538
v -1.118857 5.902852 -1.961679
v -1.277502 5.902852 -1.961679
v -1.606729 5.902852 -1.961679
v -1.765375 5.902852 -1.961679
v -1.119277 5.155155 -2.407932
v -1.277502 5.111666 -2.441293
v -1.606729 5.111666 -2.441293
v -1.764955 5.155155 -2.407932
v -1.764955 5.216631 -2.488073
v -1.606729 5.173141 -2.521434
v -1.277502 5.173141 -2.521434
v -1.119277 5.216631 -2.488073
v -1.916278 4.609107 -2.660579
v -1.916278 4.670583 -2.740721
v -1.916278 5.209054 -2.200366
v -1.916278 5.270529 -2.280507
v -0.967954 4.609107 -2.660579
v -0.967954 4.670583 -2.740721
v -0.967954 5.209054 -2.200366
v -0.967954 5.270529 -2.280507
v -1.765375 5.209054 -2.200366
v -1.606729 5.209054 -2.200366
v -1.277502 5.209054 -2.200366
v -1.118857 5.209054 -2.200366
v -1.118857 5.270529 -2.280507
v -1.277502 5.270529 -2.280507
v -1.606729 5.270529 -2.280507
v -1.765375 5.270529 -2.280507
v -1.119277 4.522832 -2.726760
v -1.277502 4.479343 -2.760120
v -1.606729 4.479343 -2.760120
v -1.764955 4.522832 -2.726760
v -1.764955 4.584309 -2.806901
v -1.606729 4.540818 -2.840262
v -1.277502 4.540818 -2.840262
v -1.119277 4.584309 -2.806901
v -1.912620 3.817387 -3.055951
v -1.912620 3.885530 -3.144785
v -1.912620 4.482407 -2.545820
v -1.912620 4.550550 -2.634654
v -0.861436 3.817387 -3.055951
v -0.861436 3.885530 -3.144785
v -0.861436 4.482407 -2.545820
v -0.861436 4.550550 -2.634654
v -1.745349 4.482407 -2.545820
v -1.569497 4.482407 -2.545820
v -1.204559 4.482407 -2.545820
v -1.028707 4.482407 -2.545820
v -1.028707 4.550550 -2.634654
v -1.204559 4.550550 -2.634654
v -1.569497 4.550550 -2.634654
v -1.745349 4.550550 -2.634654
v -1.029172 3.721754 -3.129310
v -1.204559 3.673548 -3.166288
v -1.569497 3.673548 -3.166288
v -1.744884 3.721754 -3.129310
v -1.744884 3.789898 -3.218144
v -1.569497 3.741691 -3.255122
v -1.204559 3.741691 -3.255122
v -1.029172 3.789898 -3.218144
v -0.953339 8.387245 -0.762360
v -0.953339 8.464334 -0.828357
v -0.953339 8.876754 -0.190576
v -0.953339 8.953842 -0.256573
v -0.005015 8.387245 -0.762360
v -0.005015 8.464334 -0.828357
v -0.005015 8.876754 -0.190576
v -0.005015 8.953842 -0.256573
v -0.802436 8.876754 -0.190576
v -0.643790 8.876754 -0.190576
v -0.314563 8.876754 -0.190576
v -0.155918 8.876754 -0.190576
v -0.155918 8.953842 -0.256573
v -0.314563 8.953842 -0.256573
v -0.643790 8.953842 -0.256573
v -0.802436 8.953842 -0.256573
v -0.156338 8.316852 -0.844585
v -0.314563 8.281368 -0.886033
v -0.643790 8.281368 -0.886033
v -0.802016 8.316852 -0.844585
v -0.802016 8.393941 -0.910582
v -0.643790 8.358458 -0.952029
v -0.314563 8.358458 -0.952029
v -0.156338 8.393941 -0.910582
v -0.923761 7.964299 -0.839079
v -0.923761 8.027749 -0.917882
v -0.923761 8.552311 -0.365634
v -0.923761 8.615760 -0.444437
v 0.024562 7.964299 -0.839079
v 0.024562 8.027749 -0.917882
v 0.024562 8.552311 -0.365634
v 0.024562 8.615760 -0.444437
v -0.772858 8.552311 -0.365634
v -0.614213 8.552311 -0.365634
v -0.284986 8.552311 -0.365634
v -0.126341 8.552311 -0.365634
v -0.126341 8.615760 -0.444437
v -0.284986 8.615760 -0.444437
v -0.614213 8.615760 -0.444437
v -0.772858 8.615760 -0.444437
v -0.126760 7.879741 -0.907162
v -0.284986 7.837117 -0.941482
v -0.614213 7.837117 -0.941482
v -0.772439 7.879741 -0.907162
v -0.772439 7.943191 -0.985965
v -0.614213 7.900566 -1.020285
v -0.284986 7.900566 -1.020285
v -0.126760 7.943191 -0.985965
v -0.868674 7.193930 -1.055820
v -0.868674 7.246480 -1.141252
v -0.868674 7.842247 -0.657031
v -0.868674 7.894797 -0.742463
v 0.079650 7.193930 -1.055820
v 0.079650 7.246480 -1.141252
v 0.079650 7.842247 -0.657031
v 0.079650 7.894797 -0.742463
v -0.717771 7.842247 -0.657031
v -0.559125 7.842247 -0.657031
v -0.229898 7.842247 -0.657031
v -0.071253 7.842247 -0.657031
v -0.071253 7.894797 -0.742463
v -0.229898 7.894797 -0.742463
v -0.559125 7.894797 -0.742463
v -0.717771 7.894797 -0.742463
v -0.071673 7.100699 -1.113167
v -0.229898 7.053703 -1.142075
v -0.559125 7.053703 -1.142075
v -0.717351 7.100699 -1.113167
v -0.717351 7.153249 -1.198599
v -0.559125 7.106254 -1.227507
v -0.229898 7.106254 -1.227507
v -0.071673 7.153249 -1.198599
v -0.923761 6.644970 -1.354097
v -0.923761 6.697521 -1.439529
v -0.923761 7.293288 -0.955308
v -0.923761 7.345838 -1.040740
v 0.024562 6.644970 -1.354097
v 0.024562 6.697521 -1.439529
v 0.024562 7.293288 -0.955308
v 0.024562 7.345838 -1.040740
v -0.772858 7.293288 -0.955308
v -0.614213 7.293288 -0.955308
v -0.284986 7.293288 -0.955308
v -0.126341 7.293288 -0.955308
v -0.126341 7.345838 -1.040740
v -0.284986 7.345838 -1.040740
v -0.614213 7.345838 -1.040740
v -0.772858 7.345838 -1.040740
v -0.126760 6.551740 -1.411445
v -0.284986 6.504745 -1.440352
v -0.614213 6.504745 -1.440352
v -0.772439 6.551740 -1.411445
v -0.772439 6.604290 -1.496876
v -0.614213 6.557295 -1.525784
v -0.284986 6.557295 -1.525784
v -0.126760 6.604290 -1.496876
v -1.087946 6.027233 -1.716163
v -1.086584 6.092951 -1.793344
v -1.015590 6.599962 -1.227217
v -1.014228 6.665680 -1.304398
v 0.044035 5.934541 -1.775102
v 0.045398 6.000259 -1.852283
v 0.116391 6.507270 -1.286156
v 0.117754 6.572989 -1.363337
v -0.835463 6.585212 -1.236596
v -0.646093 6.569706 -1.246455
v -0.253106 6.537526 -1.266917
v -0.063736 6.522020 -1.276777
v -0.062374 6.587738 -1.353958
v -0.251743 6.603245 -1.344098
v -0.644731 6.635424 -1.323637
v -0.834100 6.650930 -1.313776
v -0.146999 5.866971 -1.836009
v -0.341112 5.840920 -1.861619
v -0.734099 5.873099 -1.841157
v -0.917722 5.930081 -1.795880
v -0.916360 5.995800 -1.873061
v -0.732736 5.938818 -1.918338
v -0.339749 5.906638 -1.938800
v -0.145636 5.932689 -1.913191
v -0.858189 5.275995 -2.191635
v -0.859590 5.337413 -2.271815
v -0.933148 5.875260 -1.731288
v -0.934549 5.936677 -1.811467
v 0.083642 5.358123 -2.145186
v 0.082241 5.419540 -2.225365
v 0.008683 5.957387 -1.684839
v 0.007282 6.018805 -1.765018
v -0.783278 5.888329 -1.723897
v -0.625719 5.902068 -1.716126
v -0.298746 5.930580 -1.700001
v -0.141186 5.944319 -1.692230
v -0.142588 6.005736 -1.772409
v -0.300147 5.991997 -1.780180
v -0.627120 5.963485 -1.796305
v -0.784679 5.949746 -1.804076
v -0.055865 5.258841 -2.218798
v -0.207574 5.201698 -2.259918
v -0.534547 5.173186 -2.276043
v -0.697122 5.202924 -2.250424
v -0.698524 5.264341 -2.330603
v -0.535948 5.234604 -2.356222
v -0.208975 5.263116 -2.340097
v -0.057266 5.320258 -2.298977
v -0.923761 4.714656 -2.657078
v -0.923761 4.801394 -2.713454
v -0.923761 5.221902 -1.967887
v -0.923761 5.308639 -2.024263
v 0.024562 4.714656 -2.657078
v 0.024562 4.801394 -2.713454
v 0.024562 5.221902 -1.967887
v 0.024562 5.308639 -2.024263
v -0.772858 5.221902 -1.967887
v -0.614213 5.221902 -1.967887
v -0.284986 5.221902 -1.967887
v -0.126341 5.221902 -1.967887
v -0.126341 5.308639 -2.024263
v -0.284986 5.308639 -2.024263
v -0.614213 5.308639 -2.024263
v -0.772858 5.308639 -2.024263
v -0.126760 4.656807 -2.746080
v -0.284986 4.627647 -2.790944
v -0.614213 4.627647 -2.790944
v -0.772439 4.656807 -2.746080
v -0.772439 4.743544 -2.802457
v -0.614213 4.714384 -2.847322
v -0.284986 4.714384 -2.847322
v -0.126760 4.743544 -2.802457
v -0.881585 3.933111 -2.966070
v -0.882504 3.994562 -3.046228
v -0.930654 4.532771 -2.505795
v -0.931574 4.594222 -2.585952
v 0.063945 3.987062 -2.935557
v 0.063025 4.048512 -3.015715
v 0.014875 4.586722 -2.475281
v 0.013956 4.648172 -2.555439
v -0.780196 4.541356 -2.500939
v -0.622018 4.550382 -2.495834
v -0.293761 4.569112 -2.485241
v -0.135583 4.578137 -2.480137
v -0.136503 4.639587 -2.560294
v -0.294680 4.630562 -2.565399
v -0.622937 4.611833 -2.575992
v -0.781115 4.602807 -2.581097
v -0.079876 3.892220 -3.006615
v -0.234078 3.839750 -3.045071
v -0.562335 3.821020 -3.055665
v -0.723651 3.855487 -3.027391
v -0.724571 3.916937 -3.107548
v -0.563255 3.882470 -3.135822
v -0.234998 3.901200 -3.125229
v -0.080795 3.953671 -3.086773
v 0.019874 8.390289 -0.645687
v 0.017616 8.467563 -0.711429
v 0.034047 8.878183 -0.072701
v 0.031788 8.955457 -0.138443
v 1.103405 8.395430 -0.676864
v 1.101146 8.472703 -0.742606
v 1.117576 8.883324 -0.103877
v 1.115319 8.960597 -0.169619
v 0.206465 8.879002 -0.077662
v 0.387729 8.879862 -0.082877
v 0.763895 8.881646 -0.093701
v 0.945159 8.882506 -0.098916
v 0.942900 8.959779 -0.164658
v 0.761637 8.958920 -0.159443
v 0.385470 8.957134 -0.148619
v 0.204206 8.956275 -0.143404
v 0.928469 8.324448 -0.754287
v 0.746658 8.288223 -0.790620
v 0.370491 8.286439 -0.779796
v 0.190734 8.320948 -0.733060
v 0.188476 8.398221 -0.798801
v 0.368233 8.363712 -0.845538
v 0.744399 8.365497 -0.856362
v 0.926211 8.401721 -0.820029
v 0.067281 8.014286 -0.744752
v 0.065792 8.074486 -0.819540
v 0.118495 8.572173 -0.296702
v 0.117006 8.632373 -0.371489
v 0.964374 7.972981 -0.795864
v 0.962885 8.033181 -0.870652
v 1.015589 8.530869 -0.347814
v 1.014100 8.591069 -0.422601
v 0.261246 8.565600 -0.304835
v 0.411321 8.558691 -0.313385
v 0.722762 8.544352 -0.331130
v 0.872837 8.537441 -0.339680
v 0.871349 8.597641 -0.414468
v 0.721273 8.604551 -0.405917
v 0.409832 8.618891 -0.388173
v 0.259757 8.625800 -0.379622
v 0.813862 7.899346 -0.852140
v 0.660472 7.865797 -0.876091
v 0.349030 7.880136 -0.858346
v 0.203064 7.927468 -0.817340
v 0.201575 7.987668 -0.892127
v 0.347541 7.940336 -0.933134
v 0.658982 7.925997 -0.950878
v 0.812372 7.959546 -0.926927
v 0.097290 7.260791 -0.958070
v 0.094280 7.313333 -1.043455
v 0.081957 7.909013 -0.558645
v 0.078947 7.961555 -0.644029
v 1.044780 7.291966 -0.972293
v 1.041769 7.344508 -1.057677
v 1.029446 7.940188 -0.572868
v 1.026436 7.992730 -0.658252
v 0.232727 7.913973 -0.560908
v 0.391233 7.919189 -0.563287
v 0.720171 7.930012 -0.568225
v 0.878676 7.935227 -0.570604
v 0.875665 7.987769 -0.655989
v 0.717160 7.982553 -0.653610
v 0.388222 7.971731 -0.648672
v 0.229717 7.966515 -0.646293
v 0.895794 7.193775 -1.027462
v 0.738820 7.141585 -1.054043
v 0.409883 7.130762 -1.049106
v 0.250685 7.172549 -1.017779
v 0.247674 7.225091 -1.103163
v 0.406872 7.183303 -1.134490
v 0.735809 7.194126 -1.139427
v 0.892784 7.246317 -1.112847
v 0.405249 6.538600 -1.296497
v 0.390975 6.589237 -1.381892
v 0.270416 7.172846 -0.897872
v 0.256143 7.223482 -0.983267
v 1.328768 6.752300 -1.324136
v 1.314494 6.802937 -1.409531
v 1.193934 7.386545 -0.925511
v 1.179662 7.437182 -1.010906
v 0.417372 7.206851 -0.902270
v 0.571867 7.242600 -0.906894
v 0.892483 7.316790 -0.916489
v 1.046979 7.352540 -0.921113
v 1.032706 7.403177 -1.006508
v 0.878210 7.367427 -1.001884
v 0.557595 7.293238 -0.992289
v 0.403099 7.257487 -0.987665
v 1.200793 6.626993 -1.377049
v 1.056480 6.545362 -1.401333
v 0.735863 6.471173 -1.391738
v 0.572003 6.481493 -1.358231
v 0.557730 6.532130 -1.443626
v 0.721591 6.521810 -1.477133
v 1.042207 6.595999 -1.486729
v 1.186519 6.677630 -1.462444
v 0.109293 5.979239 -1.689369
v 0.107010 6.045010 -1.766479
v 0.123236 6.552598 -1.200733
v 0.120953 6.618368 -1.277843
v 1.057214 5.979742 -1.717008
v 1.054931 6.045513 -1.794117
v 1.071157 6.553101 -1.228372
v 1.068873 6.618872 -1.305482
v 0.274075 6.552677 -1.205131
v 0.432652 6.552762 -1.209755
v 0.761740 6.552937 -1.219350
v 0.920318 6.553020 -1.223974
v 0.918034 6.618792 -1.301084
v 0.759456 6.618707 -1.296460
v 0.430370 6.618533 -1.286865
v 0.271792 6.618448 -1.282241
v 0.903950 5.897210 -1.782865
v 0.744782 5.855564 -1.813674
v 0.415694 5.855390 -1.804079
v 0.258547 5.896868 -1.764047
v 0.256264 5.962639 -1.841157
v 0.413411 5.921161 -1.881188
v 0.742498 5.921335 -1.890784
v 0.901667 5.962981 -1.859975
v 0.068458 5.272434 -2.140040
v 0.066224 5.330405 -2.215580
v 0.080806 5.944952 -1.569818
v 0.078572 6.002923 -1.645358
v 0.962344 5.272909 -2.166103
v 0.960110 5.330879 -2.241644
v 0.974692 5.945427 -1.595881
v 0.972459 6.003397 -1.671421
v 0.223046 5.945027 -1.573965
v 0.372585 5.945107 -1.578325
v 0.682913 5.945272 -1.587373
v 0.832452 5.945351 -1.591733
v 0.830218 6.003322 -1.667274
v 0.680680 6.003242 -1.662914
v 0.370352 6.003078 -1.653866
v 0.220813 6.002999 -1.649505
v 0.817932 5.191475 -2.224326
v 0.667894 5.150386 -2.251423
v 0.357566 5.150221 -2.242375
v 0.209318 5.191153 -2.206581
v 0.207085 5.249123 -2.282122
v 0.355333 5.208192 -2.317916
v 0.665661 5.208356 -2.326964
v 0.815699 5.249446 -2.299867
v 0.070048 4.648777 -2.652762
v 0.066863 4.733607 -2.711529
v 0.043837 5.174558 -1.973616
v 0.040651 5.259388 -2.032382
v 1.016813 4.691914 -2.641818
v 1.013627 4.776743 -2.700585
v 0.990602 5.217694 -1.962672
v 0.987416 5.302524 -2.021439
v 0.194492 5.181422 -1.971874
v 0.352876 5.188638 -1.970044
v 0.681562 5.203614 -1.966244
v 0.839947 5.210830 -1.964414
v 0.836761 5.295660 -2.023180
v 0.678377 5.288444 -2.025011
v 0.349691 5.273468 -2.028810
v 0.191306 5.266252 -2.030641
v 0.869508 4.624516 -2.731122
v 0.713443 4.586814 -2.777085
v 0.384757 4.571838 -2.780884
v 0.224892 4.595146 -2.738574
v 0.221706 4.679976 -2.797340
v 0.381572 4.656669 -2.839650
v 0.710257 4.671644 -2.835851
v 0.866322 4.709345 -2.789889
v 0.019850 3.881401 -2.947771
v 0.017481 3.942875 -3.027877
v 0.032944 4.481350 -2.487748
v 0.030576 4.542825 -2.567855
v 0.967770 3.881904 -2.975410
v 0.965402 3.943378 -3.055516
v 0.980864 4.481853 -2.515387
v 0.978496 4.543328 -2.595494
v 0.183783 4.481431 -2.492146
v 0.342361 4.481514 -2.496770
v 0.671448 4.481689 -2.506365
v 0.830026 4.481773 -2.510989
v 0.827657 4.543248 -2.591096
v 0.669080 4.543164 -2.586472
v 0.339993 4.542990 -2.576876
v 0.181415 4.542905 -2.572253
v 0.814629 3.795547 -3.037152
v 0.655521 3.751975 -3.065887
v 0.326434 3.751800 -3.056292
v 0.169225 3.795205 -3.018334
v 0.166857 3.856680 -3.098441
v 0.324066 3.813274 -3.136399
v 0.653153 3.813450 -3.145994
v 0.812260 3.857023 -3.117259
v 1.176389 8.369282 -0.668451
v 1.169061 8.434386 -0.745950
v 1.056156 8.933015 -0.183508
v 1.048828 8.998119 -0.261007
v 2.109732 8.528908 -0.622607
v 2.102404 8.594012 -0.700106
v 1.989501 9.092640 -0.137664
v 1.982173 9.157744 -0.215163
v 1.204676 8.958415 -0.176213
v 1.360815 8.985119 -0.168544
v 1.684842 9.040536 -0.152628
v 1.840982 9.067240 -0.144959
v 1.833653 9.132344 -0.222458
v 1.677514 9.105640 -0.230127
v 1.353487 9.050223 -0.246042
v 1.197347 9.023520 -0.253712
v 1.978090 8.422369 -0.699659
v 1.831079 8.354872 -0.742461
v 1.507052 8.299456 -0.758377
v 1.342611 8.313686 -0.730873
v 1.335283 8.378791 -0.808372
v 1.499725 8.364560 -0.835876
v 1.823751 8.419976 -0.819960
v 1.970762 8.487473 -0.777158
v 1.071689 7.965935 -0.928931
v 1.069359 8.029384 -1.007701
v 1.085176 8.553949 -0.455683
v 1.082845 8.617398 -0.534452
v 2.019610 7.966437 -0.956570
v 2.017280 8.029886 -1.035339
v 2.033096 8.554453 -0.483321
v 2.030766 8.617902 -0.562091
v 1.236015 8.554029 -0.460081
v 1.394593 8.554113 -0.464704
v 1.723680 8.554288 -0.474299
v 1.882258 8.554373 -0.478923
v 1.879927 8.617822 -0.557692
v 1.721349 8.617737 -0.553069
v 1.392262 8.617562 -0.543474
v 1.233684 8.617478 -0.538850
v 1.866412 7.881798 -1.020215
v 1.707276 7.839090 -1.049908
v 1.378189 7.838915 -1.040313
v 1.221008 7.881456 -1.001397
v 1.218679 7.944905 -1.080166
v 1.375859 7.902364 -1.119083
v 1.704946 7.902539 -1.128678
v 1.864082 7.945248 -1.098984
v 1.089613 7.336987 -1.171881
v 1.086933 7.392908 -1.262756
v 1.101615 8.026907 -0.747679
v 1.098935 8.082829 -0.838553
v 2.098357 7.337522 -1.201294
v 2.095678 7.393443 -1.292168
v 2.110360 8.027442 -0.777091
v 2.107681 8.083364 -0.867965
v 1.262133 8.026992 -0.752359
v 1.430886 8.027081 -0.757279
v 1.781089 8.027267 -0.767490
v 1.949842 8.027357 -0.772411
v 1.947162 8.083279 -0.863285
v 1.778409 8.083189 -0.858365
v 1.428206 8.083003 -0.848154
v 1.259453 8.082913 -0.843233
v 1.935667 7.238223 -1.257602
v 1.766490 7.188122 -1.283445
v 1.416287 7.187936 -1.273234
v 1.248851 7.237858 -1.237577
v 1.246171 7.293780 -1.328451
v 1.413608 7.243858 -1.364108
v 1.763812 7.244043 -1.374319
v 1.932988 7.294145 -1.348477
v 1.108703 6.696517 -1.412371
v 1.105108 6.749029 -1.497754
v 1.061749 7.344393 -1.011935
v 1.058154 7.396905 -1.097318
v 2.053594 6.763947 -1.410674
v 2.050000 6.816460 -1.496056
v 2.006640 7.411823 -1.010238
v 2.003046 7.464335 -1.095620
v 1.212106 7.355123 -1.011665
v 1.370177 7.366404 -1.011381
v 1.698212 7.389813 -1.010792
v 1.856283 7.401093 -1.010508
v 1.852689 7.453606 -1.095891
v 1.694618 7.442326 -1.096174
v 1.366583 7.418916 -1.096764
v 1.208512 7.407635 -1.097048
v 1.909570 6.660020 -1.468529
v 1.755322 6.601806 -1.497839
v 1.427286 6.578396 -1.498428
v 1.266230 6.614109 -1.469685
v 1.262635 6.666622 -1.555067
v 1.423692 6.630909 -1.583811
v 1.751727 6.654318 -1.583221
v 1.905977 6.712533 -1.553911
v 1.070082 5.969284 -1.843782
v 1.067352 6.035049 -1.920883
v 1.060368 6.542565 -1.354443
v 1.057638 6.608330 -1.431545
v 2.017800 5.995155 -1.855278
v 2.015070 6.060920 -1.932379
v 2.008086 6.568436 -1.365939
v 2.005356 6.634201 -1.443040
v 1.211175 6.546682 -1.356273
v 1.369719 6.551010 -1.358196
v 1.698736 6.559991 -1.362187
v 1.857280 6.564319 -1.364110
v 1.854549 6.630084 -1.441210
v 1.696006 6.625756 -1.439287
v 1.366989 6.616775 -1.435297
v 1.208444 6.612447 -1.433374
v 1.867971 5.908587 -1.923812
v 1.710551 5.862714 -1.957366
v 1.381534 5.853732 -1.953375
v 1.222706 5.890972 -1.915986
v 1.219975 5.956737 -1.993086
v 1.378804 5.919497 -2.030476
v 1.707821 5.928479 -2.034467
v 1.865241 5.974352 -2.000913
v 1.006505 5.255817 -2.303573
v 1.004642 5.317286 -2.383699
v 1.046542 5.857720 -1.606094
v 1.044679 5.919188 -1.686220
v 1.953107 5.226630 -2.347971
v 1.951244 5.288097 -2.428098
v 1.993145 5.828532 -1.650493
v 1.991282 5.890000 -1.730619
v 1.197171 5.853076 -1.613158
v 1.355529 5.848193 -1.620586
v 1.684158 5.838060 -1.636000
v 1.842515 5.833178 -1.643428
v 1.840652 5.894645 -1.723554
v 1.682295 5.899528 -1.716126
v 1.353666 5.909661 -1.700712
v 1.195308 5.914544 -1.693285
v 1.796301 5.145022 -2.406930
v 1.635460 5.106408 -2.432813
v 1.306832 5.116541 -2.417399
v 1.151795 5.164896 -2.376700
v 1.149932 5.226363 -2.456827
v 1.304969 5.178009 -2.497525
v 1.633598 5.167876 -2.512939
v 1.794438 5.206491 -2.487056
v 1.016817 4.613311 -2.628538
v 1.014611 4.674786 -2.708650
v 1.038498 5.213257 -2.168764
v 1.036291 5.274732 -2.248876
v 1.964501 4.604346 -2.661527
v 1.962294 4.665820 -2.741639
v 1.986181 5.204291 -2.201753
v 1.983974 5.265766 -2.281865
v 1.189299 5.211831 -2.174013
v 1.347838 5.210330 -2.179532
v 1.676842 5.207218 -2.190984
v 1.835381 5.205718 -2.196503
v 1.833173 5.267193 -2.276615
v 1.674635 5.268692 -2.271096
v 1.345630 5.271805 -2.259644
v 1.187092 5.273304 -2.254125
v 1.810163 4.519502 -2.722381
v 1.650472 4.477509 -2.750205
v 1.321467 4.480621 -2.738752
v 1.164921 4.525606 -2.699919
v 1.162714 4.587081 -2.780031
v 1.319260 4.542095 -2.818864
v 1.648266 4.538983 -2.830317
v 1.807956 4.580976 -2.802493
v 0.955443 4.031696 -2.871034
v 0.954179 4.093135 -2.951196
v 1.027576 4.631259 -2.412645
v 1.026313 4.692698 -2.492808
v 1.898288 3.967336 -2.935223
v 1.897025 4.028776 -3.015386
v 1.970422 4.566900 -2.476834
v 1.969158 4.628340 -2.556996
v 1.177607 4.621018 -2.422859
v 1.335336 4.610252 -2.433598
v 1.662662 4.587908 -2.455882
v 1.820390 4.577142 -2.466620
v 1.819127 4.638581 -2.546782
v 1.661398 4.649347 -2.536044
v 1.334073 4.671691 -2.513760
v 1.176344 4.682457 -2.503022
v 1.737467 3.891387 -2.990899
v 1.574926 3.858664 -3.013416
v 1.247601 3.881006 -2.991133
v 1.095518 3.935206 -2.947195
v 1.094254 3.996645 -3.027357
v 1.246338 3.942446 -3.071295
v 1.573663 3.920102 -3.093580
v 1.736202 3.952826 -3.071061
v 2.187518 8.444042 -0.658170
v 2.181110 8.497436 -0.742997
v 1.993251 9.059326 -0.256214
v 1.986842 9.112719 -0.341040
v 3.102354 8.680719 -0.578310
v 3.095946 8.734112 -0.663137
v 2.908086 9.296002 -0.176354
v 2.901678 9.349396 -0.261180
v 2.138824 9.096987 -0.243506
v 2.291868 9.136581 -0.230146
v 2.609469 9.218747 -0.202421
v 2.762511 9.258341 -0.189062
v 2.756104 9.311734 -0.273888
v 2.603061 9.272141 -0.287248
v 2.285459 9.189974 -0.314973
v 2.132416 9.150380 -0.328332
v 2.984312 8.554473 -0.648857
v 2.845755 8.470383 -0.691318
v 2.528155 8.388216 -0.719043
v 2.361435 8.393329 -0.703230
v 2.355026 8.446721 -0.788057
v 2.521746 8.441608 -0.803870
v 2.839347 8.523775 -0.776145
v 2.977904 8.607865 -0.733683
v 2.073415 7.867679 -0.920978
v 2.070259 7.924525 -1.009242
v 2.055895 8.535998 -0.489922
v 2.052739 8.592845 -0.578186
v 3.064199 7.902170 -0.934184
v 3.061044 7.959017 -1.022449
v 3.046678 8.570490 -0.503128
v 3.043523 8.627337 -0.591393
v 2.213555 8.541487 -0.492023
v 2.379303 8.547257 -0.494233
v 2.723270 8.559232 -0.498817
v 2.889019 8.565001 -0.501027
v 2.885864 8.621848 -0.589291
v 2.720114 8.616077 -0.587082
v 2.376148 8.604103 -0.582497
v 2.210399 8.598333 -0.580288
v 2.908620 7.800559 -0.994065
v 2.744581 7.746359 -1.023108
v 2.400612 7.734385 -1.018523
v 2.234033 7.777075 -0.985073
v 2.230878 7.833922 -1.073337
v 2.397456 7.791231 -1.106787
v 2.741425 7.803205 -1.111372
v 2.905464 7.857406 -1.082329
v 1.982557 7.379061 -1.172318
v 1.980039 7.431610 -1.257713
v 1.993836 8.027381 -0.773693
v 1.991318 8.079930 -0.859088
v 3.080920 7.379643 -1.204343
v 3.078403 7.432193 -1.289738
v 3.092199 8.027964 -0.805718
v 3.089681 8.080514 -0.891113
v 2.168614 8.027473 -0.778789
v 2.352359 8.027572 -0.784147
v 2.733675 8.027774 -0.795265
v 2.917421 8.027871 -0.800622
v 2.914903 8.080420 -0.886017
v 2.731157 8.080323 -0.880660
v 2.349841 8.080121 -0.869542
v 2.166096 8.080024 -0.864184
v 2.904033 7.286320 -1.256557
v 2.719957 7.239226 -1.280109
v 2.338641 7.239024 -1.268991
v 2.156199 7.285923 -1.234752
v 2.153682 7.338472 -1.320147
v 2.336123 7.291574 -1.354386
v 2.717439 7.291776 -1.365504
v 2.901517 7.338869 -1.341952
v 2.104538 6.647159 -1.474273
v 2.102020 6.699708 -1.559668
v 2.115816 7.295479 -1.075648
v 2.113299 7.348029 -1.161043
v 3.052458 6.647662 -1.501912
v 3.049941 6.700212 -1.587306
v 3.063737 7.295982 -1.103287
v 3.061219 7.348532 -1.188682
v 2.266655 7.295559 -1.080046
v 2.425233 7.295643 -1.084670
v 2.754320 7.295818 -1.094265
v 2.912898 7.295902 -1.098889
v 2.910381 7.348452 -1.184284
v 2.751803 7.348368 -1.179660
v 2.422715 7.348193 -1.170065
v 2.264138 7.348109 -1.165441
v 2.899578 6.554350 -1.554825
v 2.740602 6.507270 -1.579110
v 2.411515 6.507096 -1.569515
v 2.254174 6.554008 -1.536007
v 2.251657 6.606557 -1.621402
v 2.408997 6.559645 -1.654909
v 2.738084 6.559820 -1.664505
v 2.897060 6.606899 -1.640220
v 2.036190 5.915089 -1.921295
v 2.033639 5.988583 -2.007460
v 2.051770 6.555775 -1.375281
v 2.049219 6.629269 -1.461445
v 3.095421 5.915651 -1.952179
v 3.092870 5.989145 -2.038343
v 3.111002 6.556337 -1.406165
v 3.108451 6.629831 -1.492329
v 2.220321 6.555864 -1.380195
v 2.397521 6.555958 -1.385362
v 2.765251 6.556153 -1.396084
v 2.942450 6.556248 -1.401251
v 2.939899 6.629742 -1.487415
v 2.762700 6.629648 -1.482248
v 2.394970 6.629453 -1.471527
v 2.217770 6.629358 -1.466360
v 2.924161 5.823428 -2.025770
v 2.746301 5.776892 -2.060197
v 2.378570 5.776697 -2.049475
v 2.202970 5.823045 -2.004743
v 2.200419 5.896539 -2.090907
v 2.376019 5.850191 -2.135639
v 2.743750 5.850386 -2.146361
v 2.921610 5.896922 -2.111935
v 1.980295 5.251302 -2.314190
v 1.978948 5.303523 -2.400629
v 1.996804 5.835717 -1.666544
v 1.995457 5.887938 -1.752985
v 3.013513 5.236985 -2.345823
v 3.012166 5.289206 -2.432262
v 3.030022 5.821400 -1.698178
v 3.028675 5.873621 -1.784618
v 2.161216 5.833438 -1.671578
v 2.334063 5.831043 -1.676870
v 2.692762 5.826073 -1.687852
v 2.865609 5.823678 -1.693144
v 2.864263 5.875899 -1.779584
v 2.691416 5.878294 -1.774292
v 2.332716 5.883265 -1.763310
v 2.159869 5.885660 -1.758018
v 2.846092 5.146206 -2.396946
v 2.672416 5.101685 -2.419983
v 2.313717 5.106655 -2.409001
v 2.142613 5.155954 -2.375409
v 2.141266 5.208175 -2.461848
v 2.312370 5.158876 -2.495440
v 2.671069 5.153905 -2.506423
v 2.844745 5.198427 -2.483386
v 1.960306 4.525977 -2.726418
v 1.957349 4.587442 -2.806515
v 1.942050 5.125795 -2.265455
v 1.939094 5.187259 -2.345552
v 2.907634 4.561018 -2.734497
v 2.904678 4.622483 -2.814594
v 2.889378 5.160836 -2.273534
v 2.886421 5.222300 -2.353631
v 2.092795 5.131371 -2.266741
v 2.251273 5.137232 -2.268093
v 2.580155 5.149398 -2.270897
v 2.738634 5.155260 -2.272249
v 2.735677 5.216724 -2.352345
v 2.577198 5.210862 -2.350994
v 2.248317 5.198697 -2.348189
v 2.089839 5.192835 -2.346837
v 2.759095 4.469171 -2.799496
v 2.602359 4.419845 -2.831563
v 2.273478 4.407680 -2.828758
v 2.114095 4.445312 -2.793996
v 2.111139 4.506777 -2.874092
v 2.270520 4.469144 -2.908854
v 2.599403 4.481309 -2.911659
v 2.756139 4.530635 -2.879593
v 1.947938 3.988431 -2.941557
v 1.946199 4.049895 -3.021690
v 1.994629 4.588266 -2.482484
v 1.992890 4.649730 -2.562616
v 2.893955 3.951929 -2.990078
v 2.892217 4.013392 -3.070210
v 2.940646 4.551763 -2.531005
v 2.938908 4.613226 -2.611138
v 2.145165 4.582458 -2.490205
v 2.303424 4.576351 -2.498321
v 2.631850 4.563678 -2.515167
v 2.790110 4.557571 -2.523283
v 2.788372 4.619035 -2.603416
v 2.630112 4.625142 -2.595299
v 2.301685 4.637815 -2.578454
v 2.143426 4.643921 -2.570337
v 2.736286 3.871494 -3.048352
v 2.575061 3.834104 -3.073534
v 2.246635 3.846776 -3.056689
v 2.092178 3.896348 -3.015316
v 2.090440 3.957811 -3.095449
v 2.244896 3.908240 -3.136822
v 2.573323 3.895567 -3.153666
v 2.734548 3.932958 -3.128484
v 3.059555 8.766864 -0.538002
v 3.055105 8.818653 -0.623784
v 2.919046 9.404870 -0.145534
v 2.914596 9.456658 -0.231316
v 4.094469 8.957143 -0.476808
v 4.090019 9.008931 -0.562589
v 3.953960 9.595148 -0.084340
v 3.949511 9.646936 -0.170122
v 3.083727 9.435148 -0.135797
v 3.256859 9.466980 -0.125559
v 3.616147 9.533038 -0.104315
v 3.789279 9.564870 -0.094078
v 3.784829 9.616658 -0.179859
v 3.611697 9.584826 -0.190097
v 3.252409 9.518768 -0.211341
v 3.079278 9.486937 -0.221578
v 3.949535 8.835032 -0.543011
v 3.787048 8.757036 -0.581670
v 3.427759 8.690978 -0.602915
v 3.244901 8.705479 -0.584675
v 3.240451 8.757267 -0.670457
v 3.423309 8.742766 -0.688697
v 3.782598 8.808825 -0.667452
v 3.945085 8.886821 -0.628793
v 3.058351 8.126828 -0.899076
v 3.055833 8.179379 -0.984471
v 3.069629 8.775149 -0.500452
v 3.067112 8.827699 -0.585847
v 4.006271 8.127332 -0.926715
v 4.003754 8.179881 -1.012110
v 4.017550 8.775652 -0.528090
v 4.015032 8.828201 -0.613485
v 3.220468 8.775229 -0.504850
v 3.379046 8.775313 -0.509473
v 3.708133 8.775488 -0.519069
v 3.866711 8.775572 -0.523692
v 3.864193 8.828121 -0.609087
v 3.705615 8.828037 -0.604464
v 3.376529 8.827863 -0.594868
v 3.217951 8.827779 -0.590245
v 3.853391 8.034020 -0.979629
v 3.694415 7.986940 -1.003913
v 3.365328 7.986766 -0.994318
v 3.207987 8.033678 -0.960810
v 3.205469 8.086227 -1.046205
v 3.362810 8.039315 -1.079713
v 3.691897 8.039490 -1.089308
v 3.850873 8.086570 -1.065023
v 3.054409 7.435705 -1.170850
v 3.050928 7.488225 -1.256232
v 3.013603 8.083669 -0.770615
v 3.010123 8.136189 -0.855997
v 3.999981 7.496112 -1.172242
v 3.996500 7.548632 -1.257624
v 3.959176 8.144076 -0.772007
v 3.955695 8.196596 -0.857389
v 3.164069 8.093282 -0.770837
v 3.322253 8.103387 -0.771070
v 3.650525 8.124358 -0.771553
v 3.808710 8.134463 -0.771786
v 3.805229 8.186983 -0.857168
v 3.647045 8.176878 -0.856935
v 3.318773 8.155907 -0.856452
v 3.160588 8.145801 -0.856219
v 3.854964 7.393293 -1.229575
v 3.700156 7.336245 -1.258355
v 3.371885 7.315273 -1.257872
v 3.211160 7.352164 -1.228628
v 3.207680 7.404684 -1.314010
v 3.368404 7.367793 -1.343254
v 3.696676 7.388764 -1.343738
v 3.851485 7.445813 -1.314957
v 3.016764 6.614503 -1.521264
v 3.014118 6.669739 -1.611024
v 3.028620 7.295963 -1.102263
v 3.025974 7.351199 -1.192023
v 4.013139 6.615032 -1.550315
v 4.010493 6.670267 -1.640075
v 4.024995 7.296492 -1.131314
v 4.022347 7.351727 -1.221075
v 3.187169 7.296047 -1.106886
v 3.353853 7.296136 -1.111746
v 3.699762 7.296319 -1.121832
v 3.866445 7.296408 -1.126692
v 3.863799 7.351644 -1.216452
v 3.697115 7.351555 -1.211592
v 3.351207 7.351372 -1.201506
v 3.184522 7.351283 -1.196646
v 3.852444 6.516951 -1.605934
v 3.685342 6.467464 -1.631459
v 3.339433 6.467281 -1.621374
v 3.174050 6.516591 -1.586154
v 3.171404 6.571826 -1.675914
v 3.336787 6.522516 -1.711134
v 3.682696 6.522700 -1.721220
v 3.849798 6.572186 -1.695694
v 2.854488 6.008908 -1.875204
v 2.853112 6.074656 -1.952357
v 2.916497 6.582021 -1.387917
v 2.915120 6.647769 -1.465070
v 3.798768 5.957972 -1.935457
v 3.797392 6.023719 -2.012610
v 3.860777 6.531085 -1.448171
v 3.859401 6.596832 -1.525324
v 3.066756 6.573916 -1.397505
v 3.224725 6.565395 -1.407585
v 3.552549 6.547711 -1.428503
v 3.710517 6.539190 -1.438583
v 3.709141 6.604938 -1.515736
v 3.551172 6.613459 -1.505656
v 3.223349 6.631143 -1.484738
v 3.065380 6.639664 -1.474658
v 3.639174 5.883684 -1.995916
v 3.477128 5.850638 -2.021186
v 3.149305 5.868322 -2.000268
v 2.996249 5.918365 -1.954892
v 2.994872 5.984113 -2.032045
v 3.147928 5.934070 -2.077421
v 3.475751 5.916386 -2.098339
v 3.637798 5.949431 -2.073069
v 2.928893 5.324205 -2.245369
v 2.937683 5.385535 -2.325141
v 2.889150 5.926172 -1.786944
v 2.897940 5.987503 -1.866716
v 3.871460 5.313565 -2.149683
v 3.880250 5.374896 -2.229455
v 3.831715 5.915533 -1.691257
v 3.840506 5.976863 -1.771029
v 3.039136 5.924479 -1.771718
v 3.196819 5.922699 -1.755710
v 3.524047 5.919005 -1.722491
v 3.681728 5.917226 -1.706484
v 3.690520 5.978557 -1.786256
v 3.532837 5.980336 -1.802263
v 3.205609 5.984030 -1.835482
v 3.047927 5.985809 -1.851489
v 3.726771 5.228698 -2.230875
v 3.572387 5.186837 -2.280071
v 3.245158 5.190531 -2.313290
v 3.085012 5.235942 -2.296024
v 3.093803 5.297272 -2.375797
v 3.253949 5.251861 -2.393062
v 3.581177 5.248168 -2.359843
v 3.735561 5.290029 -2.310647
v 2.874704 4.575010 -2.642153
v 2.871728 4.644275 -2.715607
v 2.855406 5.125010 -2.122741
v 2.852429 5.194274 -2.196196
v 3.821973 4.611764 -2.645876
v 3.818998 4.681030 -2.719330
v 3.802675 5.161764 -2.126464
v 3.799699 5.231029 -2.199919
v 3.006140 5.130858 -2.123334
v 3.164610 5.137006 -2.123957
v 3.493471 5.149767 -2.125249
v 3.651940 5.155915 -2.125872
v 3.648963 5.225180 -2.199327
v 3.490494 5.219032 -2.198704
v 3.161633 5.206271 -2.197412
v 3.003165 5.200123 -2.196789
v 3.673594 4.526807 -2.719975
v 3.516944 4.480806 -2.757005
v 3.188082 4.468047 -2.755713
v 3.028634 4.501783 -2.717440
v 3.025658 4.571048 -2.790895
v 3.185106 4.537312 -2.829167
v 3.513967 4.550071 -2.830460
v 3.670618 4.596072 -2.793430
v 2.831671 3.915888 -3.095832
v 2.829303 3.985165 -3.169296
v 2.844765 4.466126 -2.577374
v 2.842396 4.535403 -2.650838
v 3.779592 3.919190 -3.123277
v 3.777223 3.988467 -3.196741
v 3.792685 4.469428 -2.604820
v 3.790318 4.538704 -2.678283
v 2.995604 4.466651 -2.581741
v 3.154182 4.467204 -2.586333
v 3.483269 4.468350 -2.595860
v 3.641847 4.468902 -2.600452
v 3.639479 4.538179 -2.673916
v 3.480901 4.537627 -2.669324
v 3.151813 4.536481 -2.659796
v 2.993235 4.535929 -2.655205
v 3.626450 3.839536 -3.193454
v 3.467342 3.799099 -3.226457
v 3.138256 3.797954 -3.216929
v 2.981046 3.837288 -3.174768
v 2.978678 3.906565 -3.248232
v 3.135887 3.867230 -3.290393
v 3.464975 3.868376 -3.299921
v 3.624081 3.908813 -3.266918
vn -0.8887 -0.3905 0.2402
vn -0.6986 0.6095 -0.3749
vn 0.6986 0.6095 -0.3749
vn 0.8887 -0.3905 0.2402
vn -0.0000 0.5239 0.8518
vn -0.0000 -0.5239 -0.8518
vn -0.4622 -0.7553 0.4646
vn -0.1668 -0.8398 0.5166
vn 0.4622 -0.7553 0.4646
vn 0.1668 -0.8398 0.5166
vn -0.0000 0.8518 -0.5239
vn -0.9572 -0.2436 0.1563
vn -0.9810 -0.1612 0.1077
vn -0.5208 0.7373 -0.4303
vn -0.5171 0.7392 -0.4315
vn 0.8846 0.3963 -0.2458
vn 0.7970 0.5152 -0.3151
vn 0.7702 -0.5529 0.3179
vn 0.7506 -0.5726 0.3298
vn 0.0107 0.5096 0.8603
vn -0.0107 -0.5096 -0.8603
vn -0.6640 -0.6397 0.3872
vn -0.6397 -0.6578 0.3976
vn -0.3713 -0.7968 0.4767
vn -0.4010 -0.7860 0.4706
vn 0.2548 -0.8334 0.4905
vn 0.2444 -0.8356 0.4920
vn -0.0724 -0.8577 0.5090
vn -0.0492 -0.8591 0.5095
vn 0.2271 0.8366 -0.4985
vn -0.8608 -0.4381 0.2591
vn -0.8472 -0.4570 0.2709
vn -0.7291 0.5792 -0.3646
vn -0.7672 0.5424 -0.3424
vn 0.6228 0.6698 -0.4044
vn 0.6697 0.6362 -0.3831
vn 0.9241 -0.3207 0.2080
vn 0.9152 -0.3385 0.2188
vn -0.0100 0.5236 0.8519
vn 0.0100 -0.5236 -0.8519
vn -0.3918 -0.7859 0.4784
vn -0.4061 -0.7807 0.4750
vn -0.1064 -0.8477 0.5197
vn -0.0868 -0.8492 0.5209
vn 0.5189 -0.7255 0.4520
vn 0.5316 -0.7188 0.4480
vn 0.2465 -0.8244 0.5096
vn 0.2276 -0.8284 0.5118
vn -0.0713 0.8494 -0.5229
vn -0.9876 -0.1121 0.1096
vn -0.7755 -0.4751 0.4158
vn -0.7933 0.4690 -0.3882
vn -0.2872 0.7312 -0.6188
vn 0.4273 0.6852 -0.5898
vn 0.8806 0.3544 -0.3145
vn 0.6690 -0.5705 0.4765
vn 0.9510 -0.2420 0.1926
vn 0.0109 0.6484 0.7612
vn -0.0109 -0.6484 -0.7612
vn -0.4773 -0.6655 0.5738
vn -0.5681 -0.6224 0.5383
vn -0.2621 -0.7328 0.6280
vn -0.2136 -0.7422 0.6353
vn 0.4335 -0.6890 0.5808
vn 0.3373 -0.7190 0.6077
vn 0.0630 -0.7602 0.6467
vn 0.1087 -0.7575 0.6437
vn 0.0773 0.7584 -0.6472
vn -0.9776 -0.1602 0.1366
vn -0.8180 -0.4509 0.3572
vn -0.7773 0.5047 -0.3757
vn -0.3727 0.7391 -0.5611
vn 0.5285 0.6701 -0.5211
vn 0.8596 0.3996 -0.3185
vn 0.7126 -0.5617 0.4203
vn 0.9337 -0.2905 0.2094
vn 0.0113 0.6082 0.7937
vn -0.0113 -0.6082 -0.7937
vn -0.4980 -0.6849 0.5319
vn -0.5591 -0.6542 0.5093
vn -0.2568 -0.7653 0.5902
vn -0.2302 -0.7708 0.5940
vn 0.4227 -0.7222 0.5475
vn 0.3492 -0.7462 0.5669
vn 0.0656 -0.7925 0.6064
vn 0.1041 -0.7901 0.6040
vn 0.0803 0.7906 -0.6070
vn -0.9583 -0.2268 0.1740
vn -0.7671 -0.5090 0.3904
vn -0.8204 0.4537 -0.3480
vn -0.4525 0.7076 -0.5428
vn 0.4525 0.7076 -0.5428
vn 0.8204 0.4537 -0.3480
vn 0.7671 -0.5090 0.3904
vn 0.9583 -0.2268 0.1740
vn -0.0000 0.6086 0.7934
vn -0.0000 -0.6086 -0.7934
vn -0.4238 -0.7187 0.5513
vn -0.4909 -0.6913 0.5303
vn -0.1803 -0.7804 0.5987
vn -0.1479 -0.7847 0.6019
vn 0.4909 -0.6913 0.5303
vn 0.4238 -0.7187 0.5513
vn 0.1479 -0.7847 0.6019
vn 0.1803 -0.7804 0.5987
vn -0.0000 0.7934 -0.6086
vn -0.9564 -0.2016 0.2114
vn -0.9862 -0.0833 0.1428
vn -0.7036 0.6358 -0.3173
vn -0.2928 0.8308 -0.4734
vn 0.9508 0.2175 -0.2204
vn 0.7933 0.4856 -0.3673
vn 0.6258 -0.6926 0.3588
vn 0.8034 -0.5403 0.2503
vn 0.0801 0.5147 0.8536
vn -0.0801 -0.5147 -0.8536
vn -0.6825 -0.5958 0.4233
vn -0.6112 -0.6511 0.4500
vn -0.3566 -0.7849 0.5067
vn -0.4624 -0.7395 0.4892
vn 0.2076 -0.8462 0.4907
vn 0.1023 -0.8561 0.5066
vn -0.1858 -0.8337 0.5201
vn -0.0658 -0.8518 0.5197
vn 0.2709 0.8129 -0.5156
vn -0.9231 -0.3205 0.2125
vn -0.8871 -0.3854 0.2541
vn -0.7197 0.5860 -0.3723
vn -0.6101 0.6681 -0.4259
vn 0.6928 0.6043 -0.3936
vn 0.7549 0.5492 -0.3586
vn 0.8409 -0.4576 0.2889
vn 0.8945 -0.3786 0.2376
vn 0.0057 0.5412 0.8409
vn -0.0057 -0.5412 -0.8409
vn -0.4935 -0.7298 0.4731
vn -0.5013 -0.7261 0.4707
vn -0.2050 -0.8224 0.5307
vn -0.2076 -0.8219 0.5304
vn 0.4364 -0.7579 0.4849
vn 0.4151 -0.7663 0.4904
vn 0.1186 -0.8353 0.5368
vn 0.1348 -0.8336 0.5356
vn 0.0403 0.8401 -0.5410
vn -0.9767 -0.1591 0.1441
vn -0.7165 -0.5279 0.4561
vn -0.8121 0.4475 -0.3744
vn -0.3153 0.7236 -0.6140
vn 0.4003 0.6957 -0.5964
vn 0.8651 0.3780 -0.3296
vn 0.6480 -0.5824 0.4908
vn 0.9517 -0.2376 0.1943
vn 0.0066 0.6487 0.7610
vn -0.0066 -0.6487 -0.7610
vn -0.4055 -0.6940 0.5950
vn -0.4836 -0.6641 0.5702
vn -0.2049 -0.7440 0.6359
vn -0.1685 -0.7495 0.6402
vn 0.3989 -0.6996 0.5928
vn 0.3187 -0.7227 0.6132
vn 0.0767 -0.7591 0.6464
vn 0.1115 -0.7568 0.6441
vn 0.0469 0.7600 -0.6482
vn -0.9458 -0.2610 0.1930
vn -0.7386 -0.5376 0.4067
vn -0.8417 0.4254 -0.3326
vn -0.4934 0.6884 -0.5317
vn 0.4105 0.7251 -0.5529
vn 0.7980 0.4811 -0.3629
vn 0.7947 -0.4788 0.3732
vn 0.9692 -0.1918 0.1544
vn -0.0060 0.6085 0.7935
vn 0.0060 -0.6085 -0.7935
vn -0.3842 -0.7340 0.5600
vn -0.4546 -0.7084 0.5399
vn -0.1398 -0.7862 0.6019
vn -0.1042 -0.7896 0.6047
vn 0.5271 -0.6724 0.5196
vn 0.4633 -0.7015 0.5415
vn 0.1917 -0.7781 0.5982
vn 0.2209 -0.7731 0.5946
vn -0.0427 0.7926 -0.6082
vn -0.9727 -0.1793 0.1474
vn -0.8041 -0.4678 0.3669
vn -0.7899 0.4906 -0.3681
vn -0.3955 0.7308 -0.5563
vn 0.5075 0.6813 -0.5275
vn 0.8489 0.4152 -0.3270
vn 0.7283 -0.5474 0.4122
vn 0.9411 -0.2728 0.1996
vn 0.0081 0.6084 0.7936
vn -0.0081 -0.6084 -0.7936
vn -0.4772 -0.6951 0.5378
vn -0.5399 -0.6653 0.5156
vn -0.2352 -0.7702 0.5929
vn -0.2070 -0.7754 0.5966
vn 0.4419 -0.7141 0.5430
vn 0.3702 -0.7390 0.5628
vn 0.0888 -0.7909 0.6055
vn 0.1256 -0.7879 0.6028
vn 0.0576 0.7920 -0.6078
vn -0.9856 -0.1235 0.1160
vn -0.8433 -0.4178 0.3381
vn -0.7527 0.5306 -0.3897
vn -0.3288 0.7534 -0.5695
vn 0.5674 0.6479 -0.5082
vn 0.8787 0.3697 -0.3021
vn 0.6823 -0.5876 0.4349
vn 0.9186 -0.3232 0.2274
vn 0.0173 0.6077 0.7940
vn -0.0173 -0.6077 -0.7940
vn -0.5371 -0.6641 0.5200
vn -0.5951 -0.6319 0.4966
vn -0.2975 -0.7550 0.5843
vn -0.2738 -0.7609 0.5883
vn 0.3866 -0.7364 0.5552
vn 0.3095 -0.7584 0.5737
vn 0.0218 -0.7941 0.6074
vn 0.0638 -0.7931 0.6057
vn 0.1229 0.7868 -0.6049
vn -0.9944 -0.0587 0.0881
vn -0.8182 -0.4234 0.3888
vn -0.7661 0.5057 -0.3967
vn -0.2105 0.7514 -0.6254
vn 0.5063 0.6495 -0.5673
vn 0.8993 0.3165 -0.3019
vn 0.6169 -0.6133 0.4932
vn 0.9300 -0.2979 0.2151
vn 0.0297 0.6444 0.7641
vn -0.0297 -0.6444 -0.7641
vn -0.5386 -0.6337 0.5553
vn -0.6160 -0.5903 0.5217
vn -0.3181 -0.7186 0.6184
vn -0.2869 -0.7268 0.6240
vn 0.3753 -0.7157 0.5890
vn 0.2693 -0.7414 0.6147
vn -0.0121 -0.7642 0.6449
vn 0.0486 -0.7645 0.6428
vn 0.1433 0.7538 -0.6412
vn -0.9760 -0.1656 0.1411
vn -0.7744 -0.4898 0.4004
vn -0.8066 0.4636 -0.3668
vn -0.3637 0.7270 -0.5823
vn 0.4466 0.6952 -0.5632
vn 0.8538 0.4022 -0.3306
vn 0.7151 -0.5473 0.4348
vn 0.9534 -0.2386 0.1845
vn 0.0062 0.6270 0.7790
vn -0.0062 -0.6270 -0.7790
vn -0.4563 -0.6914 0.5602
vn -0.5337 -0.6567 0.5329
vn -0.2255 -0.7580 0.6120
vn -0.1876 -0.7644 0.6168
vn 0.4579 -0.6943 0.5552
vn 0.3755 -0.7234 0.5793
vn 0.0994 -0.7755 0.6235
vn 0.1400 -0.7719 0.6202
vn 0.0440 0.7781 -0.6266
vn -0.8367 -0.4746 0.2732
vn -0.8083 -0.5094 0.2951
vn -0.7559 0.5507 -0.3541
vn -0.8182 0.4821 -0.3133
vn 0.5548 0.7145 -0.4263
vn 0.6468 0.6562 -0.3886
vn 0.9485 -0.2604 0.1802
vn 0.9357 -0.2914 0.1989
vn -0.0184 0.5228 0.8522
vn 0.0184 -0.5228 -0.8522
vn -0.3329 -0.8070 0.4879
vn -0.3599 -0.7987 0.4822
vn -0.0565 -0.8516 0.5212
vn -0.0202 -0.8524 0.5225
vn 0.5664 -0.6970 0.4398
vn 0.5883 -0.6836 0.4320
vn 0.3125 -0.8067 0.5016
vn 0.2786 -0.8160 0.5066
vn -0.1306 0.8438 -0.5205
vn -0.9722 -0.1782 0.1519
vn -0.7234 -0.5254 0.4479
vn -0.8396 0.4133 -0.3524
vn -0.3582 0.7105 -0.6058
vn 0.3582 0.7105 -0.6058
vn 0.8396 0.4133 -0.3524
vn 0.7234 -0.5254 0.4479
vn 0.9722 -0.1782 0.1519
vn -0.0000 0.6488 0.7610
vn -0.0000 -0.6488 -0.7610
vn -0.4074 -0.6950 0.5925
vn -0.5009 -0.6586 0.5615
vn -0.1853 -0.7478 0.6376
vn -0.1383 -0.7537 0.6426
vn 0.5009 -0.6586 0.5615
vn 0.4074 -0.6950 0.5925
vn 0.1383 -0.7537 0.6426
vn 0.1853 -0.7478 0.6376
vn -0.0000 0.7610 -0.6488
vn -0.9888 -0.0971 0.1134
vn -0.6599 -0.4886 0.5708
vn -0.8548 0.3375 -0.3943
vn -0.2082 0.6361 -0.7430
vn 0.2082 0.6361 -0.7430
vn 0.8548 0.3375 -0.3943
vn 0.6599 -0.4886 0.5708
vn 0.9888 -0.0971 0.1134
vn -0.0000 0.7596 0.6503
vn -0.0000 -0.7596 -0.6503
vn -0.3770 -0.6024 0.7036
vn -0.5232 -0.5542 0.6474
vn -0.1962 -0.6377 0.7449
vn -0.1130 -0.6462 0.7548
vn 0.5232 -0.5542 0.6474
vn 0.3770 -0.6024 0.7036
vn 0.1130 -0.6462 0.7548
vn 0.1962 -0.6377 0.7449
vn -0.0000 0.6503 -0.7596
vn -0.9656 -0.2025 0.1631
vn -0.7452 -0.5194 0.4182
vn -0.8309 0.4334 -0.3490
vn -0.4056 0.7120 -0.5732
vn 0.4056 0.7120 -0.5732
vn 0.8309 0.4334 -0.3490
vn 0.7452 -0.5194 0.4182
vn 0.9656 -0.2025 0.1631
vn -0.0000 0.6271 0.7789
vn -0.0000 -0.6271 -0.7789
vn -0.4160 -0.7083 0.5703
vn -0.4958 -0.6764 0.5446
vn -0.1827 -0.7658 0.6166
vn -0.1435 -0.7708 0.6207
vn 0.4958 -0.6764 0.5446
vn 0.4160 -0.7083 0.5703
vn 0.1435 -0.7708 0.6207
vn 0.1827 -0.7658 0.6166
vn -0.0000 0.7789 -0.6271
vn -0.9855 -0.1203 0.1198
vn -0.7448 -0.5015 0.4402
vn -0.7815 0.4818 -0.3964
vn -0.2701 0.7354 -0.6214
vn 0.4434 0.6786 -0.5856
vn 0.8895 0.3400 -0.3052
vn 0.6043 -0.6118 0.5103
vn 0.9339 -0.2803 0.2222
vn 0.0134 0.6482 0.7613
vn -0.0134 -0.6482 -0.7613
vn -0.4438 -0.6784 0.5855
vn -0.5187 -0.6464 0.5595
vn -0.2497 -0.7351 0.6303
vn -0.2139 -0.7419 0.6355
vn 0.3452 -0.7176 0.6049
vn 0.2665 -0.7362 0.6221
vn 0.0266 -0.7613 0.6478
vn 0.0590 -0.7606 0.6466
vn 0.0956 0.7571 -0.6463
vn -0.9273 -0.3048 0.2172
vn -0.6996 -0.5731 0.4268
vn -0.8680 0.3868 -0.3114
vn -0.5455 0.6607 -0.5156
vn 0.3538 0.7455 -0.5649
vn 0.7668 0.5160 -0.3818
vn 0.8291 -0.4368 0.3491
vn 0.9812 -0.1444 0.1278
vn -0.0139 0.6080 0.7938
vn 0.0139 -0.6080 -0.7938
vn -0.3320 -0.7516 0.5699
vn -0.4071 -0.7285 0.5509
vn -0.0867 -0.7916 0.6049
vn -0.0466 -0.7934 0.6069
vn 0.5747 -0.6448 0.5040
vn 0.5150 -0.6761 0.5269
vn 0.2491 -0.7667 0.5917
vn 0.2744 -0.7611 0.5878
vn -0.0987 0.7892 -0.6062
vn -0.9926 -0.0662 0.1018
vn -0.6393 -0.4191 0.6447
vn -0.8466 0.2901 -0.4463
vn -0.1731 0.5367 -0.8258
vn 0.1731 0.5367 -0.8258
vn 0.8466 0.2901 -0.4463
vn 0.6393 -0.4191 0.6447
vn 0.9926 -0.0662 0.1018
vn -0.0139 0.8086 0.5882
vn -0.0097 0.8096 0.5868
vn -0.0024 0.8105 0.5857
vn -0.0043 0.8104 0.5859
vn 0.0097 0.8096 0.5868
vn 0.0139 0.8086 0.5882
vn 0.0043 0.8104 0.5859
vn 0.0024 0.8105 0.5857
vn -0.0139 -0.8086 -0.5882
vn -0.0097 -0.8096 -0.5868
vn -0.0024 -0.8105 -0.5857
vn -0.0043 -0.8104 -0.5859
vn 0.0097 -0.8096 -0.5868
vn 0.0139 -0.8086 -0.5882
vn 0.0043 -0.8104 -0.5859
vn 0.0024 -0.8105 -0.5857
vn -0.3586 -0.5087 0.7827
vn -0.5263 -0.4634 0.7130
vn -0.1973 -0.5343 0.8220
vn -0.0959 -0.5425 0.8346
vn 0.5263 -0.4634 0.7130
vn 0.3586 -0.5087 0.7827
vn 0.0959 -0.5425 0.8346
vn 0.1973 -0.5343 0.8220
vn -0.0000 0.5450 -0.8385
vn 0.0192 -0.8072 -0.5899
vn -0.0192 -0.8072 -0.5899
vn 0.0192 0.8072 0.5899
vn -0.0192 0.8072 0.5899
vn -0.9388 -0.2784 0.2027
vn -0.7234 -0.5519 0.4148
vn -0.8523 0.4103 -0.3243
vn -0.5142 0.6778 -0.5255
vn 0.3884 0.7335 -0.5578
vn 0.7859 0.4950 -0.3705
vn 0.8085 -0.4625 0.3639
vn 0.9743 -0.1733 0.1440
vn -0.0091 0.6084 0.7936
vn 0.0091 -0.6084 -0.7936
vn -0.3636 -0.7413 0.5641
vn -0.4358 -0.7167 0.5444
vn -0.1188 -0.7887 0.6032
vn -0.0815 -0.7914 0.6058
vn 0.5459 -0.6619 0.5137
vn 0.4837 -0.6919 0.5360
vn 0.2143 -0.7740 0.5958
vn 0.2420 -0.7687 0.5921
vn -0.0648 0.7916 -0.6076
vn -0.9909 -0.1031 0.0871
vn -0.6295 -0.5141 0.5826
vn -0.8072 0.3687 -0.4611
vn -0.2249 0.6276 -0.7454
vn 0.1981 0.6385 -0.7437
vn 0.8985 0.2994 -0.3211
vn 0.6030 -0.5066 0.6162
vn 0.9791 -0.1146 0.1683
vn -0.0223 0.7615 0.6478
vn 0.0223 -0.7615 -0.6478
vn -0.3516 -0.6125 0.7079
vn -0.4949 -0.5714 0.6547
vn -0.2054 -0.6376 0.7424
vn -0.1036 -0.6463 0.7561
vn 0.4450 -0.5727 0.6884
vn 0.3303 -0.6060 0.7237
vn 0.1093 -0.6423 0.7587
vn 0.1377 -0.6395 0.7564
vn 0.0188 0.6482 -0.7612
vn -0.9858 -0.1398 0.0929
vn -0.7873 -0.4879 0.3770
vn -0.7482 0.5095 -0.4250
vn -0.3983 0.7106 -0.5800
vn 0.4304 0.7073 -0.5608
vn 0.9001 0.3480 -0.2622
vn 0.7056 -0.5451 0.4528
vn 0.9345 -0.2679 0.2343
vn -0.0155 0.6270 0.7789
vn 0.0155 -0.6270 -0.7789
vn -0.4693 -0.6924 0.5480
vn -0.5677 -0.6467 0.5093
vn -0.2713 -0.7524 0.6002
vn -0.1915 -0.7664 0.6131
vn 0.4193 -0.7031 0.5743
vn 0.3660 -0.7214 0.5880
vn 0.0987 -0.7742 0.6252
vn 0.0922 -0.7748 0.6255
vn 0.0714 0.7777 -0.6246
vn -0.8976 -0.3889 0.2076
vn -0.8616 -0.4453 0.2436
vn -0.6563 0.6321 -0.4121
vn -0.7747 0.5260 -0.3510
vn 0.6219 0.6765 -0.3944
vn 0.7515 0.5733 -0.3263
vn 0.9131 -0.3321 0.2365
vn 0.8830 -0.3852 0.2681
vn -0.0300 0.5238 0.8513
vn 0.0300 -0.5238 -0.8513
vn -0.4241 -0.7779 0.4637
vn -0.4647 -0.7613 0.4521
vn -0.1755 -0.8412 0.5115
vn -0.1185 -0.8475 0.5173
vn 0.4608 -0.7485 0.4769
vn 0.4995 -0.7299 0.4667
vn 0.2147 -0.8284 0.5173
vn 0.1587 -0.8384 0.5215
vn -0.0201 0.8512 -0.5245
vn -0.8877 -0.4456 0.1159
vn -0.7064 -0.6543 0.2699
vn -0.6825 0.5729 -0.4538
vn -0.9623 0.1308 -0.2384
vn 0.3408 0.8325 -0.4367
vn 0.8403 0.5162 -0.1656
vn 0.9807 -0.0446 0.1903
vn 0.9182 -0.2540 0.3041
vn -0.1423 0.5049 0.8514
vn 0.1423 -0.5049 -0.8514
vn -0.2171 -0.8551 0.4708
vn -0.3707 -0.8247 0.4271
vn -0.0857 -0.8632 0.4975
vn 0.1086 -0.8470 0.5204
vn 0.5466 -0.6770 0.4928
vn 0.6679 -0.5858 0.4590
vn 0.4267 -0.7448 0.5130
vn 0.2466 -0.8150 0.5245
vn -0.1771 0.8333 -0.5237
vn -0.9807 -0.1621 0.1092
vn -0.7317 -0.5292 0.4297
vn -0.7918 0.4529 -0.4098
vn -0.3935 0.6937 -0.6033
vn 0.3351 0.7217 -0.6057
vn 0.8841 0.3682 -0.2879
vn 0.7165 -0.5201 0.4648
vn 0.9606 -0.1968 0.1963
vn -0.0225 0.6488 0.7606
vn 0.0225 -0.6488 -0.7606
vn -0.4134 -0.6988 0.5838
vn -0.5273 -0.6541 0.5423
vn -0.2221 -0.7451 0.6289
vn -0.1335 -0.7560 0.6409
vn 0.4721 -0.6638 0.5801
vn 0.4040 -0.6900 0.6005
vn 0.1462 -0.7505 0.6445
vn 0.1474 -0.7504 0.6444
vn 0.0185 0.7610 -0.6485
vn -0.9729 -0.1966 0.1221
vn -0.7392 -0.5446 0.3961
vn -0.7959 0.4687 -0.3832
vn -0.3987 0.7218 -0.5657
vn 0.3364 0.7519 -0.5670
vn 0.8830 0.3846 -0.2690
vn 0.7324 -0.5295 0.4280
vn 0.9500 -0.2336 0.2073
vn -0.0101 0.6435 0.7654
vn -0.0130 0.6427 0.7660
vn -0.0200 0.6415 0.7669
vn -0.0186 0.6417 0.7668
vn -0.0331 0.6428 0.7653
vn -0.0341 0.6431 0.7650
vn -0.0259 0.6416 0.7666
vn -0.0263 0.6416 0.7666
vn 0.0341 -0.6431 -0.7650
vn 0.0331 -0.6428 -0.7653
vn 0.0262 -0.6416 -0.7666
vn 0.0259 -0.6416 -0.7666
vn 0.0130 -0.6427 -0.7660
vn 0.0101 -0.6435 -0.7654
vn 0.0186 -0.6417 -0.7668
vn 0.0200 -0.6415 -0.7669
vn -0.4261 -0.7237 0.5428
vn -0.5183 -0.6858 0.5110
vn -0.2175 -0.7774 0.5902
vn -0.1412 -0.7874 0.6001
vn 0.4611 -0.6973 0.5488
vn 0.4242 -0.7123 0.5592
vn 0.1568 -0.7813 0.6042
vn 0.1419 -0.7833 0.6053
vn 0.0173 0.7935 -0.6084
vn 0.0173 0.7934 -0.6084
vn 0.0059 -0.6447 -0.7644
vn 0.0392 -0.6446 -0.7635
vn -0.0392 0.6446 0.7635
vn -0.0059 0.6447 0.7644
vn -0.9881 -0.1110 0.1067
vn -0.6167 -0.4638 0.6361
vn -0.8452 0.2825 -0.4537
vn -0.2336 0.5478 -0.8034
vn 0.1349 0.5677 -0.8121
vn 0.8520 0.3193 -0.4148
vn 0.6707 -0.4052 0.6213
vn 0.9943 -0.0329 0.1013
vn -0.0423 0.7923 0.6087
vn -0.0382 0.7936 0.6073
vn -0.0313 0.7947 0.6062
vn -0.0334 0.7944 0.6065
vn -0.0200 0.7943 0.6072
vn -0.0166 0.7936 0.6083
vn -0.0255 0.7948 0.6063
vn -0.0266 0.7949 0.6062
vn 0.0166 -0.7936 -0.6083
vn 0.0200 -0.7943 -0.6072
vn 0.0266 -0.7949 -0.6062
vn 0.0255 -0.7948 -0.6063
vn 0.0382 -0.7936 -0.6073
vn 0.0423 -0.7923 -0.6087
vn 0.0334 -0.7944 -0.6065
vn 0.0313 -0.7947 -0.6062
vn -0.3265 -0.5465 0.7712
vn -0.4982 -0.5063 0.7039
vn -0.1703 -0.5655 0.8070
vn -0.0537 -0.5700 0.8199
vn 0.5521 -0.4607 0.6949
vn 0.3967 -0.5126 0.7615
vn 0.1457 -0.5597 0.8158
vn 0.2239 -0.5493 0.8051
vn -0.0354 0.5682 -0.8221
vn 0.0468 -0.7909 -0.6101
vn 0.0111 -0.7924 -0.6099
vn -0.0111 0.7924 0.6099
vn -0.0468 0.7909 0.6101
vn -0.9699 -0.2062 0.1295
vn -0.7708 -0.5162 0.3733
vn -0.7700 0.4950 -0.4026
vn -0.4966 0.6814 -0.5376
vn 0.4208 0.7256 -0.5444
vn 0.8680 0.4060 -0.2859
vn 0.7659 -0.4990 0.4056
vn 0.9432 -0.2496 0.2194
vn -0.0234 0.6086 0.7931
vn 0.0234 -0.6086 -0.7931
vn 0.1569 -0.7813 0.6042
vn -0.9350 -0.3102 0.1722
vn -0.5913 -0.6442 0.4852
vn -0.8645 0.3415 -0.3687
vn -0.5931 0.5879 -0.5500
vn 0.1307 0.7652 -0.6304
vn 0.8212 0.4728 -0.3195
vn 0.8317 -0.3839 0.4011
vn 0.9899 -0.0477 0.1337
vn -0.0722 0.6415 0.7637
vn 0.0722 -0.6415 -0.7637
vn -0.2354 -0.7550 0.6120
vn -0.3759 -0.7267 0.5750
vn -0.0603 -0.7671 0.6387
vn 0.0620 -0.7613 0.6454
vn 0.6101 -0.5773 0.5427
vn 0.5713 -0.6010 0.5589
vn 0.3409 -0.7037 0.6234
vn 0.3045 -0.7150 0.6294
vn -0.1596 0.7484 -0.6438
vn -0.9757 -0.1840 0.1193
vn -0.7512 -0.5247 0.4004
vn -0.7819 0.4740 -0.4049
vn -0.4459 0.6906 -0.5695
vn 0.3779 0.7265 -0.5740
vn 0.8767 0.3869 -0.2857
vn 0.7412 -0.5119 0.4343
vn 0.9522 -0.2235 0.2082
vn -0.0230 0.6271 0.7786
vn 0.0230 -0.6271 -0.7786
vn -0.4200 -0.7128 0.5617
vn -0.5227 -0.6714 0.5254
vn -0.2197 -0.7629 0.6080
vn -0.1376 -0.7733 0.6189
vn 0.4665 -0.6821 0.5632
vn 0.4147 -0.7026 0.5782
vn 0.1521 -0.7675 0.6227
vn 0.1446 -0.7685 0.6233
vn 0.0179 0.7789 -0.6269
vn -0.9089 -0.3667 0.1988
vn -0.8823 -0.4120 0.2275
vn -0.6364 0.6484 -0.4178
vn -0.7433 0.5597 -0.3663
vn 0.6598 0.6485 -0.3796
vn 0.7621 0.5612 -0.3229
vn 0.8964 -0.3651 0.2511
vn 0.8675 -0.4119 0.2790
vn -0.0251 0.5239 0.8514
vn 0.0251 -0.5239 -0.8514
vn -0.4587 -0.7627 0.4558
vn -0.4917 -0.7480 0.4458
vn -0.2050 -0.8363 0.5086
vn -0.1576 -0.8431 0.5142
vn 0.4321 -0.7623 0.4818
vn 0.4658 -0.7474 0.4737
vn 0.1760 -0.8360 0.5197
vn 0.1283 -0.8429 0.5225
vn 0.0148 0.8518 -0.5237
vn -0.8838 -0.4141 0.2175
vn -0.8353 -0.4833 0.2621
vn -0.6803 0.6112 -0.4045
vn -0.8091 0.4848 -0.3322
vn 0.5753 0.7073 -0.4108
vn 0.7391 0.5872 -0.3301
vn 0.9309 -0.2923 0.2190
vn 0.9008 -0.3519 0.2544
vn -0.0358 0.5235 0.8512
vn 0.0358 -0.5235 -0.8512
vn -0.3831 -0.7939 0.4722
vn -0.4328 -0.7759 0.4590
vn -0.1404 -0.8460 0.5144
vn -0.0723 -0.8509 0.5203
vn 0.4950 -0.7307 0.4702
vn 0.5389 -0.7072 0.4576
vn 0.2603 -0.8175 0.5137
vn 0.1949 -0.8318 0.5198
vn -0.0615 0.8490 -0.5248
vn -0.9741 -0.1879 0.1258
vn -0.7095 -0.5484 0.4426
vn -0.8114 0.4302 -0.3957
vn -0.4197 0.6832 -0.5976
vn 0.3049 0.7299 -0.6118
vn 0.8684 0.3921 -0.3037
vn 0.7375 -0.5007 0.4532
vn 0.9691 -0.1697 0.1791
vn -0.0269 0.6487 0.7605
vn 0.0269 -0.6487 -0.7605
vn -0.3848 -0.7089 0.5911
vn -0.5006 -0.6673 0.5515
vn -0.1912 -0.7501 0.6331
vn -0.1027 -0.7586 0.6434
vn 0.5001 -0.6500 0.5722
vn 0.4322 -0.6785 0.5940
vn 0.1766 -0.7458 0.6424
vn 0.1789 -0.7454 0.6422
vn -0.0129 0.7605 -0.6492
vn -0.9829 -0.1566 0.0973
vn -0.7090 -0.5674 0.4188
vn -0.8103 0.4557 -0.3684
vn -0.1864 0.7774 -0.6007
vn 0.2330 0.7742 -0.5885
vn 0.9137 0.3324 -0.2338
vn 0.6431 -0.6003 0.4755
vn 0.9484 -0.2406 0.2066
vn 0.0439 0.7432 0.6677
vn 0.0320 0.7408 0.6709
vn 0.0021 0.7376 0.6752
vn 0.0085 0.7380 0.6747
vn -0.0525 0.7437 0.6665
vn -0.0550 0.7443 0.6656
vn -0.0220 0.7384 0.6740
vn -0.0240 0.7386 0.6737
vn 0.0550 -0.7443 -0.6656
vn 0.0525 -0.7437 -0.6665
vn 0.0240 -0.7386 -0.6737
vn 0.0220 -0.7384 -0.6740
vn -0.0320 -0.7408 -0.6709
vn -0.0439 -0.7432 -0.6677
vn -0.0085 -0.7380 -0.6747
vn -0.0021 -0.7376 -0.6752
vn -0.4592 -0.7099 0.5339
vn -0.5480 -0.6698 0.5011
vn -0.2512 -0.7708 0.5855
vn -0.1778 -0.7828 0.5964
vn 0.4302 -0.7114 0.5557
vn 0.3913 -0.7257 0.5658
vn 0.1205 -0.7863 0.6060
vn 0.1078 -0.7876 0.6067
vn 0.0529 0.7929 -0.6070
vn -0.0615 -0.7464 -0.6627
vn 0.0767 -0.7496 -0.6574
vn -0.0767 0.7496 0.6574
vn 0.0615 0.7464 0.6627
vn -0.9725 -0.1971 0.1244
vn -0.7784 -0.5082 0.3685
vn -0.7632 0.5023 -0.4064
vn -0.4863 0.6867 -0.5403
vn 0.4324 0.7211 -0.5414
vn 0.8729 0.3984 -0.2817
vn 0.7586 -0.5066 0.4097
vn 0.9394 -0.2589 0.2246
vn -0.0219 0.6086 0.7932
vn 0.0219 -0.6086 -0.7932
vn -0.4367 -0.7195 0.5401
vn -0.5278 -0.6808 0.5079
vn -0.2282 -0.7754 0.5887
vn -0.1529 -0.7860 0.5990
vn 0.4513 -0.7019 0.5511
vn 0.4137 -0.7167 0.5614
vn 0.1453 -0.7830 0.6048
vn 0.1310 -0.7848 0.6058
vn 0.0287 0.7934 -0.6080
vn -0.9853 -0.1428 0.0939
vn -0.8215 -0.4588 0.3387
vn -0.7221 0.5435 -0.4280
vn -0.4242 0.7155 -0.5551
vn 0.4988 0.6917 -0.5223
vn 0.8998 0.3531 -0.2564
vn 0.7150 -0.5494 0.4324
vn 0.9154 -0.3124 0.2539
vn -0.0125 0.6083 0.7936
vn 0.0125 -0.6083 -0.7936
vn -0.4984 -0.6919 0.5224
vn -0.5830 -0.6493 0.4884
vn -0.2911 -0.7615 0.5791
vn -0.2212 -0.7757 0.5911
vn 0.3936 -0.7266 0.5631
vn 0.3523 -0.7401 0.5728
vn 0.0773 -0.7907 0.6073
vn 0.0675 -0.7914 0.6076
vn 0.0951 0.7908 -0.6046
vn -0.8244 -0.5050 0.2556
vn -0.6590 -0.6580 0.3644
vn -0.8210 0.4532 -0.3473
vn -0.9090 0.3182 -0.2690
vn 0.2989 0.8176 -0.4921
vn 0.6943 0.6316 -0.3451
vn 0.9771 -0.1390 0.1613
vn 0.9732 -0.1542 0.1706
vn -0.0638 0.5316 0.8446
vn 0.0638 -0.5316 -0.8446
vn -0.1703 -0.8397 0.5157
vn -0.2674 -0.8245 0.4987
vn 0.0358 -0.8445 0.5343
vn 0.1473 -0.8320 0.5348
vn 0.6486 -0.6211 0.4400
vn 0.6968 -0.5821 0.4191
vn 0.4580 -0.7363 0.4981
vn 0.3686 -0.7739 0.5150
vn -0.2556 0.8094 -0.5288
vn -0.9165 -0.3504 0.1929
vn -0.8366 -0.4737 0.2752
vn -0.6988 0.5898 -0.4048
vn -0.7337 0.5590 -0.3862
vn 0.5721 0.6987 -0.4296
vn 0.7840 0.5343 -0.3161
vn 0.8912 -0.3662 0.2677
vn 0.9038 -0.3444 0.2541
vn -0.0300 0.5412 0.8403
vn 0.0300 -0.5412 -0.8403
vn -0.4152 -0.7715 0.4821
vn -0.4687 -0.7502 0.4664
vn -0.1755 -0.8305 0.5286
vn -0.1132 -0.8372 0.5351
vn 0.4694 -0.7346 0.4899
vn 0.4937 -0.7230 0.4833
vn 0.2133 -0.8179 0.5344
vn 0.1644 -0.8266 0.5382
vn -0.0220 0.8402 -0.5419
vn -0.8958 -0.3898 0.2135
vn -0.8635 -0.4405 0.2456
vn 0.8826 -0.3883 0.2649
vn 0.8476 -0.4404 0.2960
vn -0.4097 -0.7823 0.4693
vn -0.4415 -0.7699 0.4608
vn -0.1809 -0.8400 0.5116
vn -0.1393 -0.8452 0.5160
vn 0.3823 -0.7819 0.4924
vn 0.4149 -0.7694 0.4857
vn 0.1518 -0.8398 0.5213
vn 0.1099 -0.8451 0.5233
vn -0.9513 -0.2703 0.1485
vn -0.6904 -0.6239 0.3661
vn -0.8313 0.4700 -0.2969
vn -0.2134 0.8347 -0.5076
vn 0.2204 0.8364 -0.5019
vn 0.8979 0.3828 -0.2173
vn 0.6742 -0.6274 0.3896
vn 0.9223 -0.3242 0.2102
vn 0.0553 0.7219 0.6898
vn 0.0479 0.7200 0.6923
vn 0.0053 0.7128 0.7014
vn 0.0102 0.7132 0.7008
vn -0.0746 0.7219 0.6880
vn -0.0718 0.7211 0.6891
vn -0.0290 0.7130 0.7006
vn -0.0325 0.7134 0.7000
vn 0.0718 -0.7211 -0.6891
vn 0.0746 -0.7219 -0.6880
vn 0.0325 -0.7134 -0.7000
vn 0.0290 -0.7130 -0.7006
vn -0.0479 -0.7200 -0.6923
vn -0.0553 -0.7219 -0.6898
vn -0.0102 -0.7132 -0.7008
vn -0.0053 -0.7128 -0.7014
vn -0.4449 -0.7696 0.4580
vn -0.4641 -0.7614 0.4527
vn -0.1956 -0.8407 0.5049
vn -0.1649 -0.8453 0.5081
vn 0.3907 -0.7852 0.4805
vn 0.4211 -0.7734 0.4738
vn 0.1436 -0.8461 0.5134
vn 0.1079 -0.8502 0.5153
vn 0.0277 0.8558 -0.5166
vn -0.0792 -0.7276 -0.6814
vn 0.1002 -0.7286 -0.6776
vn -0.1002 0.7286 0.6776
vn 0.0792 0.7276 0.6814
vn -0.9597 -0.2389 0.1479
vn -0.7423 -0.5445 0.3904
vn -0.7941 0.4677 -0.3882
vn -0.5334 0.6614 -0.5272
vn 0.3781 0.7411 -0.5548
vn 0.8494 0.4334 -0.3012
vn 0.7916 -0.4703 0.3901
vn 0.9559 -0.2148 0.2001
vn -0.0293 0.6085 0.7930
vn 0.0293 -0.6085 -0.7930
vn -0.3875 -0.7382 0.5522
vn -0.4838 -0.7029 0.5215
vn -0.1784 -0.7838 0.5949
vn -0.0987 -0.7912 0.6035
vn 0.4972 -0.6794 0.5397
vn 0.4622 -0.6952 0.5505
vn 0.1991 -0.7739 0.6012
vn 0.1818 -0.7769 0.6029
vn -0.0241 0.7927 -0.6092
vn -0.9793 -0.1703 0.1094
vn -0.8002 -0.4841 0.3540
vn -0.7431 0.5231 -0.4173
vn -0.4558 0.7014 -0.5479
vn 0.4656 0.7070 -0.5322
vn 0.8866 0.3761 -0.2692
vn 0.7372 -0.5283 0.4212
vn 0.9279 -0.2858 0.2393
vn -0.0172 0.6085 0.7934
vn 0.0172 -0.6085 -0.7934
vn -0.4674 -0.7063 0.5316
vn -0.5553 -0.6657 0.4986
vn -0.2594 -0.7690 0.5842
vn -0.1868 -0.7815 0.5953
vn 0.4226 -0.7147 0.5574
vn 0.3832 -0.7289 0.5674
vn 0.1115 -0.7873 0.6063
vn 0.0994 -0.7885 0.6070
vn 0.0617 0.7926 -0.6066
vn -0.8120 -0.5174 0.2702
vn -0.7377 -0.5942 0.3205
vn -0.7496 0.5487 -0.3702
vn -0.8926 0.3640 -0.2661
vn 0.4588 0.7710 -0.4417
vn 0.6691 0.6511 -0.3584
vn 0.9682 -0.1889 0.1643
vn 0.9328 -0.2851 0.2205
vn -0.0444 0.5163 0.8552
vn 0.0444 -0.5163 -0.8552
vn -0.2219 -0.8398 0.4955
vn -0.2829 -0.8275 0.4849
vn -0.0049 -0.8562 0.5166
vn 0.0712 -0.8523 0.5182
vn 0.5602 -0.6960 0.4492
vn 0.6109 -0.6634 0.4322
vn 0.3666 -0.7880 0.4947
vn 0.2949 -0.8112 0.5050
vn -0.1844 0.8371 -0.5150
vn -0.8865 -0.4093 0.2156
vn -0.8406 -0.4760 0.2586
vn -0.6756 0.6153 -0.4061
vn -0.8026 0.4929 -0.3359
vn 0.5845 0.7015 -0.4077
vn 0.7415 0.5846 -0.3293
vn 0.9276 -0.3001 0.2224
vn 0.8974 -0.3585 0.2571
vn -0.0347 0.5236 0.8512
vn 0.0347 -0.5236 -0.8512
vn -0.3910 -0.7910 0.4706
vn -0.4390 -0.7732 0.4577
vn -0.1472 -0.8451 0.5139
vn -0.0813 -0.8504 0.5198
vn 0.4884 -0.7343 0.4716
vn 0.5313 -0.7118 0.4595
vn 0.2515 -0.8198 0.5145
vn 0.1879 -0.8332 0.5201
vn -0.0535 0.8496 -0.5248
vn -0.9912 -0.1087 0.0749
vn -0.7754 -0.4874 0.4015
vn -0.7497 0.4971 -0.4370
vn -0.3392 0.7130 -0.6137
vn 0.3956 0.7025 -0.5916
vn 0.9129 0.3185 -0.2552
vn 0.6729 -0.5571 0.4867
vn 0.9404 -0.2503 0.2301
vn -0.0136 0.6485 0.7611
vn 0.0136 -0.6485 -0.7611
vn -0.4715 -0.6754 0.5671
vn -0.5814 -0.6243 0.5217
vn -0.2847 -0.7321 0.6188
vn -0.1961 -0.7481 0.6340
vn 0.4153 -0.6887 0.5943
vn 0.3469 -0.7108 0.6119
vn 0.0846 -0.7576 0.6472
vn 0.0838 -0.7577 0.6472
vn 0.0822 0.7593 -0.6456
vn 0.0821 0.7593 -0.6456
vn -0.8937 -0.3028 0.3312
vn -0.7860 -0.4452 0.4289
vn -0.9475 0.2954 -0.1227
vn -0.3855 0.7515 -0.5353
vn 0.6462 0.5690 -0.5086
vn 0.6612 0.5578 -0.5017
vn 0.7818 -0.5330 0.3236
vn 0.9846 -0.1730 0.0245
vn 0.0870 0.6072 0.7898
vn -0.0870 -0.6072 -0.7898
vn -0.4410 -0.6874 0.5771
vn -0.3881 -0.7095 0.5882
vn -0.0557 -0.7886 0.6124
vn -0.1812 -0.7699 0.6119
vn 0.5708 -0.6801 0.4600
vn 0.4341 -0.7367 0.5185
vn 0.1325 -0.7928 0.5949
vn 0.2934 -0.7732 0.5622
vn -0.0525 0.7945 -0.6050
vn -0.9783 -0.1691 0.1198
vn -0.6747 -0.5505 0.4917
vn -0.8300 0.3886 -0.4000
vn -0.3583 0.6720 -0.6481
vn 0.2346 0.7120 -0.6619
vn 0.8686 0.3776 -0.3209
vn 0.7172 -0.4923 0.4933
vn 0.9812 -0.1188 0.1518
vn -0.0295 0.6858 0.7272
vn 0.0295 -0.6858 -0.7272
vn -0.3646 -0.6848 0.6310
vn -0.4983 -0.6408 0.5841
vn -0.1821 -0.7191 0.6707
vn -0.0835 -0.7267 0.6819
vn 0.5233 -0.6093 0.5958
vn 0.4297 -0.6482 0.6287
vn 0.1795 -0.7121 0.6788
vn 0.1985 -0.7090 0.6766
vn -0.0255 0.7268 -0.6864
vn -0.9865 -0.1337 0.0943
vn -0.7057 -0.5267 0.4739
vn -0.8015 0.4219 -0.4237
vn -0.3250 0.6828 -0.6543
vn 0.2738 0.7041 -0.6552
vn 0.8925 0.3421 -0.2939
vn 0.6874 -0.5172 0.5099
vn 0.9715 -0.1560 0.1784
vn -0.0234 0.6859 0.7273
vn 0.0234 -0.6859 -0.7273
vn -0.4032 -0.6722 0.6209
vn -0.5353 -0.6231 0.5703
vn -0.2256 -0.7124 0.6645
vn -0.1239 -0.7239 0.6787
vn 0.4845 -0.6286 0.6084
vn 0.3920 -0.6630 0.6378
vn 0.1404 -0.7181 0.6817
vn 0.1541 -0.7164 0.6805
vn 0.0173 0.7277 -0.6857
vn -0.9933 -0.0982 -0.0604
vn -0.0760 0.8493 0.5224
vn -0.6361 0.6572 0.4043
vn -0.6263 -0.6640 -0.4085
vn 0.0760 0.8493 0.5224
vn 0.9933 -0.0982 -0.0604
vn 0.6263 -0.6640 -0.4085
vn 0.6361 0.6572 0.4043
vn -0.0000 0.5239 -0.8518
vn -0.0000 -0.5239 0.8518
vn -0.3513 -0.7975 -0.4905
vn -0.0606 -0.8502 -0.5230
vn -0.1976 -0.8350 -0.5136
vn -0.5482 -0.7124 -0.4382
vn 0.5482 -0.7124 -0.4382
vn 0.1976 -0.8350 -0.5136
vn 0.0606 -0.8502 -0.5230
vn 0.3513 -0.7975 -0.4905
vn -0.0000 0.8518 0.5239
vn -0.9901 0.1259 0.0622
vn -0.0129 0.8604 0.5095
vn -0.2850 0.8262 0.4859
vn -0.7924 -0.5205 -0.3182
vn 0.2771 0.8251 0.4923
vn 0.9266 -0.3285 -0.1831
vn 0.4275 -0.7801 -0.4568
vn 0.9924 0.1001 0.0717
vn 0.0107 0.5096 -0.8603
vn -0.0107 -0.5096 0.8603
vn -0.5536 -0.7134 -0.4295
vn -0.2547 -0.8306 -0.4952
vn -0.4777 -0.7532 -0.4522
vn -0.7321 -0.5820 -0.3539
vn 0.3140 -0.8186 -0.4810
vn -0.0663 -0.8581 -0.5092
vn -0.0197 -0.8601 -0.5098
vn 0.1404 -0.8526 -0.5033
vn 0.2271 0.8366 0.4985
vn -0.9807 -0.1716 -0.0939
vn -0.1296 0.8441 0.5203
vn -0.8150 0.4894 0.3104
vn -0.5684 -0.7039 -0.4259
vn 0.0403 0.8515 0.5229
vn 0.9993 -0.0247 -0.0269
vn 0.6831 -0.6186 -0.3882
vn 0.4744 0.7525 0.4569
vn -0.0100 0.5236 -0.8519
vn 0.0100 -0.5236 0.8519
vn -0.2859 -0.8179 -0.4993
vn -0.0235 -0.8518 -0.5233
vn -0.1086 -0.8475 -0.5196
vn -0.4834 -0.7483 -0.4543
vn 0.6109 -0.6712 -0.4197
vn 0.2933 -0.8129 -0.5031
vn 0.1134 -0.8459 -0.5212
vn 0.4173 -0.7720 -0.4794
vn -0.0713 0.8494 0.5229
vn -0.9978 -0.0431 -0.0510
vn -0.0358 0.7610 0.6478
vn -0.3220 0.7230 0.6113
vn -0.6956 -0.5420 -0.4716
vn 0.1320 0.7536 0.6439
vn 0.9693 -0.1939 -0.1513
vn 0.5691 -0.6299 -0.5285
vn 0.7189 0.5241 0.4567
vn 0.0109 0.6484 -0.7612
vn -0.0109 -0.6484 0.7612
vn -0.4233 -0.6867 -0.5910
vn -0.1164 -0.7552 -0.6450
vn -0.2858 -0.7275 -0.6238
vn -0.6042 -0.6023 -0.5217
vn 0.4639 -0.6776 -0.5706
vn 0.0896 -0.7588 -0.6451
vn 0.0204 -0.7612 -0.6482
vn 0.2793 -0.7329 -0.6204
vn 0.0773 0.7584 0.6472
vn -0.9989 -0.0298 -0.0370
vn -0.0353 0.7935 0.6076
vn -0.3673 0.7408 0.5625
vn -0.6940 -0.5666 -0.4441
vn 0.1351 0.7855 0.6039
vn 0.9731 -0.1895 -0.1314
vn 0.5636 -0.6595 -0.4974
vn 0.7723 0.4989 0.3933
vn 0.0113 0.6082 -0.7937
vn -0.0113 -0.6082 0.7937
vn -0.4255 -0.7154 -0.5543
vn -0.1193 -0.7872 -0.6050
vn -0.2965 -0.7560 -0.5836
vn -0.6118 -0.6236 -0.4866
vn 0.4670 -0.7051 -0.5337
vn 0.0912 -0.7910 -0.6049
vn 0.0194 -0.7937 -0.6080
vn 0.2766 -0.7647 -0.5821
vn 0.0803 0.7906 0.6070
vn -0.9904 -0.1097 -0.0842
vn -0.0730 0.7913 0.6070
vn -0.5457 0.6649 0.5100
vn -0.6295 -0.6165 -0.4729
vn 0.0730 0.7913 0.6070
vn 0.9904 -0.1097 -0.0842
vn 0.6295 -0.6165 -0.4729
vn 0.5457 0.6649 0.5100
vn -0.0000 0.6086 -0.7934
vn -0.0000 -0.6086 0.7934
vn -0.3507 -0.7431 -0.5700
vn -0.0587 -0.7921 -0.6076
vn -0.1884 -0.7792 -0.5977
vn -0.5407 -0.6674 -0.5120
vn 0.5407 -0.6674 -0.5120
vn 0.1884 -0.7792 -0.5977
vn 0.0587 -0.7921 -0.6076
vn 0.3507 -0.7431 -0.5700
vn -0.0000 0.7934 0.6086
vn -0.9812 0.1916 0.0234
vn 0.0237 0.8552 0.5178
vn -0.2359 0.8418 0.4854
vn -0.7813 -0.4994 -0.3744
vn 0.3202 0.7977 0.5110
vn 0.8894 -0.4236 -0.1719
vn 0.3268 -0.8226 -0.4653
vn 0.9944 0.0174 0.1039
vn 0.0801 0.5147 -0.8536
vn -0.0801 -0.5147 0.8536
vn -0.5566 -0.6873 -0.4667
vn -0.2960 -0.8055 -0.5134
vn -0.4908 -0.7250 -0.4832
vn -0.7202 -0.5622 -0.4066
vn 0.2018 -0.8470 -0.4917
vn -0.1378 -0.8424 -0.5209
vn -0.0685 -0.8515 -0.5198
vn 0.0611 -0.8573 -0.5112
vn 0.2709 0.8129 0.5156
vn -0.9973 -0.0587 -0.0445
vn -0.0530 0.8399 0.5402
vn -0.5206 0.7195 0.4596
vn -0.6590 -0.6304 -0.4102
vn 0.1038 0.8360 0.5388
vn 0.9864 -0.1413 -0.0843
vn 0.5939 -0.6783 -0.4326
vn 0.7281 0.5741 0.3745
vn 0.0057 0.5412 -0.8409
vn -0.0057 -0.5412 0.8409
vn -0.3884 -0.7737 -0.5006
vn -0.0883 -0.8373 -0.5395
vn -0.2504 -0.8133 -0.5252
vn -0.5828 -0.6815 -0.4426
vn 0.5105 -0.7246 -0.4629
vn 0.1444 -0.8325 -0.5349
vn 0.0373 -0.8404 -0.5407
vn 0.3139 -0.7993 -0.5124
vn 0.0403 0.8401 0.5410
vn -0.9922 -0.0904 -0.0856
vn -0.0473 0.7604 0.6477
vn -0.3769 0.7065 0.5989
vn -0.6147 -0.5977 -0.5147
vn 0.1061 0.7563 0.6455
vn 0.9711 -0.1858 -0.1499
vn 0.5331 -0.6462 -0.5461
vn 0.6297 0.5885 0.5071
vn 0.0066 0.6487 -0.7610
vn -0.0066 -0.6487 0.7610
vn -0.3510 -0.7112 -0.6092
vn -0.0894 -0.7576 -0.6465
vn -0.2215 -0.7412 -0.6337
vn -0.5192 -0.6482 -0.5570
vn 0.4299 -0.6890 -0.5835
vn 0.1035 -0.7574 -0.6447
vn 0.0302 -0.7608 -0.6482
vn 0.2627 -0.7355 -0.6246
vn 0.0469 0.7600 0.6482
vn -0.9823 -0.1521 -0.1093
vn -0.1035 0.7889 0.6058
vn -0.6693 0.5871 0.4553
vn -0.5946 -0.6402 -0.4864
vn 0.0500 0.7927 0.6075
vn 0.9960 -0.0673 -0.0591
vn 0.6640 -0.5909 -0.4582
vn 0.4392 0.7145 0.5446
vn -0.0060 0.6085 -0.7935
vn 0.0060 -0.6085 0.7935
vn -0.3112 -0.7553 -0.5768
vn -0.0351 -0.7932 -0.6080
vn -0.1345 -0.7868 -0.6024
vn -0.5019 -0.6882 -0.5239
vn 0.5788 -0.6450 -0.4990
vn 0.2459 -0.7683 -0.5910
vn 0.0887 -0.7901 -0.6066
vn 0.3903 -0.7291 -0.5621
vn -0.0427 0.7926 0.6082
vn -0.9974 -0.0523 -0.0503
vn -0.0436 0.7930 0.6076
vn -0.4082 0.7265 0.5528
vn -0.6760 -0.5814 -0.4527
vn 0.1156 0.7877 0.6051
vn 0.9789 -0.1670 -0.1181
vn 0.5823 -0.6480 -0.4909
vn 0.7121 0.5536 0.4317
vn 0.0081 0.6084 -0.7936
vn -0.0081 -0.6084 0.7936
vn -0.4043 -0.7238 -0.5591
vn -0.1005 -0.7891 -0.6060
vn -0.2662 -0.7636 -0.5882
vn -0.5920 -0.6367 -0.4942
vn 0.4881 -0.6950 -0.5279
vn 0.1168 -0.7887 -0.6035
vn 0.0284 -0.7934 -0.6080
vn 0.2974 -0.7592 -0.5790
vn 0.0576 0.7920 0.6078
vn -0.9998 0.0127 -0.0120
vn -0.0234 0.7941 0.6073
vn -0.3058 0.7592 0.5745
vn -0.7274 -0.5371 -0.4270
vn 0.1743 0.7801 0.6009
vn 0.9601 -0.2316 -0.1564
vn 0.5282 -0.6798 -0.5088
vn 0.8643 0.3902 0.3175
vn 0.0173 0.6077 -0.7940
vn -0.0173 -0.6077 0.7940
vn -0.4653 -0.6980 -0.5444
vn -0.1571 -0.7826 -0.6024
vn -0.3515 -0.7397 -0.5738
vn -0.6485 -0.5976 -0.4715
vn 0.4264 -0.7227 -0.5439
vn 0.0461 -0.7937 -0.6065
vn 0.0055 -0.7941 -0.6077
vn 0.2378 -0.7738 -0.5871
vn 0.1229 0.7868 0.6049
vn -0.9995 0.0274 -0.0157
vn -0.0165 0.7647 0.6442
vn -0.2417 0.7464 0.6200
vn -0.7427 -0.4974 -0.4483
vn 0.1943 0.7462 0.6368
vn 0.9463 -0.2643 -0.1861
vn 0.5084 -0.6679 -0.5435
vn 0.8672 0.3636 0.3403
vn 0.0297 0.6444 -0.7641
vn -0.0297 -0.6444 0.7641
vn -0.4816 -0.6607 -0.5758
vn -0.1760 -0.7492 -0.6386
vn -0.3679 -0.7038 -0.6078
vn -0.6573 -0.5634 -0.5006
vn 0.3958 -0.7096 -0.5830
vn 0.0217 -0.7647 -0.6440
vn -0.0025 -0.7644 -0.6447
vn 0.2151 -0.7507 -0.6247
vn 0.1433 0.7538 0.6412
vn -0.9955 -0.0700 -0.0643
vn -0.0489 0.7782 0.6261
vn -0.4124 0.7113 0.5693
vn -0.6666 -0.5780 -0.4706
vn 0.1041 0.7743 0.6241
vn 0.9805 -0.1569 -0.1185
vn 0.5948 -0.6285 -0.5012
vn 0.6508 0.5889 0.4792
vn 0.0062 0.6270 -0.7790
vn -0.0062 -0.6270 0.7790
vn -0.3918 -0.7152 -0.5788
vn -0.0894 -0.7755 -0.6250
vn -0.2449 -0.7543 -0.6091
vn -0.5778 -0.6335 -0.5145
vn 0.4982 -0.6773 -0.5413
vn 0.1303 -0.7729 -0.6211
vn 0.0343 -0.7787 -0.6265
vn 0.3099 -0.7418 -0.5947
vn 0.0440 0.7781 0.6266
vn -0.9649 -0.2326 -0.1219
vn -0.1830 0.8362 0.5169
vn -0.9173 0.3302 0.2223
vn -0.5199 -0.7331 -0.4385
vn 0.0220 0.8524 0.5224
vn 0.9993 0.0364 0.0008
vn 0.7292 -0.5761 -0.3691
vn 0.3807 0.7918 0.4776
vn -0.0184 0.5228 -0.8522
vn 0.0184 -0.5228 0.8522
vn -0.2323 -0.8313 -0.5050
vn -0.0024 -0.8524 -0.5229
vn -0.0424 -0.8520 -0.5218
vn -0.4274 -0.7747 -0.4660
vn 0.6616 -0.6328 -0.4024
vn 0.3692 -0.7886 -0.4917
vn 0.1651 -0.8391 -0.5183
vn 0.4723 -0.7467 -0.4683
vn -0.1306 0.8438 0.5205
vn -0.9878 -0.1187 -0.1012
vn -0.0721 0.7590 0.6471
vn -0.4901 0.6633 0.5655
vn -0.6330 -0.5891 -0.5022
vn 0.0721 0.7590 0.6471
vn 0.9878 -0.1187 -0.1012
vn 0.6330 -0.5891 -0.5022
vn 0.4901 0.6633 0.5655
vn -0.0000 0.6488 -0.7610
vn -0.0000 -0.6488 0.7610
vn -0.3510 -0.7125 -0.6075
vn -0.0580 -0.7597 -0.6477
vn -0.1816 -0.7483 -0.6380
vn -0.5353 -0.6428 -0.5480
vn 0.5353 -0.6428 -0.5480
vn 0.1816 -0.7483 -0.6380
vn 0.0580 -0.7597 -0.6477
vn 0.3510 -0.7125 -0.6075
vn -0.0000 0.7610 0.6488
vn -0.9646 -0.1716 -0.2004
vn -0.0725 0.6486 0.7576
vn -0.2843 0.6235 0.7283
vn -0.6680 -0.4840 -0.5653
vn 0.0725 0.6486 0.7576
vn 0.9646 -0.1716 -0.2004
vn 0.6680 -0.4840 -0.5653
vn 0.2843 0.6235 0.7283
vn -0.0000 0.7596 -0.6503
vn -0.0000 -0.7596 0.6503
vn -0.3628 -0.6060 -0.7079
vn -0.0584 -0.6492 -0.7584
vn -0.1451 -0.6435 -0.7516
vn -0.5081 -0.5601 -0.6543
vn 0.5081 -0.5601 -0.6543
vn 0.1451 -0.6435 -0.7516
vn 0.0584 -0.6492 -0.7584
vn 0.3628 -0.6060 -0.7079
vn -0.0000 0.6503 0.7596
vn -0.9893 -0.1135 -0.0914
vn -0.0726 0.7769 0.6255
vn -0.5212 0.6647 0.5352
vn -0.6309 -0.6043 -0.4866
vn 0.0726 0.7769 0.6255
vn 0.9893 -0.1135 -0.0914
vn 0.6309 -0.6043 -0.4866
vn 0.5212 0.6647 0.5352
vn -0.0000 0.6271 -0.7789
vn -0.0000 -0.6271 0.7789
vn -0.3507 -0.7294 -0.5873
vn -0.0583 -0.7776 -0.6261
vn -0.1855 -0.7654 -0.6163
vn -0.5384 -0.6564 -0.5285
vn 0.5384 -0.6564 -0.5285
vn 0.1855 -0.7654 -0.6163
vn 0.0583 -0.7776 -0.6261
vn 0.3507 -0.7294 -0.5873
vn -0.0000 0.7789 0.6271
vn -0.9976 -0.0435 -0.0547
vn -0.0303 0.7613 0.6477
vn -0.2946 0.7302 0.6165
vn -0.6477 -0.5744 -0.5005
vn 0.1487 0.7516 0.6426
vn 0.9527 -0.2396 -0.1872
vn 0.4802 -0.6720 -0.5637
vn 0.7675 0.4813 0.4234
vn 0.0134 0.6482 -0.7613
vn -0.0134 -0.6482 0.7613
vn -0.3907 -0.6974 -0.6008
vn -0.1302 -0.7538 -0.6441
vn -0.2806 -0.7283 -0.6251
vn -0.5554 -0.6283 -0.5448
vn 0.3716 -0.7101 -0.5981
vn 0.0469 -0.7610 -0.6471
vn 0.0101 -0.7614 -0.6482
vn 0.2109 -0.7461 -0.6316
vn 0.0956 0.7571 0.6463
vn -0.9678 -0.2077 -0.1422
vn -0.1517 0.7834 0.6027
vn -0.8158 0.4522 0.3606
vn -0.5483 -0.6685 -0.5025
vn 0.0297 0.7938 0.6075
vn 0.9996 -0.0114 -0.0262
vn 0.7086 -0.5541 -0.4369
vn 0.3385 0.7498 0.5685
vn -0.0139 0.6080 -0.7938
vn 0.0139 -0.6080 0.7938
vn -0.2597 -0.7688 -0.5844
vn -0.0130 -0.7939 -0.6079
vn -0.0713 -0.7924 -0.6058
vn -0.4496 -0.7129 -0.5382
vn 0.6278 -0.6126 -0.4802
vn 0.3207 -0.7492 -0.5795
vn 0.1354 -0.7854 -0.6040
vn 0.4427 -0.7081 -0.5501
vn -0.0987 0.7892 0.6062
vn -0.8540 -0.2835 -0.4362
vn -0.0931 0.5426 0.8348
vn -0.1225 0.5409 0.8321
vn -0.7779 -0.3425 -0.5269
vn 0.0931 0.5426 0.8348
vn 0.8540 -0.2835 -0.4362
vn 0.7779 -0.3425 -0.5269
vn 0.1225 0.5409 0.8321
vn -0.0139 0.8086 -0.5882
vn -0.0042 0.8104 -0.5859
vn -0.0014 0.8106 -0.5856
vn -0.0090 0.8098 -0.5866
vn 0.0090 0.8098 -0.5866
vn 0.0014 0.8106 -0.5856
vn 0.0042 0.8104 -0.5859
vn 0.0139 0.8086 -0.5882
vn -0.0139 -0.8086 0.5882
vn -0.0042 -0.8104 0.5859
vn -0.0014 -0.8106 0.5856
vn -0.0090 -0.8098 0.5866
vn 0.0090 -0.8098 0.5866
vn 0.0014 -0.8106 0.5856
vn 0.0042 -0.8104 0.5859
vn 0.0139 -0.8086 0.5882
vn -0.4012 -0.4992 -0.7680
vn -0.0705 -0.5436 -0.8364
vn -0.0868 -0.5429 -0.8353
vn -0.4347 -0.4908 -0.7551
vn 0.4347 -0.4908 -0.7551
vn 0.0868 -0.5429 -0.8353
vn 0.0705 -0.5436 -0.8364
vn 0.4012 -0.4992 -0.7680
vn -0.0000 0.5450 0.8385
vn 0.0192 -0.8072 0.5899
vn -0.0192 -0.8072 0.5899
vn 0.0192 0.8072 -0.5899
vn -0.0192 0.8072 -0.5899
vn -0.9771 -0.1741 -0.1223
vn -0.1216 0.7871 0.6048
vn -0.7318 0.5368 0.4199
vn -0.5764 -0.6517 -0.4930
vn 0.0408 0.7932 0.6076
vn 0.9979 -0.0452 -0.0461
vn 0.6817 -0.5768 -0.4500
vn 0.3946 0.7314 0.5562
vn -0.0091 0.6084 -0.7936
vn 0.0091 -0.6084 0.7936
vn -0.2908 -0.7609 -0.5800
vn -0.0254 -0.7935 -0.6080
vn -0.1086 -0.7895 -0.6040
vn -0.4815 -0.6982 -0.5298
vn 0.5983 -0.6326 -0.4918
vn 0.2758 -0.7613 -0.5868
vn 0.1063 -0.7885 -0.6057
vn 0.4110 -0.7212 -0.5576
vn -0.0648 0.7916 0.6076
vn -0.9608 -0.1955 -0.1967
vn -0.0630 0.6456 0.7610
vn -0.2384 0.6253 0.7431
vn -0.6367 -0.5104 -0.5780
vn 0.0849 0.6471 0.7577
vn 0.9446 -0.1963 -0.2632
vn 0.6023 -0.5070 -0.6166
vn 0.3298 0.6173 0.7143
vn -0.0223 0.7615 -0.6478
vn 0.0223 -0.7615 0.6478
vn -0.3420 -0.6147 -0.7108
vn -0.0685 -0.6476 -0.7589
vn -0.1569 -0.6426 -0.7499
vn -0.4760 -0.5779 -0.6629
vn 0.4387 -0.5748 -0.6907
vn 0.1111 -0.6421 -0.7585
vn 0.0470 -0.6465 -0.7615
vn 0.3056 -0.6118 -0.7296
vn 0.0188 0.6482 0.7612
vn -0.9979 -0.0581 -0.0269
vn -0.0444 0.7778 0.6270
vn -0.3522 0.7256 0.5911
vn -0.6884 -0.5717 -0.4464
vn 0.1259 0.7740 0.6205
vn 0.9730 -0.1698 -0.1561
vn 0.5712 -0.6338 -0.5216
vn 0.7482 0.5240 0.4069
vn -0.0155 0.6270 -0.7789
vn 0.0155 -0.6270 0.7789
vn -0.4169 -0.7121 -0.5649
vn -0.1102 -0.7753 -0.6219
vn -0.2850 -0.7494 -0.5976
vn -0.6018 -0.6280 -0.4935
vn 0.4713 -0.6824 -0.5587
vn 0.0975 -0.7743 -0.6252
vn 0.0286 -0.7784 -0.6271
vn 0.2844 -0.7440 -0.6046
vn 0.0714 0.7777 0.6246
vn -0.9903 -0.1314 -0.0459
vn -0.0941 0.8464 0.5242
vn -0.6606 0.6288 0.4102
vn -0.6103 -0.6841 -0.3994
vn 0.0578 0.8512 0.5217
vn 0.9951 -0.0648 -0.0750
vn 0.6420 -0.6427 -0.4181
vn 0.6101 0.6842 0.3995
vn -0.0300 0.5238 -0.8513
vn 0.0300 -0.5238 0.8513
vn -0.3325 -0.8084 -0.4857
vn -0.0424 -0.8516 -0.5225
vn -0.1761 -0.8411 -0.5114
vn -0.5310 -0.7299 -0.4304
vn 0.5652 -0.6935 -0.4467
vn 0.2191 -0.8275 -0.5169
vn 0.0787 -0.8478 -0.5245
vn 0.3701 -0.7853 -0.4963
vn -0.0201 0.8512 0.5245
vn -0.9425 -0.3320 -0.0393
vn -0.2300 0.8197 0.5245
vn -0.9145 0.2620 0.3082
vn -0.4683 -0.7921 -0.3914
vn -0.0393 0.8566 0.5145
vn 0.9867 0.1404 -0.0817
vn 0.7503 -0.5060 -0.4255
vn 0.3495 0.8304 0.4340
vn -0.1423 0.5049 -0.8514
vn 0.1423 -0.5049 0.8514
vn -0.1788 -0.8591 -0.4795
vn 0.0581 -0.8544 -0.5163
vn 0.0055 -0.8597 -0.5107
vn -0.3768 -0.8230 -0.4251
vn 0.6867 -0.5692 -0.4523
vn 0.4036 -0.7558 -0.5156
vn 0.2128 -0.8244 -0.5244
vn 0.5069 -0.7016 -0.5008
vn -0.1771 0.8333 0.5237
vn -0.9908 -0.1158 -0.0694
vn -0.0651 0.7583 0.6487
vn -0.4276 0.6815 0.5939
vn -0.6483 -0.5886 -0.4829
vn 0.0821 0.7595 0.6454
vn 0.9836 -0.1220 -0.1332
vn 0.6173 -0.5895 -0.5211
vn 0.5617 0.6376 0.5272
vn -0.0225 0.6488 -0.7606
vn 0.0225 -0.6488 0.7606
vn -0.3681 -0.7128 -0.5971
vn -0.0678 -0.7601 -0.6463
vn -0.2093 -0.7470 -0.6310
vn -0.5523 -0.6423 -0.5315
vn 0.5176 -0.6434 -0.5641
vn 0.1555 -0.7493 -0.6437
vn 0.0509 -0.7591 -0.6490
vn 0.3337 -0.7123 -0.6175
vn 0.0185 0.7610 0.6485
vn -0.9924 -0.1099 -0.0550
vn -0.0660 0.7906 0.6087
vn -0.4837 0.6874 0.5418
vn -0.6428 -0.6168 -0.4543
vn 0.0804 0.7919 0.6053
vn 0.9875 -0.1096 -0.1133
vn 0.6141 -0.6172 -0.4918
vn 0.6165 0.6333 0.4678
vn -0.0099 0.6436 -0.7653
vn -0.0185 0.6417 -0.7667
vn -0.0217 0.6413 -0.7670
vn -0.0148 0.6422 -0.7664
vn -0.0306 0.6421 -0.7660
vn -0.0242 0.6414 -0.7669
vn -0.0259 0.6415 -0.7666
vn -0.0340 0.6431 -0.7650
vn 0.0340 -0.6431 0.7650
vn 0.0259 -0.6415 0.7666
vn 0.0242 -0.6414 0.7669
vn 0.0306 -0.6421 0.7660
vn 0.0148 -0.6422 0.7664
vn 0.0217 -0.6413 0.7670
vn 0.0185 -0.6417 0.7667
vn 0.0099 -0.6436 0.7653
vn -0.3665 -0.7433 -0.5596
vn -0.0671 -0.7925 -0.6062
vn -0.2154 -0.7778 -0.5905
vn -0.5566 -0.6669 -0.4954
vn 0.5241 -0.6681 -0.5282
vn 0.1628 -0.7804 -0.6037
vn 0.0530 -0.7915 -0.6089
vn 0.3346 -0.7428 -0.5799
vn 0.0173 0.7934 0.6084
vn 0.0059 -0.6447 0.7644
vn 0.0392 -0.6446 0.7635
vn -0.0393 0.6446 -0.7635
vn -0.0059 0.6447 -0.7644
vn -0.8731 -0.2994 -0.3848
vn -0.1154 0.5627 0.8185
vn -0.2051 0.5521 0.8081
vn -0.7098 -0.4190 -0.5663
vn 0.0598 0.5700 0.8195
vn 0.9126 -0.2091 -0.3514
vn 0.7667 -0.3459 -0.5408
vn 0.1094 0.5688 0.8152
vn -0.0410 0.7927 -0.6082
vn -0.0324 0.7946 -0.6063
vn -0.0309 0.7948 -0.6061
vn -0.0376 0.7937 -0.6071
vn -0.0208 0.7945 -0.6070
vn -0.0282 0.7950 -0.6060
vn -0.0245 0.7947 -0.6064
vn -0.0152 0.7933 -0.6087
vn 0.0152 -0.7933 0.6087
vn 0.0245 -0.7947 0.6064
vn 0.0282 -0.7949 0.6060
vn 0.0208 -0.7945 0.6070
vn 0.0376 -0.7937 0.6071
vn 0.0309 -0.7948 0.6061
vn 0.0324 -0.7946 0.6063
vn 0.0410 -0.7927 0.6082
vn -0.3516 -0.5420 -0.7633
vn -0.0421 -0.5700 -0.8206
vn -0.0679 -0.5699 -0.8189
vn -0.4207 -0.5272 -0.7383
vn 0.4895 -0.4841 -0.7253
vn 0.1383 -0.5605 -0.8165
vn 0.0937 -0.5646 -0.8200
vn 0.4207 -0.5059 -0.7531
vn -0.0354 0.5682 0.8221
vn 0.0468 -0.7909 0.6101
vn 0.0111 -0.7924 0.6099
vn -0.0111 0.7924 -0.6099
vn -0.0468 0.7909 -0.6101
vn -0.9929 -0.1070 -0.0528
vn -0.0676 0.7905 0.6087
vn -0.4820 0.6882 0.5423
vn -0.6437 -0.6162 -0.4538
vn 0.0816 0.7918 0.6053
vn 0.9868 -0.1129 -0.1158
vn 0.6148 -0.6168 -0.4915
vn 0.6170 0.6330 0.4675
vn -0.0234 0.6086 -0.7931
vn 0.0234 -0.6086 0.7931
vn 0.0530 -0.7914 -0.6089
vn -0.9386 -0.3027 -0.1655
vn -0.2103 0.7387 0.6404
vn -0.8775 0.3231 0.3544
vn -0.4921 -0.6889 -0.5322
vn 0.0019 0.7658 0.6431
vn 0.9970 0.0681 -0.0371
vn 0.7519 -0.4680 -0.4643
vn 0.2261 0.7563 0.6139
vn -0.0722 0.6415 -0.7637
vn 0.0722 -0.6415 0.7637
vn -0.1980 -0.7597 -0.6194
vn 0.0173 -0.7648 -0.6441
vn -0.0050 -0.7659 -0.6429
vn -0.3788 -0.7259 -0.5740
vn 0.6682 -0.5373 -0.5146
vn 0.3832 -0.6891 -0.6151
vn 0.1920 -0.7424 -0.6418
vn 0.4949 -0.6417 -0.5859
vn -0.1596 0.7484 0.6438
vn -0.9921 -0.1107 -0.0598
vn -0.0664 0.7761 0.6271
vn -0.4579 0.6857 0.5659
vn -0.6456 -0.6039 -0.4674
vn 0.0818 0.7773 0.6237
vn 0.9855 -0.1167 -0.1231
vn 0.6157 -0.6047 -0.5053
vn 0.5929 0.6356 0.4944
vn -0.0230 0.6271 -0.7786
vn 0.0230 -0.6271 0.7786
vn -0.3672 -0.7297 -0.5769
vn -0.0674 -0.7780 -0.6247
vn -0.2128 -0.7640 -0.6091
vn -0.5548 -0.6559 -0.5119
vn 0.5213 -0.6570 -0.5446
vn 0.1597 -0.7665 -0.6221
vn 0.0520 -0.7770 -0.6274
vn 0.3341 -0.7292 -0.5972
vn 0.0179 0.7789 0.6269
vn -0.9950 -0.0956 -0.0295
vn -0.0737 0.8484 0.5242
vn -0.5740 0.6897 0.4414
vn -0.6383 -0.6638 -0.3897
vn 0.0815 0.8499 0.5206
vn 0.9907 -0.1011 -0.0914
vn 0.6137 -0.6642 -0.4268
vn 0.7029 0.6148 0.3576
vn -0.0251 0.5239 -0.8514
vn 0.0251 -0.5239 0.8514
vn -0.3646 -0.7978 -0.4802
vn -0.0660 -0.8507 -0.5215
vn -0.2228 -0.8332 -0.5061
vn -0.5620 -0.7118 -0.4214
vn 0.5337 -0.7131 -0.4546
vn 0.1736 -0.8364 -0.5198
vn 0.0580 -0.8495 -0.5244
vn 0.3378 -0.7971 -0.5005
vn 0.0148 0.8518 0.5237
vn -0.9826 -0.1737 -0.0654
vn -0.1241 0.8429 0.5236
vn -0.7665 0.5321 0.3595
vn -0.5769 -0.7064 -0.4102
vn 0.0357 0.8519 0.5224
vn 0.9982 -0.0219 -0.0555
vn 0.6751 -0.6153 -0.4069
vn 0.5105 0.7419 0.4348
vn -0.0358 0.5235 -0.8512
vn 0.0358 -0.5235 0.8512
vn -0.2947 -0.8195 -0.4916
vn -0.0197 -0.8520 -0.5232
vn -0.1236 -0.8476 -0.5161
vn -0.4937 -0.7499 -0.4404
vn 0.6019 -0.6687 -0.4366
vn 0.2749 -0.8138 -0.5121
vn 0.1084 -0.8447 -0.5241
vn 0.4085 -0.7697 -0.4906
vn -0.0615 0.8490 0.5248
vn -0.9852 -0.1462 -0.0898
vn -0.0834 0.7567 0.6484
vn -0.5091 0.6459 0.5689
vn -0.6228 -0.6060 -0.4948
vn 0.0608 0.7605 0.6465
vn 0.9894 -0.0911 -0.1128
vn 0.6432 -0.5711 -0.5099
vn 0.4702 0.6796 0.5631
vn -0.0269 0.6487 -0.7605
vn 0.0269 -0.6487 0.7605
vn -0.3390 -0.7217 -0.6036
vn -0.0468 -0.7608 -0.6473
vn -0.1676 -0.7530 -0.6363
vn -0.5242 -0.6570 -0.5419
vn 0.5464 -0.6275 -0.5546
vn 0.1956 -0.7427 -0.6404
vn 0.0693 -0.7578 -0.6488
vn 0.3631 -0.7025 -0.6121
vn -0.0129 0.7605 0.6492
vn -0.9961 -0.0798 -0.0380
vn -0.0440 0.7922 0.6087
vn -0.4115 0.7185 0.5607
vn -0.6685 -0.5975 -0.4428
vn 0.1056 0.7902 0.6037
vn 0.9817 -0.1393 -0.1297
vn 0.5825 -0.6383 -0.5032
vn 0.7190 0.5594 0.4124
vn 0.0478 0.7439 -0.6666
vn 0.0113 0.7382 -0.6745
vn -0.0054 0.7371 -0.6758
vn 0.0239 0.7392 -0.6731
vn -0.0416 0.7408 -0.6704
vn -0.0168 0.7378 -0.6748
vn -0.0195 0.7381 -0.6744
vn -0.0523 0.7436 -0.6665
vn 0.0523 -0.7436 0.6665
vn 0.0195 -0.7381 0.6744
vn 0.0168 -0.7378 0.6748
vn 0.0416 -0.7408 0.6704
vn -0.0239 -0.7392 0.6731
vn 0.0054 -0.7371 0.6758
vn -0.0113 -0.7382 0.6745
vn -0.0478 -0.7439 0.6666
vn -0.3995 -0.7318 -0.5521
vn -0.0947 -0.7909 -0.6045
vn -0.2636 -0.7683 -0.5833
vn -0.5879 -0.6484 -0.4837
vn 0.4911 -0.6856 -0.5374
vn 0.1202 -0.7863 -0.6060
vn 0.0364 -0.7925 -0.6088
vn 0.3015 -0.7531 -0.5847
vn 0.0529 0.7929 0.6070
vn -0.0615 -0.7464 0.6627
vn 0.0767 -0.7496 0.6574
vn -0.0767 0.7496 -0.6574
vn 0.0615 0.7464 -0.6627
vn -0.9943 -0.0958 -0.0461
vn -0.0620 0.7910 0.6087
vn -0.4558 0.7000 0.5497
vn -0.6529 -0.6095 -0.4497
vn 0.0902 0.7913 0.6047
vn 0.9847 -0.1242 -0.1225
vn 0.6054 -0.6233 -0.4949
vn 0.6507 0.6110 0.4509
vn -0.0219 0.6086 -0.7932
vn 0.0219 -0.6086 0.7932
vn -0.3770 -0.7398 -0.5573
vn -0.0755 -0.7921 -0.6057
vn -0.2308 -0.7750 -0.5883
vn -0.5666 -0.6612 -0.4917
vn 0.5136 -0.6738 -0.5312
vn 0.1488 -0.7825 -0.6046
vn 0.0473 -0.7918 -0.6089
vn 0.3240 -0.7462 -0.5815
vn 0.0287 0.7934 0.6080
vn -0.9995 -0.0298 -0.0071
vn -0.0383 0.7928 0.6083
vn -0.3381 0.7444 0.5758
vn -0.7055 -0.5678 -0.4241
vn 0.1477 0.7861 0.6002
vn 0.9682 -0.1908 -0.1615
vn 0.5502 -0.6586 -0.5134
vn 0.8244 0.4554 0.3361
vn -0.0125 0.6083 -0.7936
vn 0.0125 -0.6083 0.7936
vn -0.4388 -0.7165 -0.5423
vn -0.1310 -0.7879 -0.6018
vn -0.3191 -0.7546 -0.5733
vn -0.6244 -0.6247 -0.4689
vn 0.4510 -0.7049 -0.5474
vn 0.0739 -0.7910 -0.6074
vn 0.0212 -0.7934 -0.6084
vn 0.2627 -0.7638 -0.5896
vn 0.0951 0.7908 0.6046
vn -0.9100 -0.3783 -0.1694
vn -0.3051 0.7954 0.5237
vn -0.9928 0.0526 0.1081
vn -0.3985 -0.7895 -0.4668
vn -0.0136 0.8458 0.5334
vn 0.9841 0.1742 0.0353
vn 0.8091 -0.4679 -0.3556
vn 0.2388 0.8299 0.5043
vn -0.0638 0.5316 -0.8446
vn 0.0638 -0.5316 0.8446
vn -0.1098 -0.8449 -0.5235
vn 0.0464 -0.8438 -0.5346
vn 0.0959 -0.8391 -0.5354
vn -0.2814 -0.8215 -0.4958
vn 0.7490 -0.5338 -0.3926
vn 0.5013 -0.7147 -0.4877
vn 0.2827 -0.8020 -0.5262
vn 0.5766 -0.6711 -0.4660
vn -0.2556 0.8094 0.5288
vn -0.9894 -0.1354 -0.0518
vn -0.0944 0.8354 0.5414
vn -0.6518 0.6268 0.4270
vn -0.6091 -0.6765 -0.4139
vn 0.0564 0.8403 0.5392
vn 0.9949 -0.0644 -0.0771
vn 0.6440 -0.6325 -0.4304
vn 0.5870 0.6900 0.4234
vn -0.0300 0.5412 -0.8403
vn 0.0300 -0.5412 0.8403
vn -0.3306 -0.7988 -0.5026
vn -0.0412 -0.8407 -0.5400
vn -0.1719 -0.8310 -0.5291
vn -0.5280 -0.7224 -0.4464
vn 0.5658 -0.6839 -0.4607
vn 0.2205 -0.8164 -0.5337
vn 0.0792 -0.8368 -0.5418
vn 0.3716 -0.7744 -0.5120
vn -0.0220 0.8402 0.5419
vn -0.9932 -0.1096 -0.0382
vn -0.5845 -0.6986 -0.4127
vn 0.9879 -0.1173 -0.1013
vn 0.5586 -0.6990 -0.4466
vn -0.3235 -0.8101 -0.4890
vn -0.0640 -0.8508 -0.5216
vn -0.1980 -0.8374 -0.5095
vn -0.5057 -0.7413 -0.4413
vn 0.4758 -0.7427 -0.4711
vn 0.1508 -0.8399 -0.5213
vn 0.0555 -0.8496 -0.5245
vn 0.2966 -0.8094 -0.5068
vn -0.9948 -0.0934 -0.0409
vn -0.0538 0.8543 0.5170
vn -0.5621 0.7040 0.4341
vn -0.6079 -0.6838 -0.4036
vn 0.0832 0.8535 0.5144
vn 0.9891 -0.1184 -0.0870
vn 0.5640 -0.7029 -0.4334
vn 0.7379 0.5827 0.3405
vn 0.0587 0.7227 -0.6887
vn 0.0123 0.7134 -0.7006
vn -0.0058 0.7116 -0.7025
vn 0.0313 0.7157 -0.6978
vn -0.0545 0.7162 -0.6957
vn -0.0212 0.7121 -0.7017
vn -0.0276 0.7129 -0.7008
vn -0.0710 0.7209 -0.6894
vn 0.0710 -0.7209 0.6894
vn 0.0276 -0.7129 0.7008
vn 0.0212 -0.7121 0.7017
vn 0.0545 -0.7162 0.6957
vn -0.0313 -0.7157 0.6978
vn 0.0058 -0.7116 0.7025
vn -0.0123 -0.7134 0.7006
vn -0.0587 -0.7227 0.6887
vn -0.3497 -0.8043 -0.4804
vn -0.0750 -0.8540 -0.5148
vn -0.2236 -0.8358 -0.5014
vn -0.5372 -0.7256 -0.4300
vn 0.4862 -0.7446 -0.4574
vn 0.1439 -0.8460 -0.5133
vn 0.0490 -0.8546 -0.5170
vn 0.2998 -0.8145 -0.4967
vn 0.0277 0.8558 0.5166
vn -0.0792 -0.7276 0.6814
vn 0.1002 -0.7286 0.6776
vn -0.1002 0.7286 -0.6776
vn 0.0792 0.7276 -0.6814
vn -0.9860 -0.1479 -0.0771
vn -0.0924 0.7883 0.6083
vn -0.5923 0.6285 0.5042
vn -0.6102 -0.6392 -0.4680
vn 0.0543 0.7931 0.6066
vn 0.9933 -0.0713 -0.0914
vn 0.6488 -0.5920 -0.4782
vn 0.4993 0.6962 0.5158
vn -0.0293 0.6085 -0.7930
vn 0.0293 -0.6085 0.7930
vn -0.3282 -0.7552 -0.5674
vn -0.0399 -0.7934 -0.6074
vn -0.1604 -0.7859 -0.5972
vn -0.5196 -0.6870 -0.5080
vn 0.5618 -0.6462 -0.5166
vn 0.2168 -0.7706 -0.5993
vn 0.0780 -0.7895 -0.6087
vn 0.3732 -0.7293 -0.5734
vn -0.0241 0.7927 0.6092
vn -0.9977 -0.0630 -0.0267
vn -0.0486 0.7920 0.6086
vn -0.3903 0.7264 0.5656
vn -0.6792 -0.5894 -0.4374
vn 0.1175 0.7892 0.6028
vn 0.9773 -0.1573 -0.1419
vn 0.5781 -0.6414 -0.5045
vn 0.7442 0.5377 0.3963
vn -0.0172 0.6085 -0.7934
vn 0.0172 -0.6085 0.7934
vn -0.4077 -0.7288 -0.5501
vn -0.1020 -0.7904 -0.6040
vn -0.2753 -0.7657 -0.5813
vn -0.5955 -0.6436 -0.4807
vn 0.4828 -0.6898 -0.5395
vn 0.1102 -0.7875 -0.6064
vn 0.0329 -0.7927 -0.6087
vn 0.2934 -0.7555 -0.5858
vn 0.0617 0.7926 0.6066
vn -0.9391 -0.3136 -0.1406
vn -0.2349 0.8267 0.5113
vn -0.9644 0.2013 0.1715
vn -0.4230 -0.7853 -0.4521
vn 0.0020 0.8561 0.5168
vn 0.9957 0.0929 0.0044
vn 0.7304 -0.5673 -0.3804
vn 0.3224 0.8177 0.4769
vn -0.0444 0.5163 -0.8552
vn 0.0444 -0.5163 0.8552
vn -0.1482 -0.8500 -0.5055
vn 0.0258 -0.8552 -0.5176
vn 0.0344 -0.8548 -0.5178
vn -0.3193 -0.8185 -0.4776
vn 0.6643 -0.6242 -0.4113
vn 0.4066 -0.7726 -0.4876
vn 0.2139 -0.8313 -0.5130
vn 0.4886 -0.7355 -0.4694
vn -0.1844 0.8371 0.5150
vn -0.5740 0.6898 0.4414
vn -0.9843 -0.1655 -0.0616
vn -0.1178 0.8437 0.5238
vn -0.7466 0.5526 0.3703
vn -0.5834 -0.7022 -0.4082
vn 0.0395 0.8518 0.5224
vn 0.9978 -0.0302 -0.0593
vn 0.6688 -0.6208 -0.4091
vn 0.5283 0.7326 0.4291
vn -0.0347 0.5236 -0.8512
vn 0.0347 -0.5236 0.8512
vn -0.3020 -0.8174 -0.4905
vn -0.0237 -0.8520 -0.5231
vn -0.1335 -0.8466 -0.5153
vn -0.5010 -0.7461 -0.4385
vn 0.5949 -0.6736 -0.4386
vn 0.2640 -0.8167 -0.5131
vn 0.1023 -0.8454 -0.5242
vn 0.4011 -0.7729 -0.4917
vn -0.0535 0.8496 0.5248
vn -0.9981 -0.0539 -0.0281
vn -0.0402 0.7602 0.6485
vn -0.3093 0.7211 0.6200
vn -0.6992 -0.5503 -0.4564
vn 0.1356 0.7553 0.6412
vn 0.9672 -0.1844 -0.1744
vn 0.5640 -0.6235 -0.5414
vn 0.7488 0.5110 0.4221
vn -0.0136 0.6485 -0.7611
vn 0.0136 -0.6485 0.7611
vn -0.4274 -0.6919 -0.5820
vn -0.1195 -0.7567 -0.6427
vn -0.2949 -0.7299 -0.6167
vn -0.6082 -0.6095 -0.5085
vn 0.4577 -0.6727 -0.5814
vn 0.0836 -0.7577 -0.6472
vn 0.0242 -0.7607 -0.6487
vn 0.2745 -0.7295 -0.6265
vn 0.0822 0.7593 0.6456
vn 0.0821 0.7593 0.6456
vn -0.9748 -0.1117 -0.1933
vn -0.1061 0.7939 0.5987
vn -0.7686 0.5453 0.3346
vn -0.5835 -0.6115 -0.5344
vn 0.0698 0.7871 0.6128
vn 0.9935 -0.1110 0.0241
vn 0.6715 -0.6214 -0.4037
vn 0.3814 0.7121 0.5895
vn 0.0870 0.6072 -0.7898
vn -0.0870 -0.6072 0.7898
vn -0.3019 -0.7394 -0.6017
vn -0.0535 -0.7888 -0.6123
vn -0.1165 -0.7811 -0.6134
vn -0.4877 -0.6653 -0.5652
vn 0.5873 -0.6716 -0.4516
vn 0.2722 -0.7771 -0.5675
vn 0.0900 -0.7943 -0.6008
vn 0.3984 -0.7478 -0.5310
vn -0.0525 0.7945 0.6050
vn -0.9780 -0.1701 -0.1208
vn -0.0910 0.7227 0.6852
vn -0.4873 0.6254 0.6095
vn -0.6205 -0.5829 -0.5245
vn 0.0534 0.7276 0.6839
vn 0.9884 -0.0886 -0.1236
vn 0.6617 -0.5319 -0.5284
vn 0.3763 0.6816 0.6275
vn -0.0295 0.6858 -0.7272
vn 0.0295 -0.6858 0.7272
vn -0.3304 -0.6933 -0.6404
vn -0.0396 -0.7278 -0.6847
vn -0.1438 -0.7229 -0.6758
vn -0.5084 -0.6367 -0.5798
vn 0.5539 -0.5944 -0.5830
vn 0.2050 -0.7079 -0.6759
vn 0.0771 -0.7238 -0.6857
vn 0.3782 -0.6658 -0.6432
vn -0.0255 0.7268 0.6864
vn -0.9874 -0.1296 -0.0904
vn -0.0646 0.7250 0.6857
vn -0.3748 0.6684 0.6424
vn -0.6555 -0.5598 -0.5068
vn 0.0811 0.7264 0.6824
vn 0.9795 -0.1298 -0.1540
vn 0.6263 -0.5570 -0.5455
vn 0.4937 0.6406 0.5881
vn -0.0234 0.6859 -0.7273
vn 0.0234 -0.6859 0.7273
vn -0.3703 -0.6817 -0.6310
vn -0.0671 -0.7270 -0.6834
vn -0.1993 -0.7161 -0.6689
vn -0.5471 -0.6177 -0.5649
vn 0.5145 -0.6155 -0.5970
vn 0.1501 -0.7169 -0.6809
vn 0.0507 -0.7258 -0.6861
vn 0.3379 -0.6793 -0.6515
vn 0.0173 0.7277 0.6857
vt 0.951217 0.256944
vt 0.948077 0.256944
vt 0.948077 0.245700
vt 0.951217 0.245700
vt 0.951217 0.283213
vt 0.948077 0.283213
vt 0.948077 0.271969
vt 0.951217 0.271969
vt 0.892100 0.208327
vt 0.892996 0.154218
vt 0.903316 0.150788
vt 0.902344 0.208314
vt 0.932892 0.154798
vt 0.933322 0.208317
vt 0.923010 0.208286
vt 0.923320 0.151084
vt 0.948077 0.259660
vt 0.951217 0.259660
vt 0.951217 0.262083
vt 0.948077 0.262083
vt 0.951217 0.269253
vt 0.948077 0.269253
vt 0.948077 0.266830
vt 0.951217 0.266830
vt 0.948077 0.285389
vt 0.951217 0.285389
vt 0.951217 0.287677
vt 0.948077 0.287677
vt 0.951217 0.294713
vt 0.948077 0.294713
vt 0.948077 0.292425
vt 0.951217 0.292425
vt 0.951217 0.296889
vt 0.948077 0.296889
vt 0.882356 0.208340
vt 0.883040 0.161169
vt 0.943131 0.208474
vt 0.942701 0.162106
vt 0.951755 0.254138
vt 0.948616 0.254138
vt 0.948291 0.242893
vt 0.951430 0.242893
vt 0.951848 0.280420
vt 0.948708 0.280420
vt 0.949033 0.269174
vt 0.952172 0.269174
vt 0.887102 0.333202
vt 0.887997 0.279093
vt 0.898317 0.275663
vt 0.897345 0.333189
vt 0.927894 0.279673
vt 0.928324 0.333192
vt 0.918011 0.333161
vt 0.918321 0.275959
vt 0.948729 0.256870
vt 0.951868 0.256870
vt 0.951962 0.259303
vt 0.948822 0.259303
vt 0.952153 0.266471
vt 0.949013 0.266471
vt 0.948967 0.264055
vt 0.952106 0.264055
vt 0.948642 0.282598
vt 0.951781 0.282598
vt 0.951711 0.284888
vt 0.948572 0.284888
vt 0.951497 0.291929
vt 0.948357 0.291929
vt 0.948427 0.289640
vt 0.951566 0.289640
vt 0.951430 0.294107
vt 0.948291 0.294107
vt 0.938132 0.333349
vt 0.937702 0.286981
vt 0.877358 0.333215
vt 0.878041 0.286044
vt 0.951668 0.256557
vt 0.948528 0.256557
vt 0.948536 0.245289
vt 0.951676 0.245289
vt 0.951382 0.282845
vt 0.948242 0.282845
vt 0.948234 0.271578
vt 0.951374 0.271578
vt 0.948480 0.259269
vt 0.951620 0.259269
vt 0.951570 0.261688
vt 0.948430 0.261688
vt 0.951420 0.268857
vt 0.948280 0.268857
vt 0.948328 0.266432
vt 0.951468 0.266432
vt 0.948289 0.285019
vt 0.951429 0.285019
vt 0.951478 0.287305
vt 0.948338 0.287305
vt 0.951630 0.294335
vt 0.948489 0.294335
vt 0.948440 0.292049
vt 0.951580 0.292049
vt 0.951676 0.296510
vt 0.948536 0.296510
vt 0.947757 0.282299
vt 0.950897 0.282299
vt 0.950897 0.293543
vt 0.947757 0.293543
vt 0.947757 0.256030
vt 0.950897 0.256030
vt 0.950897 0.267274
vt 0.947757 0.267274
vt 0.887233 0.270196
vt 0.888128 0.216087
vt 0.898448 0.212657
vt 0.897476 0.270183
vt 0.928025 0.216667
vt 0.928455 0.270186
vt 0.918142 0.270155
vt 0.918452 0.212953
vt 0.950897 0.279583
vt 0.947757 0.279583
vt 0.947757 0.277160
vt 0.950897 0.277160
vt 0.947757 0.269989
vt 0.950897 0.269989
vt 0.950897 0.272412
vt 0.947757 0.272412
vt 0.950897 0.253854
vt 0.947757 0.253854
vt 0.947757 0.251566
vt 0.950897 0.251566
vt 0.947757 0.244530
vt 0.950897 0.244530
vt 0.950897 0.246818
vt 0.947757 0.246818
vt 0.947757 0.242354
vt 0.950897 0.242354
vt 0.938263 0.270343
vt 0.937833 0.223975
vt 0.877489 0.270209
vt 0.878172 0.223038
vt 0.948181 0.254694
vt 0.945045 0.254694
vt 0.948641 0.243403
vt 0.951777 0.243403
vt 0.951743 0.281008
vt 0.948607 0.281008
vt 0.945011 0.269717
vt 0.948147 0.269717
vt 0.944522 0.257418
vt 0.947659 0.257418
vt 0.947392 0.259842
vt 0.944256 0.259842
vt 0.947635 0.267004
vt 0.944499 0.267004
vt 0.944244 0.264585
vt 0.947380 0.264585
vt 0.948612 0.283182
vt 0.951749 0.283182
vt 0.951754 0.285468
vt 0.948618 0.285468
vt 0.951772 0.292496
vt 0.948635 0.292496
vt 0.948630 0.290211
vt 0.951766 0.290211
vt 0.951777 0.294670
vt 0.948641 0.294670
vt 0.949924 0.282601
vt 0.953070 0.282740
vt 0.950631 0.293892
vt 0.947486 0.293753
vt 0.947486 0.256218
vt 0.950631 0.256357
vt 0.953017 0.267722
vt 0.949872 0.267583
vt 0.953409 0.280035
vt 0.950263 0.279896
vt 0.950429 0.277480
vt 0.953575 0.277618
vt 0.950226 0.270309
vt 0.953372 0.270448
vt 0.953556 0.272875
vt 0.950410 0.272736
vt 0.950650 0.254184
vt 0.947505 0.254045
vt 0.947525 0.251761
vt 0.950670 0.251900
vt 0.947586 0.244735
vt 0.950732 0.244874
vt 0.950712 0.247159
vt 0.947566 0.247020
vt 0.947605 0.242562
vt 0.950751 0.242701
vt 0.948700 0.286099
vt 0.951845 0.286099
vt 0.949443 0.297327
vt 0.946297 0.297327
vt 0.946297 0.259848
vt 0.949443 0.259848
vt 0.951845 0.271077
vt 0.948700 0.271077
vt 0.952191 0.283384
vt 0.949045 0.283384
vt 0.949219 0.280962
vt 0.952365 0.280962
vt 0.949045 0.273791
vt 0.952191 0.273791
vt 0.952365 0.276214
vt 0.949219 0.276214
vt 0.949443 0.257672
vt 0.946297 0.257672
vt 0.946297 0.255385
vt 0.949443 0.255385
vt 0.946297 0.248349
vt 0.949443 0.248349
vt 0.949443 0.250637
vt 0.946297 0.250637
vt 0.946297 0.246173
vt 0.949443 0.246173
vt 0.949006 0.254180
vt 0.945861 0.254180
vt 0.948263 0.242952
vt 0.951409 0.242952
vt 0.951409 0.280430
vt 0.948263 0.280430
vt 0.945861 0.269202
vt 0.949006 0.269202
vt 0.945515 0.256894
vt 0.948661 0.256894
vt 0.948486 0.259317
vt 0.945341 0.259317
vt 0.948661 0.266487
vt 0.945515 0.266487
vt 0.945341 0.264065
vt 0.948486 0.264065
vt 0.948263 0.282606
vt 0.951409 0.282606
vt 0.951409 0.284894
vt 0.948263 0.284894
vt 0.951409 0.291930
vt 0.948263 0.291930
vt 0.948263 0.289642
vt 0.951409 0.289642
vt 0.951409 0.294106
vt 0.948263 0.294106
vt 0.947902 0.286306
vt 0.951034 0.286729
vt 0.950643 0.297880
vt 0.947512 0.297458
vt 0.945136 0.257886
vt 0.948267 0.258309
vt 0.948498 0.269545
vt 0.945367 0.269122
vt 0.950676 0.283693
vt 0.947545 0.283271
vt 0.947144 0.280474
vt 0.950275 0.280897
vt 0.945814 0.272138
vt 0.948945 0.272561
vt 0.949392 0.275346
vt 0.946260 0.274923
vt 0.948707 0.255879
vt 0.945576 0.255456
vt 0.946039 0.252901
vt 0.949170 0.253324
vt 0.947462 0.245045
vt 0.950593 0.245468
vt 0.950131 0.248022
vt 0.946999 0.247599
vt 0.947902 0.242615
vt 0.951034 0.243037
vt 0.948490 0.285233
vt 0.951633 0.285459
vt 0.951105 0.296662
vt 0.947962 0.296436
vt 0.947962 0.258931
vt 0.951105 0.259157
vt 0.951548 0.270429
vt 0.948405 0.270204
vt 0.951691 0.282745
vt 0.948548 0.282519
vt 0.948568 0.280097
vt 0.951712 0.280323
vt 0.948487 0.272923
vt 0.951631 0.273148
vt 0.951680 0.275573
vt 0.948537 0.275347
vt 0.951136 0.256983
vt 0.947993 0.256757
vt 0.948025 0.254472
vt 0.951168 0.254698
vt 0.948125 0.247444
vt 0.951268 0.247670
vt 0.951236 0.249955
vt 0.948092 0.249730
vt 0.948156 0.245271
vt 0.951299 0.245497
vt 0.951114 0.256944
vt 0.947974 0.256944
vt 0.947974 0.245700
vt 0.951114 0.245700
vt 0.951114 0.283213
vt 0.947974 0.283213
vt 0.947974 0.271969
vt 0.951114 0.271969
vt 0.947974 0.259660
vt 0.951114 0.259660
vt 0.951114 0.262083
vt 0.947974 0.262083
vt 0.951114 0.269253
vt 0.947974 0.269253
vt 0.947974 0.266830
vt 0.951114 0.266830
vt 0.947974 0.285389
vt 0.951114 0.285389
vt 0.951114 0.287677
vt 0.947974 0.287677
vt 0.951114 0.294713
vt 0.947974 0.294713
vt 0.947974 0.292425
vt 0.951114 0.292425
vt 0.951114 0.296889
vt 0.947974 0.296889
vt 0.951487 0.253671
vt 0.947990 0.253671
vt 0.947990 0.241148
vt 0.951487 0.241148
vt 0.951487 0.282928
vt 0.947990 0.282928
vt 0.947990 0.270405
vt 0.951487 0.270405
vt 0.947990 0.256696
vt 0.951487 0.256696
vt 0.951487 0.259394
vt 0.947990 0.259394
vt 0.951487 0.267381
vt 0.947990 0.267381
vt 0.947990 0.264682
vt 0.951487 0.264682
vt 0.947990 0.285352
vt 0.951487 0.285352
vt 0.951487 0.287900
vt 0.947990 0.287900
vt 0.951487 0.295735
vt 0.947990 0.295735
vt 0.947990 0.293187
vt 0.951487 0.293187
vt 0.951487 0.298159
vt 0.947990 0.298159
vt 0.947705 0.253675
vt 0.944569 0.253675
vt 0.948160 0.242402
vt 0.951296 0.242402
vt 0.951272 0.282147
vt 0.948135 0.282147
vt 0.944545 0.270874
vt 0.947681 0.270874
vt 0.944049 0.256705
vt 0.947185 0.256705
vt 0.946921 0.259500
vt 0.943784 0.259500
vt 0.947168 0.267851
vt 0.944032 0.267851
vt 0.943776 0.265059
vt 0.946912 0.265059
vt 0.948139 0.284695
vt 0.951276 0.284695
vt 0.951280 0.287374
vt 0.948143 0.287374
vt 0.951292 0.295612
vt 0.948156 0.295612
vt 0.948152 0.292933
vt 0.951288 0.292933
vt 0.951296 0.298160
vt 0.948160 0.298160
vt 0.948863 0.252702
vt 0.945717 0.252702
vt 0.948123 0.241466
vt 0.951268 0.241466
vt 0.951222 0.278959
vt 0.948076 0.278959
vt 0.945671 0.267723
vt 0.948816 0.267723
vt 0.945364 0.255415
vt 0.948509 0.255415
vt 0.948327 0.257835
vt 0.945182 0.257835
vt 0.948478 0.265005
vt 0.945332 0.265005
vt 0.945165 0.262582
vt 0.948311 0.262582
vt 0.948083 0.281135
vt 0.951229 0.281135
vt 0.951237 0.283422
vt 0.948091 0.283422
vt 0.951261 0.290455
vt 0.948115 0.290455
vt 0.948107 0.288168
vt 0.951253 0.288168
vt 0.951268 0.292631
vt 0.948123 0.292631
vt 0.949911 0.283409
vt 0.953057 0.283509
vt 0.950630 0.294676
vt 0.947485 0.294576
vt 0.947485 0.257069
vt 0.950630 0.257169
vt 0.953019 0.268489
vt 0.949874 0.268389
vt 0.953398 0.280802
vt 0.950252 0.280702
vt 0.950420 0.278283
vt 0.953566 0.278383
vt 0.950225 0.271112
vt 0.953371 0.271212
vt 0.953552 0.273637
vt 0.950406 0.273538
vt 0.950644 0.254994
vt 0.947499 0.254894
vt 0.947513 0.252608
vt 0.950659 0.252708
vt 0.947557 0.245578
vt 0.950703 0.245678
vt 0.950688 0.247964
vt 0.947543 0.247864
vt 0.947571 0.243403
vt 0.950716 0.243503
vt 0.949739 0.283755
vt 0.952884 0.283967
vt 0.950419 0.295102
vt 0.947274 0.294890
vt 0.947274 0.257281
vt 0.950419 0.257493
vt 0.952804 0.268954
vt 0.949658 0.268742
vt 0.953221 0.281266
vt 0.950076 0.281054
vt 0.950238 0.278642
vt 0.953383 0.278854
vt 0.950019 0.271476
vt 0.953164 0.271688
vt 0.953354 0.274116
vt 0.950208 0.273904
vt 0.950448 0.255324
vt 0.947303 0.255112
vt 0.947333 0.252832
vt 0.950478 0.253044
vt 0.947427 0.245819
vt 0.950572 0.246031
vt 0.950541 0.248312
vt 0.947396 0.248100
vt 0.947456 0.243650
vt 0.950601 0.243862
vt 0.950931 0.286499
vt 0.954553 0.286916
vt 0.950408 0.299430
vt 0.946786 0.299013
vt 0.946786 0.255692
vt 0.950408 0.256108
vt 0.954396 0.269557
vt 0.950774 0.269141
vt 0.955115 0.283837
vt 0.951493 0.283420
vt 0.951761 0.280650
vt 0.955383 0.281066
vt 0.951382 0.272337
vt 0.955003 0.272754
vt 0.955325 0.275582
vt 0.951703 0.275165
vt 0.950465 0.253604
vt 0.946843 0.253187
vt 0.946903 0.250555
vt 0.950525 0.250971
vt 0.947087 0.242458
vt 0.950709 0.242875
vt 0.950649 0.245507
vt 0.947027 0.245091
vt 0.947144 0.239954
vt 0.950766 0.240370
vt 0.950231 0.283291
vt 0.953373 0.283318
vt 0.950421 0.294542
vt 0.947278 0.294514
vt 0.947278 0.256993
vt 0.950421 0.257020
vt 0.953363 0.268295
vt 0.950221 0.268268
vt 0.953796 0.280603
vt 0.950653 0.280576
vt 0.950865 0.278154
vt 0.954007 0.278181
vt 0.950646 0.270985
vt 0.953788 0.271012
vt 0.954004 0.273435
vt 0.950861 0.273408
vt 0.950424 0.254845
vt 0.947282 0.254817
vt 0.947286 0.252530
vt 0.950428 0.252558
vt 0.947298 0.245497
vt 0.950440 0.245525
vt 0.950436 0.247812
vt 0.947294 0.247784
vt 0.947302 0.243322
vt 0.950444 0.243349
vt 0.947870 0.285301
vt 0.951340 0.285301
vt 0.951309 0.297816
vt 0.947838 0.297816
vt 0.948432 0.256196
vt 0.951902 0.256196
vt 0.951934 0.268710
vt 0.948463 0.268710
vt 0.951439 0.282306
vt 0.947969 0.282306
vt 0.948071 0.279637
vt 0.951541 0.279637
vt 0.948373 0.271724
vt 0.951844 0.271724
vt 0.951747 0.274403
vt 0.948277 0.274403
vt 0.951808 0.253797
vt 0.948337 0.253797
vt 0.948238 0.251275
vt 0.951708 0.251275
vt 0.947933 0.243518
vt 0.951403 0.243518
vt 0.951503 0.246040
vt 0.948032 0.246040
vt 0.947838 0.241119
vt 0.951309 0.241119
vt 0.951365 0.256975
vt 0.948224 0.256975
vt 0.948224 0.245732
vt 0.951365 0.245732
vt 0.951365 0.283244
vt 0.948224 0.283244
vt 0.948224 0.272001
vt 0.951365 0.272001
vt 0.948224 0.259691
vt 0.951365 0.259691
vt 0.951365 0.262114
vt 0.948224 0.262114
vt 0.951365 0.269285
vt 0.948224 0.269285
vt 0.948224 0.266862
vt 0.951365 0.266862
vt 0.948224 0.285421
vt 0.951365 0.285421
vt 0.951365 0.287708
vt 0.948224 0.287708
vt 0.951365 0.294744
vt 0.948224 0.294744
vt 0.948224 0.292456
vt 0.951365 0.292456
vt 0.951365 0.296920
vt 0.948224 0.296920
vt 0.951205 0.283125
vt 0.954341 0.283125
vt 0.950754 0.294388
vt 0.947617 0.294388
vt 0.947617 0.256833
vt 0.950754 0.256833
vt 0.954341 0.268096
vt 0.951205 0.268096
vt 0.954857 0.280408
vt 0.951721 0.280408
vt 0.951981 0.277984
vt 0.955117 0.277984
vt 0.951721 0.270813
vt 0.954857 0.270813
vt 0.955117 0.273237
vt 0.951981 0.273237
vt 0.950754 0.254657
vt 0.947617 0.254657
vt 0.947617 0.252369
vt 0.950754 0.252369
vt 0.947617 0.245333
vt 0.950754 0.245333
vt 0.950754 0.247621
vt 0.947617 0.247621
vt 0.947617 0.243157
vt 0.950754 0.243157
vt 0.949530 0.282791
vt 0.952676 0.282791
vt 0.950273 0.294019
vt 0.947128 0.294019
vt 0.947128 0.256540
vt 0.950273 0.256540
vt 0.952676 0.267769
vt 0.949530 0.267769
vt 0.953021 0.280076
vt 0.949876 0.280076
vt 0.950050 0.277653
vt 0.953195 0.277653
vt 0.949876 0.270483
vt 0.953021 0.270483
vt 0.953195 0.272906
vt 0.950050 0.272906
vt 0.950273 0.254364
vt 0.947128 0.254364
vt 0.947128 0.252076
vt 0.950273 0.252076
vt 0.947128 0.245041
vt 0.950273 0.245041
vt 0.950273 0.247329
vt 0.947128 0.247329
vt 0.947128 0.242865
vt 0.950273 0.242865
vt 0.950204 0.283576
vt 0.953350 0.283576
vt 0.950947 0.294805
vt 0.947802 0.294805
vt 0.947802 0.257326
vt 0.950947 0.257326
vt 0.953350 0.268554
vt 0.950204 0.268554
vt 0.953695 0.280862
vt 0.950550 0.280862
vt 0.950724 0.278439
vt 0.953870 0.278439
vt 0.950550 0.271269
vt 0.953695 0.271269
vt 0.953870 0.273692
vt 0.950724 0.273692
vt 0.950947 0.255150
vt 0.947802 0.255150
vt 0.947802 0.252862
vt 0.950947 0.252862
vt 0.947802 0.245827
vt 0.950947 0.245827
vt 0.950947 0.248114
vt 0.947802 0.248114
vt 0.947802 0.243650
vt 0.950947 0.243650
vt 0.949822 0.285785
vt 0.953308 0.285785
vt 0.950645 0.298231
vt 0.947159 0.298231
vt 0.947159 0.256688
vt 0.950645 0.256688
vt 0.953308 0.269134
vt 0.949822 0.269134
vt 0.953691 0.282776
vt 0.950205 0.282776
vt 0.950398 0.280091
vt 0.953884 0.280091
vt 0.950205 0.272143
vt 0.953691 0.272143
vt 0.953884 0.274828
vt 0.950398 0.274828
vt 0.950645 0.254275
vt 0.947159 0.254275
vt 0.947159 0.251740
vt 0.950645 0.251740
vt 0.947159 0.243941
vt 0.950645 0.243941
vt 0.950645 0.246477
vt 0.947159 0.246477
vt 0.947159 0.241529
vt 0.950645 0.241529
vt 0.946166 0.255057
vt 0.943140 0.255057
vt 0.950269 0.243384
vt 0.953295 0.243384
vt 0.953295 0.281852
vt 0.950269 0.281852
vt 0.943140 0.270178
vt 0.946166 0.270178
vt 0.942115 0.257810
vt 0.945141 0.257810
vt 0.944624 0.260244
vt 0.941598 0.260244
vt 0.945141 0.267425
vt 0.942115 0.267425
vt 0.941598 0.264992
vt 0.944624 0.264992
vt 0.950269 0.284028
vt 0.953295 0.284028
vt 0.953295 0.286315
vt 0.950269 0.286315
vt 0.953295 0.293351
vt 0.950269 0.293351
vt 0.950269 0.291063
vt 0.953295 0.291063
vt 0.953295 0.295527
vt 0.950269 0.295527
vt 0.947460 0.255765
vt 0.944317 0.255765
vt 0.947262 0.244524
vt 0.950404 0.244524
vt 0.950404 0.282030
vt 0.947262 0.282030
vt 0.944317 0.270790
vt 0.947460 0.270790
vt 0.943894 0.258481
vt 0.947036 0.258481
vt 0.946823 0.260903
vt 0.943681 0.260903
vt 0.947036 0.268074
vt 0.943894 0.268074
vt 0.943681 0.265651
vt 0.946823 0.265651
vt 0.947262 0.284206
vt 0.950404 0.284206
vt 0.950404 0.286494
vt 0.947262 0.286494
vt 0.950404 0.293529
vt 0.947262 0.293529
vt 0.947262 0.291242
vt 0.950404 0.291242
vt 0.950404 0.295706
vt 0.947262 0.295706
vt 0.951443 0.255991
vt 0.948303 0.255991
vt 0.948303 0.244747
vt 0.951443 0.244747
vt 0.951443 0.282260
vt 0.948303 0.282260
vt 0.948303 0.271016
vt 0.951443 0.271016
vt 0.948303 0.258706
vt 0.951443 0.258706
vt 0.951443 0.261129
vt 0.948303 0.261129
vt 0.951443 0.268300
vt 0.948303 0.268300
vt 0.948303 0.265877
vt 0.951443 0.265877
vt 0.948303 0.284436
vt 0.951443 0.284436
vt 0.951443 0.286724
vt 0.948303 0.286724
vt 0.951443 0.293759
vt 0.948303 0.293759
vt 0.948303 0.291471
vt 0.951443 0.291471
vt 0.951443 0.295935
vt 0.948303 0.295935
vt 0.951467 0.256975
vt 0.948327 0.256975
vt 0.948327 0.245732
vt 0.951467 0.245732
vt 0.951467 0.283244
vt 0.948327 0.283244
vt 0.948327 0.272001
vt 0.951467 0.272001
vt 0.948327 0.259691
vt 0.951467 0.259691
vt 0.951467 0.262114
vt 0.948327 0.262114
vt 0.951467 0.269285
vt 0.948327 0.269285
vt 0.948327 0.266862
vt 0.951467 0.266862
vt 0.948327 0.285421
vt 0.951467 0.285421
vt 0.951467 0.287708
vt 0.948327 0.287708
vt 0.951467 0.294744
vt 0.948327 0.294744
vt 0.948327 0.292456
vt 0.951467 0.292456
vt 0.951467 0.296920
vt 0.948327 0.296920
vt 0.950808 0.287102
vt 0.953944 0.287102
vt 0.950344 0.298407
vt 0.947207 0.298407
vt 0.947257 0.258223
vt 0.950394 0.258223
vt 0.953995 0.269529
vt 0.950858 0.269529
vt 0.954470 0.284013
vt 0.951334 0.284013
vt 0.951603 0.281152
vt 0.954739 0.281152
vt 0.951368 0.272604
vt 0.954504 0.272604
vt 0.954757 0.275457
vt 0.951621 0.275457
vt 0.950386 0.255613
vt 0.947249 0.255613
vt 0.947241 0.252869
vt 0.950378 0.252869
vt 0.947215 0.244429
vt 0.950352 0.244429
vt 0.950360 0.247173
vt 0.947224 0.247173
vt 0.947207 0.241819
vt 0.950344 0.241819
vt 0.948995 0.256957
vt 0.945850 0.256957
vt 0.948267 0.245683
vt 0.951413 0.245683
vt 0.951305 0.283243
vt 0.948159 0.283243
vt 0.945742 0.271969
vt 0.948888 0.271969
vt 0.945485 0.259667
vt 0.948631 0.259667
vt 0.948437 0.262084
vt 0.945292 0.262084
vt 0.948557 0.269247
vt 0.945412 0.269247
vt 0.945254 0.266824
vt 0.948400 0.266824
vt 0.948177 0.285415
vt 0.951322 0.285415
vt 0.951340 0.287699
vt 0.948195 0.287699
vt 0.951395 0.294723
vt 0.948250 0.294723
vt 0.948232 0.292439
vt 0.951378 0.292439
vt 0.951413 0.296896
vt 0.948267 0.296896
vt 0.954055 0.286278
vt 0.956966 0.287709
vt 0.946763 0.296734
vt 0.943852 0.295304
vt 0.944961 0.252469
vt 0.947873 0.253899
vt 0.957357 0.272597
vt 0.954446 0.271166
vt 0.958435 0.285626
vt 0.955523 0.284196
vt 0.956290 0.282114
vt 0.959202 0.283544
vt 0.955771 0.274622
vt 0.958683 0.276052
vt 0.959324 0.278826
vt 0.956413 0.277396
vt 0.947929 0.251737
vt 0.945017 0.250306
vt 0.945076 0.248033
vt 0.947988 0.249463
vt 0.945257 0.241042
vt 0.948169 0.242472
vt 0.948110 0.244745
vt 0.945198 0.243315
vt 0.945313 0.238879
vt 0.948225 0.240310
vt 0.950013 0.283958
vt 0.953159 0.283958
vt 0.950750 0.295206
vt 0.947604 0.295206
vt 0.947675 0.257692
vt 0.950821 0.257692
vt 0.953229 0.268940
vt 0.950084 0.268940
vt 0.953517 0.281247
vt 0.950371 0.281247
vt 0.950557 0.278827
vt 0.953703 0.278827
vt 0.950419 0.271659
vt 0.953565 0.271659
vt 0.953728 0.274083
vt 0.950582 0.274083
vt 0.950809 0.255518
vt 0.947664 0.255518
vt 0.947652 0.253232
vt 0.950797 0.253232
vt 0.947616 0.246201
vt 0.950761 0.246201
vt 0.950773 0.248487
vt 0.947628 0.248487
vt 0.947604 0.244026
vt 0.950750 0.244026
vt 0.950728 0.288492
vt 0.953751 0.288492
vt 0.946564 0.300176
vt 0.943542 0.300176
vt 0.944447 0.259877
vt 0.947469 0.259877
vt 0.954655 0.271560
vt 0.951633 0.271560
vt 0.954929 0.285471
vt 0.951906 0.285471
vt 0.952578 0.282720
vt 0.955600 0.282720
vt 0.952522 0.274555
vt 0.955545 0.274555
vt 0.955915 0.277291
vt 0.952892 0.277291
vt 0.947325 0.257388
vt 0.944303 0.257388
vt 0.944151 0.254772
vt 0.947174 0.254772
vt 0.943686 0.246727
vt 0.946708 0.246727
vt 0.946860 0.249343
vt 0.943837 0.249343
vt 0.943542 0.244238
vt 0.946564 0.244238
vt 0.948327 0.253474
vt 0.945345 0.253474
vt 0.948109 0.242796
vt 0.951091 0.242796
vt 0.950413 0.278412
vt 0.947431 0.278412
vt 0.944667 0.267734
vt 0.947649 0.267734
vt 0.944839 0.256060
vt 0.947821 0.256060
vt 0.947508 0.258364
vt 0.944526 0.258364
vt 0.947360 0.265164
vt 0.944378 0.265164
vt 0.944291 0.262869
vt 0.947273 0.262869
vt 0.947539 0.280477
vt 0.950521 0.280477
vt 0.950634 0.282648
vt 0.947652 0.282648
vt 0.950983 0.289324
vt 0.948001 0.289324
vt 0.947887 0.287153
vt 0.950869 0.287153
vt 0.951091 0.291389
vt 0.948109 0.291389
vt 0.951679 0.257513
vt 0.948540 0.257513
vt 0.948559 0.246263
vt 0.951697 0.246263
vt 0.950817 0.283792
vt 0.947678 0.283792
vt 0.947660 0.272543
vt 0.950798 0.272543
vt 0.948397 0.260229
vt 0.951536 0.260229
vt 0.951388 0.262651
vt 0.948249 0.262651
vt 0.950936 0.269825
vt 0.947798 0.269825
vt 0.947943 0.267400
vt 0.951082 0.267400
vt 0.947818 0.285969
vt 0.950957 0.285969
vt 0.951104 0.288257
vt 0.947965 0.288257
vt 0.951557 0.295294
vt 0.948419 0.295294
vt 0.948271 0.293006
vt 0.951410 0.293006
vt 0.951697 0.297471
vt 0.948559 0.297471
vt 0.946761 0.283875
vt 0.949869 0.283875
vt 0.949645 0.295111
vt 0.946537 0.295111
vt 0.950731 0.257477
vt 0.953839 0.257477
vt 0.954063 0.268713
vt 0.950955 0.268713
vt 0.950571 0.281150
vt 0.947463 0.281150
vt 0.948179 0.278709
vt 0.951287 0.278709
vt 0.950318 0.271457
vt 0.953426 0.271457
vt 0.952743 0.273908
vt 0.949635 0.273908
vt 0.953172 0.255277
vt 0.950064 0.255277
vt 0.949362 0.252964
vt 0.952470 0.252964
vt 0.947204 0.245851
vt 0.950312 0.245851
vt 0.951014 0.248164
vt 0.947906 0.248164
vt 0.946537 0.243650
vt 0.949645 0.243650
vt 0.948732 0.257435
vt 0.945596 0.257435
vt 0.949179 0.246173
vt 0.952314 0.246173
vt 0.951577 0.283731
vt 0.948442 0.283731
vt 0.944860 0.272469
vt 0.947995 0.272469
vt 0.944964 0.260159
vt 0.948099 0.260159
vt 0.947717 0.262587
vt 0.944581 0.262587
vt 0.947598 0.269757
vt 0.944462 0.269757
vt 0.944325 0.267336
vt 0.947461 0.267336
vt 0.948559 0.285908
vt 0.951694 0.285908
vt 0.951818 0.288197
vt 0.948682 0.288197
vt 0.952197 0.295234
vt 0.949061 0.295234
vt 0.948938 0.292946
vt 0.952074 0.292946
vt 0.952314 0.297411
vt 0.949179 0.297411
vt 0.947254 0.254544
vt 0.944289 0.254544
vt 0.948430 0.241466
vt 0.951395 0.241466
vt 0.950701 0.281792
vt 0.947735 0.281792
vt 0.943594 0.268714
vt 0.946559 0.268714
vt 0.943853 0.257109
vt 0.946818 0.257109
vt 0.946538 0.259396
vt 0.943573 0.259396
vt 0.946345 0.266157
vt 0.943380 0.266157
vt 0.943332 0.263875
vt 0.946297 0.263875
vt 0.947846 0.283845
vt 0.950811 0.283845
vt 0.950927 0.286003
vt 0.947962 0.286003
vt 0.951285 0.292640
vt 0.948319 0.292640
vt 0.948203 0.290482
vt 0.951169 0.290482
vt 0.951395 0.294693
vt 0.948430 0.294693
vt 0.953501 0.285868
vt 0.956444 0.287314
vt 0.946802 0.296494
vt 0.943858 0.295048
vt 0.945369 0.252682
vt 0.948312 0.254128
vt 0.957243 0.272433
vt 0.954300 0.270987
vt 0.957897 0.285229
vt 0.954954 0.283783
vt 0.955749 0.281715
vt 0.958692 0.283161
vt 0.955480 0.274355
vt 0.958423 0.275801
vt 0.958956 0.278514
vt 0.956013 0.277068
vt 0.948303 0.251935
vt 0.945360 0.250489
vt 0.945351 0.248183
vt 0.948294 0.249629
vt 0.945322 0.241091
vt 0.948265 0.242537
vt 0.948274 0.244843
vt 0.945331 0.243397
vt 0.945313 0.238898
vt 0.948256 0.240344
vt 0.949017 0.252694
vt 0.945872 0.252694
vt 0.948270 0.241466
vt 0.951414 0.241466
vt 0.950678 0.278948
vt 0.947533 0.278948
vt 0.945135 0.267720
vt 0.948280 0.267720
vt 0.945410 0.255413
vt 0.948555 0.255413
vt 0.948258 0.257839
vt 0.945113 0.257839
vt 0.948053 0.265009
vt 0.944908 0.265009
vt 0.944857 0.262588
vt 0.948002 0.262588
vt 0.947650 0.281124
vt 0.950795 0.281124
vt 0.950918 0.283413
vt 0.947774 0.283413
vt 0.951297 0.290451
vt 0.948153 0.290451
vt 0.948029 0.288162
vt 0.951174 0.288162
vt 0.951414 0.292628
vt 0.948270 0.292628
vt 0.948390 0.254583
vt 0.945255 0.254583
vt 0.948896 0.243326
vt 0.952031 0.243326
vt 0.950650 0.280886
vt 0.947515 0.280886
vt 0.943874 0.269629
vt 0.947009 0.269629
vt 0.944511 0.257302
vt 0.947646 0.257302
vt 0.947152 0.259728
vt 0.944017 0.259728
vt 0.946706 0.266909
vt 0.943571 0.266909
vt 0.943537 0.264482
vt 0.946672 0.264482
vt 0.947735 0.283065
vt 0.950870 0.283065
vt 0.951101 0.285356
vt 0.947966 0.285356
vt 0.951811 0.292402
vt 0.948676 0.292402
vt 0.948445 0.290111
vt 0.951580 0.290111
vt 0.952031 0.294581
vt 0.948896 0.294581
vt 0.948631 0.254354
vt 0.945489 0.254354
vt 0.948429 0.243114
vt 0.951570 0.243114
vt 0.950833 0.280623
vt 0.947692 0.280623
vt 0.944753 0.269383
vt 0.947894 0.269383
vt 0.944949 0.257075
vt 0.948091 0.257075
vt 0.947755 0.259502
vt 0.944613 0.259502
vt 0.947589 0.266672
vt 0.944447 0.266672
vt 0.944357 0.264251
vt 0.947499 0.264251
vt 0.947809 0.282800
vt 0.950951 0.282800
vt 0.951074 0.285088
vt 0.947933 0.285088
vt 0.951453 0.292126
vt 0.948312 0.292126
vt 0.948188 0.289838
vt 0.951330 0.289838
vt 0.951570 0.294303
vt 0.948429 0.294303
vt 0.951712 0.251690
vt 0.948371 0.251690
vt 0.948367 0.239725
vt 0.951707 0.239725
vt 0.950923 0.279649
vt 0.947582 0.279649
vt 0.947587 0.267684
vt 0.950927 0.267684
vt 0.948247 0.254582
vt 0.951587 0.254582
vt 0.951457 0.257162
vt 0.948116 0.257162
vt 0.951053 0.264794
vt 0.947713 0.264794
vt 0.947844 0.262216
vt 0.951184 0.262216
vt 0.947707 0.281966
vt 0.951048 0.281966
vt 0.951179 0.284401
vt 0.947838 0.284401
vt 0.951582 0.291890
vt 0.948242 0.291890
vt 0.948111 0.289455
vt 0.951451 0.289455
vt 0.951707 0.294207
vt 0.948367 0.294207
vt 0.947938 0.283458
vt 0.951076 0.283458
vt 0.951026 0.294729
vt 0.947887 0.294729
vt 0.948936 0.257159
vt 0.952075 0.257159
vt 0.952125 0.268431
vt 0.948987 0.268431
vt 0.951251 0.280744
vt 0.948113 0.280744
vt 0.948291 0.278323
vt 0.951430 0.278323
vt 0.948827 0.271152
vt 0.951965 0.271152
vt 0.951794 0.273577
vt 0.948655 0.273577
vt 0.951908 0.254984
vt 0.948769 0.254984
vt 0.948594 0.252697
vt 0.951732 0.252697
vt 0.948054 0.245664
vt 0.951192 0.245664
vt 0.951368 0.247951
vt 0.948230 0.247951
vt 0.947887 0.243488
vt 0.951026 0.243488
vt 0.947985 0.252734
vt 0.944850 0.252734
vt 0.948452 0.241466
vt 0.951587 0.241466
vt 0.950864 0.279035
vt 0.947729 0.279035
vt 0.944127 0.267767
vt 0.947262 0.267767
vt 0.944217 0.255457
vt 0.947352 0.255457
vt 0.946970 0.257883
vt 0.943835 0.257883
vt 0.946860 0.265052
vt 0.943725 0.265052
vt 0.943584 0.262631
vt 0.946719 0.262631
vt 0.947844 0.281212
vt 0.950979 0.281212
vt 0.951100 0.283500
vt 0.947965 0.283500
vt 0.951472 0.290536
vt 0.948337 0.290536
vt 0.948216 0.288248
vt 0.951351 0.288248
vt 0.951587 0.292713
vt 0.948452 0.292713
vt 0.952827 0.286509
vt 0.955952 0.288045
vt 0.946970 0.297122
vt 0.943844 0.295587
vt 0.945614 0.254356
vt 0.948739 0.255891
vt 0.957032 0.273455
vt 0.953906 0.271920
vt 0.956473 0.285562
vt 0.953348 0.284026
vt 0.953697 0.281756
vt 0.956822 0.283291
vt 0.954066 0.274724
vt 0.957191 0.276260
vt 0.957185 0.278691
vt 0.954060 0.277156
vt 0.948685 0.253674
vt 0.945560 0.252139
vt 0.945503 0.249808
vt 0.948628 0.251344
vt 0.945327 0.242641
vt 0.948453 0.244177
vt 0.948510 0.246507
vt 0.945384 0.244972
vt 0.945273 0.240424
vt 0.948398 0.241960
vt 0.949374 0.257401
vt 0.946229 0.257401
vt 0.948620 0.246173
vt 0.951765 0.246173
vt 0.951041 0.283655
vt 0.947896 0.283655
vt 0.945505 0.272427
vt 0.948649 0.272427
vt 0.945770 0.260121
vt 0.948914 0.260121
vt 0.948620 0.262547
vt 0.945475 0.262547
vt 0.948421 0.269717
vt 0.945276 0.269717
vt 0.945224 0.267296
vt 0.948369 0.267296
vt 0.948011 0.285832
vt 0.951156 0.285832
vt 0.951277 0.288120
vt 0.948132 0.288120
vt 0.951650 0.295158
vt 0.948505 0.295158
vt 0.948384 0.292869
vt 0.951528 0.292869
vt 0.951765 0.297335
vt 0.948620 0.297335
vt 0.949380 0.255482
vt 0.946234 0.255482
vt 0.948595 0.244229
vt 0.951740 0.244229
vt 0.951092 0.281755
vt 0.947947 0.281755
vt 0.945586 0.270501
vt 0.948731 0.270501
vt 0.945791 0.258207
vt 0.948937 0.258207
vt 0.948657 0.260634
vt 0.945512 0.260634
vt 0.948495 0.267795
vt 0.945350 0.267795
vt 0.945287 0.265378
vt 0.948432 0.265378
vt 0.948050 0.283930
vt 0.951195 0.283930
vt 0.951304 0.286216
vt 0.948158 0.286216
vt 0.951637 0.293247
vt 0.948492 0.293247
vt 0.948383 0.290960
vt 0.951529 0.290960
vt 0.951740 0.295421
vt 0.948595 0.295421
vt 0.951163 0.254174
vt 0.948026 0.254174
vt 0.948645 0.242958
vt 0.951783 0.242958
vt 0.950050 0.280451
vt 0.946912 0.280451
vt 0.946293 0.269235
vt 0.949431 0.269235
vt 0.947660 0.256880
vt 0.950798 0.256880
vt 0.950464 0.259301
vt 0.947326 0.259301
vt 0.949618 0.266502
vt 0.946480 0.266502
vt 0.946725 0.264065
vt 0.949862 0.264065
vt 0.947188 0.282634
vt 0.950325 0.282634
vt 0.950615 0.284930
vt 0.947478 0.284930
vt 0.951507 0.291989
vt 0.948369 0.291989
vt 0.948079 0.289693
vt 0.951217 0.289693
vt 0.951783 0.294172
vt 0.948645 0.294172
vt 0.951195 0.255982
vt 0.947909 0.255982
vt 0.948435 0.244229
vt 0.951721 0.244229
vt 0.950813 0.283450
vt 0.947527 0.283450
vt 0.947001 0.271696
vt 0.950287 0.271696
vt 0.947688 0.258822
vt 0.950974 0.258822
vt 0.950785 0.261355
vt 0.947499 0.261355
vt 0.950356 0.268856
vt 0.947070 0.268856
vt 0.947184 0.266321
vt 0.950470 0.266321
vt 0.947672 0.285726
vt 0.950958 0.285726
vt 0.951110 0.288119
vt 0.947824 0.288119
vt 0.951577 0.295478
vt 0.948290 0.295478
vt 0.948139 0.293085
vt 0.951425 0.293085
vt 0.951721 0.297754
vt 0.948435 0.297754
vt 0.951383 0.252709
vt 0.948244 0.252709
vt 0.948240 0.241466
vt 0.951379 0.241466
vt 0.950525 0.280995
vt 0.947386 0.280995
vt 0.947390 0.269751
vt 0.950529 0.269751
vt 0.948109 0.255712
vt 0.951248 0.255712
vt 0.951106 0.258480
vt 0.947967 0.258480
vt 0.950666 0.266750
vt 0.947527 0.266750
vt 0.947670 0.263983
vt 0.950809 0.263983
vt 0.947522 0.283517
vt 0.950661 0.283517
vt 0.950804 0.286169
vt 0.947665 0.286169
vt 0.951243 0.294323
vt 0.948104 0.294323
vt 0.947961 0.291672
vt 0.951100 0.291672
vt 0.951379 0.296846
vt 0.948240 0.296846
vt 0.951688 0.255990
vt 0.948549 0.255990
vt 0.948545 0.244747
vt 0.951684 0.244747
vt 0.950947 0.282264
vt 0.947808 0.282264
vt 0.947812 0.271020
vt 0.950952 0.271020
vt 0.948432 0.258708
vt 0.951572 0.258708
vt 0.951449 0.261132
vt 0.948310 0.261132
vt 0.951070 0.268304
vt 0.947931 0.268304
vt 0.948054 0.265881
vt 0.951193 0.265881
vt 0.947925 0.284440
vt 0.951064 0.284440
vt 0.951188 0.286729
vt 0.948049 0.286729
vt 0.951567 0.293767
vt 0.948428 0.293767
vt 0.948305 0.291478
vt 0.951444 0.291478
vt 0.951684 0.295943
vt 0.948545 0.295943
vt 0.948700 0.253489
vt 0.945196 0.253489
vt 0.949199 0.240905
vt 0.952703 0.240905
vt 0.951879 0.282873
vt 0.948376 0.282873
vt 0.944373 0.270288
vt 0.947877 0.270288
vt 0.944489 0.256533
vt 0.947993 0.256533
vt 0.947565 0.259246
vt 0.944062 0.259246
vt 0.947432 0.267258
vt 0.943929 0.267258
vt 0.943776 0.264553
vt 0.947279 0.264553
vt 0.948507 0.285306
vt 0.952010 0.285306
vt 0.952148 0.287863
vt 0.948645 0.287863
vt 0.952572 0.295727
vt 0.949068 0.295727
vt 0.948930 0.293170
vt 0.952434 0.293170
vt 0.952703 0.298160
vt 0.949199 0.298160
vt 0.951328 0.284954
vt 0.954489 0.284954
vt 0.946803 0.297292
vt 0.943641 0.297292
vt 0.944245 0.256467
vt 0.947406 0.256467
vt 0.955093 0.268805
vt 0.951932 0.268805
vt 0.954557 0.282076
vt 0.951396 0.282076
vt 0.951482 0.279456
vt 0.954644 0.279456
vt 0.951807 0.271668
vt 0.954968 0.271668
vt 0.954853 0.274280
vt 0.951692 0.274280
vt 0.947310 0.254094
vt 0.944149 0.254094
vt 0.944048 0.251600
vt 0.947209 0.251600
vt 0.943737 0.243929
vt 0.946899 0.243929
vt 0.947000 0.246424
vt 0.943838 0.246424
vt 0.943641 0.241557
vt 0.946803 0.241557
vt 0.948456 0.255717
vt 0.945312 0.255717
vt 0.947737 0.244479
vt 0.950881 0.244479
vt 0.950100 0.281979
vt 0.946955 0.281979
vt 0.944531 0.270741
vt 0.947675 0.270741
vt 0.944839 0.258434
vt 0.947983 0.258434
vt 0.947677 0.260858
vt 0.944533 0.260858
vt 0.947451 0.268028
vt 0.944307 0.268028
vt 0.944261 0.265606
vt 0.947406 0.265606
vt 0.947080 0.284155
vt 0.950224 0.284155
vt 0.950355 0.286443
vt 0.947210 0.286443
vt 0.950756 0.293479
vt 0.947612 0.293479
vt 0.947482 0.291191
vt 0.950626 0.291191
vt 0.950881 0.295655
vt 0.947737 0.295655
vt 0.949153 0.254886
vt 0.946008 0.254886
vt 0.948382 0.243650
vt 0.951527 0.243650
vt 0.950840 0.281145
vt 0.947695 0.281145
vt 0.945320 0.269910
vt 0.948466 0.269910
vt 0.945557 0.257608
vt 0.948702 0.257608
vt 0.948415 0.260035
vt 0.945270 0.260035
vt 0.948234 0.267201
vt 0.945089 0.267201
vt 0.945031 0.264783
vt 0.948176 0.264783
vt 0.947804 0.283321
vt 0.950949 0.283321
vt 0.951064 0.285609
vt 0.947919 0.285609
vt 0.951418 0.292645
vt 0.948273 0.292645
vt 0.948158 0.290357
vt 0.951303 0.290357
vt 0.951527 0.294821
vt 0.948382 0.294821
vt 0.947781 0.287168
vt 0.950918 0.287168
vt 0.950917 0.298417
vt 0.947780 0.298417
vt 0.949253 0.259457
vt 0.952390 0.259457
vt 0.952390 0.270706
vt 0.949253 0.270706
vt 0.951153 0.284260
vt 0.948016 0.284260
vt 0.948262 0.281599
vt 0.951398 0.281599
vt 0.949018 0.273637
vt 0.952155 0.273637
vt 0.951910 0.276312
vt 0.948773 0.276312
vt 0.952155 0.257034
vt 0.949018 0.257034
vt 0.948772 0.254486
vt 0.951909 0.254486
vt 0.948014 0.246652
vt 0.951151 0.246652
vt 0.951398 0.249199
vt 0.948261 0.249199
vt 0.947780 0.244229
vt 0.950917 0.244229
vt 0.951543 0.252709
vt 0.948404 0.252709
vt 0.948400 0.241466
vt 0.951539 0.241466
vt 0.950802 0.278982
vt 0.947663 0.278982
vt 0.947667 0.267739
vt 0.950806 0.267739
vt 0.948287 0.255427
vt 0.951426 0.255427
vt 0.951304 0.257851
vt 0.948164 0.257851
vt 0.950924 0.265023
vt 0.947785 0.265023
vt 0.947909 0.262600
vt 0.951048 0.262600
vt 0.947780 0.281159
vt 0.950919 0.281159
vt 0.951042 0.283448
vt 0.947903 0.283448
vt 0.951422 0.290486
vt 0.948282 0.290486
vt 0.948159 0.288197
vt 0.951298 0.288197
vt 0.951539 0.292662
vt 0.948400 0.292662
vt 0.948070 0.287103
vt 0.951209 0.287103
vt 0.951165 0.298369
vt 0.948026 0.298369
vt 0.949043 0.260809
vt 0.952181 0.260809
vt 0.952225 0.272075
vt 0.949087 0.272075
vt 0.951377 0.284389
vt 0.948239 0.284389
vt 0.948412 0.281968
vt 0.951550 0.281968
vt 0.948931 0.274796
vt 0.952069 0.274796
vt 0.951903 0.277221
vt 0.948765 0.277221
vt 0.952020 0.258634
vt 0.948881 0.258634
vt 0.948711 0.256346
vt 0.951849 0.256346
vt 0.948188 0.249312
vt 0.951327 0.249312
vt 0.951497 0.251600
vt 0.948358 0.251600
vt 0.948026 0.247137
vt 0.951165 0.247137
vt 0.951464 0.252852
vt 0.948164 0.252852
vt 0.948160 0.241034
vt 0.951459 0.241034
vt 0.950685 0.280468
vt 0.947385 0.280468
vt 0.947390 0.268650
vt 0.950690 0.268650
vt 0.948042 0.255708
vt 0.951341 0.255708
vt 0.951212 0.258256
vt 0.947913 0.258256
vt 0.950814 0.265795
vt 0.947514 0.265795
vt 0.947644 0.263248
vt 0.950943 0.263248
vt 0.947509 0.282756
vt 0.950808 0.282756
vt 0.950938 0.285162
vt 0.947638 0.285162
vt 0.951336 0.292559
vt 0.948037 0.292559
vt 0.947907 0.290154
vt 0.951207 0.290154
vt 0.951459 0.294847
vt 0.948160 0.294847
vt 0.948270 0.255299
vt 0.945134 0.255299
vt 0.948684 0.244021
vt 0.951820 0.244021
vt 0.951058 0.281607
vt 0.947922 0.281607
vt 0.944371 0.270329
vt 0.947508 0.270329
vt 0.944501 0.258028
vt 0.947638 0.258028
vt 0.947253 0.260457
vt 0.944117 0.260457
vt 0.947118 0.267621
vt 0.943982 0.267621
vt 0.943852 0.265204
vt 0.946988 0.265204
vt 0.948043 0.283783
vt 0.951179 0.283783
vt 0.951307 0.286070
vt 0.948171 0.286070
vt 0.951699 0.293103
vt 0.948563 0.293103
vt 0.948435 0.290816
vt 0.951572 0.290816
vt 0.951820 0.295279
vt 0.948684 0.295279
vt 0.949221 0.286945
vt 0.952253 0.290376
vt 0.949356 0.298719
vt 0.946323 0.295288
vt 0.945883 0.255980
vt 0.948916 0.259411
vt 0.950515 0.272840
vt 0.947482 0.269409
vt 0.952317 0.287651
vt 0.949284 0.284219
vt 0.949151 0.281568
vt 0.952184 0.284999
vt 0.948063 0.272895
vt 0.951096 0.276326
vt 0.951554 0.279363
vt 0.948521 0.275932
vt 0.949457 0.257767
vt 0.946424 0.254336
vt 0.946993 0.252608
vt 0.950026 0.256039
vt 0.948743 0.247293
vt 0.951776 0.250724
vt 0.951207 0.252453
vt 0.948174 0.249021
vt 0.949284 0.245649
vt 0.952317 0.249080
vt 0.951243 0.286222
vt 0.954339 0.286222
vt 0.949568 0.297638
vt 0.946472 0.297638
vt 0.947166 0.259744
vt 0.950262 0.259744
vt 0.955033 0.271160
vt 0.951937 0.271160
vt 0.955136 0.283487
vt 0.952040 0.283487
vt 0.952502 0.281057
vt 0.955597 0.281057
vt 0.952513 0.273886
vt 0.955609 0.273886
vt 0.955838 0.276310
vt 0.952743 0.276310
vt 0.950151 0.257568
vt 0.947056 0.257568
vt 0.946940 0.255280
vt 0.950035 0.255280
vt 0.946583 0.248245
vt 0.949678 0.248245
vt 0.949794 0.250533
vt 0.946699 0.250533
vt 0.946472 0.246069
vt 0.949568 0.246069
vt 0.947556 0.254003
vt 0.944460 0.254003
vt 0.949203 0.242599
vt 0.952299 0.242599
vt 0.951522 0.280472
vt 0.948426 0.280472
vt 0.943683 0.269069
vt 0.946779 0.269069
vt 0.943654 0.256742
vt 0.946750 0.256742
vt 0.946277 0.259174
vt 0.943181 0.259174
vt 0.946221 0.266346
vt 0.943125 0.266346
vt 0.942911 0.263923
vt 0.946007 0.263923
vt 0.948549 0.282649
vt 0.951645 0.282649
vt 0.951775 0.284938
vt 0.948679 0.284938
vt 0.952175 0.291976
vt 0.949079 0.291976
vt 0.948949 0.289687
vt 0.952045 0.289687
vt 0.952299 0.294153
vt 0.949203 0.294153
s 1
usemtl Cabin
f 538/899/562 539/900/562 541/901/563 540/902/563
f 544/903/564 545/904/564 543/905/565 542/906/565
f 553/907/566 558/908/566 559/909/566 552/910/566
f 561/911/566 550/912/566 551/913/566 560/914/566
f 549/912/567 554/911/567 555/914/567 548/913/567
f 557/908/567 546/907/567 547/910/567 556/909/567
f 558/915/568 557/916/568 556/917/569 559/918/569
f 554/919/570 561/920/570 560/921/571 555/922/571
f 550/923/572 549/924/572 548/925/572 551/926/572
f 546/927/572 553/928/572 552/929/572 547/930/572
f 551/926/572 548/925/572 547/930/572 552/929/572
f 540/931/563 541/932/563 553/928/572 546/927/572
f 548/913/567 555/914/567 556/909/567 547/910/567
f 540/933/567 546/907/567 557/908/567 538/934/567
f 549/924/572 550/923/572 545/904/564 544/903/564
f 549/912/567 544/935/567 542/936/567 554/911/567
f 552/910/566 559/909/566 560/914/566 551/913/566
f 545/935/566 550/912/566 561/911/566 543/936/566
f 553/907/566 541/933/566 539/934/566 558/908/566
f 559/918/569 556/917/569 555/922/571 560/921/571
f 542/906/565 543/905/565 561/920/570 554/919/570
f 557/916/568 558/915/568 539/900/562 538/899/562
f 562/937/573 563/938/574 565/939/575 564/940/576
f 568/941/577 569/942/578 567/943/579 566/944/580
f 577/945/581 582/946/581 583/947/581 576/948/581
f 585/949/581 574/950/581 575/951/581 584/952/581
f 573/912/582 578/911/582 579/914/582 572/913/582
f 581/908/582 570/907/582 571/910/582 580/909/582
f 582/953/583 581/954/584 580/955/585 583/956/586
f 578/957/587 585/958/588 584/959/589 579/960/590
f 574/961/591 573/962/591 572/963/591 575/964/591
f 570/965/591 577/966/591 576/967/591 571/968/591
f 575/964/591 572/963/591 571/968/591 576/967/591
f 564/969/576 565/970/575 577/966/591 570/965/591
f 572/913/582 579/914/582 580/909/582 571/910/582
f 564/933/582 570/907/582 581/908/582 562/934/582
f 573/962/591 574/961/591 569/942/578 568/941/577
f 573/912/582 568/935/582 566/936/582 578/911/582
f 576/948/581 583/947/581 584/952/581 575/951/581
f 569/971/581 574/950/581 585/949/581 567/972/581
f 577/945/581 565/973/581 563/974/581 582/946/581
f 583/956/586 580/955/585 579/960/590 584/959/589
f 566/944/580 567/943/579 585/958/588 578/957/587
f 581/954/584 582/953/583 563/938/574 562/937/573
f 586/975/592 587/976/593 589/977/594 588/978/595
f 592/979/596 593/980/597 591/981/598 590/982/599
f 601/945/600 606/946/600 607/947/600 600/948/600
f 609/949/600 598/950/600 599/951/600 608/952/600
f 597/912/601 602/911/601 603/914/601 596/913/601
f 605/908/601 594/907/601 595/910/601 604/909/601
f 606/983/602 605/984/603 604/985/604 607/986/605
f 602/987/606 609/988/607 608/989/608 603/990/609
f 598/991/610 597/992/610 596/993/610 599/994/610
f 594/995/610 601/996/610 600/997/610 595/998/610
f 599/994/610 596/993/610 595/998/610 600/997/610
f 588/999/595 589/1000/594 601/996/610 594/995/610
f 596/913/601 603/914/601 604/909/601 595/910/601
f 588/933/601 594/907/601 605/908/601 586/934/601
f 597/992/610 598/991/610 593/980/597 592/979/596
f 597/912/601 592/935/601 590/936/601 602/911/601
f 600/948/600 607/947/600 608/952/600 599/951/600
f 593/971/600 598/950/600 609/949/600 591/972/600
f 601/945/600 589/973/600 587/974/600 606/946/600
f 607/986/605 604/985/604 603/990/609 608/989/608
f 590/982/599 591/981/598 609/988/607 602/987/606
f 605/984/603 606/983/602 587/976/593 586/975/592
f 610/1001/562 611/1002/562 613/1003/563 612/1004/563
f 616/1005/564 617/1006/564 615/1007/565 614/1008/565
f 625/1009/566 630/1010/566 631/1011/566 624/1012/566
f 633/1013/566 622/1014/566 623/1015/566 632/1016/566
f 621/912/567 626/911/567 627/914/567 620/913/567
f 629/908/567 618/907/567 619/910/567 628/909/567
f 630/1017/568 629/1018/568 628/1019/569 631/1020/569
f 626/1021/570 633/1022/570 632/1023/571 627/1024/571
f 622/1025/572 621/1026/572 620/1027/572 623/1028/572
f 618/1029/572 625/1030/572 624/1031/572 619/1032/572
f 623/1028/572 620/1027/572 619/1032/572 624/1031/572
f 612/1033/563 613/1034/563 625/1030/572 618/1029/572
f 620/913/567 627/914/567 628/909/567 619/910/567
f 612/933/567 618/907/567 629/908/567 610/934/567
f 621/1026/572 622/1025/572 617/1006/564 616/1005/564
f 621/912/567 616/935/567 614/936/567 626/911/567
f 624/1012/566 631/1011/566 632/1016/566 623/1015/566
f 617/1035/566 622/1014/566 633/1013/566 615/1036/566
f 625/1009/566 613/1037/566 611/1038/566 630/1010/566
f 631/1020/569 628/1019/569 627/1024/571 632/1023/571
f 614/1008/565 615/1007/565 633/1022/570 626/1021/570
f 629/1018/568 630/1017/568 611/1002/562 610/1001/562
f 634/1039/611 635/1040/612 637/1041/613 636/1042/614
f 640/1043/615 641/1044/616 639/1045/617 638/1046/618
f 649/907/619 654/908/619 655/909/619 648/910/619
f 657/911/619 646/912/619 647/913/619 656/914/619
f 645/912/620 650/911/620 651/914/620 644/913/620
f 653/908/620 642/907/620 643/910/620 652/909/620
f 654/1047/621 653/1048/622 652/1049/623 655/1050/624
f 650/1051/625 657/1052/626 656/1053/627 651/1054/628
f 646/1055/629 645/1056/629 644/1057/629 647/1058/629
f 642/1059/629 649/1060/629 648/1061/629 643/1062/629
f 647/1058/629 644/1057/629 643/1062/629 648/1061/629
f 636/1063/614 637/1064/613 649/1060/629 642/1059/629
f 644/913/620 651/914/620 652/909/620 643/910/620
f 636/933/620 642/907/620 653/908/620 634/934/620
f 645/1056/629 646/1055/629 641/1044/616 640/1043/615
f 645/912/620 640/935/620 638/936/620 650/911/620
f 648/910/619 655/909/619 656/914/619 647/913/619
f 641/935/619 646/912/619 657/911/619 639/936/619
f 649/907/619 637/933/619 635/934/619 654/908/619
f 655/1050/624 652/1049/623 651/1054/628 656/1053/627
f 638/1046/618 639/1045/617 657/1052/626 650/1051/625
f 653/1048/622 654/1047/621 635/1040/612 634/1039/611
f 658/1065/630 659/1066/631 661/1067/632 660/1068/633
f 664/1069/634 665/1070/635 663/1071/636 662/1072/637
f 673/907/638 678/908/638 679/909/638 672/910/638
f 681/911/638 670/912/638 671/913/638 680/914/638
f 669/912/639 674/911/639 675/914/639 668/913/639
f 677/908/639 666/907/639 667/910/639 676/909/639
f 678/1073/640 677/1074/641 676/1075/642 679/1076/643
f 674/1077/644 681/1078/645 680/1079/646 675/1080/647
f 670/1081/648 669/1082/648 668/1083/648 671/1084/648
f 666/1085/648 673/1086/648 672/1087/648 667/1088/648
f 671/1084/648 668/1083/648 667/1088/648 672/1087/648
f 660/1089/633 661/1090/632 673/1086/648 666/1085/648
f 668/913/639 675/914/639 676/909/639 667/910/639
f 660/933/639 666/907/639 677/908/639 658/934/639
f 669/1082/648 670/1081/648 665/1070/635 664/1069/634
f 669/912/639 664/935/639 662/936/639 674/911/639
f 672/910/638 679/909/638 680/914/638 671/913/638
f 665/935/638 670/912/638 681/911/638 663/936/638
f 673/907/638 661/933/638 659/934/638 678/908/638
f 679/1076/643 676/1075/642 675/1080/647 680/1079/646
f 662/1072/637 663/1071/636 681/1078/645 674/1077/644
f 677/1074/641 678/1073/640 659/1066/631 658/1065/630
f 682/1091/649 683/1092/650 685/1093/651 684/1094/652
f 688/1095/653 689/1096/654 687/1097/655 686/1098/656
f 697/1009/657 702/1010/657 703/1011/657 696/1012/657
f 705/1013/657 694/1014/657 695/1015/657 704/1016/657
f 693/912/658 698/911/658 699/914/658 692/913/658
f 701/908/658 690/907/658 691/910/658 700/909/658
f 702/1099/659 701/1100/660 700/1101/661 703/1102/662
f 698/1103/663 705/1104/664 704/1105/665 699/1106/666
f 694/1107/667 693/1108/667 692/1109/667 695/1110/667
f 690/1111/667 697/1112/667 696/1113/667 691/1114/667
f 695/1110/667 692/1109/667 691/1114/667 696/1113/667
f 684/1115/652 685/1116/651 697/1112/667 690/1111/667
f 692/913/658 699/914/658 700/909/658 691/910/658
f 684/933/658 690/907/658 701/908/658 682/934/658
f 693/1108/667 694/1107/667 689/1096/654 688/1095/653
f 693/912/658 688/935/658 686/936/658 698/911/658
f 696/1012/657 703/1011/657 704/1016/657 695/1015/657
f 689/1035/657 694/1014/657 705/1013/657 687/1036/657
f 697/1009/657 685/1037/657 683/1038/657 702/1010/657
f 703/1102/662 700/1101/661 699/1106/666 704/1105/665
f 686/1098/656 687/1097/655 705/1104/664 698/1103/663
f 701/1100/660 702/1099/659 683/1092/650 682/1091/649
f 706/1117/649 707/1118/650 709/1119/651 708/1120/652
f 712/1121/653 713/1122/654 711/1123/655 710/1124/656
f 721/907/657 726/908/657 727/909/657 720/910/657
f 729/911/657 718/912/657 719/913/657 728/914/657
f 717/912/658 722/911/658 723/914/658 716/913/658
f 725/908/658 714/907/658 715/910/658 724/909/658
f 726/1125/659 725/1126/660 724/1127/661 727/1128/662
f 722/1129/663 729/1130/664 728/1131/665 723/1132/666
f 718/1133/667 717/1134/667 716/1135/667 719/1136/667
f 714/1137/667 721/1138/667 720/1139/667 715/1140/667
f 719/1136/667 716/1135/667 715/1140/667 720/1139/667
f 708/1141/652 709/1142/651 721/1138/667 714/1137/667
f 716/913/658 723/914/658 724/909/658 715/910/658
f 708/933/658 714/907/658 725/908/658 706/934/658
f 717/1134/667 718/1133/667 713/1122/654 712/1121/653
f 717/912/658 712/935/658 710/936/658 722/911/658
f 720/910/657 727/909/657 728/914/657 719/913/657
f 713/935/657 718/912/657 729/911/657 711/936/657
f 721/907/657 709/933/657 707/934/657 726/908/657
f 727/1128/662 724/1127/661 723/1132/666 728/1131/665
f 710/1124/656 711/1123/655 729/1130/664 722/1129/663
f 725/1126/660 726/1125/659 707/1118/650 706/1117/649
f 730/1143/668 731/1144/669 733/1145/670 732/1146/671
f 736/1147/672 737/1148/673 735/1149/674 734/1150/675
f 745/907/676 750/908/676 751/909/676 744/910/676
f 753/911/676 742/912/676 743/913/676 752/914/676
f 741/912/677 746/911/677 747/914/677 740/913/677
f 749/908/677 738/907/677 739/910/677 748/909/677
f 750/1151/678 749/1152/679 748/1153/680 751/1154/681
f 746/1155/682 753/1156/683 752/1157/684 747/1158/685
f 742/1159/686 741/1160/686 740/1161/686 743/1162/686
f 738/1163/686 745/1164/686 744/1165/686 739/1166/686
f 743/1162/686 740/1161/686 739/1166/686 744/1165/686
f 732/1167/671 733/1168/670 745/1164/686 738/1163/686
f 740/913/677 747/914/677 748/909/677 739/910/677
f 732/933/677 738/907/677 749/908/677 730/934/677
f 741/1160/686 742/1159/686 737/1148/673 736/1147/672
f 741/912/677 736/935/677 734/936/677 746/911/677
f 744/910/676 751/909/676 752/914/676 743/913/676
f 737/935/676 742/912/676 753/911/676 735/936/676
f 745/907/676 733/933/676 731/934/676 750/908/676
f 751/1154/681 748/1153/680 747/1158/685 752/1157/684
f 734/1150/675 735/1149/674 753/1156/683 746/1155/682
f 749/1152/679 750/1151/678 731/1144/669 730/1143/668
f 754/1169/687 755/1170/688 757/1171/689 756/1172/690
f 760/1173/691 761/1174/692 759/1175/693 758/1176/694
f 769/1009/695 774/1010/695 775/1011/695 768/1012/695
f 777/1013/695 766/1014/695 767/1015/695 776/1016/695
f 765/912/696 770/911/696 771/914/696 764/913/696
f 773/908/696 762/907/696 763/910/696 772/909/696
f 774/1177/697 773/1178/698 772/1179/699 775/1180/700
f 770/1181/701 777/1182/702 776/1183/703 771/1184/704
f 766/1185/705 765/1186/705 764/1187/705 767/1188/705
f 762/1189/705 769/1190/705 768/1191/705 763/1192/705
f 767/1188/705 764/1187/705 763/1192/705 768/1191/705
f 756/1193/690 757/1194/689 769/1190/705 762/1189/705
f 764/913/696 771/914/696 772/909/696 763/910/696
f 756/933/696 762/907/696 773/908/696 754/934/696
f 765/1186/705 766/1185/705 761/1174/692 760/1173/691
f 765/912/696 760/935/696 758/936/696 770/911/696
f 768/1012/695 775/1011/695 776/1016/695 767/1015/695
f 761/1035/695 766/1014/695 777/1013/695 759/1036/695
f 769/1009/695 757/1037/695 755/1038/695 774/1010/695
f 775/1180/700 772/1179/699 771/1184/704 776/1183/703
f 758/1176/694 759/1175/693 777/1182/702 770/1181/701
f 773/1178/698 774/1177/697 755/1170/688 754/1169/687
f 778/1195/562 779/1196/562 781/1197/563 780/1198/563
f 784/1199/564 785/1200/564 783/1201/565 782/1202/565
f 793/907/566 798/908/566 799/909/566 792/910/566
f 801/911/566 790/912/566 791/913/566 800/914/566
f 789/912/567 794/911/567 795/914/567 788/913/567
f 797/908/567 786/907/567 787/910/567 796/909/567
f 798/1203/568 797/1204/568 796/1205/569 799/1206/569
f 794/1207/570 801/1208/570 800/1209/571 795/1210/571
f 790/1211/572 789/1212/572 788/1213/572 791/1214/572
f 786/1215/572 793/1216/572 792/1217/572 787/1218/572
f 791/1214/572 788/1213/572 787/1218/572 792/1217/572
f 780/1219/563 781/1220/563 793/1216/572 786/1215/572
f 788/913/567 795/914/567 796/909/567 787/910/567
f 780/933/567 786/907/567 797/908/567 778/934/567
f 789/1212/572 790/1211/572 785/1200/564 784/1199/564
f 789/912/567 784/935/567 782/936/567 794/911/567
f 792/910/566 799/909/566 800/914/566 791/913/566
f 785/935/566 790/912/566 801/911/566 783/936/566
f 793/907/566 781/933/566 779/934/566 798/908/566
f 799/1206/569 796/1205/569 795/1210/571 800/1209/571
f 782/1202/565 783/1201/565 801/1208/570 794/1207/570
f 797/1204/568 798/1203/568 779/1196/562 778/1195/562
f 802/1221/562 803/1222/562 805/1223/563 804/1224/563
f 808/1225/564 809/1226/564 807/1227/565 806/1228/565
f 817/907/566 822/908/566 823/909/566 816/910/566
f 825/911/566 814/912/566 815/913/566 824/914/566
f 813/912/567 818/911/567 819/914/567 812/913/567
f 821/908/567 810/907/567 811/910/567 820/909/567
f 822/1229/568 821/1230/568 820/1231/569 823/1232/569
f 818/1233/570 825/1234/570 824/1235/571 819/1236/571
f 814/1237/572 813/1238/572 812/1239/572 815/1240/572
f 810/1241/572 817/1242/572 816/1243/572 811/1244/572
f 815/1240/572 812/1239/572 811/1244/572 816/1243/572
f 804/1245/563 805/1246/563 817/1242/572 810/1241/572
f 812/913/567 819/914/567 820/909/567 811/910/567
f 804/933/567 810/907/567 821/908/567 802/934/567
f 813/1238/572 814/1237/572 809/1226/564 808/1225/564
f 813/912/567 808/935/567 806/936/567 818/911/567
f 816/910/566 823/909/566 824/914/566 815/913/566
f 809/935/566 814/912/566 825/911/566 807/936/566
f 817/907/566 805/933/566 803/934/566 822/908/566
f 823/1232/569 820/1231/569 819/1236/571 824/1235/571
f 806/1228/565 807/1227/565 825/1234/570 818/1233/570
f 821/1230/568 822/1229/568 803/1222/562 802/1221/562
f 826/1247/706 827/1248/707 829/1249/708 828/1250/709
f 832/1251/710 833/1252/711 831/1253/712 830/1254/713
f 841/1009/714 846/1010/714 847/1011/714 840/1012/714
f 849/1013/714 838/1014/714 839/1015/714 848/1016/714
f 837/912/715 842/911/715 843/914/715 836/913/715
f 845/908/715 834/907/715 835/910/715 844/909/715
f 846/1255/716 845/1256/717 844/1257/718 847/1258/719
f 842/1259/720 849/1260/721 848/1261/722 843/1262/723
f 838/1263/724 837/1264/724 836/1265/724 839/1266/724
f 834/1267/724 841/1268/724 840/1269/724 835/1270/724
f 839/1266/724 836/1265/724 835/1270/724 840/1269/724
f 828/1271/709 829/1272/708 841/1268/724 834/1267/724
f 836/913/715 843/914/715 844/909/715 835/910/715
f 828/933/715 834/907/715 845/908/715 826/934/715
f 837/1264/724 838/1263/724 833/1252/711 832/1251/710
f 837/912/715 832/935/715 830/936/715 842/911/715
f 840/1012/714 847/1011/714 848/1016/714 839/1015/714
f 833/1035/714 838/1014/714 849/1013/714 831/1036/714
f 841/1009/714 829/1037/714 827/1038/714 846/1010/714
f 847/1258/719 844/1257/718 843/1262/723 848/1261/722
f 830/1254/713 831/1253/712 849/1260/721 842/1259/720
f 845/1256/717 846/1255/716 827/1248/707 826/1247/706
f 850/1273/725 851/1274/726 853/1275/727 852/1276/728
f 856/1277/729 857/1278/730 855/1279/731 854/1280/732
f 865/945/733 870/946/733 871/947/733 864/948/733
f 873/949/733 862/950/733 863/951/733 872/952/733
f 861/912/734 866/911/734 867/914/734 860/913/734
f 869/908/734 858/907/734 859/910/734 868/909/734
f 870/1281/735 869/1282/736 868/1283/737 871/1284/738
f 866/1285/739 873/1286/740 872/1287/741 867/1288/742
f 862/1289/743 861/1290/743 860/1291/743 863/1292/743
f 858/1293/743 865/1294/743 864/1295/743 859/1296/743
f 863/1292/743 860/1291/743 859/1296/743 864/1295/743
f 852/1297/728 853/1298/727 865/1294/743 858/1293/743
f 860/913/734 867/914/734 868/909/734 859/910/734
f 852/933/734 858/907/734 869/908/734 850/934/734
f 861/1290/743 862/1289/743 857/1278/730 856/1277/729
f 861/912/734 856/935/734 854/936/734 866/911/734
f 864/948/733 871/947/733 872/952/733 863/951/733
f 857/971/733 862/950/733 873/949/733 855/972/733
f 865/945/733 853/973/733 851/974/733 870/946/733
f 871/1284/738 868/1283/737 867/1288/742 872/1287/741
f 854/1280/732 855/1279/731 873/1286/740 866/1285/739
f 869/1282/736 870/1281/735 851/1274/726 850/1273/725
f 874/1299/744 875/1300/745 877/1301/746 876/1302/747
f 880/1303/748 881/1304/749 879/1305/750 878/1306/751
f 889/907/752 894/908/752 895/909/752 888/910/752
f 897/911/752 886/912/752 887/913/752 896/914/752
f 885/912/753 890/911/753 891/914/753 884/913/753
f 893/908/753 882/907/753 883/910/753 892/909/753
f 894/1307/754 893/1308/755 892/1309/756 895/1310/757
f 890/1311/758 897/1312/759 896/1313/760 891/1314/761
f 886/1315/762 885/1316/762 884/1317/762 887/1318/762
f 882/1319/762 889/1320/762 888/1321/762 883/1322/762
f 887/1318/762 884/1317/762 883/1322/762 888/1321/762
f 876/1323/747 877/1324/746 889/1320/762 882/1319/762
f 884/913/753 891/914/753 892/909/753 883/910/753
f 876/933/753 882/907/753 893/908/753 874/934/753
f 885/1316/762 886/1315/762 881/1304/749 880/1303/748
f 885/912/753 880/935/753 878/936/753 890/911/753
f 888/910/752 895/909/752 896/914/752 887/913/752
f 881/935/752 886/912/752 897/911/752 879/936/752
f 889/907/752 877/933/752 875/934/752 894/908/752
f 895/1310/757 892/1309/756 891/1314/761 896/1313/760
f 878/1306/751 879/1305/750 897/1312/759 890/1311/758
f 893/1308/755 894/1307/754 875/1300/745 874/1299/744
f 898/1325/763 899/1326/764 901/1327/765 900/1328/766
f 904/1329/767 905/1330/768 903/1331/769 902/1332/770
f 913/907/771 918/908/771 919/909/771 912/910/771
f 921/911/771 910/912/771 911/913/771 920/914/771
f 909/912/772 914/911/772 915/914/772 908/913/772
f 917/908/772 906/907/772 907/910/772 916/909/772
f 918/1333/773 917/1334/774 916/1335/775 919/1336/776
f 914/1337/777 921/1338/778 920/1339/779 915/1340/780
f 910/1341/781 909/1342/781 908/1343/781 911/1344/781
f 906/1345/781 913/1346/781 912/1347/781 907/1348/781
f 911/1344/781 908/1343/781 907/1348/781 912/1347/781
f 900/1349/766 901/1350/765 913/1346/781 906/1345/781
f 908/913/772 915/914/772 916/909/772 907/910/772
f 900/933/772 906/907/772 917/908/772 898/934/772
f 909/1342/781 910/1341/781 905/1330/768 904/1329/767
f 909/912/772 904/935/772 902/936/772 914/911/772
f 912/910/771 919/909/771 920/914/771 911/913/771
f 905/935/771 910/912/771 921/911/771 903/936/771
f 913/907/771 901/933/771 899/934/771 918/908/771
f 919/1336/776 916/1335/775 915/1340/780 920/1339/779
f 902/1332/770 903/1331/769 921/1338/778 914/1337/777
f 917/1334/774 918/1333/773 899/1326/764 898/1325/763
f 922/1351/782 923/1352/783 925/1353/784 924/1354/785
f 928/1355/786 929/1356/787 927/1357/788 926/1358/789
f 937/1009/790 942/1010/790 943/1011/790 936/1012/790
f 945/1013/790 934/1014/790 935/1015/790 944/1016/790
f 933/912/791 938/911/791 939/914/791 932/913/791
f 941/908/791 930/907/791 931/910/791 940/909/791
f 942/1359/792 941/1360/793 940/1361/794 943/1362/795
f 938/1363/796 945/1364/797 944/1365/798 939/1366/799
f 934/1367/800 933/1368/800 932/1369/800 935/1370/800
f 930/1371/800 937/1372/800 936/1373/800 931/1374/800
f 935/1370/800 932/1369/800 931/1374/800 936/1373/800
f 924/1375/785 925/1376/784 937/1372/800 930/1371/800
f 932/913/791 939/914/791 940/909/791 931/910/791
f 924/933/791 930/907/791 941/908/791 922/934/791
f 933/1368/800 934/1367/800 929/1356/787 928/1355/786
f 933/912/791 928/935/791 926/936/791 938/911/791
f 936/1012/790 943/1011/790 944/1016/790 935/1015/790
f 929/1035/790 934/1014/790 945/1013/790 927/1036/790
f 937/1009/790 925/1037/790 923/1038/790 942/1010/790
f 943/1362/795 940/1361/794 939/1366/799 944/1365/798
f 926/1358/789 927/1357/788 945/1364/797 938/1363/796
f 941/1360/793 942/1359/792 923/1352/783 922/1351/782
f 946/1377/801 947/1378/802 949/1379/803 948/1380/804
f 952/1381/805 953/1382/806 951/1383/807 950/1384/808
f 961/945/809 966/946/809 967/947/809 960/948/809
f 969/949/809 958/950/809 959/951/809 968/952/809
f 957/912/810 962/911/810 963/914/810 956/913/810
f 965/908/810 954/907/810 955/910/810 964/909/810
f 966/1385/811 965/1386/812 964/1387/813 967/1388/814
f 962/1389/815 969/1390/816 968/1391/817 963/1392/818
f 958/1393/819 957/1394/819 956/1395/819 959/1396/819
f 954/1397/819 961/1398/819 960/1399/819 955/1400/819
f 959/1396/819 956/1395/819 955/1400/819 960/1399/819
f 948/1401/804 949/1402/803 961/1398/819 954/1397/819
f 956/913/810 963/914/810 964/909/810 955/910/810
f 948/933/810 954/907/810 965/908/810 946/934/810
f 957/1394/819 958/1393/819 953/1382/806 952/1381/805
f 957/912/810 952/935/810 950/936/810 962/911/810
f 960/948/809 967/947/809 968/952/809 959/951/809
f 953/971/809 958/950/809 969/949/809 951/972/809
f 961/945/809 949/973/809 947/974/809 966/946/809
f 967/1388/814 964/1387/813 963/1392/818 968/1391/817
f 950/1384/808 951/1383/807 969/1390/816 962/1389/815
f 965/1386/812 966/1385/811 947/1378/802 946/1377/801
f 970/1403/820 971/1404/821 973/1405/822 972/1406/823
f 976/1407/824 977/1408/825 975/1409/826 974/1410/827
f 985/1009/828 990/1010/828 991/1011/828 984/1012/828
f 993/1013/828 982/1014/828 983/1015/828 992/1016/828
f 981/912/829 986/911/829 987/914/829 980/913/829
f 989/908/829 978/907/829 979/910/829 988/909/829
f 990/1411/830 989/1412/831 988/1413/832 991/1414/833
f 986/1415/834 993/1416/835 992/1417/836 987/1418/837
f 982/1419/838 981/1420/838 980/1421/838 983/1422/838
f 978/1423/838 985/1424/838 984/1425/838 979/1426/838
f 983/1422/838 980/1421/838 979/1426/838 984/1425/838
f 972/1427/823 973/1428/822 985/1424/838 978/1423/838
f 980/913/829 987/914/829 988/909/829 979/910/829
f 972/933/829 978/907/829 989/908/829 970/934/829
f 981/1420/838 982/1419/838 977/1408/825 976/1407/824
f 981/912/829 976/935/829 974/936/829 986/911/829
f 984/1012/828 991/1011/828 992/1016/828 983/1015/828
f 977/1035/828 982/1014/828 993/1013/828 975/1036/828
f 985/1009/828 973/1037/828 971/1038/828 990/1010/828
f 991/1414/833 988/1413/832 987/1418/837 992/1417/836
f 974/1410/827 975/1409/826 993/1416/835 986/1415/834
f 989/1412/831 990/1411/830 971/1404/821 970/1403/820
f 994/1429/562 995/1430/562 997/1431/563 996/1432/563
f 1000/1433/564 1001/1434/564 999/1435/565 998/1436/565
f 1009/907/566 1014/908/566 1015/909/566 1008/910/566
f 1017/911/566 1006/912/566 1007/913/566 1016/914/566
f 1005/912/567 1010/911/567 1011/914/567 1004/913/567
f 1013/908/567 1002/907/567 1003/910/567 1012/909/567
f 1014/1437/568 1013/1438/568 1012/1439/569 1015/1440/569
f 1010/1441/570 1017/1442/570 1016/1443/571 1011/1444/571
f 1006/1445/572 1005/1446/572 1004/1447/572 1007/1448/572
f 1002/1449/572 1009/1450/572 1008/1451/572 1003/1452/572
f 1007/1448/572 1004/1447/572 1003/1452/572 1008/1451/572
f 996/1453/563 997/1454/563 1009/1450/572 1002/1449/572
f 1004/913/567 1011/914/567 1012/909/567 1003/910/567
f 996/933/567 1002/907/567 1013/908/567 994/934/567
f 1005/1446/572 1006/1445/572 1001/1434/564 1000/1433/564
f 1005/912/567 1000/935/567 998/936/567 1010/911/567
f 1008/910/566 1015/909/566 1016/914/566 1007/913/566
f 1001/935/566 1006/912/566 1017/911/566 999/936/566
f 1009/907/566 997/933/566 995/934/566 1014/908/566
f 1015/1440/569 1012/1439/569 1011/1444/571 1016/1443/571
f 998/1436/565 999/1435/565 1017/1442/570 1010/1441/570
f 1013/1438/568 1014/1437/568 995/1430/562 994/1429/562
f 1018/1455/839 1019/1456/840 1021/1457/841 1020/1458/842
f 1024/1459/843 1025/1460/844 1023/1461/845 1022/1462/846
f 1033/945/847 1038/946/847 1039/947/847 1032/948/847
f 1041/949/847 1030/950/847 1031/951/847 1040/952/847
f 1029/912/848 1034/911/848 1035/914/848 1028/913/848
f 1037/908/848 1026/907/848 1027/910/848 1036/909/848
f 1038/1463/849 1037/1464/850 1036/1465/851 1039/1466/852
f 1034/1467/853 1041/1468/854 1040/1469/855 1035/1470/856
f 1030/1471/857 1029/1472/857 1028/1473/857 1031/1474/857
f 1026/1475/857 1033/1476/857 1032/1477/857 1027/1478/857
f 1031/1474/857 1028/1473/857 1027/1478/857 1032/1477/857
f 1020/1479/842 1021/1480/841 1033/1476/857 1026/1475/857
f 1028/913/848 1035/914/848 1036/909/848 1027/910/848
f 1020/933/848 1026/907/848 1037/908/848 1018/934/848
f 1029/1472/857 1030/1471/857 1025/1460/844 1024/1459/843
f 1029/912/848 1024/935/848 1022/936/848 1034/911/848
f 1032/948/847 1039/947/847 1040/952/847 1031/951/847
f 1025/971/847 1030/950/847 1041/949/847 1023/972/847
f 1033/945/847 1021/973/847 1019/974/847 1038/946/847
f 1039/1466/852 1036/1465/851 1035/1470/856 1040/1469/855
f 1022/1462/846 1023/1461/845 1041/1468/854 1034/1467/853
f 1037/1464/850 1038/1463/849 1019/1456/840 1018/1455/839
f 1042/1481/649 1043/1482/650 1045/1483/651 1044/1484/652
f 1048/1485/653 1049/1486/654 1047/1487/655 1046/1488/656
f 1057/907/657 1062/908/657 1063/909/657 1056/910/657
f 1065/911/657 1054/912/657 1055/913/657 1064/914/657
f 1053/912/658 1058/911/658 1059/914/658 1052/913/658
f 1061/908/658 1050/907/658 1051/910/658 1060/909/658
f 1062/1489/659 1061/1490/660 1060/1491/661 1063/1492/662
f 1058/1493/663 1065/1494/664 1064/1495/665 1059/1496/666
f 1054/1497/667 1053/1498/667 1052/1499/667 1055/1500/667
f 1050/1501/667 1057/1502/667 1056/1503/667 1051/1504/667
f 1055/1500/667 1052/1499/667 1051/1504/667 1056/1503/667
f 1044/1505/652 1045/1506/651 1057/1502/667 1050/1501/667
f 1052/913/658 1059/914/658 1060/909/658 1051/910/658
f 1044/933/658 1050/907/658 1061/908/658 1042/934/658
f 1053/1498/667 1054/1497/667 1049/1486/654 1048/1485/653
f 1053/912/658 1048/935/658 1046/936/658 1058/911/658
f 1056/910/657 1063/909/657 1064/914/657 1055/913/657
f 1049/935/657 1054/912/657 1065/911/657 1047/936/657
f 1057/907/657 1045/933/657 1043/934/657 1062/908/657
f 1063/1492/662 1060/1491/661 1059/1496/666 1064/1495/665
f 1046/1488/656 1047/1487/655 1065/1494/664 1058/1493/663
f 1061/1490/660 1062/1489/659 1043/1482/650 1042/1481/649
f 1066/1507/649 1067/1508/650 1069/1509/651 1068/1510/652
f 1072/1511/653 1073/1512/654 1071/1513/655 1070/1514/656
f 1081/945/657 1086/946/657 1087/947/657 1080/948/657
f 1089/949/657 1078/950/657 1079/951/657 1088/952/657
f 1077/912/658 1082/911/658 1083/914/658 1076/913/658
f 1085/908/658 1074/907/658 1075/910/658 1084/909/658
f 1086/1515/659 1085/1516/660 1084/1517/661 1087/1518/662
f 1082/1519/663 1089/1520/664 1088/1521/665 1083/1522/666
f 1078/1523/667 1077/1524/667 1076/1525/667 1079/1526/667
f 1074/1527/667 1081/1528/667 1080/1529/667 1075/1530/667
f 1079/1526/667 1076/1525/667 1075/1530/667 1080/1529/667
f 1068/1531/652 1069/1532/651 1081/1528/667 1074/1527/667
f 1076/913/658 1083/914/658 1084/909/658 1075/910/658
f 1068/933/658 1074/907/658 1085/908/658 1066/934/658
f 1077/1524/667 1078/1523/667 1073/1512/654 1072/1511/653
f 1077/912/658 1072/935/658 1070/936/658 1082/911/658
f 1080/948/657 1087/947/657 1088/952/657 1079/951/657
f 1073/971/657 1078/950/657 1089/949/657 1071/972/657
f 1081/945/657 1069/973/657 1067/974/657 1086/946/657
f 1087/1518/662 1084/1517/661 1083/1522/666 1088/1521/665
f 1070/1514/656 1071/1513/655 1089/1520/664 1082/1519/663
f 1085/1516/660 1086/1515/659 1067/1508/650 1066/1507/649
f 1090/1533/649 1091/1534/650 1093/1535/651 1092/1536/652
f 1096/1537/653 1097/1538/654 1095/1539/655 1094/1540/656
f 1105/907/657 1110/908/657 1111/909/657 1104/910/657
f 1113/911/657 1102/912/657 1103/913/657 1112/914/657
f 1101/912/658 1106/911/658 1107/914/658 1100/913/658
f 1109/908/658 1098/907/658 1099/910/658 1108/909/658
f 1110/1541/659 1109/1542/660 1108/1543/661 1111/1544/662
f 1106/1545/663 1113/1546/664 1112/1547/665 1107/1548/666
f 1102/1549/667 1101/1550/667 1100/1551/667 1103/1552/667
f 1098/1553/667 1105/1554/667 1104/1555/667 1099/1556/667
f 1103/1552/667 1100/1551/667 1099/1556/667 1104/1555/667
f 1092/1557/652 1093/1558/651 1105/1554/667 1098/1553/667
f 1100/913/658 1107/914/658 1108/909/658 1099/910/658
f 1092/933/658 1098/907/658 1109/908/658 1090/934/658
f 1101/1550/667 1102/1549/667 1097/1538/654 1096/1537/653
f 1101/912/658 1096/935/658 1094/936/658 1106/911/658
f 1104/910/657 1111/909/657 1112/914/657 1103/913/657
f 1097/935/657 1102/912/657 1113/911/657 1095/936/657
f 1105/907/657 1093/933/657 1091/934/657 1110/908/657
f 1111/1544/662 1108/1543/661 1107/1548/666 1112/1547/665
f 1094/1540/656 1095/1539/655 1113/1546/664 1106/1545/663
f 1109/1542/660 1110/1541/659 1091/1534/650 1090/1533/649
f 1114/1559/858 1115/1560/859 1117/1561/860 1116/1562/861
f 1120/1563/862 1121/1564/863 1119/1565/864 1118/1566/865
f 1129/907/866 1134/908/866 1135/909/866 1128/910/866
f 1137/911/866 1126/912/866 1127/913/866 1136/914/866
f 1125/912/867 1130/911/867 1131/914/867 1124/913/867
f 1133/908/867 1122/907/867 1123/910/867 1132/909/867
f 1134/1567/868 1133/1568/869 1132/1569/870 1135/1570/871
f 1130/1571/872 1137/1572/873 1136/1573/874 1131/1574/875
f 1126/1575/876 1125/1576/876 1124/1577/876 1127/1578/876
f 1122/1579/876 1129/1580/876 1128/1581/876 1123/1582/876
f 1127/1578/876 1124/1577/876 1123/1582/876 1128/1581/876
f 1116/1583/861 1117/1584/860 1129/1580/876 1122/1579/876
f 1124/913/867 1131/914/867 1132/909/867 1123/910/867
f 1116/933/867 1122/907/867 1133/908/867 1114/934/867
f 1125/1576/876 1126/1575/876 1121/1564/863 1120/1563/862
f 1125/912/867 1120/935/867 1118/936/867 1130/911/867
f 1128/910/866 1135/909/866 1136/914/866 1127/913/866
f 1121/935/866 1126/912/866 1137/911/866 1119/936/866
f 1129/907/866 1117/933/866 1115/934/866 1134/908/866
f 1135/1570/871 1132/1569/870 1131/1574/875 1136/1573/874
f 1118/1566/865 1119/1565/864 1137/1572/873 1130/1571/872
f 1133/1568/869 1134/1567/868 1115/1560/859 1114/1559/858
f 1138/1585/877 1139/1586/878 1141/1587/879 1140/1588/880
f 1144/1589/881 1145/1590/882 1143/1591/883 1142/1592/884
f 1153/907/885 1158/908/885 1159/909/885 1152/910/885
f 1161/911/885 1150/912/885 1151/913/885 1160/914/885
f 1149/912/886 1154/911/886 1155/914/886 1148/913/886
f 1157/908/886 1146/907/886 1147/910/886 1156/909/886
f 1158/1593/887 1157/1594/888 1156/1595/889 1159/1596/890
f 1154/1597/891 1161/1598/892 1160/1599/893 1155/1600/894
f 1150/1601/895 1149/1602/895 1148/1603/895 1151/1604/895
f 1146/1605/895 1153/1606/895 1152/1607/895 1147/1608/895
f 1151/1604/895 1148/1603/895 1147/1608/895 1152/1607/895
f 1140/1609/880 1141/1610/879 1153/1606/895 1146/1605/895
f 1148/913/886 1155/914/886 1156/909/886 1147/910/886
f 1140/933/886 1146/907/886 1157/908/886 1138/934/886
f 1149/1602/895 1150/1601/895 1145/1590/882 1144/1589/881
f 1149/912/886 1144/935/886 1142/936/886 1154/911/886
f 1152/910/885 1159/909/885 1160/914/885 1151/913/885
f 1145/935/885 1150/912/885 1161/911/885 1143/936/885
f 1153/907/885 1141/933/885 1139/934/885 1158/908/885
f 1159/1596/890 1156/1595/889 1155/1600/894 1160/1599/893
f 1142/1592/884 1143/1591/883 1161/1598/892 1154/1597/891
f 1157/1594/888 1158/1593/887 1139/1586/878 1138/1585/877
f 1162/1611/562 1163/1612/562 1165/1613/563 1164/1614/563
f 1168/1615/564 1169/1616/564 1167/1617/565 1166/1618/565
f 1177/907/566 1182/908/566 1183/909/566 1176/910/566
f 1185/911/566 1174/912/566 1175/913/566 1184/914/566
f 1173/912/567 1178/911/567 1179/914/567 1172/913/567
f 1181/908/567 1170/907/567 1171/910/567 1180/909/567
f 1182/1619/568 1181/1620/568 1180/1621/569 1183/1622/569
f 1178/1623/570 1185/1624/570 1184/1625/571 1179/1626/571
f 1174/1627/572 1173/1628/572 1172/1629/572 1175/1630/572
f 1170/1631/572 1177/1632/572 1176/1633/572 1171/1634/572
f 1175/1630/572 1172/1629/572 1171/1634/572 1176/1633/572
f 1164/1635/563 1165/1636/563 1177/1632/572 1170/1631/572
f 1172/913/567 1179/914/567 1180/909/567 1171/910/567
f 1164/933/567 1170/907/567 1181/908/567 1162/934/567
f 1173/1628/572 1174/1627/572 1169/1616/564 1168/1615/564
f 1173/912/567 1168/935/567 1166/936/567 1178/911/567
f 1176/910/566 1183/909/566 1184/914/566 1175/913/566
f 1169/935/566 1174/912/566 1185/911/566 1167/936/566
f 1177/907/566 1165/933/566 1163/934/566 1182/908/566
f 1183/1622/569 1180/1621/569 1179/1626/571 1184/1625/571
f 1166/1618/565 1167/1617/565 1185/1624/570 1178/1623/570
f 1181/1620/568 1182/1619/568 1163/1612/562 1162/1611/562
f 1186/1637/562 1187/1638/562 1189/1639/563 1188/1640/563
f 1192/1641/564 1193/1642/564 1191/1643/565 1190/1644/565
f 1201/907/566 1206/908/566 1207/909/566 1200/910/566
f 1209/911/566 1198/912/566 1199/913/566 1208/914/566
f 1197/912/567 1202/911/567 1203/914/567 1196/913/567
f 1205/908/567 1194/907/567 1195/910/567 1204/909/567
f 1206/1645/568 1205/1646/568 1204/1647/569 1207/1648/569
f 1202/1649/570 1209/1650/570 1208/1651/571 1203/1652/571
f 1198/1653/572 1197/1654/572 1196/1655/572 1199/1656/572
f 1194/1657/572 1201/1658/572 1200/1659/572 1195/1660/572
f 1199/1656/572 1196/1655/572 1195/1660/572 1200/1659/572
f 1188/1661/563 1189/1662/563 1201/1658/572 1194/1657/572
f 1196/913/567 1203/914/567 1204/909/567 1195/910/567
f 1188/933/567 1194/907/567 1205/908/567 1186/934/567
f 1197/1654/572 1198/1653/572 1193/1642/564 1192/1641/564
f 1197/912/567 1192/935/567 1190/936/567 1202/911/567
f 1200/910/566 1207/909/566 1208/914/566 1199/913/566
f 1193/935/566 1198/912/566 1209/911/566 1191/936/566
f 1201/907/566 1189/933/566 1187/934/566 1206/908/566
f 1207/1648/569 1204/1647/569 1203/1652/571 1208/1651/571
f 1190/1644/565 1191/1643/565 1209/1650/570 1202/1649/570
f 1205/1646/568 1206/1645/568 1187/1638/562 1186/1637/562
f 1210/1663/896 1211/1664/897 1213/1665/898 1212/1666/899
f 1216/1667/900 1217/1668/901 1215/1669/902 1214/1670/903
f 1225/1009/904 1230/1010/904 1231/1011/904 1224/1012/904
f 1233/1013/904 1222/1014/904 1223/1015/904 1232/1016/904
f 1221/912/905 1226/911/905 1227/914/905 1220/913/905
f 1229/908/905 1218/907/905 1219/910/905 1228/909/905
f 1230/1671/906 1229/1672/907 1228/1673/908 1231/1674/909
f 1226/1675/910 1233/1676/911 1232/1677/912 1227/1678/913
f 1222/1679/914 1221/1680/914 1220/1681/914 1223/1682/914
f 1218/1683/914 1225/1684/914 1224/1685/914 1219/1686/914
f 1223/1682/914 1220/1681/914 1219/1686/914 1224/1685/914
f 1212/1687/899 1213/1688/898 1225/1684/914 1218/1683/914
f 1220/913/905 1227/914/905 1228/909/905 1219/910/905
f 1212/933/905 1218/907/905 1229/908/905 1210/934/905
f 1221/1680/914 1222/1679/914 1217/1668/901 1216/1667/900
f 1221/912/905 1216/935/905 1214/936/905 1226/911/905
f 1224/1012/904 1231/1011/904 1232/1016/904 1223/1015/904
f 1217/1035/904 1222/1014/904 1233/1013/904 1215/1036/904
f 1225/1009/904 1213/1037/904 1211/1038/904 1230/1010/904
f 1231/1674/909 1228/1673/908 1227/1678/913 1232/1677/912
f 1214/1670/903 1215/1669/902 1233/1676/911 1226/1675/910
f 1229/1672/907 1230/1671/906 1211/1664/897 1210/1663/896
f 1234/1689/915 1235/1690/916 1237/1691/917 1236/1692/918
f 1240/1693/919 1241/1694/920 1239/1695/921 1238/1696/922
f 1249/907/923 1254/908/923 1255/909/923 1248/910/923
f 1257/911/923 1246/912/923 1247/913/923 1256/914/923
f 1245/912/924 1250/911/924 1251/914/924 1244/913/924
f 1253/908/924 1242/907/924 1243/910/924 1252/909/924
f 1254/1697/925 1253/1698/926 1252/1699/927 1255/1700/928
f 1250/1701/929 1257/1702/930 1256/1703/931 1251/1704/932
f 1246/1705/933 1245/1706/933 1244/1707/933 1247/1708/933
f 1242/1709/933 1249/1710/933 1248/1711/933 1243/1712/933
f 1247/1708/933 1244/1707/933 1243/1712/933 1248/1711/933
f 1236/1713/918 1237/1714/917 1249/1710/933 1242/1709/933
f 1244/913/924 1251/914/924 1252/909/924 1243/910/924
f 1236/933/924 1242/907/924 1253/908/924 1234/934/924
f 1245/1706/933 1246/1705/933 1241/1694/920 1240/1693/919
f 1245/912/924 1240/935/924 1238/936/924 1250/911/924
f 1248/910/923 1255/909/923 1256/914/923 1247/913/923
f 1241/935/923 1246/912/923 1257/911/923 1239/936/923
f 1249/907/923 1237/933/923 1235/934/923 1254/908/923
f 1255/1700/928 1252/1699/927 1251/1704/932 1256/1703/931
f 1238/1696/922 1239/1695/921 1257/1702/930 1250/1701/929
f 1253/1698/926 1254/1697/925 1235/1690/916 1234/1689/915
f 1258/1715/934 1259/1716/935 1261/1717/936 1260/1718/937
f 1264/1719/938 1265/1720/939 1263/1721/940 1262/1722/941
f 1273/907/942 1278/908/943 1279/909/944 1272/910/945
f 1281/911/946 1270/912/947 1271/913/948 1280/914/949
f 1269/912/950 1274/911/951 1275/914/952 1268/913/953
f 1277/908/954 1266/907/955 1267/910/956 1276/909/957
f 1278/1723/958 1277/1724/959 1276/1725/960 1279/1726/961
f 1274/1727/962 1281/1728/963 1280/1729/964 1275/1730/965
f 1270/1731/966 1269/1732/966 1268/1733/966 1271/1734/966
f 1266/1735/966 1273/1736/966 1272/1737/966 1267/1738/966
f 1271/1734/966 1268/1733/966 1267/1738/966 1272/1737/966
f 1260/1739/937 1261/1740/936 1273/1736/966 1266/1735/966
f 1268/913/953 1275/914/952 1276/909/957 1267/910/956
f 1260/933/967 1266/907/955 1277/908/954 1258/934/967
f 1269/1732/966 1270/1731/966 1265/1720/939 1264/1719/938
f 1269/912/950 1264/935/968 1262/936/968 1274/911/951
f 1272/910/945 1279/909/944 1280/914/949 1271/913/948
f 1265/935/969 1270/912/947 1281/911/946 1263/936/969
f 1273/907/942 1261/933/970 1259/934/970 1278/908/943
f 1279/1726/961 1276/1725/960 1275/1730/965 1280/1729/964
f 1262/1722/941 1263/1721/940 1281/1728/963 1274/1727/962
f 1277/1724/959 1278/1723/958 1259/1716/935 1258/1715/934
f 1282/1741/971 1283/1742/972 1285/1743/973 1284/1744/974
f 1288/1745/975 1289/1746/976 1287/1747/977 1286/1748/978
f 1297/945/979 1302/946/979 1303/947/979 1296/948/979
f 1305/949/979 1294/950/979 1295/951/979 1304/952/979
f 1293/912/980 1298/911/980 1299/914/980 1292/913/980
f 1301/908/980 1290/907/980 1291/910/980 1300/909/980
f 1302/1749/981 1301/1750/982 1300/1751/983 1303/1752/984
f 1298/1753/985 1305/1754/986 1304/1755/987 1299/1756/988
f 1294/1757/989 1293/1758/989 1292/1759/989 1295/1760/989
f 1290/1761/989 1297/1762/989 1296/1763/989 1291/1764/989
f 1295/1760/989 1292/1759/989 1291/1764/989 1296/1763/989
f 1284/1765/974 1285/1766/973 1297/1762/989 1290/1761/989
f 1292/913/980 1299/914/980 1300/909/980 1291/910/980
f 1284/933/980 1290/907/980 1301/908/980 1282/934/980
f 1293/1758/989 1294/1757/989 1289/1746/976 1288/1745/975
f 1293/912/980 1288/935/980 1286/936/980 1298/911/980
f 1296/948/979 1303/947/979 1304/952/979 1295/951/979
f 1289/971/979 1294/950/979 1305/949/979 1287/972/979
f 1297/945/979 1285/973/979 1283/974/979 1302/946/979
f 1303/1752/984 1300/1751/983 1299/1756/988 1304/1755/987
f 1286/1748/978 1287/1747/977 1305/1754/986 1298/1753/985
f 1301/1750/982 1302/1749/981 1283/1742/972 1282/1741/971
f 1306/1767/990 1307/1768/991 1309/1769/992 1308/1770/993
f 1312/1771/994 1313/1772/995 1311/1773/996 1310/1774/997
f 1321/1009/998 1326/1010/998 1327/1011/998 1320/1012/998
f 1329/1013/998 1318/1014/998 1319/1015/998 1328/1016/998
f 1317/912/999 1322/911/999 1323/914/999 1316/913/999
f 1325/908/999 1314/907/999 1315/910/999 1324/909/999
f 1326/1775/1000 1325/1776/1001 1324/1777/1002 1327/1778/1003
f 1322/1779/1004 1329/1780/1005 1328/1781/1006 1323/1782/1007
f 1318/1783/1008 1317/1784/1008 1316/1785/1008 1319/1786/1008
f 1314/1787/1008 1321/1788/1008 1320/1789/1008 1315/1790/1008
f 1319/1786/1008 1316/1785/1008 1315/1790/1008 1320/1789/1008
f 1308/1791/993 1309/1792/992 1321/1788/1008 1314/1787/1008
f 1316/913/999 1323/914/999 1324/909/999 1315/910/999
f 1308/933/999 1314/907/999 1325/908/999 1306/934/999
f 1317/1784/1008 1318/1783/1008 1313/1772/995 1312/1771/994
f 1317/912/999 1312/935/999 1310/936/999 1322/911/999
f 1320/1012/998 1327/1011/998 1328/1016/998 1319/1015/998
f 1313/1035/998 1318/1014/998 1329/1013/998 1311/1036/998
f 1321/1009/998 1309/1037/998 1307/1038/998 1326/1010/998
f 1327/1778/1003 1324/1777/1002 1323/1782/1007 1328/1781/1006
f 1310/1774/997 1311/1773/996 1329/1780/1005 1322/1779/1004
f 1325/1776/1001 1326/1775/1000 1307/1768/991 1306/1767/990
f 1330/1793/1009 1331/1794/1010 1333/1795/1011 1332/1796/1012
f 1336/1797/1013 1337/1798/1014 1335/1799/1015 1334/1800/1016
f 1345/907/1017 1350/908/1017 1351/909/1017 1344/910/1017
f 1353/911/1017 1342/912/1017 1343/913/1017 1352/914/1017
f 1341/912/1018 1346/911/1018 1347/914/1018 1340/913/1018
f 1349/908/1018 1338/907/1018 1339/910/1018 1348/909/1018
f 1350/1801/1019 1349/1802/1020 1348/1803/1021 1351/1804/1022
f 1346/1805/1023 1353/1806/1024 1352/1807/1025 1347/1808/1026
f 1342/1809/1027 1341/1810/1027 1340/1811/1027 1343/1812/1027
f 1338/1813/1027 1345/1814/1027 1344/1815/1027 1339/1816/1027
f 1343/1812/1027 1340/1811/1027 1339/1816/1027 1344/1815/1027
f 1332/1817/1012 1333/1818/1011 1345/1814/1027 1338/1813/1027
f 1340/913/1018 1347/914/1018 1348/909/1018 1339/910/1018
f 1332/933/1018 1338/907/1018 1349/908/1018 1330/934/1018
f 1341/1810/1027 1342/1809/1027 1337/1798/1014 1336/1797/1013
f 1341/912/1018 1336/935/1018 1334/936/1018 1346/911/1018
f 1344/910/1017 1351/909/1017 1352/914/1017 1343/913/1017
f 1337/935/1017 1342/912/1017 1353/911/1017 1335/936/1017
f 1345/907/1017 1333/933/1017 1331/934/1017 1350/908/1017
f 1351/1804/1022 1348/1803/1021 1347/1808/1026 1352/1807/1025
f 1334/1800/1016 1335/1799/1015 1353/1806/1024 1346/1805/1023
f 1349/1802/1020 1350/1801/1019 1331/1794/1010 1330/1793/1009
f 1354/1819/1028 1355/1820/1029 1357/1821/1030 1356/1822/1031
f 1360/1823/1032 1361/1824/1033 1359/1825/1034 1358/1826/1035
f 1369/907/1036 1374/908/1036 1375/909/1036 1368/910/1036
f 1377/911/1036 1366/912/1036 1367/913/1036 1376/914/1036
f 1365/912/1037 1370/911/1037 1371/914/1037 1364/913/1037
f 1373/908/1037 1362/907/1037 1363/910/1037 1372/909/1037
f 1374/1827/1038 1373/1828/1039 1372/1829/1040 1375/1830/1041
f 1370/1831/1042 1377/1832/1043 1376/1833/1044 1371/1834/1045
f 1366/1835/1046 1365/1836/1046 1364/1837/1046 1367/1838/1046
f 1362/1839/1046 1369/1840/1046 1368/1841/1046 1363/1842/1046
f 1367/1838/1046 1364/1837/1046 1363/1842/1046 1368/1841/1046
f 1356/1843/1031 1357/1844/1030 1369/1840/1046 1362/1839/1046
f 1364/913/1037 1371/914/1037 1372/909/1037 1363/910/1037
f 1356/933/1037 1362/907/1037 1373/908/1037 1354/934/1037
f 1365/1836/1046 1366/1835/1046 1361/1824/1033 1360/1823/1032
f 1365/912/1037 1360/935/1037 1358/936/1037 1370/911/1037
f 1368/910/1036 1375/909/1036 1376/914/1036 1367/913/1036
f 1361/935/1036 1366/912/1036 1377/911/1036 1359/936/1036
f 1369/907/1036 1357/933/1036 1355/934/1036 1374/908/1036
f 1375/1830/1041 1372/1829/1040 1371/1834/1045 1376/1833/1044
f 1358/1826/1035 1359/1825/1034 1377/1832/1043 1370/1831/1042
f 1373/1828/1039 1374/1827/1038 1355/1820/1029 1354/1819/1028
f 1378/1845/1047 1379/1846/1048 1381/1847/1049 1380/1848/1050
f 1384/1849/1051 1385/1850/1052 1383/1851/1053 1382/1852/1054
f 1393/907/1055 1398/908/1055 1399/909/1055 1392/910/1055
f 1401/911/1055 1390/912/1055 1391/913/1055 1400/914/1055
f 1389/912/1056 1394/911/1056 1395/914/1056 1388/913/1056
f 1397/908/1056 1386/907/1056 1387/910/1056 1396/909/1056
f 1398/1853/1057 1397/1854/1058 1396/1855/1059 1399/1856/1060
f 1394/1857/1061 1401/1858/1062 1400/1859/1063 1395/1860/1064
f 1390/1861/1065 1389/1862/1065 1388/1863/1065 1391/1864/1065
f 1386/1865/1065 1393/1866/1065 1392/1867/1065 1387/1868/1065
f 1391/1864/1065 1388/1863/1065 1387/1868/1065 1392/1867/1065
f 1380/1869/1050 1381/1870/1049 1393/1866/1065 1386/1865/1065
f 1388/913/1056 1395/914/1056 1396/909/1056 1387/910/1056
f 1380/933/1056 1386/907/1056 1397/908/1056 1378/934/1056
f 1389/1862/1065 1390/1861/1065 1385/1850/1052 1384/1849/1051
f 1389/912/1056 1384/935/1056 1382/936/1056 1394/911/1056
f 1392/910/1055 1399/909/1055 1400/914/1055 1391/913/1055
f 1385/935/1055 1390/912/1055 1401/911/1055 1383/936/1055
f 1393/907/1055 1381/933/1055 1379/934/1055 1398/908/1055
f 1399/1856/1060 1396/1855/1059 1395/1860/1064 1400/1859/1063
f 1382/1852/1054 1383/1851/1053 1401/1858/1062 1394/1857/1061
f 1397/1854/1058 1398/1853/1057 1379/1846/1048 1378/1845/1047
f 1402/1871/1066 1403/1872/1067 1405/1873/1068 1404/1874/1069
f 1408/1875/1070 1409/1876/1071 1407/1877/1072 1406/1878/1073
f 1417/907/1074 1422/908/1074 1423/909/1074 1416/910/1074
f 1425/911/1074 1414/912/1074 1415/913/1074 1424/914/1074
f 1413/912/1075 1418/911/1075 1419/914/1075 1412/913/1075
f 1421/908/1075 1410/907/1075 1411/910/1075 1420/909/1075
f 1422/1879/1076 1421/1880/1077 1420/1881/1078 1423/1882/1079
f 1418/1883/1080 1425/1884/1081 1424/1885/1082 1419/1886/1083
f 1414/1887/1084 1413/1888/1084 1412/1889/1084 1415/1890/1084
f 1410/1891/1084 1417/1892/1084 1416/1893/1084 1411/1894/1084
f 1415/1890/1084 1412/1889/1084 1411/1894/1084 1416/1893/1084
f 1404/1895/1069 1405/1896/1068 1417/1892/1084 1410/1891/1084
f 1412/913/1075 1419/914/1075 1420/909/1075 1411/910/1075
f 1404/933/1075 1410/907/1075 1421/908/1075 1402/934/1075
f 1413/1888/1084 1414/1887/1084 1409/1876/1071 1408/1875/1070
f 1413/912/1075 1408/935/1075 1406/936/1075 1418/911/1075
f 1416/910/1074 1423/909/1074 1424/914/1074 1415/913/1074
f 1409/935/1074 1414/912/1074 1425/911/1074 1407/936/1074
f 1417/907/1074 1405/933/1074 1403/934/1074 1422/908/1074
f 1423/1882/1079 1420/1881/1078 1419/1886/1083 1424/1885/1082
f 1406/1878/1073 1407/1877/1072 1425/1884/1081 1418/1883/1080
f 1421/1880/1077 1422/1879/1076 1403/1872/1067 1402/1871/1066
f 1426/1897/1085 1427/1898/1086 1429/1899/1087 1428/1900/1088
f 1432/1901/1089 1433/1902/1090 1431/1903/1091 1430/1904/1092
f 1441/907/1093 1446/908/1094 1447/909/1095 1440/910/1096
f 1449/911/1097 1438/912/1098 1439/913/1099 1448/914/1100
f 1437/912/1101 1442/911/1102 1443/914/1103 1436/913/1104
f 1445/908/1105 1434/907/1106 1435/910/1107 1444/909/1108
f 1446/1905/1109 1445/1906/1110 1444/1907/1111 1447/1908/1112
f 1442/1909/1113 1449/1910/1114 1448/1911/1115 1443/1912/1116
f 1438/1913/1117 1437/1914/1117 1436/1915/1117 1439/1916/1117
f 1434/1917/1118 1441/1918/1118 1440/1919/1118 1435/1920/1118
f 1439/1916/1117 1436/1915/1117 1435/1920/1118 1440/1919/1118
f 1428/1921/1088 1429/1922/1087 1441/1918/1118 1434/1917/1118
f 1436/913/1104 1443/914/1103 1444/909/1108 1435/910/1107
f 1428/933/1119 1434/907/1106 1445/908/1105 1426/934/1119
f 1437/1914/1117 1438/1913/1117 1433/1902/1090 1432/1901/1089
f 1437/912/1101 1432/935/1120 1430/936/1120 1442/911/1102
f 1440/910/1096 1447/909/1095 1448/914/1100 1439/913/1099
f 1433/935/1121 1438/912/1098 1449/911/1097 1431/936/1121
f 1441/907/1093 1429/933/1122 1427/934/1122 1446/908/1094
f 1447/1908/1112 1444/1907/1111 1443/1912/1116 1448/1911/1115
f 1430/1904/1092 1431/1903/1091 1449/1910/1114 1442/1909/1113
f 1445/1906/1110 1446/1905/1109 1427/1898/1086 1426/1897/1085
f 1450/1923/1123 1451/1924/1124 1453/1925/1125 1452/1926/1126
f 1456/1927/1127 1457/1928/1128 1455/1929/1129 1454/1930/1130
f 1465/907/1131 1470/908/1132 1471/909/1133 1464/910/1134
f 1473/911/1135 1462/912/1136 1463/913/1137 1472/914/1138
f 1461/912/1139 1466/911/1140 1467/914/1141 1460/913/1142
f 1469/908/1143 1458/907/1144 1459/910/1145 1468/909/1146
f 1470/1931/1147 1469/1932/1148 1468/1933/1149 1471/1934/1150
f 1466/1935/1151 1473/1936/1152 1472/1937/1153 1467/1938/1154
f 1462/1939/1155 1461/1940/1155 1460/1941/1155 1463/1942/1155
f 1458/1943/1155 1465/1944/1155 1464/1945/1155 1459/1946/1155
f 1463/1942/1155 1460/1941/1155 1459/1946/1155 1464/1945/1155
f 1452/1947/1126 1453/1948/1125 1465/1944/1155 1458/1943/1155
f 1460/913/1142 1467/914/1141 1468/909/1146 1459/910/1145
f 1452/933/1156 1458/907/1144 1469/908/1143 1450/934/1156
f 1461/1940/1155 1462/1939/1155 1457/1928/1128 1456/1927/1127
f 1461/912/1139 1456/935/1157 1454/936/1157 1466/911/1140
f 1464/910/1134 1471/909/1133 1472/914/1138 1463/913/1137
f 1457/935/1158 1462/912/1136 1473/911/1135 1455/936/1158
f 1465/907/1131 1453/933/1159 1451/934/1159 1470/908/1132
f 1471/1934/1150 1468/1933/1149 1467/1938/1154 1472/1937/1153
f 1454/1930/1130 1455/1929/1129 1473/1936/1152 1466/1935/1151
f 1469/1932/1148 1470/1931/1147 1451/1924/1124 1450/1923/1123
f 1474/1949/1160 1475/1950/1161 1477/1951/1162 1476/1952/1163
f 1480/1953/1164 1481/1954/1165 1479/1955/1166 1478/1956/1167
f 1489/1009/1168 1494/1010/1168 1495/1011/1168 1488/1012/1168
f 1497/1013/1168 1486/1014/1168 1487/1015/1168 1496/1016/1168
f 1485/912/1169 1490/911/1169 1491/914/1169 1484/913/1169
f 1493/908/1169 1482/907/1169 1483/910/1169 1492/909/1169
f 1494/1957/1109 1493/1958/1110 1492/1959/1111 1495/1960/1112
f 1490/1961/1113 1497/1962/1114 1496/1963/1170 1491/1964/1116
f 1486/1965/1118 1485/1966/1118 1484/1967/1118 1487/1968/1118
f 1482/1969/1118 1489/1970/1118 1488/1971/1118 1483/1972/1118
f 1487/1968/1118 1484/1967/1118 1483/1972/1118 1488/1971/1118
f 1476/1973/1163 1477/1974/1162 1489/1970/1118 1482/1969/1118
f 1484/913/1169 1491/914/1169 1492/909/1169 1483/910/1169
f 1476/933/1169 1482/907/1169 1493/908/1169 1474/934/1169
f 1485/1966/1118 1486/1965/1118 1481/1954/1165 1480/1953/1164
f 1485/912/1169 1480/935/1169 1478/936/1169 1490/911/1169
f 1488/1012/1168 1495/1011/1168 1496/1016/1168 1487/1015/1168
f 1481/1035/1168 1486/1014/1168 1497/1013/1168 1479/1036/1168
f 1489/1009/1168 1477/1037/1168 1475/1038/1168 1494/1010/1168
f 1495/1960/1112 1492/1959/1111 1491/1964/1116 1496/1963/1170
f 1478/1956/1167 1479/1955/1166 1497/1962/1114 1490/1961/1113
f 1493/1958/1110 1494/1957/1109 1475/1950/1161 1474/1949/1160
f 1498/1975/1171 1499/1976/1172 1501/1977/1173 1500/1978/1174
f 1504/1979/1175 1505/1980/1176 1503/1981/1177 1502/1982/1178
f 1513/945/1179 1518/946/1179 1519/947/1179 1512/948/1179
f 1521/949/1179 1510/950/1179 1511/951/1179 1520/952/1179
f 1509/912/1180 1514/911/1180 1515/914/1180 1508/913/1180
f 1517/908/1180 1506/907/1180 1507/910/1180 1516/909/1180
f 1518/1983/1181 1517/1984/1182 1516/1985/1183 1519/1986/1184
f 1514/1987/1185 1521/1988/1186 1520/1989/1187 1515/1990/1188
f 1510/1991/1189 1509/1992/1189 1508/1993/1189 1511/1994/1189
f 1506/1995/1189 1513/1996/1189 1512/1997/1189 1507/1998/1189
f 1511/1994/1189 1508/1993/1189 1507/1998/1189 1512/1997/1189
f 1500/1999/1174 1501/2000/1173 1513/1996/1189 1506/1995/1189
f 1508/913/1180 1515/914/1180 1516/909/1180 1507/910/1180
f 1500/933/1180 1506/907/1180 1517/908/1180 1498/934/1180
f 1509/1992/1189 1510/1991/1189 1505/1980/1176 1504/1979/1175
f 1509/912/1180 1504/935/1180 1502/936/1180 1514/911/1180
f 1512/948/1179 1519/947/1179 1520/952/1179 1511/951/1179
f 1505/971/1179 1510/950/1179 1521/949/1179 1503/972/1179
f 1513/945/1179 1501/973/1179 1499/974/1179 1518/946/1179
f 1519/1986/1184 1516/1985/1183 1515/1990/1188 1520/1989/1187
f 1502/1982/1178 1503/1981/1177 1521/1988/1186 1514/1987/1185
f 1517/1984/1182 1518/1983/1181 1499/1976/1172 1498/1975/1171
f 1522/2001/1190 1523/2002/1191 1525/2003/1192 1524/2004/1193
f 1528/2005/1194 1529/2006/1195 1527/2007/1196 1526/2008/1197
f 1537/907/1198 1542/908/1198 1543/909/1198 1536/910/1198
f 1545/911/1198 1534/912/1198 1535/913/1198 1544/914/1198
f 1533/912/1199 1538/911/1199 1539/914/1199 1532/913/1199
f 1541/908/1199 1530/907/1199 1531/910/1199 1540/909/1199
f 1542/2009/1200 1541/2010/1201 1540/2011/1202 1543/2012/1203
f 1538/2013/1204 1545/2014/1205 1544/2015/1206 1539/2016/1207
f 1534/2017/1208 1533/2018/1208 1532/2019/1208 1535/2020/1208
f 1530/2021/1208 1537/2022/1208 1536/2023/1208 1531/2024/1208
f 1535/2020/1208 1532/2019/1208 1531/2024/1208 1536/2023/1208
f 1524/2025/1193 1525/2026/1192 1537/2022/1208 1530/2021/1208
f 1532/913/1199 1539/914/1199 1540/909/1199 1531/910/1199
f 1524/933/1199 1530/907/1199 1541/908/1199 1522/934/1199
f 1533/2018/1208 1534/2017/1208 1529/2006/1195 1528/2005/1194
f 1533/912/1199 1528/935/1199 1526/936/1199 1538/911/1199
f 1536/910/1198 1543/909/1198 1544/914/1198 1535/913/1198
f 1529/935/1198 1534/912/1198 1545/911/1198 1527/936/1198
f 1537/907/1198 1525/933/1198 1523/934/1198 1542/908/1198
f 1543/2012/1203 1540/2011/1202 1539/2016/1207 1544/2015/1206
f 1526/2008/1197 1527/2007/1196 1545/2014/1205 1538/2013/1204
f 1541/2010/1201 1542/2009/1200 1523/2002/1191 1522/2001/1190
f 1546/2027/1209 1547/2028/1210 1549/2029/1211 1548/2030/1212
f 1552/2031/1213 1553/2032/1214 1551/2033/1215 1550/2034/1216
f 1561/945/1217 1566/946/1217 1567/947/1217 1560/948/1217
f 1569/949/1217 1558/950/1217 1559/951/1217 1568/952/1217
f 1557/912/1218 1562/911/1218 1563/914/1218 1556/913/1218
f 1565/908/1218 1554/907/1218 1555/910/1218 1564/909/1218
f 1566/2035/1219 1565/2036/1220 1564/2037/1221 1567/2038/1222
f 1562/2039/1223 1569/2040/1224 1568/2041/1225 1563/2042/1226
f 1558/2043/1227 1557/2044/1227 1556/2045/1227 1559/2046/1227
f 1554/2047/1227 1561/2048/1227 1560/2049/1227 1555/2050/1227
f 1559/2046/1227 1556/2045/1227 1555/2050/1227 1560/2049/1227
f 1548/2051/1212 1549/2052/1211 1561/2048/1227 1554/2047/1227
f 1556/913/1218 1563/914/1218 1564/909/1218 1555/910/1218
f 1548/933/1218 1554/907/1218 1565/908/1218 1546/934/1218
f 1557/2044/1227 1558/2043/1227 1553/2032/1214 1552/2031/1213
f 1557/912/1218 1552/935/1218 1550/936/1218 1562/911/1218
f 1560/948/1217 1567/947/1217 1568/952/1217 1559/951/1217
f 1553/971/1217 1558/950/1217 1569/949/1217 1551/972/1217
f 1561/945/1217 1549/973/1217 1547/974/1217 1566/946/1217
f 1567/2038/1222 1564/2037/1221 1563/2042/1226 1568/2041/1225
f 1550/2034/1216 1551/2033/1215 1569/2040/1224 1562/2039/1223
f 1565/2036/1220 1566/2035/1219 1547/2028/1210 1546/2027/1209
f 1570/2053/1228 1571/2054/1229 1573/2055/1230 1572/2056/1231
f 1576/2057/1232 1577/2058/1233 1575/2059/1234 1574/2060/1235
f 1585/907/1236 1590/908/1236 1591/909/1236 1584/910/1236
f 1593/911/1236 1582/912/1236 1583/913/1236 1592/914/1236
f 1581/912/1237 1586/911/1237 1587/914/1237 1580/913/1237
f 1589/908/1237 1578/907/1237 1579/910/1237 1588/909/1237
f 1590/2061/1238 1589/2062/1239 1588/2063/1240 1591/2064/1241
f 1586/2065/1242 1593/2066/1243 1592/2067/1244 1587/2068/1245
f 1582/2069/1246 1581/2070/1246 1580/2071/1246 1583/2072/1246
f 1578/2073/1246 1585/2074/1246 1584/2075/1246 1579/2076/1246
f 1583/2072/1246 1580/2071/1246 1579/2076/1246 1584/2075/1246
f 1572/2077/1231 1573/2078/1230 1585/2074/1246 1578/2073/1246
f 1580/913/1237 1587/914/1237 1588/909/1237 1579/910/1237
f 1572/933/1237 1578/907/1237 1589/908/1237 1570/934/1237
f 1581/2070/1246 1582/2069/1246 1577/2058/1233 1576/2057/1232
f 1581/912/1237 1576/935/1237 1574/936/1237 1586/911/1237
f 1584/910/1236 1591/909/1236 1592/914/1236 1583/913/1236
f 1577/935/1236 1582/912/1236 1593/911/1236 1575/936/1236
f 1585/907/1236 1573/933/1236 1571/934/1236 1590/908/1236
f 1591/2064/1241 1588/2063/1240 1587/2068/1245 1592/2067/1244
f 1574/2060/1235 1575/2059/1234 1593/2066/1243 1586/2065/1242
f 1589/2062/1239 1590/2061/1238 1571/2054/1229 1570/2053/1228
f 1594/2079/1247 1595/2080/1248 1597/2081/1249 1596/2082/1250
f 1600/2083/1251 1601/2084/1252 1599/2085/1253 1598/2086/1254
f 1609/1009/1255 1614/1010/1255 1615/1011/1255 1608/1012/1255
f 1617/1013/1255 1606/1014/1255 1607/1015/1255 1616/1016/1255
f 1605/912/1256 1610/911/1256 1611/914/1256 1604/913/1256
f 1613/908/1256 1602/907/1256 1603/910/1256 1612/909/1256
f 1614/2087/1257 1613/2088/1258 1612/2089/1259 1615/2090/1260
f 1610/2091/1261 1617/2092/1262 1616/2093/1263 1611/2094/1264
f 1606/2095/1265 1605/2096/1265 1604/2097/1265 1607/2098/1265
f 1602/2099/1265 1609/2100/1265 1608/2101/1265 1603/2102/1265
f 1607/2098/1265 1604/2097/1265 1603/2102/1265 1608/2101/1265
f 1596/2103/1250 1597/2104/1249 1609/2100/1265 1602/2099/1265
f 1604/913/1256 1611/914/1256 1612/909/1256 1603/910/1256
f 1596/933/1256 1602/907/1256 1613/908/1256 1594/934/1256
f 1605/2096/1265 1606/2095/1265 1601/2084/1252 1600/2083/1251
f 1605/912/1256 1600/935/1256 1598/936/1256 1610/911/1256
f 1608/1012/1255 1615/1011/1255 1616/1016/1255 1607/1015/1255
f 1601/1035/1255 1606/1014/1255 1617/1013/1255 1599/1036/1255
f 1609/1009/1255 1597/1037/1255 1595/1038/1255 1614/1010/1255
f 1615/2090/1260 1612/2089/1259 1611/2094/1264 1616/2093/1263
f 1598/2086/1254 1599/2085/1253 1617/2092/1262 1610/2091/1261
f 1613/2088/1258 1614/2087/1257 1595/2080/1248 1594/2079/1247
f 1618/2105/1266 1619/2106/1267 1621/2107/1268 1620/2108/1269
f 1624/2109/1270 1625/2110/1271 1623/2111/1272 1622/2112/1273
f 1633/945/1274 1638/946/1275 1639/947/1276 1632/948/1277
f 1641/949/1278 1630/950/1279 1631/951/1280 1640/952/1281
f 1629/912/1282 1634/911/1283 1635/914/1284 1628/913/1285
f 1637/908/1286 1626/907/1287 1627/910/1288 1636/909/1289
f 1638/2113/1290 1637/2114/1291 1636/2115/1292 1639/2116/1293
f 1634/2117/1294 1641/2118/1295 1640/2119/1296 1635/2120/1297
f 1630/2121/1298 1629/2122/1298 1628/2123/1298 1631/2124/1298
f 1626/2125/1298 1633/2126/1298 1632/2127/1298 1627/2128/1298
f 1631/2124/1298 1628/2123/1298 1627/2128/1298 1632/2127/1298
f 1620/2129/1269 1621/2130/1268 1633/2126/1298 1626/2125/1298
f 1628/913/1285 1635/914/1284 1636/909/1289 1627/910/1288
f 1620/933/1299 1626/907/1287 1637/908/1286 1618/934/1299
f 1629/2122/1298 1630/2121/1298 1625/2110/1271 1624/2109/1270
f 1629/912/1282 1624/935/1300 1622/936/1300 1634/911/1283
f 1632/948/1277 1639/947/1276 1640/952/1281 1631/951/1280
f 1625/971/1301 1630/950/1279 1641/949/1278 1623/972/1301
f 1633/945/1274 1621/973/1302 1619/974/1302 1638/946/1275
f 1639/2116/1293 1636/2115/1292 1635/2120/1297 1640/2119/1296
f 1622/2112/1273 1623/2111/1272 1641/2118/1295 1634/2117/1294
f 1637/2114/1291 1638/2113/1290 1619/2106/1267 1618/2105/1266
f 1642/2131/1303 1643/2132/1304 1645/2133/1305 1644/2134/1306
f 1648/2135/1307 1649/2136/1308 1647/2137/1309 1646/2138/1310
f 1657/1009/1311 1662/1010/1311 1663/1011/1311 1656/1012/1311
f 1665/1013/1311 1654/1014/1311 1655/1015/1311 1664/1016/1311
f 1653/912/1312 1658/911/1312 1659/914/1312 1652/913/1312
f 1661/908/1312 1650/907/1312 1651/910/1312 1660/909/1312
f 1662/2139/1313 1661/2140/1314 1660/2141/1315 1663/2142/1316
f 1658/2143/1317 1665/2144/1318 1664/2145/1319 1659/2146/1320
f 1654/2147/1321 1653/2148/1321 1652/2149/1321 1655/2150/1321
f 1650/2151/1321 1657/2152/1321 1656/2153/1321 1651/2154/1321
f 1655/2150/1321 1652/2149/1321 1651/2154/1321 1656/2153/1321
f 1644/2155/1306 1645/2156/1305 1657/2152/1321 1650/2151/1321
f 1652/913/1312 1659/914/1312 1660/909/1312 1651/910/1312
f 1644/933/1312 1650/907/1312 1661/908/1312 1642/934/1312
f 1653/2148/1321 1654/2147/1321 1649/2136/1308 1648/2135/1307
f 1653/912/1312 1648/935/1312 1646/936/1312 1658/911/1312
f 1656/1012/1311 1663/1011/1311 1664/1016/1311 1655/1015/1311
f 1649/1035/1311 1654/1014/1311 1665/1013/1311 1647/1036/1311
f 1657/1009/1311 1645/1037/1311 1643/1038/1311 1662/1010/1311
f 1663/2142/1316 1660/2141/1315 1659/2146/1320 1664/2145/1319
f 1646/2138/1310 1647/2137/1309 1665/2144/1318 1658/2143/1317
f 1661/2140/1314 1662/2139/1313 1643/2132/1304 1642/2131/1303
f 1666/2157/1322 1667/2158/1323 1669/2159/1324 1668/2160/1325
f 1672/2161/1326 1673/2162/1327 1671/2163/1328 1670/2164/1329
f 1681/945/1330 1686/946/1330 1687/947/1330 1680/948/1330
f 1689/949/1330 1678/950/1330 1679/951/1330 1688/952/1330
f 1677/912/1331 1682/911/1331 1683/914/1331 1676/913/1331
f 1685/908/1331 1674/907/1331 1675/910/1331 1684/909/1331
f 1686/2165/1332 1685/2166/1333 1684/2167/1334 1687/2168/1335
f 1682/2169/1336 1689/2170/1337 1688/2171/1338 1683/2172/1339
f 1678/2173/1340 1677/2174/1340 1676/2175/1340 1679/2176/1340
f 1674/2177/1340 1681/2178/1340 1680/2179/1340 1675/2180/1340
f 1679/2176/1340 1676/2175/1340 1675/2180/1340 1680/2179/1340
f 1668/2181/1325 1669/2182/1324 1681/2178/1340 1674/2177/1340
f 1676/913/1331 1683/914/1331 1684/909/1331 1675/910/1331
f 1668/933/1331 1674/907/1331 1685/908/1331 1666/934/1331
f 1677/2174/1340 1678/2173/1340 1673/2162/1327 1672/2161/1326
f 1677/912/1331 1672/935/1331 1670/936/1331 1682/911/1331
f 1680/948/1330 1687/947/1330 1688/952/1330 1679/951/1330
f 1673/971/1330 1678/950/1330 1689/949/1330 1671/972/1330
f 1681/945/1330 1669/973/1330 1667/974/1330 1686/946/1330
f 1687/2168/1335 1684/2167/1334 1683/2172/1339 1688/2171/1338
f 1670/2164/1329 1671/2163/1328 1689/2170/1337 1682/2169/1336
f 1685/2166/1333 1686/2165/1332 1667/2158/1323 1666/2157/1322
f 1690/2183/1341 1691/2184/1342 1693/2185/1343 1692/2186/1344
f 1696/2187/1345 1697/2188/1346 1695/2189/1347 1694/2190/1348
f 1705/907/1349 1710/908/1349 1711/909/1349 1704/910/1349
f 1713/911/1349 1702/912/1349 1703/913/1349 1712/914/1349
f 1701/912/1350 1706/911/1350 1707/914/1350 1700/913/1350
f 1709/908/1350 1698/907/1350 1699/910/1350 1708/909/1350
f 1710/2191/1351 1709/2192/1352 1708/2193/1353 1711/2194/1354
f 1706/2195/1355 1713/2196/1356 1712/2197/1357 1707/2198/1358
f 1702/2199/1359 1701/2200/1359 1700/2201/1359 1703/2202/1359
f 1698/2203/1359 1705/2204/1359 1704/2205/1359 1699/2206/1359
f 1703/2202/1359 1700/2201/1359 1699/2206/1359 1704/2205/1359
f 1692/2207/1344 1693/2208/1343 1705/2204/1359 1698/2203/1359
f 1700/913/1350 1707/914/1350 1708/909/1350 1699/910/1350
f 1692/933/1350 1698/907/1350 1709/908/1350 1690/934/1350
f 1701/2200/1359 1702/2199/1359 1697/2188/1346 1696/2187/1345
f 1701/912/1350 1696/935/1350 1694/936/1350 1706/911/1350
f 1704/910/1349 1711/909/1349 1712/914/1349 1703/913/1349
f 1697/935/1349 1702/912/1349 1713/911/1349 1695/936/1349
f 1705/907/1349 1693/933/1349 1691/934/1349 1710/908/1349
f 1711/2194/1354 1708/2193/1353 1707/2198/1358 1712/2197/1357
f 1694/2190/1348 1695/2189/1347 1713/2196/1356 1706/2195/1355
f 1709/2192/1352 1710/2191/1351 1691/2184/1342 1690/2183/1341
f 1714/2209/1360 1715/2210/1361 1717/2211/1362 1716/2212/1363
f 1720/2213/1364 1721/2214/1365 1719/2215/1366 1718/2216/1367
f 1729/907/1368 1734/908/1368 1735/909/1368 1728/910/1368
f 1737/911/1368 1726/912/1368 1727/913/1368 1736/914/1368
f 1725/912/1369 1730/911/1369 1731/914/1369 1724/913/1369
f 1733/908/1369 1722/907/1369 1723/910/1369 1732/909/1369
f 1734/2217/1370 1733/2218/1371 1732/2219/1372 1735/2220/1373
f 1730/2221/1374 1737/2222/1375 1736/2223/1376 1731/2224/1377
f 1726/2225/1378 1725/2226/1378 1724/2227/1378 1727/2228/1378
f 1722/2229/1378 1729/2230/1378 1728/2231/1378 1723/2232/1378
f 1727/2228/1378 1724/2227/1378 1723/2232/1378 1728/2231/1378
f 1716/2233/1363 1717/2234/1362 1729/2230/1378 1722/2229/1378
f 1724/913/1369 1731/914/1369 1732/909/1369 1723/910/1369
f 1716/933/1369 1722/907/1369 1733/908/1369 1714/934/1369
f 1725/2226/1378 1726/2225/1378 1721/2214/1365 1720/2213/1364
f 1725/912/1369 1720/935/1369 1718/936/1369 1730/911/1369
f 1728/910/1368 1735/909/1368 1736/914/1368 1727/913/1368
f 1721/935/1368 1726/912/1368 1737/911/1368 1719/936/1368
f 1729/907/1368 1717/933/1368 1715/934/1368 1734/908/1368
f 1735/2220/1373 1732/2219/1372 1731/2224/1377 1736/2223/1376
f 1718/2216/1367 1719/2215/1366 1737/2222/1375 1730/2221/1374
f 1733/2218/1371 1734/2217/1370 1715/2210/1361 1714/2209/1360
f 1738/2235/1379 1739/2236/1380 1741/2237/1211 1740/2238/1212
f 1744/2239/1213 1745/2240/1214 1743/2241/1381 1742/2242/1382
f 1753/907/1217 1758/908/1217 1759/909/1217 1752/910/1217
f 1761/911/1217 1750/912/1217 1751/913/1217 1760/914/1217
f 1749/912/1218 1754/911/1218 1755/914/1218 1748/913/1218
f 1757/908/1218 1746/907/1218 1747/910/1218 1756/909/1218
f 1758/2243/1383 1757/2244/1384 1756/2245/1385 1759/2246/1386
f 1754/2247/1387 1761/2248/1388 1760/2249/1389 1755/2250/1390
f 1750/2251/1227 1749/2252/1227 1748/2253/1227 1751/2254/1227
f 1746/2255/1227 1753/2256/1227 1752/2257/1227 1747/2258/1227
f 1751/2254/1227 1748/2253/1227 1747/2258/1227 1752/2257/1227
f 1740/2259/1212 1741/2260/1211 1753/2256/1227 1746/2255/1227
f 1748/913/1218 1755/914/1218 1756/909/1218 1747/910/1218
f 1740/933/1218 1746/907/1218 1757/908/1218 1738/934/1218
f 1749/2252/1227 1750/2251/1227 1745/2240/1214 1744/2239/1213
f 1749/912/1218 1744/935/1218 1742/936/1218 1754/911/1218
f 1752/910/1217 1759/909/1217 1760/914/1217 1751/913/1217
f 1745/935/1217 1750/912/1217 1761/911/1217 1743/936/1217
f 1753/907/1217 1741/933/1217 1739/934/1217 1758/908/1217
f 1759/2246/1386 1756/2245/1385 1755/2250/1390 1760/2249/1389
f 1742/2242/1382 1743/2241/1381 1761/2248/1388 1754/2247/1387
f 1757/2244/1384 1758/2243/1383 1739/2236/1380 1738/2235/1379
f 1762/2261/1209 1763/2262/1210 1765/2263/1211 1764/2264/1212
f 1768/2265/1213 1769/2266/1214 1767/2267/1215 1766/2268/1216
f 1777/1009/1217 1782/1010/1217 1783/1011/1217 1776/1012/1217
f 1785/1013/1217 1774/1014/1217 1775/1015/1217 1784/1016/1217
f 1773/912/1218 1778/911/1218 1779/914/1218 1772/913/1218
f 1781/908/1218 1770/907/1218 1771/910/1218 1780/909/1218
f 1782/2269/1219 1781/2270/1220 1780/2271/1221 1783/2272/1222
f 1778/2273/1223 1785/2274/1224 1784/2275/1225 1779/2276/1226
f 1774/2277/1227 1773/2278/1227 1772/2279/1227 1775/2280/1227
f 1770/2281/1227 1777/2282/1227 1776/2283/1227 1771/2284/1227
f 1775/2280/1227 1772/2279/1227 1771/2284/1227 1776/2283/1227
f 1764/2285/1212 1765/2286/1211 1777/2282/1227 1770/2281/1227
f 1772/913/1218 1779/914/1218 1780/909/1218 1771/910/1218
f 1764/933/1218 1770/907/1218 1781/908/1218 1762/934/1218
f 1773/2278/1227 1774/2277/1227 1769/2266/1214 1768/2265/1213
f 1773/912/1218 1768/935/1218 1766/936/1218 1778/911/1218
f 1776/1012/1217 1783/1011/1217 1784/1016/1217 1775/1015/1217
f 1769/1035/1217 1774/1014/1217 1785/1013/1217 1767/1036/1217
f 1777/1009/1217 1765/1037/1217 1763/1038/1217 1782/1010/1217
f 1783/2272/1222 1780/2271/1221 1779/2276/1226 1784/2275/1225
f 1766/2268/1216 1767/2267/1215 1785/2274/1224 1778/2273/1223
f 1781/2270/1220 1782/2269/1219 1763/2262/1210 1762/2261/1209
f 1786/2287/1066 1787/2288/1067 1789/2289/1068 1788/2290/1069
f 1792/2291/1070 1793/2292/1071 1791/2293/1072 1790/2294/1073
f 1801/907/1074 1806/908/1074 1807/909/1074 1800/910/1074
f 1809/911/1074 1798/912/1074 1799/913/1074 1808/914/1074
f 1797/912/1075 1802/911/1075 1803/914/1075 1796/913/1075
f 1805/908/1075 1794/907/1075 1795/910/1075 1804/909/1075
f 1806/2295/1076 1805/2296/1077 1804/2297/1078 1807/2298/1079
f 1802/2299/1080 1809/2300/1081 1808/2301/1082 1803/2302/1083
f 1798/2303/1084 1797/2304/1084 1796/2305/1084 1799/2306/1084
f 1794/2307/1084 1801/2308/1084 1800/2309/1084 1795/2310/1084
f 1799/2306/1084 1796/2305/1084 1795/2310/1084 1800/2309/1084
f 1788/2311/1069 1789/2312/1068 1801/2308/1084 1794/2307/1084
f 1796/913/1075 1803/914/1075 1804/909/1075 1795/910/1075
f 1788/933/1075 1794/907/1075 1805/908/1075 1786/934/1075
f 1797/2304/1084 1798/2303/1084 1793/2292/1071 1792/2291/1070
f 1797/912/1075 1792/935/1075 1790/936/1075 1802/911/1075
f 1800/910/1074 1807/909/1074 1808/914/1074 1799/913/1074
f 1793/935/1074 1798/912/1074 1809/911/1074 1791/936/1074
f 1801/907/1074 1789/933/1074 1787/934/1074 1806/908/1074
f 1807/2298/1079 1804/2297/1078 1803/2302/1083 1808/2301/1082
f 1790/2294/1073 1791/2293/1072 1809/2300/1081 1802/2299/1080
f 1805/2296/1077 1806/2295/1076 1787/2288/1067 1786/2287/1066
f 1810/2313/1391 1811/2314/1392 1813/2315/1393 1812/2316/1394
f 1816/2317/1395 1817/2318/1396 1815/2319/1397 1814/2320/1398
f 1825/1009/1399 1830/1010/1400 1831/1011/1401 1824/1012/1402
f 1833/1013/1403 1822/1014/1404 1823/1015/1405 1832/1016/1406
f 1821/912/1407 1826/911/1408 1827/914/1409 1820/913/1410
f 1829/908/1411 1818/907/1412 1819/910/1413 1828/909/1414
f 1830/2321/1415 1829/2322/1416 1828/2323/1417 1831/2324/1418
f 1826/2325/1419 1833/2326/1420 1832/2327/1421 1827/2328/1422
f 1822/2329/1423 1821/2330/1423 1820/2331/1423 1823/2332/1423
f 1818/2333/1423 1825/2334/1423 1824/2335/1423 1819/2336/1423
f 1823/2332/1423 1820/2331/1423 1819/2336/1423 1824/2335/1423
f 1812/2337/1394 1813/2338/1393 1825/2334/1423 1818/2333/1423
f 1820/913/1410 1827/914/1409 1828/909/1414 1819/910/1413
f 1812/933/1424 1818/907/1412 1829/908/1411 1810/934/1424
f 1821/2330/1423 1822/2329/1423 1817/2318/1396 1816/2317/1395
f 1821/912/1407 1816/935/1425 1814/936/1425 1826/911/1408
f 1824/1012/1402 1831/1011/1401 1832/1016/1406 1823/1015/1405
f 1817/1035/1426 1822/1014/1404 1833/1013/1403 1815/1036/1426
f 1825/1009/1399 1813/1037/1427 1811/1038/1427 1830/1010/1400
f 1831/2324/1418 1828/2323/1417 1827/2328/1422 1832/2327/1421
f 1814/2320/1398 1815/2319/1397 1833/2326/1420 1826/2325/1419
f 1829/2322/1416 1830/2321/1415 1811/2314/1392 1810/2313/1391
f 1834/2339/1428 1835/2340/1429 1837/2341/1430 1836/2342/1431
f 1840/2343/1432 1841/2344/1433 1839/2345/1434 1838/2346/1435
f 1849/945/1436 1854/946/1436 1855/947/1436 1848/948/1436
f 1857/949/1436 1846/950/1436 1847/951/1436 1856/952/1436
f 1845/912/1437 1850/911/1437 1851/914/1437 1844/913/1437
f 1853/908/1437 1842/907/1437 1843/910/1437 1852/909/1437
f 1854/2347/1438 1853/2348/1439 1852/2349/1440 1855/2350/1441
f 1850/2351/1442 1857/2352/1443 1856/2353/1444 1851/2354/1445
f 1846/2355/1446 1845/2356/1446 1844/2357/1446 1847/2358/1446
f 1842/2359/1446 1849/2360/1446 1848/2361/1446 1843/2362/1446
f 1847/2358/1446 1844/2357/1446 1843/2362/1446 1848/2361/1446
f 1836/2363/1431 1837/2364/1430 1849/2360/1446 1842/2359/1446
f 1844/913/1437 1851/914/1437 1852/909/1437 1843/910/1437
f 1836/933/1437 1842/907/1437 1853/908/1437 1834/934/1437
f 1845/2356/1446 1846/2355/1446 1841/2344/1433 1840/2343/1432
f 1845/912/1437 1840/935/1437 1838/936/1437 1850/911/1437
f 1848/948/1436 1855/947/1436 1856/952/1436 1847/951/1436
f 1841/971/1436 1846/950/1436 1857/949/1436 1839/972/1436
f 1849/945/1436 1837/973/1436 1835/974/1436 1854/946/1436
f 1855/2350/1441 1852/2349/1440 1851/2354/1445 1856/2353/1444
f 1838/2346/1435 1839/2345/1434 1857/2352/1443 1850/2351/1442
f 1853/2348/1439 1854/2347/1438 1835/2340/1429 1834/2339/1428
f 1858/2365/1447 1859/2366/1448 1861/2367/1449 1860/2368/1450
f 1864/2369/1451 1865/2370/1452 1863/2371/1453 1862/2372/1454
f 1873/907/1455 1878/908/1455 1879/909/1455 1872/910/1455
f 1881/911/1455 1870/912/1455 1871/913/1455 1880/914/1455
f 1869/912/1456 1874/911/1456 1875/914/1456 1868/913/1456
f 1877/908/1456 1866/907/1456 1867/910/1456 1876/909/1456
f 1878/2373/1457 1877/2374/1458 1876/2375/1459 1879/2376/1460
f 1874/2377/1461 1881/2378/1462 1880/2379/1463 1875/2380/1464
f 1870/2381/1465 1869/2382/1465 1868/2383/1465 1871/2384/1465
f 1866/2385/1465 1873/2386/1465 1872/2387/1465 1867/2388/1465
f 1871/2384/1465 1868/2383/1465 1867/2388/1465 1872/2387/1465
f 1860/2389/1450 1861/2390/1449 1873/2386/1465 1866/2385/1465
f 1868/913/1456 1875/914/1456 1876/909/1456 1867/910/1456
f 1860/933/1456 1866/907/1456 1877/908/1456 1858/934/1456
f 1869/2382/1465 1870/2381/1465 1865/2370/1452 1864/2369/1451
f 1869/912/1456 1864/935/1456 1862/936/1456 1874/911/1456
f 1872/910/1455 1879/909/1455 1880/914/1455 1871/913/1455
f 1865/935/1455 1870/912/1455 1881/911/1455 1863/936/1455
f 1873/907/1455 1861/933/1455 1859/934/1455 1878/908/1455
f 1879/2376/1460 1876/2375/1459 1875/2380/1464 1880/2379/1463
f 1862/2372/1454 1863/2371/1453 1881/2378/1462 1874/2377/1461
f 1877/2374/1458 1878/2373/1457 1859/2366/1448 1858/2365/1447
f 1882/2391/1466 1883/2392/1467 1885/2393/1468 1884/2394/1469
f 1888/2395/1470 1889/2396/1471 1887/2397/1472 1886/2398/1473
f 1897/907/1474 1902/908/1474 1903/909/1474 1896/910/1474
f 1905/911/1474 1894/912/1474 1895/913/1474 1904/914/1474
f 1893/912/1475 1898/911/1475 1899/914/1475 1892/913/1475
f 1901/908/1475 1890/907/1475 1891/910/1475 1900/909/1475
f 1902/2399/1476 1901/2400/1477 1900/2401/1478 1903/2402/1479
f 1898/2403/1480 1905/2404/1481 1904/2405/1482 1899/2406/1483
f 1894/2407/1484 1893/2408/1484 1892/2409/1484 1895/2410/1484
f 1890/2411/1484 1897/2412/1484 1896/2413/1484 1891/2414/1484
f 1895/2410/1484 1892/2409/1484 1891/2414/1484 1896/2413/1484
f 1884/2415/1469 1885/2416/1468 1897/2412/1484 1890/2411/1484
f 1892/913/1475 1899/914/1475 1900/909/1475 1891/910/1475
f 1884/933/1475 1890/907/1475 1901/908/1475 1882/934/1475
f 1893/2408/1484 1894/2407/1484 1889/2396/1471 1888/2395/1470
f 1893/912/1475 1888/935/1475 1886/936/1475 1898/911/1475
f 1896/910/1474 1903/909/1474 1904/914/1474 1895/913/1474
f 1889/935/1474 1894/912/1474 1905/911/1474 1887/936/1474
f 1897/907/1474 1885/933/1474 1883/934/1474 1902/908/1474
f 1903/2402/1479 1900/2401/1478 1899/2406/1483 1904/2405/1482
f 1886/2398/1473 1887/2397/1472 1905/2404/1481 1898/2403/1480
f 1901/2400/1477 1902/2399/1476 1883/2392/1467 1882/2391/1466
f 1906/2417/1209 1907/2418/1210 1909/2419/1211 1908/2420/1212
f 1912/2421/1213 1913/2422/1214 1911/2423/1215 1910/2424/1216
f 1921/1009/1217 1926/1010/1217 1927/1011/1217 1920/1012/1217
f 1929/1013/1217 1918/1014/1217 1919/1015/1217 1928/1016/1217
f 1917/912/1218 1922/911/1218 1923/914/1218 1916/913/1218
f 1925/908/1218 1914/907/1218 1915/910/1218 1924/909/1218
f 1926/2425/1219 1925/2426/1220 1924/2427/1221 1927/2428/1222
f 1922/2429/1223 1929/2430/1224 1928/2431/1225 1923/2432/1226
f 1918/2433/1227 1917/2434/1227 1916/2435/1227 1919/2436/1227
f 1914/2437/1227 1921/2438/1227 1920/2439/1227 1915/2440/1227
f 1919/2436/1227 1916/2435/1227 1915/2440/1227 1920/2439/1227
f 1908/2441/1212 1909/2442/1211 1921/2438/1227 1914/2437/1227
f 1916/913/1218 1923/914/1218 1924/909/1218 1915/910/1218
f 1908/933/1218 1914/907/1218 1925/908/1218 1906/934/1218
f 1917/2434/1227 1918/2433/1227 1913/2422/1214 1912/2421/1213
f 1917/912/1218 1912/935/1218 1910/936/1218 1922/911/1218
f 1920/1012/1217 1927/1011/1217 1928/1016/1217 1919/1015/1217
f 1913/1035/1217 1918/1014/1217 1929/1013/1217 1911/1036/1217
f 1921/1009/1217 1909/1037/1217 1907/1038/1217 1926/1010/1217
f 1927/2428/1222 1924/2427/1221 1923/2432/1226 1928/2431/1225
f 1910/2424/1216 1911/2423/1215 1929/2430/1224 1922/2429/1223
f 1925/2426/1220 1926/2425/1219 1907/2418/1210 1906/2417/1209
f 1930/2443/1485 1931/2444/1486 1933/2445/1487 1932/2446/1488
f 1936/2447/1489 1937/2448/1490 1935/2449/1491 1934/2450/1492
f 1945/907/1493 1950/908/1493 1951/909/1493 1944/910/1493
f 1953/911/1493 1942/912/1493 1943/913/1493 1952/914/1493
f 1941/912/1494 1946/911/1494 1947/914/1494 1940/913/1494
f 1949/908/1494 1938/907/1494 1939/910/1494 1948/909/1494
f 1950/2451/1495 1949/2452/1496 1948/2453/1497 1951/2454/1498
f 1946/2455/1499 1953/2456/1500 1952/2457/1501 1947/2458/1502
f 1942/2459/1503 1941/2460/1503 1940/2461/1503 1943/2462/1503
f 1938/2463/1503 1945/2464/1503 1944/2465/1503 1939/2466/1503
f 1943/2462/1503 1940/2461/1503 1939/2466/1503 1944/2465/1503
f 1932/2467/1488 1933/2468/1487 1945/2464/1503 1938/2463/1503
f 1940/913/1494 1947/914/1494 1948/909/1494 1939/910/1494
f 1932/933/1494 1938/907/1494 1949/908/1494 1930/934/1494
f 1941/2460/1503 1942/2459/1503 1937/2448/1490 1936/2447/1489
f 1941/912/1494 1936/935/1494 1934/936/1494 1946/911/1494
f 1944/910/1493 1951/909/1493 1952/914/1493 1943/913/1493
f 1937/935/1493 1942/912/1493 1953/911/1493 1935/936/1493
f 1945/907/1493 1933/933/1493 1931/934/1493 1950/908/1493
f 1951/2454/1498 1948/2453/1497 1947/2458/1502 1952/2457/1501
f 1934/2450/1492 1935/2449/1491 1953/2456/1500 1946/2455/1499
f 1949/2452/1496 1950/2451/1495 1931/2444/1486 1930/2443/1485
f 1954/2469/1209 1955/2470/1210 1957/2471/1211 1956/2472/1212
f 1960/2473/1213 1961/2474/1214 1959/2475/1215 1958/2476/1216
f 1969/907/1217 1974/908/1217 1975/909/1217 1968/910/1217
f 1977/911/1217 1966/912/1217 1967/913/1217 1976/914/1217
f 1965/912/1218 1970/911/1218 1971/914/1218 1964/913/1218
f 1973/908/1218 1962/907/1218 1963/910/1218 1972/909/1218
f 1974/2477/1219 1973/2478/1220 1972/2479/1221 1975/2480/1222
f 1970/2481/1223 1977/2482/1224 1976/2483/1225 1971/2484/1226
f 1966/2485/1227 1965/2486/1227 1964/2487/1227 1967/2488/1227
f 1962/2489/1227 1969/2490/1227 1968/2491/1227 1963/2492/1227
f 1967/2488/1227 1964/2487/1227 1963/2492/1227 1968/2491/1227
f 1956/2493/1212 1957/2494/1211 1969/2490/1227 1962/2489/1227
f 1964/913/1218 1971/914/1218 1972/909/1218 1963/910/1218
f 1956/933/1218 1962/907/1218 1973/908/1218 1954/934/1218
f 1965/2486/1227 1966/2485/1227 1961/2474/1214 1960/2473/1213
f 1965/912/1218 1960/935/1218 1958/936/1218 1970/911/1218
f 1968/910/1217 1975/909/1217 1976/914/1217 1967/913/1217
f 1961/935/1217 1966/912/1217 1977/911/1217 1959/936/1217
f 1969/907/1217 1957/933/1217 1955/934/1217 1974/908/1217
f 1975/2480/1222 1972/2479/1221 1971/2484/1226 1976/2483/1225
f 1958/2476/1216 1959/2475/1215 1977/2482/1224 1970/2481/1223
f 1973/2478/1220 1974/2477/1219 1955/2470/1210 1954/2469/1209
f 1978/2495/1504 1979/2496/1505 1981/2497/1506 1980/2498/1507
f 1984/2499/1508 1985/2500/1509 1983/2501/1510 1982/2502/1511
f 1993/907/1512 1998/908/1512 1999/909/1512 1992/910/1512
f 2001/911/1512 1990/912/1512 1991/913/1512 2000/914/1512
f 1989/912/1513 1994/911/1513 1995/914/1513 1988/913/1513
f 1997/908/1513 1986/907/1513 1987/910/1513 1996/909/1513
f 1998/2503/1514 1997/2504/1515 1996/2505/1516 1999/2506/1517
f 1994/2507/1518 2001/2508/1519 2000/2509/1520 1995/2510/1521
f 1990/2511/1522 1989/2512/1522 1988/2513/1522 1991/2514/1522
f 1986/2515/1523 1993/2516/1523 1992/2517/1523 1987/2518/1523
f 1991/2514/1522 1988/2513/1522 1987/2518/1523 1992/2517/1523
f 1980/2519/1507 1981/2520/1506 1993/2516/1523 1986/2515/1523
f 1988/913/1513 1995/914/1513 1996/909/1513 1987/910/1513
f 1980/933/1513 1986/907/1513 1997/908/1513 1978/934/1513
f 1989/2512/1522 1990/2511/1522 1985/2500/1509 1984/2499/1508
f 1989/912/1513 1984/935/1513 1982/936/1513 1994/911/1513
f 1992/910/1512 1999/909/1512 2000/914/1512 1991/913/1512
f 1985/935/1512 1990/912/1512 2001/911/1512 1983/936/1512
f 1993/907/1512 1981/933/1512 1979/934/1512 1998/908/1512
f 1999/2506/1517 1996/2505/1516 1995/2510/1521 2000/2509/1520
f 1982/2502/1511 1983/2501/1510 2001/2508/1519 1994/2507/1518
f 1997/2504/1515 1998/2503/1514 1979/2496/1505 1978/2495/1504
f 2002/2521/1524 2003/2522/1525 2005/2523/1526 2004/2524/1527
f 2008/2525/1528 2009/2526/1529 2007/2527/1530 2006/2528/1531
f 2017/907/1532 2022/908/1532 2023/909/1532 2016/910/1532
f 2025/911/1532 2014/912/1532 2015/913/1532 2024/914/1532
f 2013/912/1533 2018/911/1533 2019/914/1533 2012/913/1533
f 2021/908/1533 2010/907/1533 2011/910/1533 2020/909/1533
f 2022/2529/1534 2021/2530/1535 2020/2531/1536 2023/2532/1537
f 2018/2533/1538 2025/2534/1539 2024/2535/1540 2019/2536/1541
f 2014/2537/1542 2013/2538/1542 2012/2539/1542 2015/2540/1542
f 2010/2541/1542 2017/2542/1542 2016/2543/1542 2011/2544/1542
f 2015/2540/1542 2012/2539/1542 2011/2544/1542 2016/2543/1542
f 2004/2545/1527 2005/2546/1526 2017/2542/1542 2010/2541/1542
f 2012/913/1533 2019/914/1533 2020/909/1533 2011/910/1533
f 2004/933/1533 2010/907/1533 2021/908/1533 2002/934/1533
f 2013/2538/1542 2014/2537/1542 2009/2526/1529 2008/2525/1528
f 2013/912/1533 2008/935/1533 2006/936/1533 2018/911/1533
f 2016/910/1532 2023/909/1532 2024/914/1532 2015/913/1532
f 2009/935/1532 2014/912/1532 2025/911/1532 2007/936/1532
f 2017/907/1532 2005/933/1532 2003/934/1532 2022/908/1532
f 2023/2532/1537 2020/2531/1536 2019/2536/1541 2024/2535/1540
f 2006/2528/1531 2007/2527/1530 2025/2534/1539 2018/2533/1538
f 2021/2530/1535 2022/2529/1534 2003/2522/1525 2002/2521/1524
f 2026/2547/1543 2027/2548/1544 2029/2549/1545 2028/2550/1546
f 2032/2551/1547 2033/2552/1548 2031/2553/1549 2030/2554/1550
f 2041/907/1551 2046/908/1551 2047/909/1551 2040/910/1551
f 2049/911/1551 2038/912/1551 2039/913/1551 2048/914/1551
f 2037/912/1552 2042/911/1552 2043/914/1552 2036/913/1552
f 2045/908/1552 2034/907/1552 2035/910/1552 2044/909/1552
f 2046/2555/1553 2045/2556/1554 2044/2557/1555 2047/2558/1556
f 2042/2559/1557 2049/2560/1558 2048/2561/1559 2043/2562/1560
f 2038/2563/1561 2037/2564/1561 2036/2565/1561 2039/2566/1561
f 2034/2567/1561 2041/2568/1561 2040/2569/1561 2035/2570/1561
f 2039/2566/1561 2036/2565/1561 2035/2570/1561 2040/2569/1561
f 2028/2571/1546 2029/2572/1545 2041/2568/1561 2034/2567/1561
f 2036/913/1552 2043/914/1552 2044/909/1552 2035/910/1552
f 2028/933/1552 2034/907/1552 2045/908/1552 2026/934/1552
f 2037/2564/1561 2038/2563/1561 2033/2552/1548 2032/2551/1547
f 2037/912/1552 2032/935/1552 2030/936/1552 2042/911/1552
f 2040/910/1551 2047/909/1551 2048/914/1551 2039/913/1551
f 2033/935/1551 2038/912/1551 2049/911/1551 2031/936/1551
f 2041/907/1551 2029/933/1551 2027/934/1551 2046/908/1551
f 2047/2558/1556 2044/2557/1555 2043/2562/1560 2048/2561/1559
f 2030/2554/1550 2031/2553/1549 2049/2560/1558 2042/2559/1557
f 2045/2556/1554 2046/2555/1553 2027/2548/1544 2026/2547/1543
f 2050/2573/1562 2051/2574/1563 2053/2575/1564 2052/2576/1565
f 2056/2577/1566 2057/2578/1567 2055/2579/1568 2054/2580/1569
f 2065/1009/1570 2070/1010/1570 2071/1011/1570 2064/1012/1570
f 2073/1013/1570 2062/1014/1570 2063/1015/1570 2072/1016/1570
f 2061/912/1571 2066/911/1571 2067/914/1571 2060/913/1571
f 2069/908/1571 2058/907/1571 2059/910/1571 2068/909/1571
f 2070/2581/1572 2069/2582/1573 2068/2583/1574 2071/2584/1575
f 2066/2585/1576 2073/2586/1577 2072/2587/1578 2067/2588/1579
f 2062/2589/1580 2061/2590/1580 2060/2591/1580 2063/2592/1580
f 2058/2593/1580 2065/2594/1580 2064/2595/1580 2059/2596/1580
f 2063/2592/1580 2060/2591/1580 2059/2596/1580 2064/2595/1580
f 2052/2597/1565 2053/2598/1564 2065/2594/1580 2058/2593/1580
f 2060/913/1571 2067/914/1571 2068/909/1571 2059/910/1571
f 2052/933/1571 2058/907/1571 2069/908/1571 2050/934/1571
f 2061/2590/1580 2062/2589/1580 2057/2578/1567 2056/2577/1566
f 2061/912/1571 2056/935/1571 2054/936/1571 2066/911/1571
f 2064/1012/1570 2071/1011/1570 2072/1016/1570 2063/1015/1570
f 2057/1035/1570 2062/1014/1570 2073/1013/1570 2055/1036/1570
f 2065/1009/1570 2053/1037/1570 2051/1038/1570 2070/1010/1570
f 2071/2584/1575 2068/2583/1574 2067/2588/1579 2072/2587/1578
f 2054/2580/1569 2055/2579/1568 2073/2586/1577 2066/2585/1576
f 2069/2582/1573 2070/2581/1572 2051/2574/1563 2050/2573/1562
f 2074/899/1581 2076/902/1582 2077/901/1583 2075/900/1584
f 2080/903/1585 2078/906/1586 2079/905/1587 2081/904/1588
f 2089/907/1589 2088/910/1589 2095/909/1589 2094/908/1589
f 2097/911/1589 2096/914/1589 2087/913/1589 2086/912/1589
f 2085/912/1590 2084/913/1590 2091/914/1590 2090/911/1590
f 2093/908/1590 2092/909/1590 2083/910/1590 2082/907/1590
f 2094/915/1591 2095/918/1592 2092/917/1593 2093/916/1594
f 2090/919/1595 2091/922/1596 2096/921/1597 2097/920/1598
f 2086/923/1599 2087/926/1599 2084/925/1599 2085/924/1599
f 2082/927/1599 2083/930/1599 2088/929/1599 2089/928/1599
f 2087/926/1599 2088/929/1599 2083/930/1599 2084/925/1599
f 2076/931/1582 2082/927/1599 2089/928/1599 2077/932/1583
f 2084/913/1590 2083/910/1590 2092/909/1590 2091/914/1590
f 2076/933/1590 2074/934/1590 2093/908/1590 2082/907/1590
f 2085/924/1599 2080/903/1585 2081/904/1588 2086/923/1599
f 2085/912/1590 2090/911/1590 2078/936/1590 2080/935/1590
f 2088/910/1589 2087/913/1589 2096/914/1589 2095/909/1589
f 2081/935/1589 2079/936/1589 2097/911/1589 2086/912/1589
f 2089/907/1589 2094/908/1589 2075/934/1589 2077/933/1589
f 2095/918/1592 2096/921/1597 2091/922/1596 2092/917/1593
f 2078/906/1586 2090/919/1595 2097/920/1598 2079/905/1587
f 2093/916/1594 2074/899/1581 2075/900/1584 2094/915/1591
f 2098/937/1600 2100/940/1601 2101/939/1602 2099/938/1603
f 2104/941/1604 2102/944/1605 2103/943/1606 2105/942/1607
f 2113/945/1608 2112/948/1608 2119/947/1608 2118/946/1608
f 2121/949/1608 2120/952/1608 2111/951/1608 2110/950/1608
f 2109/912/1609 2108/913/1609 2115/914/1609 2114/911/1609
f 2117/908/1609 2116/909/1609 2107/910/1609 2106/907/1609
f 2118/953/1610 2119/956/1611 2116/955/1612 2117/954/1613
f 2114/957/1614 2115/960/1615 2120/959/1616 2121/958/1617
f 2110/961/1618 2111/964/1618 2108/963/1618 2109/962/1618
f 2106/965/1618 2107/968/1618 2112/967/1618 2113/966/1618
f 2111/964/1618 2112/967/1618 2107/968/1618 2108/963/1618
f 2100/969/1601 2106/965/1618 2113/966/1618 2101/970/1602
f 2108/913/1609 2107/910/1609 2116/909/1609 2115/914/1609
f 2100/933/1609 2098/934/1609 2117/908/1609 2106/907/1609
f 2109/962/1618 2104/941/1604 2105/942/1607 2110/961/1618
f 2109/912/1609 2114/911/1609 2102/936/1609 2104/935/1609
f 2112/948/1608 2111/951/1608 2120/952/1608 2119/947/1608
f 2105/971/1608 2103/972/1608 2121/949/1608 2110/950/1608
f 2113/945/1608 2118/946/1608 2099/974/1608 2101/973/1608
f 2119/956/1611 2120/959/1616 2115/960/1615 2116/955/1612
f 2102/944/1605 2114/957/1614 2121/958/1617 2103/943/1606
f 2117/954/1613 2098/937/1600 2099/938/1603 2118/953/1610
f 2122/975/1619 2124/978/1620 2125/977/1621 2123/976/1622
f 2128/979/1623 2126/982/1624 2127/981/1625 2129/980/1626
f 2137/945/1627 2136/948/1627 2143/947/1627 2142/946/1627
f 2145/949/1627 2144/952/1627 2135/951/1627 2134/950/1627
f 2133/912/1628 2132/913/1628 2139/914/1628 2138/911/1628
f 2141/908/1628 2140/909/1628 2131/910/1628 2130/907/1628
f 2142/983/1629 2143/986/1630 2140/985/1631 2141/984/1632
f 2138/987/1633 2139/990/1634 2144/989/1635 2145/988/1636
f 2134/991/1637 2135/994/1637 2132/993/1637 2133/992/1637
f 2130/995/1637 2131/998/1637 2136/997/1637 2137/996/1637
f 2135/994/1637 2136/997/1637 2131/998/1637 2132/993/1637
f 2124/999/1620 2130/995/1637 2137/996/1637 2125/1000/1621
f 2132/913/1628 2131/910/1628 2140/909/1628 2139/914/1628
f 2124/933/1628 2122/934/1628 2141/908/1628 2130/907/1628
f 2133/992/1637 2128/979/1623 2129/980/1626 2134/991/1637
f 2133/912/1628 2138/911/1628 2126/936/1628 2128/935/1628
f 2136/948/1627 2135/951/1627 2144/952/1627 2143/947/1627
f 2129/971/1627 2127/972/1627 2145/949/1627 2134/950/1627
f 2137/945/1627 2142/946/1627 2123/974/1627 2125/973/1627
f 2143/986/1630 2144/989/1635 2139/990/1634 2140/985/1631
f 2126/982/1624 2138/987/1633 2145/988/1636 2127/981/1625
f 2141/984/1632 2122/975/1619 2123/976/1622 2142/983/1629
f 2146/1001/1581 2148/1004/1582 2149/1003/1583 2147/1002/1584
f 2152/1005/1585 2150/1008/1586 2151/1007/1587 2153/1006/1588
f 2161/1009/1589 2160/1012/1589 2167/1011/1589 2166/1010/1589
f 2169/1013/1589 2168/1016/1589 2159/1015/1589 2158/1014/1589
f 2157/912/1590 2156/913/1590 2163/914/1590 2162/911/1590
f 2165/908/1590 2164/909/1590 2155/910/1590 2154/907/1590
f 2166/1017/1591 2167/1020/1592 2164/1019/1593 2165/1018/1594
f 2162/1021/1595 2163/1024/1596 2168/1023/1597 2169/1022/1598
f 2158/1025/1599 2159/1028/1599 2156/1027/1599 2157/1026/1599
f 2154/1029/1599 2155/1032/1599 2160/1031/1599 2161/1030/1599
f 2159/1028/1599 2160/1031/1599 2155/1032/1599 2156/1027/1599
f 2148/1033/1582 2154/1029/1599 2161/1030/1599 2149/1034/1583
f 2156/913/1590 2155/910/1590 2164/909/1590 2163/914/1590
f 2148/933/1590 2146/934/1590 2165/908/1590 2154/907/1590
f 2157/1026/1599 2152/1005/1585 2153/1006/1588 2158/1025/1599
f 2157/912/1590 2162/911/1590 2150/936/1590 2152/935/1590
f 2160/1012/1589 2159/1015/1589 2168/1016/1589 2167/1011/1589
f 2153/1035/1589 2151/1036/1589 2169/1013/1589 2158/1014/1589
f 2161/1009/1589 2166/1010/1589 2147/1038/1589 2149/1037/1589
f 2167/1020/1592 2168/1023/1597 2163/1024/1596 2164/1019/1593
f 2150/1008/1586 2162/1021/1595 2169/1022/1598 2151/1007/1587
f 2165/1018/1594 2146/1001/1581 2147/1002/1584 2166/1017/1591
f 2170/1039/1638 2172/1042/1639 2173/1041/1640 2171/1040/1641
f 2176/1043/1642 2174/1046/1643 2175/1045/1644 2177/1044/1645
f 2185/907/1646 2184/910/1646 2191/909/1646 2190/908/1646
f 2193/911/1646 2192/914/1646 2183/913/1646 2182/912/1646
f 2181/912/1647 2180/913/1647 2187/914/1647 2186/911/1647
f 2189/908/1647 2188/909/1647 2179/910/1647 2178/907/1647
f 2190/1047/1648 2191/1050/1649 2188/1049/1650 2189/1048/1651
f 2186/1051/1652 2187/1054/1653 2192/1053/1654 2193/1052/1655
f 2182/1055/1656 2183/1058/1656 2180/1057/1656 2181/1056/1656
f 2178/1059/1656 2179/1062/1656 2184/1061/1656 2185/1060/1656
f 2183/1058/1656 2184/1061/1656 2179/1062/1656 2180/1057/1656
f 2172/1063/1639 2178/1059/1656 2185/1060/1656 2173/1064/1640
f 2180/913/1647 2179/910/1647 2188/909/1647 2187/914/1647
f 2172/933/1647 2170/934/1647 2189/908/1647 2178/907/1647
f 2181/1056/1656 2176/1043/1642 2177/1044/1645 2182/1055/1656
f 2181/912/1647 2186/911/1647 2174/936/1647 2176/935/1647
f 2184/910/1646 2183/913/1646 2192/914/1646 2191/909/1646
f 2177/935/1646 2175/936/1646 2193/911/1646 2182/912/1646
f 2185/907/1646 2190/908/1646 2171/934/1646 2173/933/1646
f 2191/1050/1649 2192/1053/1654 2187/1054/1653 2188/1049/1650
f 2174/1046/1643 2186/1051/1652 2193/1052/1655 2175/1045/1644
f 2189/1048/1651 2170/1039/1638 2171/1040/1641 2190/1047/1648
f 2194/1065/1657 2196/1068/1658 2197/1067/1659 2195/1066/1660
f 2200/1069/1661 2198/1072/1662 2199/1071/1663 2201/1070/1664
f 2209/907/1665 2208/910/1665 2215/909/1665 2214/908/1665
f 2217/911/1665 2216/914/1665 2207/913/1665 2206/912/1665
f 2205/912/1666 2204/913/1666 2211/914/1666 2210/911/1666
f 2213/908/1666 2212/909/1666 2203/910/1666 2202/907/1666
f 2214/1073/1667 2215/1076/1668 2212/1075/1669 2213/1074/1670
f 2210/1077/1671 2211/1080/1672 2216/1079/1673 2217/1078/1674
f 2206/1081/1675 2207/1084/1675 2204/1083/1675 2205/1082/1675
f 2202/1085/1675 2203/1088/1675 2208/1087/1675 2209/1086/1675
f 2207/1084/1675 2208/1087/1675 2203/1088/1675 2204/1083/1675
f 2196/1089/1658 2202/1085/1675 2209/1086/1675 2197/1090/1659
f 2204/913/1666 2203/910/1666 2212/909/1666 2211/914/1666
f 2196/933/1666 2194/934/1666 2213/908/1666 2202/907/1666
f 2205/1082/1675 2200/1069/1661 2201/1070/1664 2206/1081/1675
f 2205/912/1666 2210/911/1666 2198/936/1666 2200/935/1666
f 2208/910/1665 2207/913/1665 2216/914/1665 2215/909/1665
f 2201/935/1665 2199/936/1665 2217/911/1665 2206/912/1665
f 2209/907/1665 2214/908/1665 2195/934/1665 2197/933/1665
f 2215/1076/1668 2216/1079/1673 2211/1080/1672 2212/1075/1669
f 2198/1072/1662 2210/1077/1671 2217/1078/1674 2199/1071/1663
f 2213/1074/1670 2194/1065/1657 2195/1066/1660 2214/1073/1667
f 2218/1091/1676 2220/1094/1677 2221/1093/1678 2219/1092/1679
f 2224/1095/1680 2222/1098/1681 2223/1097/1682 2225/1096/1683
f 2233/1009/1684 2232/1012/1684 2239/1011/1684 2238/1010/1684
f 2241/1013/1684 2240/1016/1684 2231/1015/1684 2230/1014/1684
f 2229/912/1685 2228/913/1685 2235/914/1685 2234/911/1685
f 2237/908/1685 2236/909/1685 2227/910/1685 2226/907/1685
f 2238/1099/1686 2239/1102/1687 2236/1101/1688 2237/1100/1689
f 2234/1103/1690 2235/1106/1691 2240/1105/1692 2241/1104/1693
f 2230/1107/1694 2231/1110/1694 2228/1109/1694 2229/1108/1694
f 2226/1111/1694 2227/1114/1694 2232/1113/1694 2233/1112/1694
f 2231/1110/1694 2232/1113/1694 2227/1114/1694 2228/1109/1694
f 2220/1115/1677 2226/1111/1694 2233/1112/1694 2221/1116/1678
f 2228/913/1685 2227/910/1685 2236/909/1685 2235/914/1685
f 2220/933/1685 2218/934/1685 2237/908/1685 2226/907/1685
f 2229/1108/1694 2224/1095/1680 2225/1096/1683 2230/1107/1694
f 2229/912/1685 2234/911/1685 2222/936/1685 2224/935/1685
f 2232/1012/1684 2231/1015/1684 2240/1016/1684 2239/1011/1684
f 2225/1035/1684 2223/1036/1684 2241/1013/1684 2230/1014/1684
f 2233/1009/1684 2238/1010/1684 2219/1038/1684 2221/1037/1684
f 2239/1102/1687 2240/1105/1692 2235/1106/1691 2236/1101/1688
f 2222/1098/1681 2234/1103/1690 2241/1104/1693 2223/1097/1682
f 2237/1100/1689 2218/1091/1676 2219/1092/1679 2238/1099/1686
f 2242/1117/1676 2244/1120/1677 2245/1119/1678 2243/1118/1679
f 2248/1121/1680 2246/1124/1681 2247/1123/1682 2249/1122/1683
f 2257/907/1684 2256/910/1684 2263/909/1684 2262/908/1684
f 2265/911/1684 2264/914/1684 2255/913/1684 2254/912/1684
f 2253/912/1685 2252/913/1685 2259/914/1685 2258/911/1685
f 2261/908/1685 2260/909/1685 2251/910/1685 2250/907/1685
f 2262/1125/1686 2263/1128/1687 2260/1127/1688 2261/1126/1689
f 2258/1129/1690 2259/1132/1691 2264/1131/1692 2265/1130/1693
f 2254/1133/1694 2255/1136/1694 2252/1135/1694 2253/1134/1694
f 2250/1137/1694 2251/1140/1694 2256/1139/1694 2257/1138/1694
f 2255/1136/1694 2256/1139/1694 2251/1140/1694 2252/1135/1694
f 2244/1141/1677 2250/1137/1694 2257/1138/1694 2245/1142/1678
f 2252/913/1685 2251/910/1685 2260/909/1685 2259/914/1685
f 2244/933/1685 2242/934/1685 2261/908/1685 2250/907/1685
f 2253/1134/1694 2248/1121/1680 2249/1122/1683 2254/1133/1694
f 2253/912/1685 2258/911/1685 2246/936/1685 2248/935/1685
f 2256/910/1684 2255/913/1684 2264/914/1684 2263/909/1684
f 2249/935/1684 2247/936/1684 2265/911/1684 2254/912/1684
f 2257/907/1684 2262/908/1684 2243/934/1684 2245/933/1684
f 2263/1128/1687 2264/1131/1692 2259/1132/1691 2260/1127/1688
f 2246/1124/1681 2258/1129/1690 2265/1130/1693 2247/1123/1682
f 2261/1126/1689 2242/1117/1676 2243/1118/1679 2262/1125/1686
f 2266/1143/1695 2268/1146/1696 2269/1145/1697 2267/1144/1698
f 2272/1147/1699 2270/1150/1700 2271/1149/1701 2273/1148/1702
f 2281/907/1703 2280/910/1703 2287/909/1703 2286/908/1703
f 2289/911/1703 2288/914/1703 2279/913/1703 2278/912/1703
f 2277/912/1704 2276/913/1704 2283/914/1704 2282/911/1704
f 2285/908/1704 2284/909/1704 2275/910/1704 2274/907/1704
f 2286/1151/1705 2287/1154/1706 2284/1153/1707 2285/1152/1708
f 2282/1155/1709 2283/1158/1710 2288/1157/1711 2289/1156/1712
f 2278/1159/1713 2279/1162/1713 2276/1161/1713 2277/1160/1713
f 2274/1163/1713 2275/1166/1713 2280/1165/1713 2281/1164/1713
f 2279/1162/1713 2280/1165/1713 2275/1166/1713 2276/1161/1713
f 2268/1167/1696 2274/1163/1713 2281/1164/1713 2269/1168/1697
f 2276/913/1704 2275/910/1704 2284/909/1704 2283/914/1704
f 2268/933/1704 2266/934/1704 2285/908/1704 2274/907/1704
f 2277/1160/1713 2272/1147/1699 2273/1148/1702 2278/1159/1713
f 2277/912/1704 2282/911/1704 2270/936/1704 2272/935/1704
f 2280/910/1703 2279/913/1703 2288/914/1703 2287/909/1703
f 2273/935/1703 2271/936/1703 2289/911/1703 2278/912/1703
f 2281/907/1703 2286/908/1703 2267/934/1703 2269/933/1703
f 2287/1154/1706 2288/1157/1711 2283/1158/1710 2284/1153/1707
f 2270/1150/1700 2282/1155/1709 2289/1156/1712 2271/1149/1701
f 2285/1152/1708 2266/1143/1695 2267/1144/1698 2286/1151/1705
f 2290/1169/1714 2292/1172/1715 2293/1171/1716 2291/1170/1717
f 2296/1173/1718 2294/1176/1719 2295/1175/1720 2297/1174/1721
f 2305/1009/1722 2304/1012/1722 2311/1011/1722 2310/1010/1722
f 2313/1013/1722 2312/1016/1722 2303/1015/1722 2302/1014/1722
f 2301/912/1723 2300/913/1723 2307/914/1723 2306/911/1723
f 2309/908/1723 2308/909/1723 2299/910/1723 2298/907/1723
f 2310/1177/1724 2311/1180/1725 2308/1179/1726 2309/1178/1727
f 2306/1181/1728 2307/1184/1729 2312/1183/1730 2313/1182/1731
f 2302/1185/1732 2303/1188/1732 2300/1187/1732 2301/1186/1732
f 2298/1189/1732 2299/1192/1732 2304/1191/1732 2305/1190/1732
f 2303/1188/1732 2304/1191/1732 2299/1192/1732 2300/1187/1732
f 2292/1193/1715 2298/1189/1732 2305/1190/1732 2293/1194/1716
f 2300/913/1723 2299/910/1723 2308/909/1723 2307/914/1723
f 2292/933/1723 2290/934/1723 2309/908/1723 2298/907/1723
f 2301/1186/1732 2296/1173/1718 2297/1174/1721 2302/1185/1732
f 2301/912/1723 2306/911/1723 2294/936/1723 2296/935/1723
f 2304/1012/1722 2303/1015/1722 2312/1016/1722 2311/1011/1722
f 2297/1035/1722 2295/1036/1722 2313/1013/1722 2302/1014/1722
f 2305/1009/1722 2310/1010/1722 2291/1038/1722 2293/1037/1722
f 2311/1180/1725 2312/1183/1730 2307/1184/1729 2308/1179/1726
f 2294/1176/1719 2306/1181/1728 2313/1182/1731 2295/1175/1720
f 2309/1178/1727 2290/1169/1714 2291/1170/1717 2310/1177/1724
f 2314/1195/1581 2316/1198/1582 2317/1197/1583 2315/1196/1584
f 2320/1199/1585 2318/1202/1586 2319/1201/1587 2321/1200/1588
f 2329/907/1589 2328/910/1589 2335/909/1589 2334/908/1589
f 2337/911/1589 2336/914/1589 2327/913/1589 2326/912/1589
f 2325/912/1590 2324/913/1590 2331/914/1590 2330/911/1590
f 2333/908/1590 2332/909/1590 2323/910/1590 2322/907/1590
f 2334/1203/1591 2335/1206/1592 2332/1205/1593 2333/1204/1594
f 2330/1207/1595 2331/1210/1596 2336/1209/1597 2337/1208/1598
f 2326/1211/1599 2327/1214/1599 2324/1213/1599 2325/1212/1599
f 2322/1215/1599 2323/1218/1599 2328/1217/1599 2329/1216/1599
f 2327/1214/1599 2328/1217/1599 2323/1218/1599 2324/1213/1599
f 2316/1219/1582 2322/1215/1599 2329/1216/1599 2317/1220/1583
f 2324/913/1590 2323/910/1590 2332/909/1590 2331/914/1590
f 2316/933/1590 2314/934/1590 2333/908/1590 2322/907/1590
f 2325/1212/1599 2320/1199/1585 2321/1200/1588 2326/1211/1599
f 2325/912/1590 2330/911/1590 2318/936/1590 2320/935/1590
f 2328/910/1589 2327/913/1589 2336/914/1589 2335/909/1589
f 2321/935/1589 2319/936/1589 2337/911/1589 2326/912/1589
f 2329/907/1589 2334/908/1589 2315/934/1589 2317/933/1589
f 2335/1206/1592 2336/1209/1597 2331/1210/1596 2332/1205/1593
f 2318/1202/1586 2330/1207/1595 2337/1208/1598 2319/1201/1587
f 2333/1204/1594 2314/1195/1581 2315/1196/1584 2334/1203/1591
f 2338/1221/1581 2340/1224/1582 2341/1223/1583 2339/1222/1584
f 2344/1225/1585 2342/1228/1586 2343/1227/1587 2345/1226/1588
f 2353/907/1589 2352/910/1589 2359/909/1589 2358/908/1589
f 2361/911/1589 2360/914/1589 2351/913/1589 2350/912/1589
f 2349/912/1590 2348/913/1590 2355/914/1590 2354/911/1590
f 2357/908/1590 2356/909/1590 2347/910/1590 2346/907/1590
f 2358/1229/1591 2359/1232/1592 2356/1231/1593 2357/1230/1594
f 2354/1233/1595 2355/1236/1596 2360/1235/1597 2361/1234/1598
f 2350/1237/1599 2351/1240/1599 2348/1239/1599 2349/1238/1599
f 2346/1241/1599 2347/1244/1599 2352/1243/1599 2353/1242/1599
f 2351/1240/1599 2352/1243/1599 2347/1244/1599 2348/1239/1599
f 2340/1245/1582 2346/1241/1599 2353/1242/1599 2341/1246/1583
f 2348/913/1590 2347/910/1590 2356/909/1590 2355/914/1590
f 2340/933/1590 2338/934/1590 2357/908/1590 2346/907/1590
f 2349/1238/1599 2344/1225/1585 2345/1226/1588 2350/1237/1599
f 2349/912/1590 2354/911/1590 2342/936/1590 2344/935/1590
f 2352/910/1589 2351/913/1589 2360/914/1589 2359/909/1589
f 2345/935/1589 2343/936/1589 2361/911/1589 2350/912/1589
f 2353/907/1589 2358/908/1589 2339/934/1589 2341/933/1589
f 2359/1232/1592 2360/1235/1597 2355/1236/1596 2356/1231/1593
f 2342/1228/1586 2354/1233/1595 2361/1234/1598 2343/1227/1587
f 2357/1230/1594 2338/1221/1581 2339/1222/1584 2358/1229/1591
f 2362/1247/1733 2364/1250/1734 2365/1249/1735 2363/1248/1736
f 2368/1251/1737 2366/1254/1738 2367/1253/1739 2369/1252/1740
f 2377/1009/1741 2376/1012/1741 2383/1011/1741 2382/1010/1741
f 2385/1013/1741 2384/1016/1741 2375/1015/1741 2374/1014/1741
f 2373/912/1742 2372/913/1742 2379/914/1742 2378/911/1742
f 2381/908/1742 2380/909/1742 2371/910/1742 2370/907/1742
f 2382/1255/1743 2383/1258/1744 2380/1257/1745 2381/1256/1746
f 2378/1259/1747 2379/1262/1748 2384/1261/1749 2385/1260/1750
f 2374/1263/1751 2375/1266/1751 2372/1265/1751 2373/1264/1751
f 2370/1267/1751 2371/1270/1751 2376/1269/1751 2377/1268/1751
f 2375/1266/1751 2376/1269/1751 2371/1270/1751 2372/1265/1751
f 2364/1271/1734 2370/1267/1751 2377/1268/1751 2365/1272/1735
f 2372/913/1742 2371/910/1742 2380/909/1742 2379/914/1742
f 2364/933/1742 2362/934/1742 2381/908/1742 2370/907/1742
f 2373/1264/1751 2368/1251/1737 2369/1252/1740 2374/1263/1751
f 2373/912/1742 2378/911/1742 2366/936/1742 2368/935/1742
f 2376/1012/1741 2375/1015/1741 2384/1016/1741 2383/1011/1741
f 2369/1035/1741 2367/1036/1741 2385/1013/1741 2374/1014/1741
f 2377/1009/1741 2382/1010/1741 2363/1038/1741 2365/1037/1741
f 2383/1258/1744 2384/1261/1749 2379/1262/1748 2380/1257/1745
f 2366/1254/1738 2378/1259/1747 2385/1260/1750 2367/1253/1739
f 2381/1256/1746 2362/1247/1733 2363/1248/1736 2382/1255/1743
f 2386/1273/1752 2388/1276/1753 2389/1275/1754 2387/1274/1755
f 2392/1277/1756 2390/1280/1757 2391/1279/1758 2393/1278/1759
f 2401/945/1760 2400/948/1760 2407/947/1760 2406/946/1760
f 2409/949/1760 2408/952/1760 2399/951/1760 2398/950/1760
f 2397/912/1761 2396/913/1761 2403/914/1761 2402/911/1761
f 2405/908/1761 2404/909/1761 2395/910/1761 2394/907/1761
f 2406/1281/1762 2407/1284/1763 2404/1283/1764 2405/1282/1765
f 2402/1285/1766 2403/1288/1767 2408/1287/1768 2409/1286/1769
f 2398/1289/1770 2399/1292/1770 2396/1291/1770 2397/1290/1770
f 2394/1293/1770 2395/1296/1770 2400/1295/1770 2401/1294/1770
f 2399/1292/1770 2400/1295/1770 2395/1296/1770 2396/1291/1770
f 2388/1297/1753 2394/1293/1770 2401/1294/1770 2389/1298/1754
f 2396/913/1761 2395/910/1761 2404/909/1761 2403/914/1761
f 2388/933/1761 2386/934/1761 2405/908/1761 2394/907/1761
f 2397/1290/1770 2392/1277/1756 2393/1278/1759 2398/1289/1770
f 2397/912/1761 2402/911/1761 2390/936/1761 2392/935/1761
f 2400/948/1760 2399/951/1760 2408/952/1760 2407/947/1760
f 2393/971/1760 2391/972/1760 2409/949/1760 2398/950/1760
f 2401/945/1760 2406/946/1760 2387/974/1760 2389/973/1760
f 2407/1284/1763 2408/1287/1768 2403/1288/1767 2404/1283/1764
f 2390/1280/1757 2402/1285/1766 2409/1286/1769 2391/1279/1758
f 2405/1282/1765 2386/1273/1752 2387/1274/1755 2406/1281/1762
f 2410/1299/1771 2412/1302/1772 2413/1301/1773 2411/1300/1774
f 2416/1303/1775 2414/1306/1776 2415/1305/1777 2417/1304/1778
f 2425/907/1779 2424/910/1779 2431/909/1779 2430/908/1779
f 2433/911/1779 2432/914/1779 2423/913/1779 2422/912/1779
f 2421/912/1780 2420/913/1780 2427/914/1780 2426/911/1780
f 2429/908/1780 2428/909/1780 2419/910/1780 2418/907/1780
f 2430/1307/1781 2431/1310/1782 2428/1309/1783 2429/1308/1784
f 2426/1311/1785 2427/1314/1786 2432/1313/1787 2433/1312/1788
f 2422/1315/1789 2423/1318/1789 2420/1317/1789 2421/1316/1789
f 2418/1319/1789 2419/1322/1789 2424/1321/1789 2425/1320/1789
f 2423/1318/1789 2424/1321/1789 2419/1322/1789 2420/1317/1789
f 2412/1323/1772 2418/1319/1789 2425/1320/1789 2413/1324/1773
f 2420/913/1780 2419/910/1780 2428/909/1780 2427/914/1780
f 2412/933/1780 2410/934/1780 2429/908/1780 2418/907/1780
f 2421/1316/1789 2416/1303/1775 2417/1304/1778 2422/1315/1789
f 2421/912/1780 2426/911/1780 2414/936/1780 2416/935/1780
f 2424/910/1779 2423/913/1779 2432/914/1779 2431/909/1779
f 2417/935/1779 2415/936/1779 2433/911/1779 2422/912/1779
f 2425/907/1779 2430/908/1779 2411/934/1779 2413/933/1779
f 2431/1310/1782 2432/1313/1787 2427/1314/1786 2428/1309/1783
f 2414/1306/1776 2426/1311/1785 2433/1312/1788 2415/1305/1777
f 2429/1308/1784 2410/1299/1771 2411/1300/1774 2430/1307/1781
f 2434/1325/1790 2436/1328/1791 2437/1327/1792 2435/1326/1793
f 2440/1329/1794 2438/1332/1795 2439/1331/1796 2441/1330/1797
f 2449/907/1798 2448/910/1798 2455/909/1798 2454/908/1798
f 2457/911/1798 2456/914/1798 2447/913/1798 2446/912/1798
f 2445/912/1799 2444/913/1799 2451/914/1799 2450/911/1799
f 2453/908/1799 2452/909/1799 2443/910/1799 2442/907/1799
f 2454/1333/1800 2455/1336/1801 2452/1335/1802 2453/1334/1803
f 2450/1337/1804 2451/1340/1805 2456/1339/1806 2457/1338/1807
f 2446/1341/1808 2447/1344/1808 2444/1343/1808 2445/1342/1808
f 2442/1345/1808 2443/1348/1808 2448/1347/1808 2449/1346/1808
f 2447/1344/1808 2448/1347/1808 2443/1348/1808 2444/1343/1808
f 2436/1349/1791 2442/1345/1808 2449/1346/1808 2437/1350/1792
f 2444/913/1799 2443/910/1799 2452/909/1799 2451/914/1799
f 2436/933/1799 2434/934/1799 2453/908/1799 2442/907/1799
f 2445/1342/1808 2440/1329/1794 2441/1330/1797 2446/1341/1808
f 2445/912/1799 2450/911/1799 2438/936/1799 2440/935/1799
f 2448/910/1798 2447/913/1798 2456/914/1798 2455/909/1798
f 2441/935/1798 2439/936/1798 2457/911/1798 2446/912/1798
f 2449/907/1798 2454/908/1798 2435/934/1798 2437/933/1798
f 2455/1336/1801 2456/1339/1806 2451/1340/1805 2452/1335/1802
f 2438/1332/1795 2450/1337/1804 2457/1338/1807 2439/1331/1796
f 2453/1334/1803 2434/1325/1790 2435/1326/1793 2454/1333/1800
f 2458/1351/1809 2460/1354/1810 2461/1353/1811 2459/1352/1812
f 2464/1355/1813 2462/1358/1814 2463/1357/1815 2465/1356/1816
f 2473/1009/1817 2472/1012/1817 2479/1011/1817 2478/1010/1817
f 2481/1013/1817 2480/1016/1817 2471/1015/1817 2470/1014/1817
f 2469/912/1818 2468/913/1818 2475/914/1818 2474/911/1818
f 2477/908/1818 2476/909/1818 2467/910/1818 2466/907/1818
f 2478/1359/1819 2479/1362/1820 2476/1361/1821 2477/1360/1822
f 2474/1363/1823 2475/1366/1824 2480/1365/1825 2481/1364/1826
f 2470/1367/1827 2471/1370/1827 2468/1369/1827 2469/1368/1827
f 2466/1371/1827 2467/1374/1827 2472/1373/1827 2473/1372/1827
f 2471/1370/1827 2472/1373/1827 2467/1374/1827 2468/1369/1827
f 2460/1375/1810 2466/1371/1827 2473/1372/1827 2461/1376/1811
f 2468/913/1818 2467/910/1818 2476/909/1818 2475/914/1818
f 2460/933/1818 2458/934/1818 2477/908/1818 2466/907/1818
f 2469/1368/1827 2464/1355/1813 2465/1356/1816 2470/1367/1827
f 2469/912/1818 2474/911/1818 2462/936/1818 2464/935/1818
f 2472/1012/1817 2471/1015/1817 2480/1016/1817 2479/1011/1817
f 2465/1035/1817 2463/1036/1817 2481/1013/1817 2470/1014/1817
f 2473/1009/1817 2478/1010/1817 2459/1038/1817 2461/1037/1817
f 2479/1362/1820 2480/1365/1825 2475/1366/1824 2476/1361/1821
f 2462/1358/1814 2474/1363/1823 2481/1364/1826 2463/1357/1815
f 2477/1360/1822 2458/1351/1809 2459/1352/1812 2478/1359/1819
f 2482/1377/1828 2484/1380/1829 2485/1379/1830 2483/1378/1831
f 2488/1381/1832 2486/1384/1833 2487/1383/1834 2489/1382/1835
f 2497/945/1836 2496/948/1836 2503/947/1836 2502/946/1836
f 2505/949/1836 2504/952/1836 2495/951/1836 2494/950/1836
f 2493/912/1837 2492/913/1837 2499/914/1837 2498/911/1837
f 2501/908/1837 2500/909/1837 2491/910/1837 2490/907/1837
f 2502/1385/1838 2503/1388/1839 2500/1387/1840 2501/1386/1841
f 2498/1389/1842 2499/1392/1843 2504/1391/1844 2505/1390/1845
f 2494/1393/1846 2495/1396/1846 2492/1395/1846 2493/1394/1846
f 2490/1397/1846 2491/1400/1846 2496/1399/1846 2497/1398/1846
f 2495/1396/1846 2496/1399/1846 2491/1400/1846 2492/1395/1846
f 2484/1401/1829 2490/1397/1846 2497/1398/1846 2485/1402/1830
f 2492/913/1837 2491/910/1837 2500/909/1837 2499/914/1837
f 2484/933/1837 2482/934/1837 2501/908/1837 2490/907/1837
f 2493/1394/1846 2488/1381/1832 2489/1382/1835 2494/1393/1846
f 2493/912/1837 2498/911/1837 2486/936/1837 2488/935/1837
f 2496/948/1836 2495/951/1836 2504/952/1836 2503/947/1836
f 2489/971/1836 2487/972/1836 2505/949/1836 2494/950/1836
f 2497/945/1836 2502/946/1836 2483/974/1836 2485/973/1836
f 2503/1388/1839 2504/1391/1844 2499/1392/1843 2500/1387/1840
f 2486/1384/1833 2498/1389/1842 2505/1390/1845 2487/1383/1834
f 2501/1386/1841 2482/1377/1828 2483/1378/1831 2502/1385/1838
f 2506/1403/1847 2508/1406/1848 2509/1405/1849 2507/1404/1850
f 2512/1407/1851 2510/1410/1852 2511/1409/1853 2513/1408/1854
f 2521/1009/1855 2520/1012/1855 2527/1011/1855 2526/1010/1855
f 2529/1013/1855 2528/1016/1855 2519/1015/1855 2518/1014/1855
f 2517/912/1856 2516/913/1856 2523/914/1856 2522/911/1856
f 2525/908/1856 2524/909/1856 2515/910/1856 2514/907/1856
f 2526/1411/1857 2527/1414/1858 2524/1413/1859 2525/1412/1860
f 2522/1415/1861 2523/1418/1862 2528/1417/1863 2529/1416/1864
f 2518/1419/1865 2519/1422/1865 2516/1421/1865 2517/1420/1865
f 2514/1423/1865 2515/1426/1865 2520/1425/1865 2521/1424/1865
f 2519/1422/1865 2520/1425/1865 2515/1426/1865 2516/1421/1865
f 2508/1427/1848 2514/1423/1865 2521/1424/1865 2509/1428/1849
f 2516/913/1856 2515/910/1856 2524/909/1856 2523/914/1856
f 2508/933/1856 2506/934/1856 2525/908/1856 2514/907/1856
f 2517/1420/1865 2512/1407/1851 2513/1408/1854 2518/1419/1865
f 2517/912/1856 2522/911/1856 2510/936/1856 2512/935/1856
f 2520/1012/1855 2519/1015/1855 2528/1016/1855 2527/1011/1855
f 2513/1035/1855 2511/1036/1855 2529/1013/1855 2518/1014/1855
f 2521/1009/1855 2526/1010/1855 2507/1038/1855 2509/1037/1855
f 2527/1414/1858 2528/1417/1863 2523/1418/1862 2524/1413/1859
f 2510/1410/1852 2522/1415/1861 2529/1416/1864 2511/1409/1853
f 2525/1412/1860 2506/1403/1847 2507/1404/1850 2526/1411/1857
f 2530/1429/1581 2532/1432/1582 2533/1431/1583 2531/1430/1584
f 2536/1433/1585 2534/1436/1586 2535/1435/1587 2537/1434/1588
f 2545/907/1589 2544/910/1589 2551/909/1589 2550/908/1589
f 2553/911/1589 2552/914/1589 2543/913/1589 2542/912/1589
f 2541/912/1590 2540/913/1590 2547/914/1590 2546/911/1590
f 2549/908/1590 2548/909/1590 2539/910/1590 2538/907/1590
f 2550/1437/1591 2551/1440/1592 2548/1439/1593 2549/1438/1594
f 2546/1441/1595 2547/1444/1596 2552/1443/1597 2553/1442/1598
f 2542/1445/1599 2543/1448/1599 2540/1447/1599 2541/1446/1599
f 2538/1449/1599 2539/1452/1599 2544/1451/1599 2545/1450/1599
f 2543/1448/1599 2544/1451/1599 2539/1452/1599 2540/1447/1599
f 2532/1453/1582 2538/1449/1599 2545/1450/1599 2533/1454/1583
f 2540/913/1590 2539/910/1590 2548/909/1590 2547/914/1590
f 2532/933/1590 2530/934/1590 2549/908/1590 2538/907/1590
f 2541/1446/1599 2536/1433/1585 2537/1434/1588 2542/1445/1599
f 2541/912/1590 2546/911/1590 2534/936/1590 2536/935/1590
f 2544/910/1589 2543/913/1589 2552/914/1589 2551/909/1589
f 2537/935/1589 2535/936/1589 2553/911/1589 2542/912/1589
f 2545/907/1589 2550/908/1589 2531/934/1589 2533/933/1589
f 2551/1440/1592 2552/1443/1597 2547/1444/1596 2548/1439/1593
f 2534/1436/1586 2546/1441/1595 2553/1442/1598 2535/1435/1587
f 2549/1438/1594 2530/1429/1581 2531/1430/1584 2550/1437/1591
f 2554/1455/1866 2556/1458/1867 2557/1457/1868 2555/1456/1869
f 2560/1459/1870 2558/1462/1871 2559/1461/1872 2561/1460/1873
f 2569/945/1874 2568/948/1874 2575/947/1874 2574/946/1874
f 2577/949/1874 2576/952/1874 2567/951/1874 2566/950/1874
f 2565/912/1875 2564/913/1875 2571/914/1875 2570/911/1875
f 2573/908/1875 2572/909/1875 2563/910/1875 2562/907/1875
f 2574/1463/1876 2575/1466/1877 2572/1465/1878 2573/1464/1879
f 2570/1467/1880 2571/1470/1881 2576/1469/1882 2577/1468/1883
f 2566/1471/1884 2567/1474/1884 2564/1473/1884 2565/1472/1884
f 2562/1475/1884 2563/1478/1884 2568/1477/1884 2569/1476/1884
f 2567/1474/1884 2568/1477/1884 2563/1478/1884 2564/1473/1884
f 2556/1479/1867 2562/1475/1884 2569/1476/1884 2557/1480/1868
f 2564/913/1875 2563/910/1875 2572/909/1875 2571/914/1875
f 2556/933/1875 2554/934/1875 2573/908/1875 2562/907/1875
f 2565/1472/1884 2560/1459/1870 2561/1460/1873 2566/1471/1884
f 2565/912/1875 2570/911/1875 2558/936/1875 2560/935/1875
f 2568/948/1874 2567/951/1874 2576/952/1874 2575/947/1874
f 2561/971/1874 2559/972/1874 2577/949/1874 2566/950/1874
f 2569/945/1874 2574/946/1874 2555/974/1874 2557/973/1874
f 2575/1466/1877 2576/1469/1882 2571/1470/1881 2572/1465/1878
f 2558/1462/1871 2570/1467/1880 2577/1468/1883 2559/1461/1872
f 2573/1464/1879 2554/1455/1866 2555/1456/1869 2574/1463/1876
f 2578/1481/1676 2580/1484/1677 2581/1483/1678 2579/1482/1679
f 2584/1485/1680 2582/1488/1681 2583/1487/1682 2585/1486/1683
f 2593/907/1684 2592/910/1684 2599/909/1684 2598/908/1684
f 2601/911/1684 2600/914/1684 2591/913/1684 2590/912/1684
f 2589/912/1685 2588/913/1685 2595/914/1685 2594/911/1685
f 2597/908/1685 2596/909/1685 2587/910/1685 2586/907/1685
f 2598/1489/1686 2599/1492/1687 2596/1491/1688 2597/1490/1689
f 2594/1493/1690 2595/1496/1691 2600/1495/1692 2601/1494/1693
f 2590/1497/1694 2591/1500/1694 2588/1499/1694 2589/1498/1694
f 2586/1501/1694 2587/1504/1694 2592/1503/1694 2593/1502/1694
f 2591/1500/1694 2592/1503/1694 2587/1504/1694 2588/1499/1694
f 2580/1505/1677 2586/1501/1694 2593/1502/1694 2581/1506/1678
f 2588/913/1685 2587/910/1685 2596/909/1685 2595/914/1685
f 2580/933/1685 2578/934/1685 2597/908/1685 2586/907/1685
f 2589/1498/1694 2584/1485/1680 2585/1486/1683 2590/1497/1694
f 2589/912/1685 2594/911/1685 2582/936/1685 2584/935/1685
f 2592/910/1684 2591/913/1684 2600/914/1684 2599/909/1684
f 2585/935/1684 2583/936/1684 2601/911/1684 2590/912/1684
f 2593/907/1684 2598/908/1684 2579/934/1684 2581/933/1684
f 2599/1492/1687 2600/1495/1692 2595/1496/1691 2596/1491/1688
f 2582/1488/1681 2594/1493/1690 2601/1494/1693 2583/1487/1682
f 2597/1490/1689 2578/1481/1676 2579/1482/1679 2598/1489/1686
f 2602/1507/1676 2604/1510/1677 2605/1509/1678 2603/1508/1679
f 2608/1511/1680 2606/1514/1681 2607/1513/1682 2609/1512/1683
f 2617/945/1684 2616/948/1684 2623/947/1684 2622/946/1684
f 2625/949/1684 2624/952/1684 2615/951/1684 2614/950/1684
f 2613/912/1685 2612/913/1685 2619/914/1685 2618/911/1685
f 2621/908/1685 2620/909/1685 2611/910/1685 2610/907/1685
f 2622/1515/1686 2623/1518/1687 2620/1517/1688 2621/1516/1689
f 2618/1519/1690 2619/1522/1691 2624/1521/1692 2625/1520/1693
f 2614/1523/1694 2615/1526/1694 2612/1525/1694 2613/1524/1694
f 2610/1527/1694 2611/1530/1694 2616/1529/1694 2617/1528/1694
f 2615/1526/1694 2616/1529/1694 2611/1530/1694 2612/1525/1694
f 2604/1531/1677 2610/1527/1694 2617/1528/1694 2605/1532/1678
f 2612/913/1685 2611/910/1685 2620/909/1685 2619/914/1685
f 2604/933/1685 2602/934/1685 2621/908/1685 2610/907/1685
f 2613/1524/1694 2608/1511/1680 2609/1512/1683 2614/1523/1694
f 2613/912/1685 2618/911/1685 2606/936/1685 2608/935/1685
f 2616/948/1684 2615/951/1684 2624/952/1684 2623/947/1684
f 2609/971/1684 2607/972/1684 2625/949/1684 2614/950/1684
f 2617/945/1684 2622/946/1684 2603/974/1684 2605/973/1684
f 2623/1518/1687 2624/1521/1692 2619/1522/1691 2620/1517/1688
f 2606/1514/1681 2618/1519/1690 2625/1520/1693 2607/1513/1682
f 2621/1516/1689 2602/1507/1676 2603/1508/1679 2622/1515/1686
f 2626/1533/1676 2628/1536/1677 2629/1535/1678 2627/1534/1679
f 2632/1537/1680 2630/1540/1681 2631/1539/1682 2633/1538/1683
f 2641/907/1684 2640/910/1684 2647/909/1684 2646/908/1684
f 2649/911/1684 2648/914/1684 2639/913/1684 2638/912/1684
f 2637/912/1685 2636/913/1685 2643/914/1685 2642/911/1685
f 2645/908/1685 2644/909/1685 2635/910/1685 2634/907/1685
f 2646/1541/1686 2647/1544/1687 2644/1543/1688 2645/1542/1689
f 2642/1545/1690 2643/1548/1691 2648/1547/1692 2649/1546/1693
f 2638/1549/1694 2639/1552/1694 2636/1551/1694 2637/1550/1694
f 2634/1553/1694 2635/1556/1694 2640/1555/1694 2641/1554/1694
f 2639/1552/1694 2640/1555/1694 2635/1556/1694 2636/1551/1694
f 2628/1557/1677 2634/1553/1694 2641/1554/1694 2629/1558/1678
f 2636/913/1685 2635/910/1685 2644/909/1685 2643/914/1685
f 2628/933/1685 2626/934/1685 2645/908/1685 2634/907/1685
f 2637/1550/1694 2632/1537/1680 2633/1538/1683 2638/1549/1694
f 2637/912/1685 2642/911/1685 2630/936/1685 2632/935/1685
f 2640/910/1684 2639/913/1684 2648/914/1684 2647/909/1684
f 2633/935/1684 2631/936/1684 2649/911/1684 2638/912/1684
f 2641/907/1684 2646/908/1684 2627/934/1684 2629/933/1684
f 2647/1544/1687 2648/1547/1692 2643/1548/1691 2644/1543/1688
f 2630/1540/1681 2642/1545/1690 2649/1546/1693 2631/1539/1682
f 2645/1542/1689 2626/1533/1676 2627/1534/1679 2646/1541/1686
f 2650/1559/1885 2652/1562/1886 2653/1561/1887 2651/1560/1888
f 2656/1563/1889 2654/1566/1890 2655/1565/1891 2657/1564/1892
f 2665/907/1893 2664/910/1893 2671/909/1893 2670/908/1893
f 2673/911/1893 2672/914/1893 2663/913/1893 2662/912/1893
f 2661/912/1894 2660/913/1894 2667/914/1894 2666/911/1894
f 2669/908/1894 2668/909/1894 2659/910/1894 2658/907/1894
f 2670/1567/1895 2671/1570/1896 2668/1569/1897 2669/1568/1898
f 2666/1571/1899 2667/1574/1900 2672/1573/1901 2673/1572/1902
f 2662/1575/1903 2663/1578/1903 2660/1577/1903 2661/1576/1903
f 2658/1579/1903 2659/1582/1903 2664/1581/1903 2665/1580/1903
f 2663/1578/1903 2664/1581/1903 2659/1582/1903 2660/1577/1903
f 2652/1583/1886 2658/1579/1903 2665/1580/1903 2653/1584/1887
f 2660/913/1894 2659/910/1894 2668/909/1894 2667/914/1894
f 2652/933/1894 2650/934/1894 2669/908/1894 2658/907/1894
f 2661/1576/1903 2656/1563/1889 2657/1564/1892 2662/1575/1903
f 2661/912/1894 2666/911/1894 2654/936/1894 2656/935/1894
f 2664/910/1893 2663/913/1893 2672/914/1893 2671/909/1893
f 2657/935/1893 2655/936/1893 2673/911/1893 2662/912/1893
f 2665/907/1893 2670/908/1893 2651/934/1893 2653/933/1893
f 2671/1570/1896 2672/1573/1901 2667/1574/1900 2668/1569/1897
f 2654/1566/1890 2666/1571/1899 2673/1572/1902 2655/1565/1891
f 2669/1568/1898 2650/1559/1885 2651/1560/1888 2670/1567/1895
f 2674/1585/1904 2676/1588/1905 2677/1587/1906 2675/1586/1907
f 2680/1589/1908 2678/1592/1909 2679/1591/1910 2681/1590/1911
f 2689/907/1912 2688/910/1912 2695/909/1912 2694/908/1912
f 2697/911/1912 2696/914/1912 2687/913/1912 2686/912/1912
f 2685/912/1913 2684/913/1913 2691/914/1913 2690/911/1913
f 2693/908/1913 2692/909/1913 2683/910/1913 2682/907/1913
f 2694/1593/1914 2695/1596/1915 2692/1595/1916 2693/1594/1917
f 2690/1597/1918 2691/1600/1919 2696/1599/1920 2697/1598/1921
f 2686/1601/1922 2687/1604/1922 2684/1603/1922 2685/1602/1922
f 2682/1605/1922 2683/1608/1922 2688/1607/1922 2689/1606/1922
f 2687/1604/1922 2688/1607/1922 2683/1608/1922 2684/1603/1922
f 2676/1609/1905 2682/1605/1922 2689/1606/1922 2677/1610/1906
f 2684/913/1913 2683/910/1913 2692/909/1913 2691/914/1913
f 2676/933/1913 2674/934/1913 2693/908/1913 2682/907/1913
f 2685/1602/1922 2680/1589/1908 2681/1590/1911 2686/1601/1922
f 2685/912/1913 2690/911/1913 2678/936/1913 2680/935/1913
f 2688/910/1912 2687/913/1912 2696/914/1912 2695/909/1912
f 2681/935/1912 2679/936/1912 2697/911/1912 2686/912/1912
f 2689/907/1912 2694/908/1912 2675/934/1912 2677/933/1912
f 2695/1596/1915 2696/1599/1920 2691/1600/1919 2692/1595/1916
f 2678/1592/1909 2690/1597/1918 2697/1598/1921 2679/1591/1910
f 2693/1594/1917 2674/1585/1904 2675/1586/1907 2694/1593/1914
f 2698/1611/1581 2700/1614/1582 2701/1613/1583 2699/1612/1584
f 2704/1615/1585 2702/1618/1586 2703/1617/1587 2705/1616/1588
f 2713/907/1589 2712/910/1589 2719/909/1589 2718/908/1589
f 2721/911/1589 2720/914/1589 2711/913/1589 2710/912/1589
f 2709/912/1590 2708/913/1590 2715/914/1590 2714/911/1590
f 2717/908/1590 2716/909/1590 2707/910/1590 2706/907/1590
f 2718/1619/1591 2719/1622/1592 2716/1621/1593 2717/1620/1594
f 2714/1623/1595 2715/1626/1596 2720/1625/1597 2721/1624/1598
f 2710/1627/1599 2711/1630/1599 2708/1629/1599 2709/1628/1599
f 2706/1631/1599 2707/1634/1599 2712/1633/1599 2713/1632/1599
f 2711/1630/1599 2712/1633/1599 2707/1634/1599 2708/1629/1599
f 2700/1635/1582 2706/1631/1599 2713/1632/1599 2701/1636/1583
f 2708/913/1590 2707/910/1590 2716/909/1590 2715/914/1590
f 2700/933/1590 2698/934/1590 2717/908/1590 2706/907/1590
f 2709/1628/1599 2704/1615/1585 2705/1616/1588 2710/1627/1599
f 2709/912/1590 2714/911/1590 2702/936/1590 2704/935/1590
f 2712/910/1589 2711/913/1589 2720/914/1589 2719/909/1589
f 2705/935/1589 2703/936/1589 2721/911/1589 2710/912/1589
f 2713/907/1589 2718/908/1589 2699/934/1589 2701/933/1589
f 2719/1622/1592 2720/1625/1597 2715/1626/1596 2716/1621/1593
f 2702/1618/1586 2714/1623/1595 2721/1624/1598 2703/1617/1587
f 2717/1620/1594 2698/1611/1581 2699/1612/1584 2718/1619/1591
f 2722/1637/1581 2724/1640/1582 2725/1639/1583 2723/1638/1584
f 2728/1641/1585 2726/1644/1586 2727/1643/1587 2729/1642/1588
f 2737/907/1589 2736/910/1589 2743/909/1589 2742/908/1589
f 2745/911/1589 2744/914/1589 2735/913/1589 2734/912/1589
f 2733/912/1590 2732/913/1590 2739/914/1590 2738/911/1590
f 2741/908/1590 2740/909/1590 2731/910/1590 2730/907/1590
f 2742/1645/1591 2743/1648/1592 2740/1647/1593 2741/1646/1594
f 2738/1649/1595 2739/1652/1596 2744/1651/1597 2745/1650/1598
f 2734/1653/1599 2735/1656/1599 2732/1655/1599 2733/1654/1599
f 2730/1657/1599 2731/1660/1599 2736/1659/1599 2737/1658/1599
f 2735/1656/1599 2736/1659/1599 2731/1660/1599 2732/1655/1599
f 2724/1661/1582 2730/1657/1599 2737/1658/1599 2725/1662/1583
f 2732/913/1590 2731/910/1590 2740/909/1590 2739/914/1590
f 2724/933/1590 2722/934/1590 2741/908/1590 2730/907/1590
f 2733/1654/1599 2728/1641/1585 2729/1642/1588 2734/1653/1599
f 2733/912/1590 2738/911/1590 2726/936/1590 2728/935/1590
f 2736/910/1589 2735/913/1589 2744/914/1589 2743/909/1589
f 2729/935/1589 2727/936/1589 2745/911/1589 2734/912/1589
f 2737/907/1589 2742/908/1589 2723/934/1589 2725/933/1589
f 2743/1648/1592 2744/1651/1597 2739/1652/1596 2740/1647/1593
f 2726/1644/1586 2738/1649/1595 2745/1650/1598 2727/1643/1587
f 2741/1646/1594 2722/1637/1581 2723/1638/1584 2742/1645/1591
f 2746/1663/1923 2748/1666/1924 2749/1665/1925 2747/1664/1926
f 2752/1667/1927 2750/1670/1928 2751/1669/1929 2753/1668/1930
f 2761/1009/1931 2760/1012/1931 2767/1011/1931 2766/1010/1931
f 2769/1013/1931 2768/1016/1931 2759/1015/1931 2758/1014/1931
f 2757/912/1932 2756/913/1932 2763/914/1932 2762/911/1932
f 2765/908/1932 2764/909/1932 2755/910/1932 2754/907/1932
f 2766/1671/1933 2767/1674/1934 2764/1673/1935 2765/1672/1936
f 2762/1675/1937 2763/1678/1938 2768/1677/1939 2769/1676/1940
f 2758/1679/1941 2759/1682/1941 2756/1681/1941 2757/1680/1941
f 2754/1683/1941 2755/1686/1941 2760/1685/1941 2761/1684/1941
f 2759/1682/1941 2760/1685/1941 2755/1686/1941 2756/1681/1941
f 2748/1687/1924 2754/1683/1941 2761/1684/1941 2749/1688/1925
f 2756/913/1932 2755/910/1932 2764/909/1932 2763/914/1932
f 2748/933/1932 2746/934/1932 2765/908/1932 2754/907/1932
f 2757/1680/1941 2752/1667/1927 2753/1668/1930 2758/1679/1941
f 2757/912/1932 2762/911/1932 2750/936/1932 2752/935/1932
f 2760/1012/1931 2759/1015/1931 2768/1016/1931 2767/1011/1931
f 2753/1035/1931 2751/1036/1931 2769/1013/1931 2758/1014/1931
f 2761/1009/1931 2766/1010/1931 2747/1038/1931 2749/1037/1931
f 2767/1674/1934 2768/1677/1939 2763/1678/1938 2764/1673/1935
f 2750/1670/1928 2762/1675/1937 2769/1676/1940 2751/1669/1929
f 2765/1672/1936 2746/1663/1923 2747/1664/1926 2766/1671/1933
f 2770/1689/1942 2772/1692/1943 2773/1691/1944 2771/1690/1945
f 2776/1693/1946 2774/1696/1947 2775/1695/1948 2777/1694/1949
f 2785/907/1950 2784/910/1950 2791/909/1950 2790/908/1950
f 2793/911/1950 2792/914/1950 2783/913/1950 2782/912/1950
f 2781/912/1951 2780/913/1951 2787/914/1951 2786/911/1951
f 2789/908/1951 2788/909/1951 2779/910/1951 2778/907/1951
f 2790/1697/1952 2791/1700/1953 2788/1699/1954 2789/1698/1955
f 2786/1701/1956 2787/1704/1957 2792/1703/1958 2793/1702/1959
f 2782/1705/1960 2783/1708/1960 2780/1707/1960 2781/1706/1960
f 2778/1709/1960 2779/1712/1960 2784/1711/1960 2785/1710/1960
f 2783/1708/1960 2784/1711/1960 2779/1712/1960 2780/1707/1960
f 2772/1713/1943 2778/1709/1960 2785/1710/1960 2773/1714/1944
f 2780/913/1951 2779/910/1951 2788/909/1951 2787/914/1951
f 2772/933/1951 2770/934/1951 2789/908/1951 2778/907/1951
f 2781/1706/1960 2776/1693/1946 2777/1694/1949 2782/1705/1960
f 2781/912/1951 2786/911/1951 2774/936/1951 2776/935/1951
f 2784/910/1950 2783/913/1950 2792/914/1950 2791/909/1950
f 2777/935/1950 2775/936/1950 2793/911/1950 2782/912/1950
f 2785/907/1950 2790/908/1950 2771/934/1950 2773/933/1950
f 2791/1700/1953 2792/1703/1958 2787/1704/1957 2788/1699/1954
f 2774/1696/1947 2786/1701/1956 2793/1702/1959 2775/1695/1948
f 2789/1698/1955 2770/1689/1942 2771/1690/1945 2790/1697/1952
f 2794/1715/1961 2796/1718/1962 2797/1717/1963 2795/1716/1964
f 2800/1719/1965 2798/1722/1966 2799/1721/1967 2801/1720/1968
f 2809/907/1969 2808/910/1970 2815/909/1971 2814/908/1972
f 2817/911/1973 2816/914/1974 2807/913/1975 2806/912/1976
f 2805/912/1977 2804/913/1978 2811/914/1979 2810/911/1980
f 2813/908/1981 2812/909/1982 2803/910/1983 2802/907/1984
f 2814/1723/1985 2815/1726/1986 2812/1725/1987 2813/1724/1988
f 2810/1727/1989 2811/1730/1990 2816/1729/1991 2817/1728/1992
f 2806/1731/1993 2807/1734/1993 2804/1733/1993 2805/1732/1993
f 2802/1735/1993 2803/1738/1993 2808/1737/1993 2809/1736/1993
f 2807/1734/1993 2808/1737/1993 2803/1738/1993 2804/1733/1993
f 2796/1739/1962 2802/1735/1993 2809/1736/1993 2797/1740/1963
f 2804/913/1978 2803/910/1983 2812/909/1982 2811/914/1979
f 2796/933/1994 2794/934/1994 2813/908/1981 2802/907/1984
f 2805/1732/1993 2800/1719/1965 2801/1720/1968 2806/1731/1993
f 2805/912/1977 2810/911/1980 2798/936/1995 2800/935/1995
f 2808/910/1970 2807/913/1975 2816/914/1974 2815/909/1971
f 2801/935/1996 2799/936/1996 2817/911/1973 2806/912/1976
f 2809/907/1969 2814/908/1972 2795/934/1997 2797/933/1997
f 2815/1726/1986 2816/1729/1991 2811/1730/1990 2812/1725/1987
f 2798/1722/1966 2810/1727/1989 2817/1728/1992 2799/1721/1967
f 2813/1724/1988 2794/1715/1961 2795/1716/1964 2814/1723/1985
f 2818/1741/1998 2820/1744/1999 2821/1743/2000 2819/1742/2001
f 2824/1745/2002 2822/1748/2003 2823/1747/2004 2825/1746/2005
f 2833/945/2006 2832/948/2006 2839/947/2006 2838/946/2006
f 2841/949/2006 2840/952/2006 2831/951/2006 2830/950/2006
f 2829/912/2007 2828/913/2007 2835/914/2007 2834/911/2007
f 2837/908/2007 2836/909/2007 2827/910/2007 2826/907/2007
f 2838/1749/2008 2839/1752/2009 2836/1751/2010 2837/1750/2011
f 2834/1753/2012 2835/1756/2013 2840/1755/2014 2841/1754/2015
f 2830/1757/2016 2831/1760/2016 2828/1759/2016 2829/1758/2016
f 2826/1761/2016 2827/1764/2016 2832/1763/2016 2833/1762/2016
f 2831/1760/2016 2832/1763/2016 2827/1764/2016 2828/1759/2016
f 2820/1765/1999 2826/1761/2016 2833/1762/2016 2821/1766/2000
f 2828/913/2007 2827/910/2007 2836/909/2007 2835/914/2007
f 2820/933/2007 2818/934/2007 2837/908/2007 2826/907/2007
f 2829/1758/2016 2824/1745/2002 2825/1746/2005 2830/1757/2016
f 2829/912/2007 2834/911/2007 2822/936/2007 2824/935/2007
f 2832/948/2006 2831/951/2006 2840/952/2006 2839/947/2006
f 2825/971/2006 2823/972/2006 2841/949/2006 2830/950/2006
f 2833/945/2006 2838/946/2006 2819/974/2006 2821/973/2006
f 2839/1752/2009 2840/1755/2014 2835/1756/2013 2836/1751/2010
f 2822/1748/2003 2834/1753/2012 2841/1754/2015 2823/1747/2004
f 2837/1750/2011 2818/1741/1998 2819/1742/2001 2838/1749/2008
f 2842/1767/2017 2844/1770/2018 2845/1769/2019 2843/1768/2020
f 2848/1771/2021 2846/1774/2022 2847/1773/2023 2849/1772/2024
f 2857/1009/2025 2856/1012/2025 2863/1011/2025 2862/1010/2025
f 2865/1013/2025 2864/1016/2025 2855/1015/2025 2854/1014/2025
f 2853/912/2026 2852/913/2026 2859/914/2026 2858/911/2026
f 2861/908/2026 2860/909/2026 2851/910/2026 2850/907/2026
f 2862/1775/2027 2863/1778/2028 2860/1777/2029 2861/1776/2030
f 2858/1779/2031 2859/1782/2032 2864/1781/2033 2865/1780/2034
f 2854/1783/2035 2855/1786/2035 2852/1785/2035 2853/1784/2035
f 2850/1787/2035 2851/1790/2035 2856/1789/2035 2857/1788/2035
f 2855/1786/2035 2856/1789/2035 2851/1790/2035 2852/1785/2035
f 2844/1791/2018 2850/1787/2035 2857/1788/2035 2845/1792/2019
f 2852/913/2026 2851/910/2026 2860/909/2026 2859/914/2026
f 2844/933/2026 2842/934/2026 2861/908/2026 2850/907/2026
f 2853/1784/2035 2848/1771/2021 2849/1772/2024 2854/1783/2035
f 2853/912/2026 2858/911/2026 2846/936/2026 2848/935/2026
f 2856/1012/2025 2855/1015/2025 2864/1016/2025 2863/1011/2025
f 2849/1035/2025 2847/1036/2025 2865/1013/2025 2854/1014/2025
f 2857/1009/2025 2862/1010/2025 2843/1038/2025 2845/1037/2025
f 2863/1778/2028 2864/1781/2033 2859/1782/2032 2860/1777/2029
f 2846/1774/2022 2858/1779/2031 2865/1780/2034 2847/1773/2023
f 2861/1776/2030 2842/1767/2017 2843/1768/2020 2862/1775/2027
f 2866/1793/2036 2868/1796/2037 2869/1795/2038 2867/1794/2039
f 2872/1797/2040 2870/1800/2041 2871/1799/2042 2873/1798/2043
f 2881/907/2044 2880/910/2044 2887/909/2044 2886/908/2044
f 2889/911/2044 2888/914/2044 2879/913/2044 2878/912/2044
f 2877/912/2045 2876/913/2045 2883/914/2045 2882/911/2045
f 2885/908/2045 2884/909/2045 2875/910/2045 2874/907/2045
f 2886/1801/2046 2887/1804/2047 2884/1803/2048 2885/1802/2049
f 2882/1805/2050 2883/1808/2051 2888/1807/2052 2889/1806/2053
f 2878/1809/2054 2879/1812/2054 2876/1811/2054 2877/1810/2054
f 2874/1813/2054 2875/1816/2054 2880/1815/2054 2881/1814/2054
f 2879/1812/2054 2880/1815/2054 2875/1816/2054 2876/1811/2054
f 2868/1817/2037 2874/1813/2054 2881/1814/2054 2869/1818/2038
f 2876/913/2045 2875/910/2045 2884/909/2045 2883/914/2045
f 2868/933/2045 2866/934/2045 2885/908/2045 2874/907/2045
f 2877/1810/2054 2872/1797/2040 2873/1798/2043 2878/1809/2054
f 2877/912/2045 2882/911/2045 2870/936/2045 2872/935/2045
f 2880/910/2044 2879/913/2044 2888/914/2044 2887/909/2044
f 2873/935/2044 2871/936/2044 2889/911/2044 2878/912/2044
f 2881/907/2044 2886/908/2044 2867/934/2044 2869/933/2044
f 2887/1804/2047 2888/1807/2052 2883/1808/2051 2884/1803/2048
f 2870/1800/2041 2882/1805/2050 2889/1806/2053 2871/1799/2042
f 2885/1802/2049 2866/1793/2036 2867/1794/2039 2886/1801/2046
f 2890/1819/2055 2892/1822/2056 2893/1821/2057 2891/1820/2058
f 2896/1823/2059 2894/1826/2060 2895/1825/2061 2897/1824/2062
f 2905/907/2063 2904/910/2063 2911/909/2063 2910/908/2063
f 2913/911/2063 2912/914/2063 2903/913/2063 2902/912/2063
f 2901/912/2064 2900/913/2064 2907/914/2064 2906/911/2064
f 2909/908/2064 2908/909/2064 2899/910/2064 2898/907/2064
f 2910/1827/2065 2911/1830/2066 2908/1829/2067 2909/1828/2068
f 2906/1831/2069 2907/1834/2070 2912/1833/2071 2913/1832/2072
f 2902/1835/2073 2903/1838/2073 2900/1837/2073 2901/1836/2073
f 2898/1839/2073 2899/1842/2073 2904/1841/2073 2905/1840/2073
f 2903/1838/2073 2904/1841/2073 2899/1842/2073 2900/1837/2073
f 2892/1843/2056 2898/1839/2073 2905/1840/2073 2893/1844/2057
f 2900/913/2064 2899/910/2064 2908/909/2064 2907/914/2064
f 2892/933/2064 2890/934/2064 2909/908/2064 2898/907/2064
f 2901/1836/2073 2896/1823/2059 2897/1824/2062 2902/1835/2073
f 2901/912/2064 2906/911/2064 2894/936/2064 2896/935/2064
f 2904/910/2063 2903/913/2063 2912/914/2063 2911/909/2063
f 2897/935/2063 2895/936/2063 2913/911/2063 2902/912/2063
f 2905/907/2063 2910/908/2063 2891/934/2063 2893/933/2063
f 2911/1830/2066 2912/1833/2071 2907/1834/2070 2908/1829/2067
f 2894/1826/2060 2906/1831/2069 2913/1832/2072 2895/1825/2061
f 2909/1828/2068 2890/1819/2055 2891/1820/2058 2910/1827/2065
f 2914/1845/2074 2916/1848/2075 2917/1847/2076 2915/1846/2077
f 2920/1849/2078 2918/1852/2079 2919/1851/2080 2921/1850/2081
f 2929/907/2082 2928/910/2082 2935/909/2082 2934/908/2082
f 2937/911/2082 2936/914/2082 2927/913/2082 2926/912/2082
f 2925/912/2083 2924/913/2083 2931/914/2083 2930/911/2083
f 2933/908/2083 2932/909/2083 2923/910/2083 2922/907/2083
f 2934/1853/2084 2935/1856/2085 2932/1855/2086 2933/1854/2087
f 2930/1857/2088 2931/1860/2089 2936/1859/2090 2937/1858/2091
f 2926/1861/2092 2927/1864/2092 2924/1863/2092 2925/1862/2092
f 2922/1865/2092 2923/1868/2092 2928/1867/2092 2929/1866/2092
f 2927/1864/2092 2928/1867/2092 2923/1868/2092 2924/1863/2092
f 2916/1869/2075 2922/1865/2092 2929/1866/2092 2917/1870/2076
f 2924/913/2083 2923/910/2083 2932/909/2083 2931/914/2083
f 2916/933/2083 2914/934/2083 2933/908/2083 2922/907/2083
f 2925/1862/2092 2920/1849/2078 2921/1850/2081 2926/1861/2092
f 2925/912/2083 2930/911/2083 2918/936/2083 2920/935/2083
f 2928/910/2082 2927/913/2082 2936/914/2082 2935/909/2082
f 2921/935/2082 2919/936/2082 2937/911/2082 2926/912/2082
f 2929/907/2082 2934/908/2082 2915/934/2082 2917/933/2082
f 2935/1856/2085 2936/1859/2090 2931/1860/2089 2932/1855/2086
f 2918/1852/2079 2930/1857/2088 2937/1858/2091 2919/1851/2080
f 2933/1854/2087 2914/1845/2074 2915/1846/2077 2934/1853/2084
f 2938/1871/2093 2940/1874/2094 2941/1873/2095 2939/1872/2096
f 2944/1875/2097 2942/1878/2098 2943/1877/2099 2945/1876/2100
f 2953/907/2101 2952/910/2101 2959/909/2101 2958/908/2101
f 2961/911/2101 2960/914/2101 2951/913/2101 2950/912/2101
f 2949/912/2102 2948/913/2102 2955/914/2102 2954/911/2102
f 2957/908/2102 2956/909/2102 2947/910/2102 2946/907/2102
f 2958/1879/2103 2959/1882/2104 2956/1881/2105 2957/1880/2106
f 2954/1883/2107 2955/1886/2108 2960/1885/2109 2961/1884/2110
f 2950/1887/2111 2951/1890/2111 2948/1889/2111 2949/1888/2111
f 2946/1891/2111 2947/1894/2111 2952/1893/2111 2953/1892/2111
f 2951/1890/2111 2952/1893/2111 2947/1894/2111 2948/1889/2111
f 2940/1895/2094 2946/1891/2111 2953/1892/2111 2941/1896/2095
f 2948/913/2102 2947/910/2102 2956/909/2102 2955/914/2102
f 2940/933/2102 2938/934/2102 2957/908/2102 2946/907/2102
f 2949/1888/2111 2944/1875/2097 2945/1876/2100 2950/1887/2111
f 2949/912/2102 2954/911/2102 2942/936/2102 2944/935/2102
f 2952/910/2101 2951/913/2101 2960/914/2101 2959/909/2101
f 2945/935/2101 2943/936/2101 2961/911/2101 2950/912/2101
f 2953/907/2101 2958/908/2101 2939/934/2101 2941/933/2101
f 2959/1882/2104 2960/1885/2109 2955/1886/2108 2956/1881/2105
f 2942/1878/2098 2954/1883/2107 2961/1884/2110 2943/1877/2099
f 2957/1880/2106 2938/1871/2093 2939/1872/2096 2958/1879/2103
f 2962/1897/2112 2964/1900/2113 2965/1899/2114 2963/1898/2115
f 2968/1901/2116 2966/1904/2117 2967/1903/2118 2969/1902/2119
f 2977/907/2120 2976/910/2121 2983/909/2122 2982/908/2123
f 2985/911/2124 2984/914/2125 2975/913/2126 2974/912/2127
f 2973/912/2128 2972/913/2129 2979/914/2130 2978/911/2131
f 2981/908/2132 2980/909/2133 2971/910/2134 2970/907/2135
f 2982/1905/2136 2983/1908/2137 2980/1907/2138 2981/1906/2139
f 2978/1909/2140 2979/1912/2141 2984/1911/2142 2985/1910/2143
f 2974/1913/2144 2975/1916/2144 2972/1915/2144 2973/1914/2144
f 2970/1917/2144 2971/1920/2144 2976/1919/2144 2977/1918/2144
f 2975/1916/2144 2976/1919/2144 2971/1920/2144 2972/1915/2144
f 2964/1921/2113 2970/1917/2144 2977/1918/2144 2965/1922/2114
f 2972/913/2129 2971/910/2134 2980/909/2133 2979/914/2130
f 2964/933/2145 2962/934/2145 2981/908/2132 2970/907/2135
f 2973/1914/2144 2968/1901/2116 2969/1902/2119 2974/1913/2144
f 2973/912/2128 2978/911/2131 2966/936/2146 2968/935/2146
f 2976/910/2121 2975/913/2126 2984/914/2125 2983/909/2122
f 2969/935/2147 2967/936/2147 2985/911/2124 2974/912/2127
f 2977/907/2120 2982/908/2123 2963/934/2148 2965/933/2148
f 2983/1908/2137 2984/1911/2142 2979/1912/2141 2980/1907/2138
f 2966/1904/2117 2978/1909/2140 2985/1910/2143 2967/1903/2118
f 2981/1906/2139 2962/1897/2112 2963/1898/2115 2982/1905/2136
f 2986/1923/2149 2988/1926/2150 2989/1925/2151 2987/1924/2152
f 2992/1927/2153 2990/1930/2154 2991/1929/2155 2993/1928/2156
f 3001/907/2157 3000/910/2158 3007/909/2159 3006/908/2160
f 3009/911/2161 3008/914/2162 2999/913/2163 2998/912/2164
f 2997/912/2165 2996/913/2166 3003/914/2167 3002/911/2168
f 3005/908/2169 3004/909/2170 2995/910/2171 2994/907/2172
f 3006/1931/2173 3007/1934/2174 3004/1933/2175 3005/1932/2176
f 3002/1935/2177 3003/1938/2178 3008/1937/2179 3009/1936/2180
f 2998/1939/2181 2999/1942/2181 2996/1941/2181 2997/1940/2181
f 2994/1943/2181 2995/1946/2181 3000/1945/2181 3001/1944/2181
f 2999/1942/2181 3000/1945/2181 2995/1946/2181 2996/1941/2181
f 2988/1947/2150 2994/1943/2181 3001/1944/2181 2989/1948/2151
f 2996/913/2166 2995/910/2171 3004/909/2170 3003/914/2167
f 2988/933/2182 2986/934/2182 3005/908/2169 2994/907/2172
f 2997/1940/2181 2992/1927/2153 2993/1928/2156 2998/1939/2181
f 2997/912/2165 3002/911/2168 2990/936/2183 2992/935/2183
f 3000/910/2158 2999/913/2163 3008/914/2162 3007/909/2159
f 2993/935/2184 2991/936/2184 3009/911/2161 2998/912/2164
f 3001/907/2157 3006/908/2160 2987/934/2185 2989/933/2185
f 3007/1934/2174 3008/1937/2179 3003/1938/2178 3004/1933/2175
f 2990/1930/2154 3002/1935/2177 3009/1936/2180 2991/1929/2155
f 3005/1932/2176 2986/1923/2149 2987/1924/2152 3006/1931/2173
f 3010/1949/2186 3012/1952/2187 3013/1951/2188 3011/1950/2189
f 3016/1953/2190 3014/1956/2191 3015/1955/2192 3017/1954/2193
f 3025/1009/2194 3024/1012/2194 3031/1011/2194 3030/1010/2194
f 3033/1013/2194 3032/1016/2194 3023/1015/2194 3022/1014/2194
f 3021/912/2195 3020/913/2195 3027/914/2195 3026/911/2195
f 3029/908/2195 3028/909/2195 3019/910/2195 3018/907/2195
f 3030/1957/2136 3031/1960/2137 3028/1959/2138 3029/1958/2139
f 3026/1961/2140 3027/1964/2141 3032/1963/2196 3033/1962/2143
f 3022/1965/2144 3023/1968/2144 3020/1967/2144 3021/1966/2144
f 3018/1969/2144 3019/1972/2144 3024/1971/2144 3025/1970/2144
f 3023/1968/2144 3024/1971/2144 3019/1972/2144 3020/1967/2144
f 3012/1973/2187 3018/1969/2144 3025/1970/2144 3013/1974/2188
f 3020/913/2195 3019/910/2195 3028/909/2195 3027/914/2195
f 3012/933/2195 3010/934/2195 3029/908/2195 3018/907/2195
f 3021/1966/2144 3016/1953/2190 3017/1954/2193 3022/1965/2144
f 3021/912/2195 3026/911/2195 3014/936/2195 3016/935/2195
f 3024/1012/2194 3023/1015/2194 3032/1016/2194 3031/1011/2194
f 3017/1035/2194 3015/1036/2194 3033/1013/2194 3022/1014/2194
f 3025/1009/2194 3030/1010/2194 3011/1038/2194 3013/1037/2194
f 3031/1960/2137 3032/1963/2196 3027/1964/2141 3028/1959/2138
f 3014/1956/2191 3026/1961/2140 3033/1962/2143 3015/1955/2192
f 3029/1958/2139 3010/1949/2186 3011/1950/2189 3030/1957/2136
f 3034/1975/2197 3036/1978/2198 3037/1977/2199 3035/1976/2200
f 3040/1979/2201 3038/1982/2202 3039/1981/2203 3041/1980/2204
f 3049/945/2205 3048/948/2205 3055/947/2205 3054/946/2205
f 3057/949/2205 3056/952/2205 3047/951/2205 3046/950/2205
f 3045/912/2206 3044/913/2206 3051/914/2206 3050/911/2206
f 3053/908/2206 3052/909/2206 3043/910/2206 3042/907/2206
f 3054/1983/2207 3055/1986/2208 3052/1985/2209 3053/1984/2210
f 3050/1987/2211 3051/1990/2212 3056/1989/2213 3057/1988/2214
f 3046/1991/2215 3047/1994/2215 3044/1993/2215 3045/1992/2215
f 3042/1995/2215 3043/1998/2215 3048/1997/2215 3049/1996/2215
f 3047/1994/2215 3048/1997/2215 3043/1998/2215 3044/1993/2215
f 3036/1999/2198 3042/1995/2215 3049/1996/2215 3037/2000/2199
f 3044/913/2206 3043/910/2206 3052/909/2206 3051/914/2206
f 3036/933/2206 3034/934/2206 3053/908/2206 3042/907/2206
f 3045/1992/2215 3040/1979/2201 3041/1980/2204 3046/1991/2215
f 3045/912/2206 3050/911/2206 3038/936/2206 3040/935/2206
f 3048/948/2205 3047/951/2205 3056/952/2205 3055/947/2205
f 3041/971/2205 3039/972/2205 3057/949/2205 3046/950/2205
f 3049/945/2205 3054/946/2205 3035/974/2205 3037/973/2205
f 3055/1986/2208 3056/1989/2213 3051/1990/2212 3052/1985/2209
f 3038/1982/2202 3050/1987/2211 3057/1988/2214 3039/1981/2203
f 3053/1984/2210 3034/1975/2197 3035/1976/2200 3054/1983/2207
f 3058/2001/2216 3060/2004/2217 3061/2003/2218 3059/2002/2219
f 3064/2005/2220 3062/2008/2221 3063/2007/2222 3065/2006/2223
f 3073/907/2224 3072/910/2224 3079/909/2224 3078/908/2224
f 3081/911/2224 3080/914/2224 3071/913/2224 3070/912/2224
f 3069/912/2225 3068/913/2225 3075/914/2225 3074/911/2225
f 3077/908/2225 3076/909/2225 3067/910/2225 3066/907/2225
f 3078/2009/2226 3079/2012/2227 3076/2011/2228 3077/2010/2229
f 3074/2013/2230 3075/2016/2231 3080/2015/2232 3081/2014/2233
f 3070/2017/2234 3071/2020/2234 3068/2019/2234 3069/2018/2234
f 3066/2021/2234 3067/2024/2234 3072/2023/2234 3073/2022/2234
f 3071/2020/2234 3072/2023/2234 3067/2024/2234 3068/2019/2234
f 3060/2025/2217 3066/2021/2234 3073/2022/2234 3061/2026/2218
f 3068/913/2225 3067/910/2225 3076/909/2225 3075/914/2225
f 3060/933/2225 3058/934/2225 3077/908/2225 3066/907/2225
f 3069/2018/2234 3064/2005/2220 3065/2006/2223 3070/2017/2234
f 3069/912/2225 3074/911/2225 3062/936/2225 3064/935/2225
f 3072/910/2224 3071/913/2224 3080/914/2224 3079/909/2224
f 3065/935/2224 3063/936/2224 3081/911/2224 3070/912/2224
f 3073/907/2224 3078/908/2224 3059/934/2224 3061/933/2224
f 3079/2012/2227 3080/2015/2232 3075/2016/2231 3076/2011/2228
f 3062/2008/2221 3074/2013/2230 3081/2014/2233 3063/2007/2222
f 3077/2010/2229 3058/2001/2216 3059/2002/2219 3078/2009/2226
f 3082/2027/2235 3084/2030/2236 3085/2029/2237 3083/2028/2238
f 3088/2031/2239 3086/2034/2240 3087/2033/2241 3089/2032/2242
f 3097/945/2243 3096/948/2243 3103/947/2243 3102/946/2243
f 3105/949/2243 3104/952/2243 3095/951/2243 3094/950/2243
f 3093/912/2244 3092/913/2244 3099/914/2244 3098/911/2244
f 3101/908/2244 3100/909/2244 3091/910/2244 3090/907/2244
f 3102/2035/2245 3103/2038/2246 3100/2037/2247 3101/2036/2248
f 3098/2039/2249 3099/2042/2250 3104/2041/2251 3105/2040/2252
f 3094/2043/2253 3095/2046/2253 3092/2045/2253 3093/2044/2253
f 3090/2047/2253 3091/2050/2253 3096/2049/2253 3097/2048/2253
f 3095/2046/2253 3096/2049/2253 3091/2050/2253 3092/2045/2253
f 3084/2051/2236 3090/2047/2253 3097/2048/2253 3085/2052/2237
f 3092/913/2244 3091/910/2244 3100/909/2244 3099/914/2244
f 3084/933/2244 3082/934/2244 3101/908/2244 3090/907/2244
f 3093/2044/2253 3088/2031/2239 3089/2032/2242 3094/2043/2253
f 3093/912/2244 3098/911/2244 3086/936/2244 3088/935/2244
f 3096/948/2243 3095/951/2243 3104/952/2243 3103/947/2243
f 3089/971/2243 3087/972/2243 3105/949/2243 3094/950/2243
f 3097/945/2243 3102/946/2243 3083/974/2243 3085/973/2243
f 3103/2038/2246 3104/2041/2251 3099/2042/2250 3100/2037/2247
f 3086/2034/2240 3098/2039/2249 3105/2040/2252 3087/2033/2241
f 3101/2036/2248 3082/2027/2235 3083/2028/2238 3102/2035/2245
f 3106/2053/2254 3108/2056/2255 3109/2055/2256 3107/2054/2257
f 3112/2057/2258 3110/2060/2259 3111/2059/2260 3113/2058/2261
f 3121/907/2262 3120/910/2262 3127/909/2262 3126/908/2262
f 3129/911/2262 3128/914/2262 3119/913/2262 3118/912/2262
f 3117/912/2263 3116/913/2263 3123/914/2263 3122/911/2263
f 3125/908/2263 3124/909/2263 3115/910/2263 3114/907/2263
f 3126/2061/2264 3127/2064/2265 3124/2063/2266 3125/2062/2267
f 3122/2065/2268 3123/2068/2269 3128/2067/2270 3129/2066/2271
f 3118/2069/2272 3119/2072/2272 3116/2071/2272 3117/2070/2272
f 3114/2073/2272 3115/2076/2272 3120/2075/2272 3121/2074/2272
f 3119/2072/2272 3120/2075/2272 3115/2076/2272 3116/2071/2272
f 3108/2077/2255 3114/2073/2272 3121/2074/2272 3109/2078/2256
f 3116/913/2263 3115/910/2263 3124/909/2263 3123/914/2263
f 3108/933/2263 3106/934/2263 3125/908/2263 3114/907/2263
f 3117/2070/2272 3112/2057/2258 3113/2058/2261 3118/2069/2272
f 3117/912/2263 3122/911/2263 3110/936/2263 3112/935/2263
f 3120/910/2262 3119/913/2262 3128/914/2262 3127/909/2262
f 3113/935/2262 3111/936/2262 3129/911/2262 3118/912/2262
f 3121/907/2262 3126/908/2262 3107/934/2262 3109/933/2262
f 3127/2064/2265 3128/2067/2270 3123/2068/2269 3124/2063/2266
f 3110/2060/2259 3122/2065/2268 3129/2066/2271 3111/2059/2260
f 3125/2062/2267 3106/2053/2254 3107/2054/2257 3126/2061/2264
f 3130/2079/2273 3132/2082/2274 3133/2081/2275 3131/2080/2276
f 3136/2083/2277 3134/2086/2278 3135/2085/2279 3137/2084/2280
f 3145/1009/2281 3144/1012/2281 3151/1011/2281 3150/1010/2281
f 3153/1013/2281 3152/1016/2281 3143/1015/2281 3142/1014/2281
f 3141/912/2282 3140/913/2282 3147/914/2282 3146/911/2282
f 3149/908/2282 3148/909/2282 3139/910/2282 3138/907/2282
f 3150/2087/2283 3151/2090/2284 3148/2089/2285 3149/2088/2286
f 3146/2091/2287 3147/2094/2288 3152/2093/2289 3153/2092/2290
f 3142/2095/2291 3143/2098/2291 3140/2097/2291 3141/2096/2291
f 3138/2099/2291 3139/2102/2291 3144/2101/2291 3145/2100/2291
f 3143/2098/2291 3144/2101/2291 3139/2102/2291 3140/2097/2291
f 3132/2103/2274 3138/2099/2291 3145/2100/2291 3133/2104/2275
f 3140/913/2282 3139/910/2282 3148/909/2282 3147/914/2282
f 3132/933/2282 3130/934/2282 3149/908/2282 3138/907/2282
f 3141/2096/2291 3136/2083/2277 3137/2084/2280 3142/2095/2291
f 3141/912/2282 3146/911/2282 3134/936/2282 3136/935/2282
f 3144/1012/2281 3143/1015/2281 3152/1016/2281 3151/1011/2281
f 3137/1035/2281 3135/1036/2281 3153/1013/2281 3142/1014/2281
f 3145/1009/2281 3150/1010/2281 3131/1038/2281 3133/1037/2281
f 3151/2090/2284 3152/2093/2289 3147/2094/2288 3148/2089/2285
f 3134/2086/2278 3146/2091/2287 3153/2092/2290 3135/2085/2279
f 3149/2088/2286 3130/2079/2273 3131/2080/2276 3150/2087/2283
f 3154/2105/2292 3156/2108/2293 3157/2107/2294 3155/2106/2295
f 3160/2109/2296 3158/2112/2297 3159/2111/2298 3161/2110/2299
f 3169/945/2300 3168/948/2301 3175/947/2302 3174/946/2303
f 3177/949/2304 3176/952/2305 3167/951/2306 3166/950/2307
f 3165/912/2308 3164/913/2309 3171/914/2310 3170/911/2311
f 3173/908/2312 3172/909/2313 3163/910/2314 3162/907/2315
f 3174/2113/2316 3175/2116/2317 3172/2115/2318 3173/2114/2319
f 3170/2117/2320 3171/2120/2321 3176/2119/2322 3177/2118/2323
f 3166/2121/2324 3167/2124/2324 3164/2123/2324 3165/2122/2324
f 3162/2125/2324 3163/2128/2324 3168/2127/2324 3169/2126/2324
f 3167/2124/2324 3168/2127/2324 3163/2128/2324 3164/2123/2324
f 3156/2129/2293 3162/2125/2324 3169/2126/2324 3157/2130/2294
f 3164/913/2309 3163/910/2314 3172/909/2313 3171/914/2310
f 3156/933/2325 3154/934/2325 3173/908/2312 3162/907/2315
f 3165/2122/2324 3160/2109/2296 3161/2110/2299 3166/2121/2324
f 3165/912/2308 3170/911/2311 3158/936/2326 3160/935/2326
f 3168/948/2301 3167/951/2306 3176/952/2305 3175/947/2302
f 3161/971/2327 3159/972/2327 3177/949/2304 3166/950/2307
f 3169/945/2300 3174/946/2303 3155/974/2328 3157/973/2328
f 3175/2116/2317 3176/2119/2322 3171/2120/2321 3172/2115/2318
f 3158/2112/2297 3170/2117/2320 3177/2118/2323 3159/2111/2298
f 3173/2114/2319 3154/2105/2292 3155/2106/2295 3174/2113/2316
f 3178/2131/2329 3180/2134/2330 3181/2133/2331 3179/2132/2332
f 3184/2135/2333 3182/2138/2334 3183/2137/2335 3185/2136/2336
f 3193/1009/2337 3192/1012/2337 3199/1011/2337 3198/1010/2337
f 3201/1013/2337 3200/1016/2337 3191/1015/2337 3190/1014/2337
f 3189/912/2338 3188/913/2338 3195/914/2338 3194/911/2338
f 3197/908/2338 3196/909/2338 3187/910/2338 3186/907/2338
f 3198/2139/2339 3199/2142/2340 3196/2141/2341 3197/2140/2342
f 3194/2143/2343 3195/2146/2344 3200/2145/2345 3201/2144/2346
f 3190/2147/2347 3191/2150/2347 3188/2149/2347 3189/2148/2347
f 3186/2151/2347 3187/2154/2347 3192/2153/2347 3193/2152/2347
f 3191/2150/2347 3192/2153/2347 3187/2154/2347 3188/2149/2347
f 3180/2155/2330 3186/2151/2347 3193/2152/2347 3181/2156/2331
f 3188/913/2338 3187/910/2338 3196/909/2338 3195/914/2338
f 3180/933/2338 3178/934/2338 3197/908/2338 3186/907/2338
f 3189/2148/2347 3184/2135/2333 3185/2136/2336 3190/2147/2347
f 3189/912/2338 3194/911/2338 3182/936/2338 3184/935/2338
f 3192/1012/2337 3191/1015/2337 3200/1016/2337 3199/1011/2337
f 3185/1035/2337 3183/1036/2337 3201/1013/2337 3190/1014/2337
f 3193/1009/2337 3198/1010/2337 3179/1038/2337 3181/1037/2337
f 3199/2142/2340 3200/2145/2345 3195/2146/2344 3196/2141/2341
f 3182/2138/2334 3194/2143/2343 3201/2144/2346 3183/2137/2335
f 3197/2140/2342 3178/2131/2329 3179/2132/2332 3198/2139/2339
f 3202/2157/2348 3204/2160/2349 3205/2159/2350 3203/2158/2351
f 3208/2161/2352 3206/2164/2353 3207/2163/2354 3209/2162/2355
f 3217/945/2356 3216/948/2356 3223/947/2356 3222/946/2356
f 3225/949/2356 3224/952/2356 3215/951/2356 3214/950/2356
f 3213/912/2357 3212/913/2357 3219/914/2357 3218/911/2357
f 3221/908/2357 3220/909/2357 3211/910/2357 3210/907/2357
f 3222/2165/2358 3223/2168/2359 3220/2167/2360 3221/2166/2361
f 3218/2169/2362 3219/2172/2363 3224/2171/2364 3225/2170/2365
f 3214/2173/2366 3215/2176/2366 3212/2175/2366 3213/2174/2366
f 3210/2177/2366 3211/2180/2366 3216/2179/2366 3217/2178/2366
f 3215/2176/2366 3216/2179/2366 3211/2180/2366 3212/2175/2366
f 3204/2181/2349 3210/2177/2366 3217/2178/2366 3205/2182/2350
f 3212/913/2357 3211/910/2357 3220/909/2357 3219/914/2357
f 3204/933/2357 3202/934/2357 3221/908/2357 3210/907/2357
f 3213/2174/2366 3208/2161/2352 3209/2162/2355 3214/2173/2366
f 3213/912/2357 3218/911/2357 3206/936/2357 3208/935/2357
f 3216/948/2356 3215/951/2356 3224/952/2356 3223/947/2356
f 3209/971/2356 3207/972/2356 3225/949/2356 3214/950/2356
f 3217/945/2356 3222/946/2356 3203/974/2356 3205/973/2356
f 3223/2168/2359 3224/2171/2364 3219/2172/2363 3220/2167/2360
f 3206/2164/2353 3218/2169/2362 3225/2170/2365 3207/2163/2354
f 3221/2166/2361 3202/2157/2348 3203/2158/2351 3222/2165/2358
f 3226/2183/2367 3228/2186/2368 3229/2185/2369 3227/2184/2370
f 3232/2187/2371 3230/2190/2372 3231/2189/2373 3233/2188/2374
f 3241/907/2375 3240/910/2375 3247/909/2375 3246/908/2375
f 3249/911/2375 3248/914/2375 3239/913/2375 3238/912/2375
f 3237/912/2376 3236/913/2376 3243/914/2376 3242/911/2376
f 3245/908/2376 3244/909/2376 3235/910/2376 3234/907/2376
f 3246/2191/2377 3247/2194/2378 3244/2193/2379 3245/2192/2380
f 3242/2195/2381 3243/2198/2382 3248/2197/2383 3249/2196/2384
f 3238/2199/2385 3239/2202/2385 3236/2201/2385 3237/2200/2385
f 3234/2203/2385 3235/2206/2385 3240/2205/2385 3241/2204/2385
f 3239/2202/2385 3240/2205/2385 3235/2206/2385 3236/2201/2385
f 3228/2207/2368 3234/2203/2385 3241/2204/2385 3229/2208/2369
f 3236/913/2376 3235/910/2376 3244/909/2376 3243/914/2376
f 3228/933/2376 3226/934/2376 3245/908/2376 3234/907/2376
f 3237/2200/2385 3232/2187/2371 3233/2188/2374 3238/2199/2385
f 3237/912/2376 3242/911/2376 3230/936/2376 3232/935/2376
f 3240/910/2375 3239/913/2375 3248/914/2375 3247/909/2375
f 3233/935/2375 3231/936/2375 3249/911/2375 3238/912/2375
f 3241/907/2375 3246/908/2375 3227/934/2375 3229/933/2375
f 3247/2194/2378 3248/2197/2383 3243/2198/2382 3244/2193/2379
f 3230/2190/2372 3242/2195/2381 3249/2196/2384 3231/2189/2373
f 3245/2192/2380 3226/2183/2367 3227/2184/2370 3246/2191/2377
f 3250/2209/2386 3252/2212/2387 3253/2211/2388 3251/2210/2389
f 3256/2213/2390 3254/2216/2391 3255/2215/2392 3257/2214/2393
f 3265/907/2394 3264/910/2394 3271/909/2394 3270/908/2394
f 3273/911/2394 3272/914/2394 3263/913/2394 3262/912/2394
f 3261/912/2395 3260/913/2395 3267/914/2395 3266/911/2395
f 3269/908/2395 3268/909/2395 3259/910/2395 3258/907/2395
f 3270/2217/2396 3271/2220/2397 3268/2219/2398 3269/2218/2399
f 3266/2221/2400 3267/2224/2401 3272/2223/2402 3273/2222/2403
f 3262/2225/2404 3263/2228/2404 3260/2227/2404 3261/2226/2404
f 3258/2229/2404 3259/2232/2404 3264/2231/2404 3265/2230/2404
f 3263/2228/2404 3264/2231/2404 3259/2232/2404 3260/2227/2404
f 3252/2233/2387 3258/2229/2404 3265/2230/2404 3253/2234/2388
f 3260/913/2395 3259/910/2395 3268/909/2395 3267/914/2395
f 3252/933/2395 3250/934/2395 3269/908/2395 3258/907/2395
f 3261/2226/2404 3256/2213/2390 3257/2214/2393 3262/2225/2404
f 3261/912/2395 3266/911/2395 3254/936/2395 3256/935/2395
f 3264/910/2394 3263/913/2394 3272/914/2394 3271/909/2394
f 3257/935/2394 3255/936/2394 3273/911/2394 3262/912/2394
f 3265/907/2394 3270/908/2394 3251/934/2394 3253/933/2394
f 3271/2220/2397 3272/2223/2402 3267/2224/2401 3268/2219/2398
f 3254/2216/2391 3266/2221/2400 3273/2222/2403 3255/2215/2392
f 3269/2218/2399 3250/2209/2386 3251/2210/2389 3270/2217/2396
f 3274/2235/2405 3276/2238/2236 3277/2237/2237 3275/2236/2406
f 3280/2239/2239 3278/2242/2407 3279/2241/2408 3281/2240/2242
f 3289/907/2243 3288/910/2243 3295/909/2243 3294/908/2243
f 3297/911/2243 3296/914/2243 3287/913/2243 3286/912/2243
f 3285/912/2244 3284/913/2244 3291/914/2244 3290/911/2244
f 3293/908/2244 3292/909/2244 3283/910/2244 3282/907/2244
f 3294/2243/2409 3295/2246/2410 3292/2245/2411 3293/2244/2412
f 3290/2247/2413 3291/2250/2414 3296/2249/2415 3297/2248/2416
f 3286/2251/2253 3287/2254/2253 3284/2253/2253 3285/2252/2253
f 3282/2255/2253 3283/2258/2253 3288/2257/2253 3289/2256/2253
f 3287/2254/2253 3288/2257/2253 3283/2258/2253 3284/2253/2253
f 3276/2259/2236 3282/2255/2253 3289/2256/2253 3277/2260/2237
f 3284/913/2244 3283/910/2244 3292/909/2244 3291/914/2244
f 3276/933/2244 3274/934/2244 3293/908/2244 3282/907/2244
f 3285/2252/2253 3280/2239/2239 3281/2240/2242 3286/2251/2253
f 3285/912/2244 3290/911/2244 3278/936/2244 3280/935/2244
f 3288/910/2243 3287/913/2243 3296/914/2243 3295/909/2243
f 3281/935/2243 3279/936/2243 3297/911/2243 3286/912/2243
f 3289/907/2243 3294/908/2243 3275/934/2243 3277/933/2243
f 3295/2246/2410 3296/2249/2415 3291/2250/2414 3292/2245/2411
f 3278/2242/2407 3290/2247/2413 3297/2248/2416 3279/2241/2408
f 3293/2244/2412 3274/2235/2405 3275/2236/2406 3294/2243/2409
f 3298/2261/2235 3300/2264/2236 3301/2263/2237 3299/2262/2238
f 3304/2265/2239 3302/2268/2240 3303/2267/2241 3305/2266/2242
f 3313/1009/2243 3312/1012/2243 3319/1011/2243 3318/1010/2243
f 3321/1013/2243 3320/1016/2243 3311/1015/2243 3310/1014/2243
f 3309/912/2244 3308/913/2244 3315/914/2244 3314/911/2244
f 3317/908/2244 3316/909/2244 3307/910/2244 3306/907/2244
f 3318/2269/2245 3319/2272/2246 3316/2271/2247 3317/2270/2248
f 3314/2273/2249 3315/2276/2250 3320/2275/2251 3321/2274/2252
f 3310/2277/2253 3311/2280/2253 3308/2279/2253 3309/2278/2253
f 3306/2281/2253 3307/2284/2253 3312/2283/2253 3313/2282/2253
f 3311/2280/2253 3312/2283/2253 3307/2284/2253 3308/2279/2253
f 3300/2285/2236 3306/2281/2253 3313/2282/2253 3301/2286/2237
f 3308/913/2244 3307/910/2244 3316/909/2244 3315/914/2244
f 3300/933/2244 3298/934/2244 3317/908/2244 3306/907/2244
f 3309/2278/2253 3304/2265/2239 3305/2266/2242 3310/2277/2253
f 3309/912/2244 3314/911/2244 3302/936/2244 3304/935/2244
f 3312/1012/2243 3311/1015/2243 3320/1016/2243 3319/1011/2243
f 3305/1035/2243 3303/1036/2243 3321/1013/2243 3310/1014/2243
f 3313/1009/2243 3318/1010/2243 3299/1038/2243 3301/1037/2243
f 3319/2272/2246 3320/2275/2251 3315/2276/2250 3316/2271/2247
f 3302/2268/2240 3314/2273/2249 3321/2274/2252 3303/2267/2241
f 3317/2270/2248 3298/2261/2235 3299/2262/2238 3318/2269/2245
f 3322/2287/2093 3324/2290/2094 3325/2289/2095 3323/2288/2096
f 3328/2291/2097 3326/2294/2098 3327/2293/2099 3329/2292/2100
f 3337/907/2101 3336/910/2101 3343/909/2101 3342/908/2101
f 3345/911/2101 3344/914/2101 3335/913/2101 3334/912/2101
f 3333/912/2102 3332/913/2102 3339/914/2102 3338/911/2102
f 3341/908/2102 3340/909/2102 3331/910/2102 3330/907/2102
f 3342/2295/2103 3343/2298/2104 3340/2297/2105 3341/2296/2106
f 3338/2299/2107 3339/2302/2108 3344/2301/2109 3345/2300/2110
f 3334/2303/2111 3335/2306/2111 3332/2305/2111 3333/2304/2111
f 3330/2307/2111 3331/2310/2111 3336/2309/2111 3337/2308/2111
f 3335/2306/2111 3336/2309/2111 3331/2310/2111 3332/2305/2111
f 3324/2311/2094 3330/2307/2111 3337/2308/2111 3325/2312/2095
f 3332/913/2102 3331/910/2102 3340/909/2102 3339/914/2102
f 3324/933/2102 3322/934/2102 3341/908/2102 3330/907/2102
f 3333/2304/2111 3328/2291/2097 3329/2292/2100 3334/2303/2111
f 3333/912/2102 3338/911/2102 3326/936/2102 3328/935/2102
f 3336/910/2101 3335/913/2101 3344/914/2101 3343/909/2101
f 3329/935/2101 3327/936/2101 3345/911/2101 3334/912/2101
f 3337/907/2101 3342/908/2101 3323/934/2101 3325/933/2101
f 3343/2298/2104 3344/2301/2109 3339/2302/2108 3340/2297/2105
f 3326/2294/2098 3338/2299/2107 3345/2300/2110 3327/2293/2099
f 3341/2296/2106 3322/2287/2093 3323/2288/2096 3342/2295/2103
f 3346/2313/2417 3348/2316/2418 3349/2315/2419 3347/2314/2420
f 3352/2317/2421 3350/2320/2422 3351/2319/2423 3353/2318/2424
f 3361/1009/2425 3360/1012/2426 3367/1011/2427 3366/1010/2428
f 3369/1013/2429 3368/1016/2430 3359/1015/2431 3358/1014/2432
f 3357/912/2433 3356/913/2434 3363/914/2435 3362/911/2436
f 3365/908/2437 3364/909/2438 3355/910/2439 3354/907/2440
f 3366/2321/2441 3367/2324/2442 3364/2323/2443 3365/2322/2444
f 3362/2325/2445 3363/2328/2446 3368/2327/2447 3369/2326/2448
f 3358/2329/2449 3359/2332/2449 3356/2331/2449 3357/2330/2449
f 3354/2333/2449 3355/2336/2449 3360/2335/2449 3361/2334/2449
f 3359/2332/2449 3360/2335/2449 3355/2336/2449 3356/2331/2449
f 3348/2337/2418 3354/2333/2449 3361/2334/2449 3349/2338/2419
f 3356/913/2434 3355/910/2439 3364/909/2438 3363/914/2435
f 3348/933/2450 3346/934/2450 3365/908/2437 3354/907/2440
f 3357/2330/2449 3352/2317/2421 3353/2318/2424 3358/2329/2449
f 3357/912/2433 3362/911/2436 3350/936/2451 3352/935/2451
f 3360/1012/2426 3359/1015/2431 3368/1016/2430 3367/1011/2427
f 3353/1035/2452 3351/1036/2452 3369/1013/2429 3358/1014/2432
f 3361/1009/2425 3366/1010/2428 3347/1038/2453 3349/1037/2453
f 3367/2324/2442 3368/2327/2447 3363/2328/2446 3364/2323/2443
f 3350/2320/2422 3362/2325/2445 3369/2326/2448 3351/2319/2423
f 3365/2322/2444 3346/2313/2417 3347/2314/2420 3366/2321/2441
f 3370/2339/2454 3372/2342/2455 3373/2341/2456 3371/2340/2457
f 3376/2343/2458 3374/2346/2459 3375/2345/2460 3377/2344/2461
f 3385/945/2462 3384/948/2462 3391/947/2462 3390/946/2462
f 3393/949/2462 3392/952/2462 3383/951/2462 3382/950/2462
f 3381/912/2463 3380/913/2463 3387/914/2463 3386/911/2463
f 3389/908/2463 3388/909/2463 3379/910/2463 3378/907/2463
f 3390/2347/2464 3391/2350/2465 3388/2349/2466 3389/2348/2467
f 3386/2351/2468 3387/2354/2469 3392/2353/2470 3393/2352/2471
f 3382/2355/2472 3383/2358/2472 3380/2357/2472 3381/2356/2472
f 3378/2359/2472 3379/2362/2472 3384/2361/2472 3385/2360/2472
f 3383/2358/2472 3384/2361/2472 3379/2362/2472 3380/2357/2472
f 3372/2363/2455 3378/2359/2472 3385/2360/2472 3373/2364/2456
f 3380/913/2463 3379/910/2463 3388/909/2463 3387/914/2463
f 3372/933/2463 3370/934/2463 3389/908/2463 3378/907/2463
f 3381/2356/2472 3376/2343/2458 3377/2344/2461 3382/2355/2472
f 3381/912/2463 3386/911/2463 3374/936/2463 3376/935/2463
f 3384/948/2462 3383/951/2462 3392/952/2462 3391/947/2462
f 3377/971/2462 3375/972/2462 3393/949/2462 3382/950/2462
f 3385/945/2462 3390/946/2462 3371/974/2462 3373/973/2462
f 3391/2350/2465 3392/2353/2470 3387/2354/2469 3388/2349/2466
f 3374/2346/2459 3386/2351/2468 3393/2352/2471 3375/2345/2460
f 3389/2348/2467 3370/2339/2454 3371/2340/2457 3390/2347/2464
f 3394/2365/2473 3396/2368/2474 3397/2367/2475 3395/2366/2476
f 3400/2369/2477 3398/2372/2478 3399/2371/2479 3401/2370/2480
f 3409/907/2481 3408/910/2481 3415/909/2481 3414/908/2481
f 3417/911/2481 3416/914/2481 3407/913/2481 3406/912/2481
f 3405/912/2482 3404/913/2482 3411/914/2482 3410/911/2482
f 3413/908/2482 3412/909/2482 3403/910/2482 3402/907/2482
f 3414/2373/2483 3415/2376/2484 3412/2375/2485 3413/2374/2486
f 3410/2377/2487 3411/2380/2488 3416/2379/2489 3417/2378/2490
f 3406/2381/2491 3407/2384/2491 3404/2383/2491 3405/2382/2491
f 3402/2385/2491 3403/2388/2491 3408/2387/2491 3409/2386/2491
f 3407/2384/2491 3408/2387/2491 3403/2388/2491 3404/2383/2491
f 3396/2389/2474 3402/2385/2491 3409/2386/2491 3397/2390/2475
f 3404/913/2482 3403/910/2482 3412/909/2482 3411/914/2482
f 3396/933/2482 3394/934/2482 3413/908/2482 3402/907/2482
f 3405/2382/2491 3400/2369/2477 3401/2370/2480 3406/2381/2491
f 3405/912/2482 3410/911/2482 3398/936/2482 3400/935/2482
f 3408/910/2481 3407/913/2481 3416/914/2481 3415/909/2481
f 3401/935/2481 3399/936/2481 3417/911/2481 3406/912/2481
f 3409/907/2481 3414/908/2481 3395/934/2481 3397/933/2481
f 3415/2376/2484 3416/2379/2489 3411/2380/2488 3412/2375/2485
f 3398/2372/2478 3410/2377/2487 3417/2378/2490 3399/2371/2479
f 3413/2374/2486 3394/2365/2473 3395/2366/2476 3414/2373/2483
f 3418/2391/2492 3420/2394/2493 3421/2393/2494 3419/2392/2495
f 3424/2395/2496 3422/2398/2497 3423/2397/2498 3425/2396/2499
f 3433/907/2500 3432/910/2500 3439/909/2500 3438/908/2500
f 3441/911/2500 3440/914/2500 3431/913/2500 3430/912/2500
f 3429/912/2501 3428/913/2501 3435/914/2501 3434/911/2501
f 3437/908/2501 3436/909/2501 3427/910/2501 3426/907/2501
f 3438/2399/2502 3439/2402/2503 3436/2401/2504 3437/2400/2505
f 3434/2403/2506 3435/2406/2507 3440/2405/2508 3441/2404/2509
f 3430/2407/2510 3431/2410/2510 3428/2409/2510 3429/2408/2510
f 3426/2411/2510 3427/2414/2510 3432/2413/2510 3433/2412/2510
f 3431/2410/2510 3432/2413/2510 3427/2414/2510 3428/2409/2510
f 3420/2415/2493 3426/2411/2510 3433/2412/2510 3421/2416/2494
f 3428/913/2501 3427/910/2501 3436/909/2501 3435/914/2501
f 3420/933/2501 3418/934/2501 3437/908/2501 3426/907/2501
f 3429/2408/2510 3424/2395/2496 3425/2396/2499 3430/2407/2510
f 3429/912/2501 3434/911/2501 3422/936/2501 3424/935/2501
f 3432/910/2500 3431/913/2500 3440/914/2500 3439/909/2500
f 3425/935/2500 3423/936/2500 3441/911/2500 3430/912/2500
f 3433/907/2500 3438/908/2500 3419/934/2500 3421/933/2500
f 3439/2402/2503 3440/2405/2508 3435/2406/2507 3436/2401/2504
f 3422/2398/2497 3434/2403/2506 3441/2404/2509 3423/2397/2498
f 3437/2400/2505 3418/2391/2492 3419/2392/2495 3438/2399/2502
f 3442/2417/2235 3444/2420/2236 3445/2419/2511 3443/2418/2238
f 3448/2421/2239 3446/2424/2240 3447/2423/2241 3449/2422/2242
f 3457/1009/2243 3456/1012/2243 3463/1011/2243 3462/1010/2243
f 3465/1013/2243 3464/1016/2243 3455/1015/2243 3454/1014/2243
f 3453/912/2244 3452/913/2244 3459/914/2244 3458/911/2244
f 3461/908/2244 3460/909/2244 3451/910/2244 3450/907/2244
f 3462/2425/2245 3463/2428/2246 3460/2427/2247 3461/2426/2248
f 3458/2429/2249 3459/2432/2250 3464/2431/2251 3465/2430/2252
f 3454/2433/2253 3455/2436/2253 3452/2435/2253 3453/2434/2253
f 3450/2437/2253 3451/2440/2253 3456/2439/2253 3457/2438/2253
f 3455/2436/2253 3456/2439/2253 3451/2440/2253 3452/2435/2253
f 3444/2441/2236 3450/2437/2253 3457/2438/2253 3445/2442/2511
f 3452/913/2244 3451/910/2244 3460/909/2244 3459/914/2244
f 3444/933/2244 3442/934/2244 3461/908/2244 3450/907/2244
f 3453/2434/2253 3448/2421/2239 3449/2422/2242 3454/2433/2253
f 3453/912/2244 3458/911/2244 3446/936/2244 3448/935/2244
f 3456/1012/2243 3455/1015/2243 3464/1016/2243 3463/1011/2243
f 3449/1035/2243 3447/1036/2243 3465/1013/2243 3454/1014/2243
f 3457/1009/2243 3462/1010/2243 3443/1038/2243 3445/1037/2243
f 3463/2428/2246 3464/2431/2251 3459/2432/2250 3460/2427/2247
f 3446/2424/2240 3458/2429/2249 3465/2430/2252 3447/2423/2241
f 3461/2426/2248 3442/2417/2235 3443/2418/2238 3462/2425/2245
f 3466/2443/2512 3468/2446/2513 3469/2445/2514 3467/2444/2515
f 3472/2447/2516 3470/2450/2517 3471/2449/2518 3473/2448/2519
f 3481/907/2520 3480/910/2520 3487/909/2520 3486/908/2520
f 3489/911/2520 3488/914/2520 3479/913/2520 3478/912/2520
f 3477/912/2521 3476/913/2521 3483/914/2521 3482/911/2521
f 3485/908/2521 3484/909/2521 3475/910/2521 3474/907/2521
f 3486/2451/2522 3487/2454/2523 3484/2453/2524 3485/2452/2525
f 3482/2455/2526 3483/2458/2527 3488/2457/2528 3489/2456/2529
f 3478/2459/2530 3479/2462/2530 3476/2461/2530 3477/2460/2530
f 3474/2463/2530 3475/2466/2530 3480/2465/2530 3481/2464/2530
f 3479/2462/2530 3480/2465/2530 3475/2466/2530 3476/2461/2530
f 3468/2467/2513 3474/2463/2530 3481/2464/2530 3469/2468/2514
f 3476/913/2521 3475/910/2521 3484/909/2521 3483/914/2521
f 3468/933/2521 3466/934/2521 3485/908/2521 3474/907/2521
f 3477/2460/2530 3472/2447/2516 3473/2448/2519 3478/2459/2530
f 3477/912/2521 3482/911/2521 3470/936/2521 3472/935/2521
f 3480/910/2520 3479/913/2520 3488/914/2520 3487/909/2520
f 3473/935/2520 3471/936/2520 3489/911/2520 3478/912/2520
f 3481/907/2520 3486/908/2520 3467/934/2520 3469/933/2520
f 3487/2454/2523 3488/2457/2528 3483/2458/2527 3484/2453/2524
f 3470/2450/2517 3482/2455/2526 3489/2456/2529 3471/2449/2518
f 3485/2452/2525 3466/2443/2512 3467/2444/2515 3486/2451/2522
f 3490/2469/2235 3492/2472/2236 3493/2471/2237 3491/2470/2238
f 3496/2473/2239 3494/2476/2240 3495/2475/2241 3497/2474/2242
f 3505/907/2243 3504/910/2243 3511/909/2243 3510/908/2243
f 3513/911/2243 3512/914/2243 3503/913/2243 3502/912/2243
f 3501/912/2244 3500/913/2244 3507/914/2244 3506/911/2244
f 3509/908/2244 3508/909/2244 3499/910/2244 3498/907/2244
f 3510/2477/2245 3511/2480/2246 3508/2479/2247 3509/2478/2248
f 3506/2481/2249 3507/2484/2250 3512/2483/2251 3513/2482/2252
f 3502/2485/2253 3503/2488/2253 3500/2487/2253 3501/2486/2253
f 3498/2489/2253 3499/2492/2253 3504/2491/2253 3505/2490/2253
f 3503/2488/2253 3504/2491/2253 3499/2492/2253 3500/2487/2253
f 3492/2493/2236 3498/2489/2253 3505/2490/2253 3493/2494/2237
f 3500/913/2244 3499/910/2244 3508/909/2244 3507/914/2244
f 3492/933/2244 3490/934/2244 3509/908/2244 3498/907/2244
f 3501/2486/2253 3496/2473/2239 3497/2474/2242 3502/2485/2253
f 3501/912/2244 3506/911/2244 3494/936/2244 3496/935/2244
f 3504/910/2243 3503/913/2243 3512/914/2243 3511/909/2243
f 3497/935/2243 3495/936/2243 3513/911/2243 3502/912/2243
f 3505/907/2243 3510/908/2243 3491/934/2243 3493/933/2243
f 3511/2480/2246 3512/2483/2251 3507/2484/2250 3508/2479/2247
f 3494/2476/2240 3506/2481/2249 3513/2482/2252 3495/2475/2241
f 3509/2478/2248 3490/2469/2235 3491/2470/2238 3510/2477/2245
f 3514/2495/2531 3516/2498/2532 3517/2497/2533 3515/2496/2534
f 3520/2499/2535 3518/2502/2536 3519/2501/2537 3521/2500/2538
f 3529/907/2539 3528/910/2539 3535/909/2539 3534/908/2539
f 3537/911/2539 3536/914/2539 3527/913/2539 3526/912/2539
f 3525/912/2540 3524/913/2540 3531/914/2540 3530/911/2540
f 3533/908/2540 3532/909/2540 3523/910/2540 3522/907/2540
f 3534/2503/2541 3535/2506/2542 3532/2505/2543 3533/2504/2544
f 3530/2507/2545 3531/2510/2546 3536/2509/2547 3537/2508/2548
f 3526/2511/2549 3527/2514/2549 3524/2513/2549 3525/2512/2549
f 3522/2515/2550 3523/2518/2550 3528/2517/2550 3529/2516/2550
f 3527/2514/2549 3528/2517/2550 3523/2518/2550 3524/2513/2549
f 3516/2519/2532 3522/2515/2550 3529/2516/2550 3517/2520/2533
f 3524/913/2540 3523/910/2540 3532/909/2540 3531/914/2540
f 3516/933/2540 3514/934/2540 3533/908/2540 3522/907/2540
f 3525/2512/2549 3520/2499/2535 3521/2500/2538 3526/2511/2549
f 3525/912/2540 3530/911/2540 3518/936/2540 3520/935/2540
f 3528/910/2539 3527/913/2539 3536/914/2539 3535/909/2539
f 3521/935/2539 3519/936/2539 3537/911/2539 3526/912/2539
f 3529/907/2539 3534/908/2539 3515/934/2539 3517/933/2539
f 3535/2506/2542 3536/2509/2547 3531/2510/2546 3532/2505/2543
f 3518/2502/2536 3530/2507/2545 3537/2508/2548 3519/2501/2537
f 3533/2504/2544 3514/2495/2531 3515/2496/2534 3534/2503/2541
f 3538/2521/2551 3540/2524/2552 3541/2523/2553 3539/2522/2554
f 3544/2525/2555 3542/2528/2556 3543/2527/2557 3545/2526/2558
f 3553/907/2559 3552/910/2559 3559/909/2559 3558/908/2559
f 3561/911/2559 3560/914/2559 3551/913/2559 3550/912/2559
f 3549/912/2560 3548/913/2560 3555/914/2560 3554/911/2560
f 3557/908/2560 3556/909/2560 3547/910/2560 3546/907/2560
f 3558/2529/2561 3559/2532/2562 3556/2531/2563 3557/2530/2564
f 3554/2533/2565 3555/2536/2566 3560/2535/2567 3561/2534/2568
f 3550/2537/2569 3551/2540/2569 3548/2539/2569 3549/2538/2569
f 3546/2541/2569 3547/2544/2569 3552/2543/2569 3553/2542/2569
f 3551/2540/2569 3552/2543/2569 3547/2544/2569 3548/2539/2569
f 3540/2545/2552 3546/2541/2569 3553/2542/2569 3541/2546/2553
f 3548/913/2560 3547/910/2560 3556/909/2560 3555/914/2560
f 3540/933/2560 3538/934/2560 3557/908/2560 3546/907/2560
f 3549/2538/2569 3544/2525/2555 3545/2526/2558 3550/2537/2569
f 3549/912/2560 3554/911/2560 3542/936/2560 3544/935/2560
f 3552/910/2559 3551/913/2559 3560/914/2559 3559/909/2559
f 3545/935/2559 3543/936/2559 3561/911/2559 3550/912/2559
f 3553/907/2559 3558/908/2559 3539/934/2559 3541/933/2559
f 3559/2532/2562 3560/2535/2567 3555/2536/2566 3556/2531/2563
f 3542/2528/2556 3554/2533/2565 3561/2534/2568 3543/2527/2557
f 3557/2530/2564 3538/2521/2551 3539/2522/2554 3558/2529/2561
f 3562/2547/2570 3564/2550/2571 3565/2549/2572 3563/2548/2573
f 3568/2551/2574 3566/2554/2575 3567/2553/2576 3569/2552/2577
f 3577/907/2578 3576/910/2578 3583/909/2578 3582/908/2578
f 3585/911/2578 3584/914/2578 3575/913/2578 3574/912/2578
f 3573/912/2579 3572/913/2579 3579/914/2579 3578/911/2579
f 3581/908/2579 3580/909/2579 3571/910/2579 3570/907/2579
f 3582/2555/2580 3583/2558/2581 3580/2557/2582 3581/2556/2583
f 3578/2559/2584 3579/2562/2585 3584/2561/2586 3585/2560/2587
f 3574/2563/2588 3575/2566/2588 3572/2565/2588 3573/2564/2588
f 3570/2567/2588 3571/2570/2588 3576/2569/2588 3577/2568/2588
f 3575/2566/2588 3576/2569/2588 3571/2570/2588 3572/2565/2588
f 3564/2571/2571 3570/2567/2588 3577/2568/2588 3565/2572/2572
f 3572/913/2579 3571/910/2579 3580/909/2579 3579/914/2579
f 3564/933/2579 3562/934/2579 3581/908/2579 3570/907/2579
f 3573/2564/2588 3568/2551/2574 3569/2552/2577 3574/2563/2588
f 3573/912/2579 3578/911/2579 3566/936/2579 3568/935/2579
f 3576/910/2578 3575/913/2578 3584/914/2578 3583/909/2578
f 3569/935/2578 3567/936/2578 3585/911/2578 3574/912/2578
f 3577/907/2578 3582/908/2578 3563/934/2578 3565/933/2578
f 3583/2558/2581 3584/2561/2586 3579/2562/2585 3580/2557/2582
f 3566/2554/2575 3578/2559/2584 3585/2560/2587 3567/2553/2576
f 3581/2556/2583 3562/2547/2570 3563/2548/2573 3582/2555/2580
f 3586/2573/2589 3588/2576/2590 3589/2575/2591 3587/2574/2592
f 3592/2577/2593 3590/2580/2594 3591/2579/2595 3593/2578/2596
f 3601/1009/2597 3600/1012/2597 3607/1011/2597 3606/1010/2597
f 3609/1013/2597 3608/1016/2597 3599/1015/2597 3598/1014/2597
f 3597/912/2598 3596/913/2598 3603/914/2598 3602/911/2598
f 3605/908/2598 3604/909/2598 3595/910/2598 3594/907/2598
f 3606/2581/2599 3607/2584/2600 3604/2583/2601 3605/2582/2602
f 3602/2585/2603 3603/2588/2604 3608/2587/2605 3609/2586/2606
f 3598/2589/2607 3599/2592/2607 3596/2591/2607 3597/2590/2607
f 3594/2593/2607 3595/2596/2607 3600/2595/2607 3601/2594/2607
f 3599/2592/2607 3600/2595/2607 3595/2596/2607 3596/2591/2607
f 3588/2597/2590 3594/2593/2607 3601/2594/2607 3589/2598/2591
f 3596/913/2598 3595/910/2598 3604/909/2598 3603/914/2598
f 3588/933/2598 3586/934/2598 3605/908/2598 3594/907/2598
f 3597/2590/2607 3592/2577/2593 3593/2578/2596 3598/2589/2607
f 3597/912/2598 3602/911/2598 3590/936/2598 3592/935/2598
f 3600/1012/2597 3599/1015/2597 3608/1016/2597 3607/1011/2597
f 3593/1035/2597 3591/1036/2597 3609/1013/2597 3598/1014/2597
f 3601/1009/2597 3606/1010/2597 3587/1038/2597 3589/1037/2597
f 3607/2584/2600 3608/2587/2605 3603/2588/2604 3604/2583/2601
f 3590/2580/2594 3602/2585/2603 3609/2586/2606 3591/2579/2595
f 3605/2582/2602 3586/2573/2589 3587/2574/2592 3606/2581/2599
o Cube.034
v -1.171182 8.750271 0.287253
v -1.171182 8.678464 0.213416
v -1.171182 9.162887 0.221948
v -1.171182 9.102715 0.294889
v -1.171182 8.697841 -0.192571
v -1.171182 8.776289 -0.268549
v -1.171182 9.038545 -0.282075
v -1.171182 9.115435 -0.211622
v 0.000000 8.643995 -0.192608
v 0.000000 8.721692 -0.268511
v 0.000000 8.985208 -0.282101
v 0.000000 9.061573 -0.211754
v 0.000000 8.695666 0.287237
v 0.000000 8.624615 0.213458
v 0.000000 9.109056 0.222096
v 0.000000 9.049358 0.294900
v -2.174139 9.240035 -0.281987
v -2.174139 9.318679 -0.211227
v -2.174139 9.366038 0.221503
v -2.174139 9.304309 0.294855
v -2.174139 8.956484 0.287318
v -2.174139 8.881671 0.213291
v -2.174139 8.901035 -0.192457
v -2.174139 8.982458 -0.268702
v -3.505193 9.672139 -0.281938
v -3.505193 9.751792 -0.210558
v -3.505193 9.393762 0.287410
v -3.505193 9.314721 0.213076
v -3.505193 9.798995 0.220745
v -3.505193 9.736686 0.294840
v -3.505193 9.334066 -0.192261
v -3.505193 9.419627 -0.268915
v -4.348444 9.679605 -0.289964
v -4.348444 9.591966 -0.213753
v -4.243276 9.618933 -0.324317
v -4.242757 9.532200 -0.248156
v -4.243479 9.511900 0.268726
v -4.243597 9.593340 0.343274
v -4.348444 9.574649 0.233536
v -4.348444 9.657299 0.308263
v -4.243677 10.022566 0.351221
v -4.243977 10.083078 0.275946
v -4.348444 10.025990 0.314945
v -4.348444 10.085898 0.238108
v -4.246010 10.034184 -0.265579
v -4.245788 9.958590 -0.338959
v -4.348444 10.044218 -0.226572
v -4.348444 9.968987 -0.302012
v 1.171182 8.750271 0.287253
v 1.171182 8.678464 0.213416
v 1.171182 9.162887 0.221948
v 1.171182 9.102715 0.294889
v 1.171182 8.697841 -0.192571
v 1.171182 8.776289 -0.268549
v 1.171182 9.038545 -0.282075
v 1.171182 9.115435 -0.211622
v 2.174139 9.240035 -0.281987
v 2.174139 9.318679 -0.211227
v 2.174139 9.366038 0.221503
v 2.174139 9.304309 0.294855
v 2.174139 8.956484 0.287318
v 2.174139 8.881671 0.213291
v 2.174139 8.901035 -0.192457
v 2.174139 8.982458 -0.268702
v 3.505193 9.672139 -0.281938
v 3.505193 9.751792 -0.210558
v 3.505193 9.393762 0.287410
v 3.505193 9.314721 0.213076
v 3.505193 9.798995 0.220745
v 3.505193 9.736686 0.294840
v 3.505193 9.334066 -0.192261
v 3.505193 9.419627 -0.268915
v 4.348444 9.679605 -0.289964
v 4.348444 9.591966 -0.213753
v 4.243276 9.618933 -0.324317
v 4.242757 9.532200 -0.248156
v 4.243479 9.511900 0.268726
v 4.243597 9.593340 0.343274
v 4.348444 9.574649 0.233536
v 4.348444 9.657299 0.308263
v 4.243677 10.022566 0.351221
v 4.243977 10.083078 0.275946
v 4.348444 10.025990 0.314945
v 4.348444 10.085898 0.238108
v 4.246010 10.034184 -0.265579
v 4.245788 9.958590 -0.338959
v 4.348444 10.044218 -0.226572
v 4.348444 9.968987 -0.302012
vn -1.0000 -0.0000 -0.0000
vn -0.0000 -0.9332 -0.3595
vn -0.0971 -0.9214 -0.3763
vn -0.0612 -0.4541 -0.8888
vn -0.0000 -0.4660 -0.8848
vn -0.0000 0.9598 0.2805
vn 0.1158 0.9490 0.2931
vn 0.0337 0.3625 0.9314
vn -0.0000 0.3885 0.9215
vn 0.1049 0.8801 -0.4631
vn -0.0000 0.8926 -0.4508
vn -0.0000 0.3034 -0.9529
vn 0.0248 0.2833 -0.9587
vn -0.0976 -0.9428 0.3187
vn -0.0000 -0.9536 0.3011
vn -0.0000 -0.4731 0.8810
vn -0.0620 -0.4589 0.8863
vn 0.0825 0.3601 0.9293
vn 0.2482 0.9220 0.2973
vn -0.1059 -0.3748 -0.9210
vn -0.2156 -0.8779 -0.4276
vn 0.0650 0.2930 -0.9539
vn 0.2274 0.8568 -0.4628
vn 0.1620 0.3420 0.9256
vn 0.3406 0.9010 0.2687
vn -0.1054 -0.3707 0.9228
vn -0.2196 -0.9017 0.3725
vn -0.0736 -0.3662 -0.9276
vn -0.2528 -0.8686 -0.4262
vn 0.1403 0.2840 -0.9485
vn 0.3219 0.8444 -0.4282
vn -0.0716 -0.3610 0.9298
vn -0.2600 -0.8898 0.3750
vn -0.3923 -0.1605 -0.9057
vn -0.1306 -0.2704 -0.9539
vn -0.2642 -0.8130 -0.5188
vn -0.5478 -0.7532 -0.3643
vn -0.1285 -0.2588 0.9573
vn -0.3880 -0.1371 0.9114
vn -0.5621 -0.7680 0.3070
vn -0.2700 -0.8360 0.4777
vn 0.0446 0.9261 0.3746
vn 0.0123 0.9987 0.0492
vn -0.2568 0.5692 0.7811
vn 0.0009 0.5039 0.8638
vn -0.0052 0.4175 -0.9087
vn -0.2466 0.5195 -0.8181
vn 0.0186 0.9791 -0.2026
vn 0.0455 0.8634 -0.5024
vn 1.0000 -0.0000 -0.0000
vn 0.0612 -0.4541 -0.8888
vn 0.0971 -0.9214 -0.3763
vn -0.0337 0.3625 0.9314
vn -0.1158 0.9490 0.2931
vn -0.1049 0.8801 -0.4631
vn -0.0248 0.2833 -0.9587
vn 0.0976 -0.9428 0.3187
vn 0.0620 -0.4589 0.8863
vn -0.0825 0.3601 0.9293
vn -0.2482 0.9220 0.2973
vn 0.1059 -0.3748 -0.9210
vn 0.2156 -0.8779 -0.4276
vn -0.2274 0.8568 -0.4628
vn -0.0650 0.2930 -0.9539
vn -0.1620 0.3420 0.9256
vn -0.3406 0.9010 0.2687
vn 0.2196 -0.9017 0.3725
vn 0.1054 -0.3707 0.9228
vn 0.0736 -0.3662 -0.9276
vn 0.2528 -0.8686 -0.4262
vn -0.3219 0.8444 -0.4282
vn -0.1403 0.2840 -0.9485
vn 0.2600 -0.8898 0.3750
vn 0.0716 -0.3610 0.9298
vn 0.3923 -0.1605 -0.9057
vn 0.5478 -0.7532 -0.3643
vn 0.2642 -0.8130 -0.5188
vn 0.1306 -0.2704 -0.9539
vn 0.1285 -0.2588 0.9573
vn 0.2700 -0.8360 0.4777
vn 0.5621 -0.7680 0.3070
vn 0.3880 -0.1371 0.9114
vn -0.0446 0.9261 0.3746
vn -0.0009 0.5039 0.8638
vn 0.2568 0.5692 0.7811
vn -0.0123 0.9987 0.0492
vn 0.0052 0.4175 -0.9087
vn -0.0455 0.8634 -0.5024
vn -0.0186 0.9791 -0.2026
vn 0.2466 0.5195 -0.8181
vt 0.223885 0.658700
vt 0.184165 0.657303
vt 0.190843 0.652378
vt 0.216255 0.653527
vt 0.180079 0.688148
vt 0.224998 0.688460
vt 0.217669 0.693329
vt 0.185272 0.693329
vt 0.168010 0.548854
vt 0.140792 0.551396
vt 0.140999 0.562446
vt 0.168283 0.559755
vt 0.170468 0.646783
vt 0.142649 0.650664
vt 0.142838 0.660724
vt 0.170717 0.656708
vt 0.141935 0.612472
vt 0.169522 0.609106
vt 0.169249 0.598205
vt 0.141728 0.601422
vt 0.140078 0.513204
vt 0.167064 0.511177
vt 0.166815 0.501253
vt 0.139890 0.503144
vt 0.108407 0.665685
vt 0.108294 0.655457
vt 0.107304 0.565769
vt 0.107180 0.554535
vt 0.107742 0.605395
vt 0.107866 0.616628
vt 0.046009 0.674675
vt 0.046033 0.664144
vt 0.106639 0.505479
vt 0.106752 0.515707
vt 0.046239 0.571792
vt 0.046265 0.560225
vt 0.046148 0.612594
vt 0.046122 0.624161
vt 0.046378 0.509711
vt 0.046355 0.520243
vt 0.005336 0.575826
vt 0.011763 0.575192
vt 0.011873 0.563437
vt 0.005462 0.564035
vt 0.012356 0.512101
vt 0.006013 0.512546
vt 0.005899 0.523281
vt 0.012255 0.522803
vt 0.010881 0.669048
vt 0.004328 0.669962
vt 0.004213 0.680697
vt 0.010780 0.679750
vt 0.011373 0.616659
vt 0.004891 0.617416
vt 0.004765 0.629207
vt 0.011263 0.628415
vt 0.143566 0.699700
vt 0.108845 0.705310
vt 0.171682 0.695158
vt 0.045918 0.715477
vt 0.010390 0.721217
vt 0.003768 0.722287
s 1
usemtl Cabin
f 3643/2599/2608 3656/2600/2608 3657/2601/2608 3642/2602/2608
f 3653/2603/2608 3648/2604/2608 3649/2605/2608 3652/2606/2608
f 3618/2607/2609 3614/2608/2610 3615/2609/2611 3619/2610/2612
f 3624/2611/2613 3612/2612/2614 3613/2613/2615 3625/2614/2616
f 3617/2615/2617 3621/2616/2618 3620/2617/2619 3616/2618/2620
f 3611/2619/2621 3623/2620/2622 3622/2621/2623 3610/2622/2624
f 3629/2623/2625 3613/2613/2615 3612/2612/2614 3628/2624/2626
f 3633/2625/2627 3615/2609/2611 3614/2608/2610 3632/2626/2628
f 3616/2618/2620 3626/2627/2629 3627/2628/2630 3617/2615/2617
f 3639/2629/2631 3629/2623/2625 3628/2624/2626 3638/2630/2632
f 3610/2622/2624 3630/2631/2633 3631/2632/2634 3611/2619/2621
f 3641/2633/2635 3633/2625/2627 3632/2626/2628 3640/2634/2636
f 3626/2627/2629 3634/2635/2637 3635/2636/2638 3627/2628/2630
f 3630/2631/2633 3636/2637/2639 3637/2638/2640 3631/2632/2634
f 3642/2639/2641 3644/2640/2642 3645/2641/2643 3643/2642/2644
f 3647/2643/2645 3649/2644/2646 3648/2645/2647 3646/2646/2648
f 3651/2647/2649 3653/2648/2650 3652/2649/2651 3650/2650/2652
f 3655/2651/2653 3657/2652/2654 3656/2653/2655 3654/2654/2656
f 3644/2640/2642 3641/2633/2635 3640/2634/2636 3645/2641/2643
f 3636/2637/2639 3647/2643/2645 3646/2646/2648 3637/2638/2640
f 3654/2654/2656 3635/2636/2638 3634/2635/2637 3655/2651/2653
f 3638/2630/2632 3651/2647/2649 3650/2650/2652 3639/2629/2631
f 3614/2608/2610 3611/2619/2621 3631/2632/2634 3632/2626/2628
f 3614/2608/2610 3618/2607/2609 3623/2620/2622 3611/2619/2621
f 3610/2655/2624 3613/2613/2615 3629/2623/2625 3630/2656/2633
f 3622/2657/2623 3625/2614/2616 3613/2613/2615 3610/2655/2624
f 3612/2612/2614 3617/2615/2617 3627/2628/2630 3628/2624/2626
f 3621/2616/2618 3617/2615/2617 3612/2612/2614 3624/2611/2613
f 3615/2609/2611 3616/2618/2620 3620/2617/2619 3619/2610/2612
f 3616/2618/2620 3615/2609/2611 3633/2625/2627 3626/2627/2629
f 3628/2624/2626 3627/2628/2630 3635/2636/2638 3638/2630/2632
f 3626/2627/2629 3633/2625/2627 3641/2633/2635 3634/2635/2637
f 3630/2656/2633 3629/2623/2625 3639/2629/2631 3636/2658/2639
f 3632/2626/2628 3631/2632/2634 3637/2638/2640 3640/2634/2636
f 3638/2630/2632 3635/2636/2638 3654/2654/2656 3651/2647/2649
f 3634/2635/2637 3641/2633/2635 3644/2640/2642 3655/2651/2653
f 3640/2634/2636 3637/2638/2640 3646/2646/2648 3645/2641/2643
f 3636/2658/2639 3639/2629/2631 3650/2650/2652 3647/2659/2645
f 3655/2651/2653 3644/2640/2642 3642/2639/2641 3657/2652/2654
f 3645/2641/2643 3646/2646/2648 3648/2645/2647 3643/2642/2644
f 3648/2604/2608 3653/2603/2608 3656/2600/2608 3643/2599/2608
f 3647/2659/2645 3650/2650/2652 3652/2649/2651 3649/2660/2646
f 3651/2647/2649 3654/2654/2656 3656/2653/2655 3653/2648/2650
f 3683/2599/2657 3682/2602/2657 3697/2601/2657 3696/2600/2657
f 3693/2603/2657 3692/2606/2657 3689/2605/2657 3688/2604/2657
f 3618/2607/2609 3619/2610/2612 3663/2609/2658 3662/2608/2659
f 3624/2611/2613 3625/2614/2616 3661/2613/2660 3660/2612/2661
f 3665/2615/2662 3664/2618/2663 3620/2617/2619 3621/2616/2618
f 3659/2619/2664 3658/2622/2665 3622/2621/2623 3623/2620/2622
f 3669/2623/2666 3668/2624/2667 3660/2612/2661 3661/2613/2660
f 3673/2625/2668 3672/2626/2669 3662/2608/2659 3663/2609/2658
f 3664/2618/2663 3665/2615/2662 3667/2628/2670 3666/2627/2671
f 3679/2629/2672 3678/2630/2673 3668/2624/2667 3669/2623/2666
f 3658/2622/2665 3659/2619/2664 3671/2632/2674 3670/2631/2675
f 3681/2633/2676 3680/2634/2677 3672/2626/2669 3673/2625/2668
f 3666/2627/2671 3667/2628/2670 3675/2636/2678 3674/2635/2679
f 3670/2631/2675 3671/2632/2674 3677/2638/2680 3676/2637/2681
f 3682/2639/2682 3683/2642/2683 3685/2641/2684 3684/2640/2685
f 3687/2643/2686 3686/2646/2687 3688/2645/2688 3689/2644/2689
f 3691/2647/2690 3690/2650/2691 3692/2649/2692 3693/2648/2693
f 3695/2651/2694 3694/2654/2695 3696/2653/2696 3697/2652/2697
f 3684/2640/2685 3685/2641/2684 3680/2634/2677 3681/2633/2676
f 3676/2637/2681 3677/2638/2680 3686/2646/2687 3687/2643/2686
f 3694/2654/2695 3695/2651/2694 3674/2635/2679 3675/2636/2678
f 3678/2630/2673 3679/2629/2672 3690/2650/2691 3691/2647/2690
f 3662/2608/2659 3672/2626/2669 3671/2632/2674 3659/2619/2664
f 3662/2608/2659 3659/2619/2664 3623/2620/2622 3618/2607/2609
f 3658/2655/2665 3670/2656/2675 3669/2623/2666 3661/2613/2660
f 3622/2657/2623 3658/2655/2665 3661/2613/2660 3625/2614/2616
f 3660/2612/2661 3668/2624/2667 3667/2628/2670 3665/2615/2662
f 3621/2616/2618 3624/2611/2613 3660/2612/2661 3665/2615/2662
f 3663/2609/2658 3619/2610/2612 3620/2617/2619 3664/2618/2663
f 3664/2618/2663 3666/2627/2671 3673/2625/2668 3663/2609/2658
f 3668/2624/2667 3678/2630/2673 3675/2636/2678 3667/2628/2670
f 3666/2627/2671 3674/2635/2679 3681/2633/2676 3673/2625/2668
f 3670/2656/2675 3676/2658/2681 3679/2629/2672 3669/2623/2666
f 3672/2626/2669 3680/2634/2677 3677/2638/2680 3671/2632/2674
f 3678/2630/2673 3691/2647/2690 3694/2654/2695 3675/2636/2678
f 3674/2635/2679 3695/2651/2694 3684/2640/2685 3681/2633/2676
f 3680/2634/2677 3685/2641/2684 3686/2646/2687 3677/2638/2680
f 3676/2658/2681 3687/2659/2686 3690/2650/2691 3679/2629/2672
f 3695/2651/2694 3697/2652/2697 3682/2639/2682 3684/2640/2685
f 3685/2641/2684 3683/2642/2683 3688/2645/2688 3686/2646/2687
f 3688/2604/2657 3683/2599/2657 3696/2600/2657 3693/2603/2657
f 3687/2659/2686 3689/2660/2689 3692/2649/2692 3690/2650/2691
f 3691/2647/2690 3693/2648/2693 3696/2653/2696 3694/2654/2695
o Cylinder
v 0.200174 8.434068 1.676536
v 0.252832 8.432589 1.686906
v 0.297473 8.428375 1.716435
v 0.327302 8.422070 1.760628
v 0.337776 8.414631 1.812758
v 0.327302 8.407192 1.864888
v 0.297473 8.400887 1.909081
v 0.252832 8.396673 1.938611
v 0.200174 8.395193 1.948980
v 0.147517 8.396673 1.938611
v 0.102875 8.400887 1.909081
v 0.073047 8.407192 1.864888
v 0.062573 8.414631 1.812758
v 0.073047 8.422070 1.760628
v 0.102875 8.428375 1.716435
v 0.147517 8.432589 1.686906
v 0.340633 9.434845 1.598466
v 0.200174 9.438792 1.570807
v 0.459709 9.423606 1.677232
v 0.539273 9.406786 1.795113
v 0.567212 9.386945 1.934164
v 0.539273 9.367104 2.073215
v 0.459709 9.350284 2.191096
v 0.340633 9.338078 2.287057
v 0.200174 9.334132 2.314716
v 0.059715 9.338078 2.287057
v -0.059360 9.349318 2.208292
v -0.138924 9.367104 2.073215
v -0.166863 9.386945 1.934164
v -0.138924 9.406786 1.795113
v -0.059360 9.423606 1.677232
v 0.059715 9.434845 1.598466
v 0.453443 9.488402 1.348336
v 0.200174 9.495519 1.298463
v 0.668154 9.468137 1.490363
v 0.811619 9.437807 1.702921
v 0.861997 9.402031 1.953650
v 0.811619 9.366254 2.204379
v 0.668154 9.335924 2.416936
v 0.453443 9.315659 2.558963
v 0.200174 9.308542 2.608836
v -0.053094 9.315659 2.558963
v -0.267805 9.335924 2.416936
v -0.411270 9.366254 2.204379
v -0.461648 9.402031 1.953650
v -0.411270 9.437807 1.702921
v -0.267805 9.468137 1.490363
v -0.053094 9.488402 1.348336
v 0.256449 10.020128 1.904610
v 0.200174 10.021709 1.893528
v 0.304157 10.015626 1.936167
v 0.336034 10.008886 1.983397
v 0.347228 10.000937 2.039107
v 0.336034 9.992988 2.094818
v 0.304157 9.986249 2.142047
v 0.256449 9.981746 2.173604
v 0.200174 9.980165 2.184686
v 0.143899 9.981746 2.173604
v 0.096192 9.986249 2.142047
v 0.064315 9.992988 2.094818
v 0.053121 10.000937 2.039107
v 0.064315 10.008886 1.983397
v 0.096192 10.015626 1.936167
v 0.143899 10.020128 1.904610
v 0.345204 8.851761 1.711300
v 0.389665 8.842361 1.777173
v 0.278664 8.803541 2.059661
v 0.200174 8.801335 2.075118
v 0.200174 8.860247 1.651829
v 0.278664 8.858041 1.667285
v -0.004929 8.831274 1.854876
v 0.010684 8.842361 1.777173
v 0.389665 8.820187 1.932578
v 0.345204 8.810787 1.998451
v 0.055144 8.809821 2.015646
v 0.010684 8.820187 1.932578
v 0.121685 8.858041 1.667285
v 0.405278 8.831274 1.854876
v 0.121685 8.803541 2.059661
v 0.055144 8.851761 1.711300
v 0.389665 8.732147 1.778780
v 0.200174 8.692087 2.059529
v 0.278664 8.747827 1.668892
v 0.010684 8.732147 1.778780
v 0.345204 8.700573 2.000058
v 0.010684 8.709972 1.934185
v 0.405278 8.721060 1.856482
v 0.121685 8.694292 2.044073
v 0.055144 8.741547 1.712907
v 0.345204 8.741547 1.712907
v 0.278664 8.694292 2.044073
v 0.200174 8.750032 1.653436
v -0.004929 8.721060 1.856482
v 0.389665 8.709972 1.934185
v 0.055144 8.700573 2.000058
v 0.121685 8.747827 1.668892
v 0.377980 8.746176 1.680459
v 0.377980 8.855425 1.696048
v 0.296402 8.688243 2.086467
v 0.296402 8.797492 2.102056
v 0.200174 8.756580 1.607548
v 0.200174 8.865829 1.623137
v -0.051281 8.721060 1.856482
v -0.051281 8.830308 1.872071
v 0.432489 8.707466 1.951745
v 0.432489 8.816715 1.967334
v 0.022368 8.695943 2.032505
v 0.022368 8.805192 2.048094
v 0.103946 8.753876 1.626497
v 0.103946 8.863125 1.642086
v 0.022368 8.855425 1.696048
v 0.103946 8.797492 2.102056
v 0.451630 8.830308 1.872071
v -0.032140 8.816715 1.967334
v 0.377980 8.805192 2.048094
v 0.296402 8.863125 1.642086
v -0.032140 8.843901 1.776808
v 0.200174 8.794788 2.121005
v 0.432489 8.843901 1.776808
v 0.432489 8.734653 1.761219
v 0.200174 8.685539 2.105416
v 0.296402 8.753876 1.626497
v -0.032140 8.734653 1.761219
v 0.377980 8.695943 2.032505
v -0.032140 8.707466 1.951745
v 0.451630 8.721060 1.856482
v 0.103946 8.688243 2.086467
v 0.022368 8.746176 1.680459
v 0.065788 9.655655 2.317562
v -0.048139 9.666408 2.242202
v 0.448487 9.736561 1.750555
v 0.524611 9.720468 1.863340
v -0.124263 9.682501 2.129417
v 0.551342 9.701484 1.996378
v -0.150994 9.701484 1.996378
v 0.524611 9.682501 2.129417
v -0.124263 9.720468 1.863340
v 0.448487 9.666408 2.242202
v -0.048139 9.736561 1.750555
v 0.334560 9.655655 2.317562
v 0.065788 9.747313 1.675195
v 0.200174 9.651878 2.344025
v 0.200174 9.751089 1.648732
v 0.334560 9.747313 1.675195
v 0.200174 10.045486 2.045464
v 0.163066 6.752470 0.893161
v 0.215724 6.744534 0.899997
v 0.260365 6.721933 0.919464
v 0.290194 6.688110 0.948599
v 0.300668 6.648213 0.982965
v 0.290194 6.608315 1.017331
v 0.260365 6.574492 1.046466
v 0.215724 6.551892 1.065933
v 0.163066 6.543956 1.072768
v 0.110409 6.551892 1.065933
v 0.065767 6.574492 1.046466
v 0.035939 6.608315 1.017331
v 0.025465 6.648213 0.982965
v 0.035939 6.688110 0.948599
v 0.065767 6.721933 0.919464
v 0.110409 6.744534 0.899997
v 0.193379 7.468711 1.594319
v 0.200174 7.839032 1.666918
v 0.252832 7.836887 1.677157
v 0.246019 7.465475 1.604197
v 0.297473 7.830671 1.706313
v 0.290645 7.457208 1.632715
v 0.327302 7.821052 1.749942
v 0.320487 7.445728 1.675760
v 0.337776 7.809205 1.801396
v 0.331025 7.433452 1.727046
v 0.327302 7.796858 1.852839
v 0.320657 7.422287 1.778781
v 0.297473 7.786077 1.896441
v 0.290935 7.413296 1.822830
v 0.252832 7.778753 1.925571
v 0.246364 7.407299 1.852264
v 0.200174 7.776164 1.935800
v 0.193722 7.404973 1.862511
v 0.147517 7.778753 1.925571
v 0.141023 7.406641 1.851998
v 0.102875 7.786077 1.896441
v 0.096295 7.412212 1.822391
v 0.073047 7.796858 1.852839
v 0.066366 7.421331 1.778394
v 0.062573 7.809205 1.801396
v 0.055818 7.433327 1.726996
v 0.073047 7.821052 1.749942
v 0.066264 7.446535 1.676087
v 0.102875 7.830671 1.706313
v 0.096090 7.458302 1.633160
v 0.147517 7.836887 1.677157
v 0.140731 7.466189 1.604488
v 0.265756 8.432589 1.657413
v 0.200174 8.434069 1.644499
v 0.321354 8.428375 1.694190
v 0.358504 8.422070 1.749230
v 0.371549 8.414631 1.814155
v 0.358504 8.407192 1.879079
v 0.321354 8.400887 1.934120
v 0.265756 8.396673 1.970896
v 0.200174 8.395193 1.983811
v 0.134592 8.396673 1.970896
v 0.078994 8.400887 1.934120
v 0.041845 8.407192 1.879079
v 0.028800 8.414631 1.814155
v 0.041845 8.422070 1.749230
v 0.078994 8.428375 1.694190
v 0.134592 8.432589 1.657413
v 0.200174 7.839032 1.632519
v 0.265756 7.836887 1.645271
v 0.321354 7.830671 1.681583
v 0.358504 7.821052 1.735921
v 0.371549 7.809205 1.800004
v 0.358504 7.796858 1.864073
v 0.321354 7.786077 1.918377
v 0.265756 7.778753 1.954657
v 0.200174 7.776164 1.967396
v 0.134592 7.778753 1.954657
v 0.078994 7.786077 1.918377
v 0.041845 7.796858 1.864073
v 0.028800 7.809205 1.800004
v 0.041845 7.821052 1.735921
v 0.078994 7.830671 1.681583
v 0.134592 7.836887 1.645271
vn -0.0599 -0.9881 -0.1415
vn -0.0532 -0.9915 -0.1190
vn -0.0527 -0.9916 -0.1180
vn -0.0599 -0.9882 -0.1406
vn 0.8001 -0.3451 0.4908
vn -0.8001 -0.1940 -0.5677
vn 0.5346 -0.1565 -0.8305
vn -0.5346 -0.3826 0.7536
vn -0.5415 0.5602 0.6269
vn -0.2930 0.5367 0.7912
vn -0.2606 0.6360 0.7263
vn -0.4816 0.6568 0.5802
vn 0.0543 -0.9914 -0.1192
vn 0.0599 -0.9881 -0.1415
vn 0.0599 -0.9882 -0.1406
vn 0.0540 -0.9915 -0.1185
vn -0.0564 -0.9847 -0.1647
vn -0.0567 -0.9849 -0.1639
vn 0.0402 -0.9941 -0.1012
vn 0.0395 -0.9941 -0.1006
vn -0.0439 -0.9818 -0.1850
vn -0.0444 -0.9818 -0.1845
vn 0.0209 -0.9957 -0.0900
vn 0.0207 -0.9957 -0.0899
vn -0.0240 -0.9797 -0.1989
vn -0.0244 -0.9797 -0.1988
vn -0.0000 -0.9962 -0.0867
vn 0.0240 -0.9797 -0.1989
vn -0.0000 -0.9790 -0.2039
vn 0.0244 -0.9797 -0.1988
vn -0.0210 -0.9956 -0.0908
vn 0.0439 -0.9818 -0.1850
vn 0.0444 -0.9818 -0.1845
vn -0.0390 -0.9941 -0.1014
vn -0.0389 -0.9941 -0.1013
vn 0.0564 -0.9847 -0.1647
vn 0.0567 -0.9849 -0.1639
vn -0.0000 0.8211 -0.5708
vn -0.2606 0.8138 -0.5195
vn -0.0000 0.9900 0.1413
vn 0.7075 0.6781 -0.1993
vn 0.5415 0.7132 -0.4452
vn 0.4816 0.7929 -0.3733
vn 0.6292 0.7617 -0.1546
vn -0.7075 0.5953 0.3810
vn -0.6292 0.6881 0.3615
vn 0.7658 0.6367 0.0908
vn 0.6811 0.7249 0.1034
vn -0.7658 0.6367 0.0908
vn -0.6811 0.7249 0.1034
vn 0.7075 0.5953 0.3810
vn 0.6292 0.6881 0.3615
vn -0.7075 0.6781 -0.1993
vn -0.6292 0.7617 -0.1546
vn 0.5415 0.5602 0.6269
vn 0.4816 0.6568 0.5802
vn -0.5415 0.7132 -0.4452
vn -0.4816 0.7929 -0.3733
vn 0.2930 0.5367 0.7912
vn 0.2606 0.6360 0.7263
vn -0.2930 0.7366 -0.6095
vn -0.0000 0.5285 0.8489
vn -0.0000 0.6287 0.7777
vn 0.2930 0.7366 -0.6095
vn -0.0000 0.7449 -0.6672
vn 0.2606 0.8138 -0.5195
vn 0.0038 0.9909 0.1344
vn 0.0207 0.9910 0.1324
vn 0.0162 0.9913 0.1309
vn 0.0037 0.9909 0.1346
vn -0.0000 -0.9900 -0.1413
vn 0.0171 0.9824 0.1861
vn -0.0000 0.9816 0.1910
vn 0.0194 0.9826 0.1846
vn -0.0341 0.9869 0.1575
vn -0.0324 0.9892 0.1429
vn -0.0313 0.9897 0.1400
vn -0.0342 0.9875 0.1536
vn 0.0341 0.9869 0.1575
vn 0.0294 0.9844 0.1734
vn 0.0311 0.9850 0.1698
vn 0.0342 0.9875 0.1536
vn -0.0171 0.9824 0.1861
vn -0.0294 0.9844 0.1734
vn -0.0311 0.9850 0.1698
vn -0.0194 0.9826 0.1846
vn -0.0137 0.9919 0.1265
vn -0.0009 0.9910 0.1336
vn -0.0009 0.9910 0.1339
vn -0.0105 0.9919 0.1265
vn 0.9027 -0.1581 -0.4002
vn 0.6909 -0.1133 -0.7140
vn -0.0000 -0.3489 0.9371
vn 0.3739 -0.3384 0.8635
vn 0.3739 -0.0834 -0.9237
vn -0.0000 -0.0729 -0.9973
vn -0.9027 -0.1581 -0.4002
vn -0.9770 -0.2109 -0.0301
vn 0.6909 -0.3085 0.6538
vn 0.9027 -0.2637 0.3400
vn -0.9027 -0.2637 0.3400
vn -0.6909 -0.3085 0.6538
vn -0.3739 -0.0834 -0.9237
vn 0.9770 -0.2109 -0.0301
vn -0.3739 -0.3384 0.8635
vn -0.6909 -0.1133 -0.7140
vn -0.3827 0.1305 -0.9146
vn -0.7071 0.0999 -0.7000
vn -0.7071 -0.0999 0.7000
vn -0.3827 -0.1305 0.9146
vn 0.9239 -0.0541 0.3788
vn 1.0000 -0.0000 -0.0000
vn -1.0000 -0.0000 -0.0000
vn -0.9239 -0.0541 0.3788
vn 0.3827 -0.1305 0.9146
vn 0.7071 -0.0999 0.7000
vn 0.7071 0.0999 -0.7000
vn 0.3827 0.1305 -0.9146
vn -0.9239 0.0541 -0.3788
vn -0.0000 -0.1413 0.9900
vn 0.9239 0.0541 -0.3788
vn -0.0000 0.1413 -0.9900
vn -0.0265 0.9909 0.1317
vn -0.0251 0.9912 0.1300
vn 0.0324 0.9892 0.1429
vn 0.0313 0.9897 0.1400
vn 0.4933 0.7790 -0.3871
vn 0.2670 0.8003 -0.5369
vn -0.2670 0.6182 0.7393
vn -0.0000 0.6107 0.7918
vn -0.0000 0.8078 -0.5894
vn -0.2670 0.8003 -0.5369
vn 0.2670 0.6182 0.7393
vn -0.4933 0.7790 -0.3871
vn 0.4933 0.6396 0.5896
vn -0.6445 0.7470 -0.1631
vn 0.6445 0.6716 0.3655
vn -0.6976 0.7093 0.1012
vn 0.6976 0.7093 0.1012
vn -0.6445 0.6716 0.3655
vn 0.6445 0.7470 -0.1631
vn -0.4933 0.6396 0.5896
vn 0.0058 0.1924 -0.9813
vn 0.3921 0.1704 -0.9040
vn 0.4010 0.3640 -0.8406
vn -0.0014 0.3998 -0.9166
vn 0.7169 0.1222 -0.6864
vn 0.7358 0.2700 -0.6210
vn 0.9296 0.0551 -0.3643
vn 0.9448 0.1154 -0.3068
vn 0.9998 -0.0199 0.0098
vn 0.9974 -0.0652 0.0318
vn 0.9207 -0.0913 0.3794
vn 0.9099 -0.2038 0.3613
vn 0.7056 -0.1492 0.6927
vn 0.6969 -0.2963 0.6531
vn 0.3848 -0.1852 0.9042
vn 0.3776 -0.3498 0.8574
vn 0.0054 -0.1938 0.9810
vn -0.0029 -0.3641 0.9313
vn -0.3749 -0.1735 0.9107
vn -0.3817 -0.3388 0.8600
vn -0.6984 -0.1271 0.7043
vn -0.6976 -0.2758 0.6612
vn -0.9176 -0.0615 0.3927
vn -0.9092 -0.1752 0.3776
vn -0.9997 0.0141 0.0194
vn -0.9982 -0.0266 0.0540
vn -0.9284 0.0879 -0.3610
vn -0.9449 0.1552 -0.2882
vn -0.7111 0.1480 -0.6873
vn -0.7358 0.2983 -0.6080
vn -0.3821 0.1846 -0.9055
vn -0.4028 0.3785 -0.8334
vn 0.3407 0.6494 -0.6799
vn -0.0033 0.6992 -0.7150
vn -0.0685 -0.9844 -0.1619
vn -0.0894 -0.9916 -0.0938
vn -0.0894 -0.9916 -0.0934
vn -0.0693 -0.9845 -0.1609
vn -0.0000 1.0000 0.0046
vn 0.0416 0.9989 0.0213
vn 0.0414 0.9989 0.0211
vn -0.3461 0.6625 -0.6643
vn -0.0416 0.9989 0.0213
vn -0.0414 0.9989 0.0211
vn 0.6496 0.5157 -0.5587
vn -0.0000 -1.0000 -0.0068
vn 0.0608 -0.9976 -0.0316
vn 0.0608 -0.9977 -0.0315
vn 0.8812 0.3091 -0.3576
vn 0.0699 -0.9968 -0.0395
vn 0.0957 -0.9892 -0.1112
vn 0.0955 -0.9889 -0.1139
vn 0.0710 -0.9966 -0.0408
vn 0.9942 0.0514 -0.0942
vn -0.0599 0.9963 0.0618
vn -0.0598 0.9963 0.0613
vn 0.9494 -0.2331 0.2107
vn -0.0625 -0.9821 -0.1776
vn -0.0957 -0.9892 -0.1112
vn -0.0955 -0.9889 -0.1139
vn -0.0605 -0.9819 -0.1793
vn 0.7277 -0.4805 0.4895
vn -0.0608 -0.9976 -0.0316
vn -0.0608 -0.9977 -0.0315
vn 0.3866 -0.6321 0.6716
vn -0.0446 0.9937 0.1031
vn -0.0452 0.9937 0.1025
vn -0.0044 -0.6763 0.7366
vn -0.0045 0.9926 0.1214
vn -0.0057 0.9926 0.1213
vn -0.3964 -0.6142 0.6824
vn 0.0894 -0.9916 -0.0938
vn 0.0894 -0.9916 -0.0934
vn -0.7378 -0.4444 0.5081
vn 0.0625 -0.9821 -0.1776
vn 0.0605 -0.9819 -0.1793
vn -0.9539 -0.1853 0.2362
vn 0.0372 0.9937 0.1055
vn 0.0362 0.9937 0.1065
vn -0.9936 0.0961 -0.0596
vn -0.0699 -0.9968 -0.0395
vn -0.0710 -0.9966 -0.0408
vn -0.8811 0.3458 -0.3225
vn -0.6521 0.5415 -0.5306
vn 0.0559 0.9964 0.0645
vn 0.0558 0.9963 0.0658
vn -0.0000 0.0203 -0.9998
vn 0.3651 0.0190 -0.9308
vn 0.3940 0.0188 -0.9189
vn -0.3940 0.0188 -0.9189
vn -0.3651 0.0190 -0.9308
vn 0.6829 0.0154 -0.7304
vn 0.7245 0.0146 -0.6892
vn 0.9074 0.0092 -0.4203
vn 0.9372 0.0077 -0.3488
vn 0.9992 0.0008 -0.0404
vn 0.9991 -0.0011 0.0435
vn 0.9361 -0.0087 0.3517
vn 0.9063 -0.0105 0.4224
vn 0.7227 -0.0176 0.6909
vn 0.6818 -0.0188 0.7313
vn 0.3928 -0.0241 0.9193
vn 0.3645 -0.0244 0.9309
vn -0.0000 -0.0264 0.9997
vn -0.3928 -0.0241 0.9193
vn -0.3645 -0.0244 0.9309
vn -0.7227 -0.0176 0.6909
vn -0.6818 -0.0188 0.7313
vn -0.9361 -0.0087 0.3517
vn -0.9063 -0.0105 0.4224
vn -0.9992 0.0008 -0.0404
vn -0.9991 -0.0011 0.0435
vn -0.9074 0.0092 -0.4203
vn -0.9372 0.0077 -0.3488
vn -0.6829 0.0154 -0.7304
vn -0.7245 0.0146 -0.6892
vn 0.0065 -0.9803 -0.1976
vn 0.0085 -0.9803 -0.1974
vn 0.0599 0.9963 0.0618
vn 0.0598 0.9963 0.0613
vn -0.0000 -1.0000 -0.0090
vn 0.0446 0.9937 0.1031
vn 0.0452 0.9937 0.1025
vn 0.0045 0.9926 0.1214
vn 0.0057 0.9926 0.1213
vn -0.0065 -0.9803 -0.1976
vn -0.0085 -0.9803 -0.1974
vn 0.0685 -0.9844 -0.1619
vn 0.0693 -0.9845 -0.1609
vn -0.0372 0.9937 0.1055
vn -0.0362 0.9937 0.1065
vn -0.0559 0.9964 0.0645
vn -0.0558 0.9963 0.0658
vn -0.0000 1.0000 0.0050
vn 0.0403 0.9989 0.0226
vn 0.0408 0.9989 0.0231
vn -0.0403 0.9989 0.0226
vn -0.0408 0.9989 0.0231
vt 0.040145 0.399246
vt 0.032960 0.402218
vt 0.023159 0.389084
vt 0.036115 0.383724
vt 0.063056 0.323707
vt 0.072886 0.323707
vt 0.076767 0.354511
vt 0.059175 0.354511
vt 0.062848 0.323535
vt 0.072678 0.323535
vt 0.076559 0.354339
vt 0.058968 0.354339
vt 0.062816 0.323696
vt 0.072646 0.323696
vt 0.076527 0.354501
vt 0.058936 0.354501
vt 0.062848 0.323465
vt 0.072678 0.323465
vt 0.076559 0.354269
vt 0.058968 0.354269
vt 0.120936 0.442502
vt 0.126850 0.447122
vt 0.117582 0.455380
vt 0.115219 0.453404
vt 0.040145 0.438351
vt 0.047921 0.438348
vt 0.050136 0.454231
vt 0.036115 0.454236
vt 0.047921 0.399249
vt 0.050136 0.383729
vt 0.032960 0.435378
vt 0.023159 0.448876
vt 0.055105 0.402227
vt 0.063088 0.389099
vt 0.026545 0.430065
vt 0.013239 0.438967
vt 0.060602 0.407726
vt 0.073001 0.399015
vt 0.023565 0.422883
vt 0.007865 0.426016
vt 0.063577 0.422686
vt 0.063577 0.414910
vt 0.078365 0.411970
vt 0.078365 0.425991
vt 0.023560 0.415107
vt 0.007856 0.411995
vt 0.060602 0.429871
vt 0.073001 0.438945
vt 0.026544 0.407895
vt 0.023564 0.415077
vt 0.007865 0.411943
vt 0.013239 0.398993
vt 0.055105 0.435370
vt 0.063088 0.448861
vt 0.103487 0.461724
vt 0.103478 0.458773
vt 0.111180 0.460289
vt 0.106234 0.479566
vt 0.099494 0.476377
vt 0.106559 0.466639
vt 0.109234 0.467914
vt 0.113768 0.440300
vt 0.112328 0.452456
vt 0.113685 0.480065
vt 0.112196 0.468079
vt 0.106272 0.440853
vt 0.109330 0.452607
vt 0.120804 0.477792
vt 0.115030 0.467171
vt 0.099513 0.444074
vt 0.106626 0.453876
vt 0.126619 0.473073
vt 0.117316 0.465250
vt 0.094402 0.449542
vt 0.104567 0.456017
vt 0.130338 0.466538
vt 0.118740 0.462610
vt 0.091653 0.456486
vt 0.131429 0.459117
vt 0.119127 0.459593
vt 0.094393 0.470926
vt 0.091648 0.463966
vt 0.104550 0.464474
vt 0.129798 0.451789
vt 0.118356 0.456612
vt 0.069469 0.094438
vt 0.067458 0.087638
vt 0.074727 0.088509
vt 0.075896 0.094240
vt 0.088964 0.025580
vt 0.088385 0.031442
vt 0.082135 0.031280
vt 0.082999 0.025526
vt 0.067846 0.065143
vt 0.067804 0.059749
vt 0.071638 0.059759
vt 0.071973 0.065569
vt 0.084445 0.076778
vt 0.085232 0.082433
vt 0.078961 0.082668
vt 0.078169 0.076979
vt 0.068733 0.043248
vt 0.069214 0.037596
vt 0.075615 0.036721
vt 0.074221 0.042401
vt 0.083650 0.054151
vt 0.083388 0.059792
vt 0.076853 0.059774
vt 0.077343 0.054058
vt 0.070083 0.014686
vt 0.068134 0.009548
vt 0.074348 0.008377
vt 0.076277 0.014221
vt 0.083268 0.065456
vt 0.083820 0.071110
vt 0.077553 0.071259
vt 0.077220 0.065509
vt 0.087798 0.013747
vt 0.088881 0.019657
vt 0.082630 0.019724
vt 0.081373 0.013966
vt 0.067558 0.076144
vt 0.067722 0.070587
vt 0.072331 0.071355
vt 0.072947 0.077113
vt 0.087195 0.093570
vt 0.088964 0.098741
vt 0.082702 0.099856
vt 0.080985 0.094019
vt 0.085708 0.042878
vt 0.084504 0.048522
vt 0.078215 0.048338
vt 0.079431 0.042643
vt 0.067966 0.054319
vt 0.068311 0.048820
vt 0.072997 0.048142
vt 0.072108 0.053932
vt 0.087095 0.037201
vt 0.080824 0.036967
vt 0.069841 0.026274
vt 0.071140 0.020065
vt 0.077431 0.019863
vt 0.077809 0.025491
vt 0.086144 0.088050
vt 0.079887 0.088325
vt 0.022682 0.044575
vt 0.023946 0.051100
vt 0.005140 0.051978
vt 0.005215 0.045510
vt 0.022034 0.014725
vt 0.020860 0.020111
vt 0.002351 0.018732
vt 0.004036 0.011547
vt 0.024032 0.057842
vt 0.024481 0.064552
vt 0.006464 0.064671
vt 0.006884 0.058282
vt 0.023611 0.084307
vt 0.023135 0.090720
vt 0.004613 0.090586
vt 0.005211 0.084041
vt 0.020644 0.025827
vt 0.020896 0.031883
vt 0.003175 0.032473
vt 0.002187 0.025739
vt 0.022834 0.096902
vt 0.023027 0.102728
vt 0.004233 0.104217
vt 0.004166 0.097273
vt 0.024393 0.071174
vt 0.006159 0.071111
vt 0.022169 0.038078
vt 0.003333 0.039110
vt 0.024481 0.009758
vt 0.007695 0.004404
vt 0.024069 0.077769
vt 0.005752 0.077563
vt 0.023766 0.108081
vt 0.005929 0.111494
vt 0.077185 0.100170
vt 0.076934 0.031095
vt 0.073744 0.082830
vt 0.079840 0.008066
vt 0.069675 0.031905
vt 0.067440 0.081824
vt 0.086269 0.008437
vt 0.070760 0.099739
vt 0.088940 0.490833
vt 0.079254 0.480501
vt 0.146264 0.444687
vt 0.149372 0.458447
vt 0.074046 0.467316
vt 0.074046 0.453139
vt 0.147303 0.472404
vt 0.079245 0.439969
vt 0.140298 0.484684
vt 0.088902 0.429613
vt 0.129299 0.493574
vt 0.101665 0.423507
vt 0.115828 0.497840
vt 0.115760 0.422463
vt 0.101720 0.496886
vt 0.129248 0.426592
vt 0.140334 0.435308
vt 0.037698 0.228167
vt 0.034507 0.229337
vt 0.032483 0.217695
vt 0.037951 0.216899
vt 0.031653 0.231664
vt 0.027636 0.219875
vt 0.028953 0.234830
vt 0.023810 0.223108
vt 0.025873 0.238358
vt 0.020881 0.226927
vt 0.021898 0.241762
vt 0.017924 0.230614
vt 0.016972 0.244464
vt 0.014229 0.233465
vt 0.011513 0.245941
vt 0.009843 0.235065
vt 0.006044 0.246515
vt 0.005128 0.235187
vt 0.000911 0.246068
vt 0.000523 0.233911
vt 0.061703 0.245988
vt 0.057050 0.244245
vt 0.060938 0.233819
vt 0.065068 0.236026
vt 0.052678 0.241304
vt 0.057653 0.230540
vt 0.049142 0.237586
vt 0.055070 0.226645
vt 0.046383 0.233868
vt 0.052247 0.222814
vt 0.043841 0.230647
vt 0.048375 0.219648
vt 0.041084 0.228282
vt 0.043434 0.217593
vt 0.035705 0.158851
vt 0.040270 0.158276
vt 0.613516 0.319961
vt 0.619786 0.321437
vt 0.619461 0.325946
vt 0.613090 0.324434
vt 0.584367 0.353210
vt 0.578884 0.354301
vt 0.577639 0.350001
vt 0.583957 0.348587
vt 0.044841 0.158795
vt 0.590374 0.352810
vt 0.590303 0.348233
vt 0.031598 0.160353
vt 0.632542 0.322393
vt 0.639006 0.322053
vt 0.639240 0.326579
vt 0.632606 0.327067
vt 0.028226 0.162560
vt 0.588071 0.314595
vt 0.594540 0.315143
vt 0.594471 0.319371
vt 0.588208 0.318699
vt 0.025462 0.165113
vt 0.596430 0.353267
vt 0.596604 0.348712
vt 0.022587 0.167542
vt 0.664723 0.315846
vt 0.671180 0.314957
vt 0.671202 0.319087
vt 0.664891 0.320191
vt 0.018972 0.169394
vt 0.626112 0.322335
vt 0.625989 0.326869
vt 0.014606 0.170352
vt 0.602467 0.354385
vt 0.602790 0.349881
vt 0.009850 0.170280
vt 0.608487 0.355911
vt 0.608850 0.351480
vt 0.005203 0.169212
vt 0.645408 0.320923
vt 0.645812 0.325419
vt 0.060898 0.170207
vt 0.065068 0.171841
vt 0.600949 0.316450
vt 0.600676 0.320783
vt 0.057576 0.167861
vt 0.614523 0.357536
vt 0.614827 0.353189
vt 0.054965 0.165152
vt 0.676808 0.314595
vt 0.677582 0.318652
vt 0.052314 0.162489
vt 0.048956 0.160267
vt 0.620609 0.358945
vt 0.620790 0.354685
vt 0.632806 0.356091
vt 0.626781 0.355701
vt 0.638807 0.355440
vt 0.606855 0.322597
vt 0.581909 0.318962
vt 0.575588 0.320160
vt 0.674962 0.348198
vt 0.668625 0.348227
vt 0.662492 0.349198
vt 0.656513 0.350749
vt 0.658596 0.321888
vt 0.650623 0.352531
vt 0.652259 0.323758
vt 0.644741 0.354194
vt 0.658214 0.317464
vt 0.674089 0.352897
vt 0.668600 0.352797
vt 0.581795 0.315046
vt 0.662777 0.353704
vt 0.656910 0.355173
vt 0.607260 0.318181
vt 0.651796 0.319293
vt 0.651008 0.356864
vt 0.576086 0.315734
vt 0.645033 0.358440
vt 0.632869 0.360038
vt 0.626742 0.359877
vt 0.638972 0.359608
s 1
usemtl Cabin
f 3726/2661/2698 3725/2662/2699 3741/2663/2700 3742/2664/2701
f 3771/2665/2702 3770/2666/2702 3719/2667/2702 3720/2668/2702
f 3777/2669/2703 3769/2670/2703 3727/2671/2703 3728/2672/2703
f 3762/2673/2704 3767/2674/2704 3714/2675/2704 3716/2676/2704
f 3772/2677/2705 3776/2678/2705 3723/2679/2705 3724/2680/2705
f 3827/2681/2706 3826/2682/2707 3755/2683/2708 3756/2684/2709
f 3719/2685/2710 3718/2686/2711 3734/2687/2712 3735/2688/2713
f 3727/2689/2714 3726/2661/2698 3742/2664/2701 3743/2690/2715
f 3720/2691/2716 3719/2685/2710 3735/2688/2713 3736/2692/2717
f 3728/2693/2718 3727/2689/2714 3743/2690/2715 3744/2694/2719
f 3721/2695/2720 3720/2691/2716 3736/2692/2717 3737/2696/2721
f 3729/2697/2722 3728/2693/2718 3744/2694/2719 3745/2698/2723
f 3722/2699/2724 3721/2695/2720 3737/2696/2721 3738/2700/2724
f 3714/2701/2725 3715/2702/2726 3731/2703/2726 3730/2704/2727
f 3715/2702/2726 3729/2697/2722 3745/2698/2723 3731/2703/2726
f 3723/2705/2728 3722/2699/2724 3738/2700/2724 3739/2706/2728
f 3716/2707/2729 3714/2701/2725 3730/2704/2727 3732/2708/2730
f 3724/2709/2731 3723/2710/2728 3739/2711/2728 3740/2712/2732
f 3717/2713/2733 3716/2707/2729 3732/2708/2730 3733/2714/2734
f 3725/2662/2699 3724/2709/2731 3740/2712/2732 3741/2663/2700
f 3718/2686/2711 3717/2713/2733 3733/2714/2734 3734/2687/2712
f 3747/2715/2735 3761/2716/2736 3842/2717/2737
f 3829/2718/2738 3828/2719/2739 3748/2720/2740 3749/2721/2741
f 3830/2722/2742 3827/2681/2706 3756/2684/2709 3757/2723/2743
f 3831/2724/2744 3829/2718/2738 3749/2721/2741 3750/2725/2745
f 3832/2726/2746 3830/2722/2742 3757/2723/2743 3758/2727/2747
f 3833/2728/2748 3831/2724/2744 3750/2725/2745 3751/2729/2749
f 3834/2730/2750 3832/2726/2746 3758/2727/2747 3759/2731/2751
f 3835/2732/2752 3833/2728/2748 3751/2729/2749 3752/2733/2753
f 3836/2734/2754 3834/2730/2750 3759/2731/2751 3760/2735/2755
f 3837/2736/2756 3835/2732/2752 3752/2733/2753 3753/2737/2757
f 3838/2738/2758 3836/2734/2754 3760/2735/2755 3761/2716/2736
f 3839/2739/2759 3837/2736/2756 3753/2737/2757 3754/2740/2760
f 3841/2741/2761 3840/2742/2762 3747/2715/2735 3746/2743/2763
f 3840/2742/2762 3838/2738/2758 3761/2716/2736 3747/2715/2735
f 3826/2744/2707 3839/2739/2759 3754/2740/2760 3755/2745/2708
f 3828/2719/2739 3841/2741/2761 3746/2743/2763 3748/2720/2740
f 3772/2746/2764 3773/2747/2765 3811/2748/2766 3805/2749/2767
f 3782/2750/2768 3791/2751/2768 3802/2752/2768 3821/2753/2768
f 3774/2754/2769 3766/2755/2770 3799/2756/2770 3807/2757/2771
f 3781/2758/2768 3790/2759/2768 3800/2760/2768 3820/2761/2768
f 3763/2762/2772 3775/2763/2773 3810/2764/2774 3816/2765/2775
f 3780/2766/2768 3789/2767/2768 3798/2768/2768 3819/2769/2768
f 3765/2770/2737 3776/2771/2737 3809/2772/2737 3815/2773/2737
f 3793/2774/2768 3786/2775/2768 3825/2776/2768 3806/2777/2768
f 3779/2778/2768 3788/2779/2768 3796/2780/2768 3818/2781/2768
f 3769/2782/2776 3777/2783/2777 3808/2784/2778 3814/2785/2779
f 3792/2786/2768 3785/2787/2768 3824/2788/2768 3804/2789/2768
f 3778/2790/2768 3787/2791/2768 3794/2792/2768 3817/2793/2768
f 3767/2794/2780 3762/2795/2781 3795/2796/2782 3813/2797/2783
f 3791/2751/2768 3784/2798/2768 3823/2799/2768 3802/2752/2768
f 3771/2800/2784 3764/2801/2785 3797/2802/2786 3812/2803/2787
f 3790/2759/2768 3783/2804/2768 3822/2805/2768 3800/2760/2768
f 3701/2806/2788 3700/2807/2789 3787/2808/2789 3778/2809/2788
f 3706/2810/2790 3705/2811/2791 3788/2812/2791 3779/2813/2790
f 3699/2814/2792 3698/2815/2793 3789/2816/2793 3780/2817/2792
f 3711/2818/2794 3710/2819/2795 3790/2820/2795 3781/2821/2794
f 3704/2822/2796 3703/2823/2797 3791/2824/2797 3782/2825/2796
f 3709/2826/2798 3708/2827/2799 3792/2828/2799 3783/2829/2798
f 3698/2815/2793 3713/2830/2800 3793/2831/2800 3789/2816/2793
f 3702/2832/2801 3701/2806/2788 3778/2809/2788 3784/2833/2801
f 3707/2834/2802 3706/2810/2790 3779/2813/2790 3785/2835/2802
f 3712/2836/2803 3711/2818/2794 3781/2821/2794 3786/2837/2803
f 3700/2807/2789 3699/2814/2792 3780/2817/2792 3787/2808/2789
f 3705/2811/2791 3704/2822/2796 3782/2825/2796 3788/2812/2791
f 3710/2819/2795 3709/2826/2798 3783/2829/2798 3790/2820/2795
f 3703/2823/2797 3702/2832/2801 3784/2833/2801 3791/2824/2797
f 3708/2827/2799 3707/2838/2802 3785/2839/2802 3792/2828/2799
f 3713/2830/2800 3712/2836/2803 3786/2837/2803 3793/2831/2800
f 3806/2777/2804 3825/2776/2805 3808/2784/2805 3807/2757/2804
f 3804/2789/2806 3824/2788/2807 3809/2840/2807 3805/2749/2806
f 3802/2752/2808 3823/2799/2809 3810/2764/2809 3803/2841/2808
f 3800/2760/2810 3822/2805/2811 3811/2748/2811 3801/2842/2810
f 3796/2780/2812 3821/2753/2813 3812/2803/2813 3797/2802/2812
f 3794/2792/2814 3819/2769/2815 3813/2797/2815 3795/2796/2814
f 3825/2776/2805 3820/2761/2816 3814/2785/2816 3808/2784/2805
f 3824/2843/2807 3818/2781/2817 3815/2773/2817 3809/2772/2807
f 3823/2799/2809 3817/2793/2818 3816/2765/2818 3810/2764/2809
f 3798/2768/2819 3806/2777/2804 3807/2757/2804 3799/2756/2819
f 3822/2805/2811 3804/2789/2806 3805/2749/2806 3811/2748/2811
f 3821/2753/2813 3802/2752/2808 3803/2841/2808 3812/2803/2813
f 3820/2761/2816 3800/2760/2810 3801/2842/2810 3814/2785/2816
f 3819/2769/2815 3798/2768/2819 3799/2756/2819 3813/2797/2815
f 3818/2781/2817 3796/2780/2812 3797/2802/2812 3815/2773/2817
f 3817/2793/2818 3794/2792/2814 3795/2796/2814 3816/2765/2818
f 3783/2804/2768 3792/2786/2768 3804/2789/2768 3822/2805/2768
f 3770/2844/2820 3771/2800/2784 3812/2803/2787 3803/2841/2821
f 3789/2767/2768 3793/2774/2768 3806/2777/2768 3798/2768/2768
f 3768/2845/2822 3769/2782/2776 3814/2785/2779 3801/2842/2823
f 3784/2798/2768 3778/2790/2768 3817/2793/2768 3823/2799/2768
f 3766/2755/2770 3767/2794/2780 3813/2797/2783 3799/2756/2770
f 3785/2846/2768 3779/2778/2768 3818/2781/2768 3824/2843/2768
f 3777/2783/2777 3774/2754/2769 3807/2757/2771 3808/2784/2778
f 3764/2801/2785 3765/2770/2737 3815/2773/2737 3797/2802/2786
f 3786/2775/2768 3781/2758/2768 3820/2761/2768 3825/2776/2768
f 3776/2847/2737 3772/2746/2764 3805/2749/2767 3809/2840/2737
f 3762/2795/2781 3763/2762/2772 3816/2765/2775 3795/2796/2782
f 3787/2791/2768 3780/2766/2768 3819/2769/2768 3794/2792/2768
f 3775/2763/2773 3770/2844/2820 3803/2841/2821 3810/2764/2774
f 3788/2779/2768 3782/2750/2768 3821/2753/2768 3796/2780/2768
f 3773/2747/2765 3768/2845/2822 3801/2842/2823 3811/2748/2766
f 3732/2848/2824 3730/2849/2825 3841/2741/2761 3828/2719/2739
f 3739/2850/2826 3738/2851/2827 3839/2739/2759 3826/2744/2707
f 3731/2852/2828 3745/2853/2829 3838/2738/2758 3840/2742/2762
f 3730/2849/2825 3731/2852/2828 3840/2742/2762 3841/2741/2761
f 3738/2851/2827 3737/2854/2830 3837/2736/2756 3839/2739/2759
f 3745/2853/2829 3744/2855/2831 3836/2734/2754 3838/2738/2758
f 3737/2854/2830 3736/2856/2832 3835/2732/2752 3837/2736/2756
f 3744/2855/2831 3743/2857/2833 3834/2730/2750 3836/2734/2754
f 3736/2856/2832 3735/2858/2834 3833/2728/2748 3835/2732/2752
f 3743/2857/2833 3742/2859/2835 3832/2726/2746 3834/2730/2750
f 3735/2858/2834 3734/2860/2836 3831/2724/2744 3833/2728/2748
f 3742/2859/2835 3741/2861/2837 3830/2722/2742 3832/2726/2746
f 3734/2860/2836 3733/2862/2838 3829/2718/2738 3831/2724/2744
f 3741/2861/2837 3740/2863/2839 3827/2681/2706 3830/2722/2742
f 3733/2862/2838 3732/2848/2824 3828/2719/2739 3829/2718/2738
f 3740/2863/2839 3739/2864/2826 3826/2682/2707 3827/2681/2706
f 3755/2745/2708 3754/2740/2760 3842/2717/2737
f 3748/2720/2740 3746/2743/2763 3842/2717/2737
f 3756/2684/2709 3755/2683/2708 3842/2717/2737
f 3749/2721/2741 3748/2720/2740 3842/2717/2737
f 3757/2723/2743 3756/2684/2709 3842/2717/2737
f 3750/2725/2745 3749/2721/2741 3842/2717/2737
f 3758/2727/2747 3757/2723/2743 3842/2717/2737
f 3751/2729/2749 3750/2725/2745 3842/2717/2737
f 3759/2731/2751 3758/2727/2747 3842/2717/2737
f 3752/2733/2753 3751/2729/2749 3842/2717/2737
f 3760/2735/2755 3759/2731/2751 3842/2717/2737
f 3753/2737/2757 3752/2733/2753 3842/2717/2737
f 3761/2716/2736 3760/2735/2755 3842/2717/2737
f 3754/2740/2760 3753/2737/2757 3842/2717/2737
f 3746/2743/2763 3747/2715/2735 3842/2717/2737
f 3860/2865/2840 3861/2866/2841 3862/2867/2842 3859/2868/2843
f 3861/2866/2841 3863/2869/2844 3864/2870/2845 3862/2867/2842
f 3863/2869/2844 3865/2871/2846 3866/2872/2847 3864/2870/2845
f 3865/2871/2846 3867/2873/2848 3868/2874/2849 3866/2872/2847
f 3867/2873/2848 3869/2875/2850 3870/2876/2851 3868/2874/2849
f 3869/2875/2850 3871/2877/2852 3872/2878/2853 3870/2876/2851
f 3871/2877/2852 3873/2879/2854 3874/2880/2855 3872/2878/2853
f 3873/2879/2854 3875/2881/2856 3876/2882/2857 3874/2880/2855
f 3875/2881/2856 3877/2883/2858 3878/2884/2859 3876/2882/2857
f 3877/2885/2858 3879/2886/2860 3880/2887/2861 3878/2888/2859
f 3879/2886/2860 3881/2889/2862 3882/2890/2863 3880/2887/2861
f 3881/2889/2862 3883/2891/2864 3884/2892/2865 3882/2890/2863
f 3883/2891/2864 3885/2893/2866 3886/2894/2867 3884/2892/2865
f 3885/2893/2866 3887/2895/2868 3888/2896/2869 3886/2894/2867
f 3887/2895/2868 3889/2897/2870 3890/2898/2871 3888/2896/2869
f 3889/2897/2870 3860/2865/2840 3859/2868/2843 3890/2898/2871
f 3859/2868/2843 3862/2867/2842 3844/2899/2872 3843/2900/2873
f 3865/2901/2874 3863/2902/2875 3909/2903/2876 3910/2904/2877
f 3706/2905/2878 3707/2906/2879 3900/2907/2880 3899/2908/2878
f 3890/2898/2871 3859/2868/2843 3843/2900/2873 3858/2909/2881
f 3705/2910/2882 3706/2905/2878 3899/2908/2878 3898/2911/2883
f 3862/2867/2842 3864/2870/2845 3845/2912/2884 3844/2899/2872
f 3860/2913/2885 3889/2914/2886 3922/2915/2887 3907/2916/2885
f 3864/2870/2845 3866/2872/2847 3846/2917/2888 3845/2912/2884
f 3873/2918/2889 3871/2919/2890 3913/2920/2891 3914/2921/2892
f 3866/2872/2847 3868/2874/2849 3847/2922/2893 3846/2917/2888
f 3704/2923/2894 3705/2910/2882 3898/2911/2883 3897/2924/2895
f 3868/2874/2849 3870/2876/2851 3848/2925/2896 3847/2922/2893
f 3881/2926/2897 3879/2927/2898 3917/2928/2899 3918/2929/2900
f 3870/2876/2851 3872/2878/2853 3849/2930/2901 3848/2925/2896
f 3863/2902/2875 3861/2931/2902 3908/2932/2903 3909/2903/2876
f 3872/2878/2853 3874/2880/2855 3850/2933/2904 3849/2930/2901
f 3703/2934/2905 3704/2923/2894 3897/2924/2895 3896/2935/2906
f 3874/2880/2855 3876/2882/2857 3851/2936/2907 3850/2933/2904
f 3702/2937/2908 3703/2934/2905 3896/2935/2906 3895/2938/2909
f 3876/2882/2857 3878/2884/2859 3852/2939/2910 3851/2936/2907
f 3889/2914/2886 3887/2940/2911 3921/2941/2912 3922/2915/2887
f 3878/2888/2859 3880/2887/2861 3853/2942/2913 3852/2943/2910
f 3871/2919/2890 3869/2944/2914 3912/2945/2915 3913/2920/2891
f 3880/2887/2861 3882/2890/2863 3854/2946/2916 3853/2942/2913
f 3701/2947/2917 3702/2937/2908 3895/2938/2909 3894/2948/2918
f 3882/2890/2863 3884/2892/2865 3855/2949/2919 3854/2946/2916
f 3879/2927/2898 3877/2950/2920 3916/2951/2921 3917/2928/2899
f 3884/2892/2865 3886/2894/2867 3856/2952/2922 3855/2949/2919
f 3861/2931/2902 3860/2913/2885 3907/2916/2885 3908/2932/2903
f 3886/2894/2867 3888/2896/2869 3857/2953/2923 3856/2952/2922
f 3700/2954/2924 3701/2947/2917 3894/2948/2918 3893/2955/2925
f 3888/2896/2869 3890/2898/2871 3858/2909/2881 3857/2953/2923
f 3907/2916/2926 3892/2956/2926 3891/2957/2927 3908/2932/2928
f 3922/2915/2929 3906/2958/2930 3892/2956/2926 3907/2916/2926
f 3908/2932/2928 3891/2957/2927 3893/2955/2931 3909/2903/2932
f 3909/2903/2932 3893/2955/2931 3894/2948/2933 3910/2904/2934
f 3910/2904/2934 3894/2948/2933 3895/2938/2935 3911/2959/2936
f 3911/2959/2936 3895/2938/2935 3896/2935/2937 3912/2945/2938
f 3912/2945/2938 3896/2935/2937 3897/2924/2939 3913/2920/2940
f 3913/2920/2940 3897/2924/2939 3898/2911/2941 3914/2921/2942
f 3914/2921/2942 3898/2911/2941 3899/2908/2943 3915/2960/2943
f 3915/2960/2943 3899/2908/2943 3900/2907/2944 3916/2961/2945
f 3916/2951/2945 3900/2962/2944 3901/2963/2946 3917/2928/2947
f 3917/2928/2947 3901/2963/2946 3902/2964/2948 3918/2929/2949
f 3918/2929/2949 3902/2964/2948 3903/2965/2950 3919/2966/2951
f 3919/2966/2951 3903/2965/2950 3904/2967/2952 3920/2968/2953
f 3920/2968/2953 3904/2967/2952 3905/2969/2954 3921/2941/2955
f 3921/2941/2955 3905/2969/2954 3906/2958/2930 3922/2915/2929
f 3883/2970/2956 3881/2926/2897 3918/2929/2900 3919/2966/2957
f 3707/2971/2879 3708/2972/2958 3901/2963/2959 3900/2962/2880
f 3875/2973/2960 3873/2918/2889 3914/2921/2892 3915/2960/2960
f 3708/2972/2958 3709/2974/2961 3902/2964/2962 3901/2963/2959
f 3709/2974/2961 3710/2975/2963 3903/2965/2964 3902/2964/2962
f 3867/2976/2965 3865/2901/2874 3910/2904/2877 3911/2959/2966
f 3885/2977/2967 3883/2970/2956 3919/2966/2957 3920/2968/2968
f 3710/2975/2963 3711/2978/2969 3904/2967/2970 3903/2965/2964
f 3877/2979/2920 3875/2973/2960 3915/2960/2960 3916/2961/2921
f 3711/2978/2969 3712/2980/2971 3905/2969/2972 3904/2967/2970
f 3698/2981/2973 3699/2982/2974 3891/2957/2975 3892/2956/2973
f 3712/2980/2971 3713/2983/2976 3906/2958/2977 3905/2969/2972
f 3869/2944/2914 3867/2976/2965 3911/2959/2966 3912/2945/2915
f 3887/2940/2911 3885/2977/2967 3920/2968/2968 3921/2941/2912
f 3699/2982/2974 3700/2954/2924 3893/2955/2925 3891/2957/2975
f 3713/2983/2976 3698/2981/2973 3892/2956/2973 3906/2958/2977
o Cube.033
v -1.076888 6.731166 -2.918764
v -1.169473 6.788116 -2.918764
v -0.644707 7.433770 -2.918764
v -0.737292 7.490720 -2.918764
v -1.076888 6.731166 -1.891033
v -1.169473 6.788116 -1.891033
v -0.644707 7.433770 -1.891033
v -0.737292 7.490720 -1.891033
v -0.644707 7.433770 -2.755225
v -0.644707 7.433770 -2.583296
v -0.644707 7.433770 -2.226501
v -0.644707 7.433770 -2.054572
v -0.737292 7.490720 -2.054572
v -0.737292 7.490720 -2.226501
v -0.737292 7.490720 -2.583296
v -0.737292 7.490720 -2.755225
v -1.139038 6.630129 -2.055027
v -1.170366 6.579198 -2.226501
v -1.170366 6.579198 -2.583296
v -1.139038 6.630129 -2.754770
v -1.231623 6.687079 -2.754770
v -1.262951 6.636148 -2.583296
v -1.262951 6.636148 -2.226501
v -1.231623 6.687079 -2.055027
v -0.640974 7.639103 -3.092626
v -0.734491 7.694501 -3.091460
v -0.229271 8.330132 -2.905025
v -0.322788 8.385530 -2.903859
v -0.750654 7.432899 -2.092373
v -0.844171 7.488298 -2.091207
v -0.338952 8.123928 -1.904773
v -0.432468 8.179327 -1.903606
v -0.246724 8.297319 -2.745859
v -0.265073 8.262823 -2.578526
v -0.303150 8.191236 -2.231271
v -0.321499 8.156740 -2.063939
v -0.415015 8.212139 -2.062773
v -0.396667 8.246635 -2.230105
v -0.358589 8.318222 -2.577360
v -0.340241 8.352718 -2.744693
v -0.792357 7.366430 -2.278960
v -0.803901 7.350743 -2.459449
v -0.765824 7.422330 -2.806704
v -0.717680 7.506826 -2.959994
v -0.811197 7.562225 -2.958828
v -0.859340 7.477729 -2.805537
v -0.897418 7.406142 -2.458283
v -0.885874 7.421829 -2.277794
v -1.439740 5.890924 -2.798461
v -1.532343 5.947839 -2.799551
v -1.007451 6.593138 -2.857401
v -1.100054 6.650054 -2.858490
v -1.410150 5.958664 -1.774366
v -1.502753 6.015580 -1.775455
v -0.977861 6.660879 -1.833306
v -1.070464 6.717795 -1.834395
v -1.002742 6.603917 -2.694441
v -0.997792 6.615250 -2.523120
v -0.987520 6.638767 -2.167587
v -0.982569 6.650100 -1.996266
v -1.075173 6.707016 -1.997355
v -1.080123 6.695683 -2.168676
v -1.090395 6.672166 -2.524209
v -1.095345 6.660833 -2.695530
v -1.477036 5.846874 -1.929304
v -1.513310 5.784669 -2.095899
v -1.523582 5.761151 -2.451432
v -1.497183 5.800752 -2.626572
v -1.589787 5.857667 -2.627661
v -1.616185 5.818068 -2.452521
v -1.605913 5.841585 -2.096988
v -1.569640 5.903790 -1.930393
v -0.718564 7.469909 -2.113060
v -0.811439 7.525905 -2.104340
v -0.294269 8.138924 -1.890152
v -0.387144 8.194920 -1.881433
v -0.805396 7.151224 -0.991305
v -0.898271 7.207220 -0.982585
v -0.381101 7.820238 -0.768397
v -0.473976 7.876235 -0.759678
v -0.308087 8.088212 -1.711652
v -0.322613 8.034899 -1.523993
v -0.352758 7.924262 -1.134556
v -0.367284 7.870949 -0.946898
v -0.460159 7.926946 -0.938178
v -0.445632 7.980259 -1.125837
v -0.415487 8.090896 -1.515274
v -0.400961 8.144209 -1.702932
v -0.852556 7.105869 -1.202357
v -0.868825 7.110545 -1.405677
v -0.838679 7.221182 -1.795114
v -0.793435 7.322849 -1.966117
v -0.886310 7.378846 -1.957398
v -0.931554 7.277178 -1.786394
v -0.961699 7.166541 -1.396958
v -0.945430 7.161865 -1.193637
v -1.113246 6.520006 -1.875815
v -1.204772 6.578916 -1.875197
v -0.667251 7.212582 -1.842557
v -0.758777 7.271492 -1.841940
v -1.130784 6.482005 -0.849249
v -1.222310 6.540914 -0.848632
v -0.684789 7.174581 -0.815992
v -0.776315 7.233490 -0.815375
v -0.670042 7.206535 -1.679204
v -0.672976 7.200178 -1.507469
v -0.679065 7.186985 -1.151079
v -0.681998 7.180628 -0.979345
v -0.773524 7.239537 -0.978728
v -0.770590 7.245894 -1.150462
v -0.764501 7.259088 -1.506852
v -0.761567 7.265445 -1.678587
v -1.192122 6.388473 -1.017839
v -1.221525 6.344610 -1.191530
v -1.215436 6.357802 -1.547920
v -1.180181 6.414347 -1.716789
v -1.271706 6.473257 -1.716172
v -1.306962 6.416712 -1.547303
v -1.313050 6.403519 -1.190913
v -1.283647 6.447383 -1.017222
v -1.426063 5.921400 -1.843140
v -1.518648 5.978351 -1.843140
v -0.993881 6.624004 -1.843140
v -1.086466 6.680954 -1.843140
v -1.426063 5.921400 -0.815409
v -1.518648 5.978351 -0.815409
v -0.993881 6.624004 -0.815409
v -1.086466 6.680954 -0.815409
v -0.993881 6.624004 -1.679601
v -0.993881 6.624004 -1.507672
v -0.993881 6.624004 -1.150877
v -0.993881 6.624004 -0.978948
v -1.086466 6.680954 -0.978948
v -1.086466 6.680954 -1.150877
v -1.086466 6.680954 -1.507672
v -1.086466 6.680954 -1.679601
v -1.488212 5.820363 -0.979403
v -1.519540 5.769432 -1.150877
v -1.519540 5.769432 -1.507672
v -1.488212 5.820363 -1.679146
v -1.580797 5.877313 -1.679146
v -1.612125 5.826383 -1.507672
v -1.612125 5.826383 -1.150877
v -1.580797 5.877313 -0.979403
v 0.769670 6.731166 -2.918764
v 0.862255 6.788116 -2.918764
v 0.337489 7.433770 -2.918764
v 0.430074 7.490720 -2.918764
v 0.769670 6.731166 -1.891033
v 0.862255 6.788116 -1.891033
v 0.337489 7.433770 -1.891033
v 0.430074 7.490720 -1.891033
v 0.337489 7.433770 -2.755225
v 0.337489 7.433770 -2.583296
v 0.337489 7.433770 -2.226501
v 0.337489 7.433770 -2.054572
v 0.430074 7.490720 -2.054572
v 0.430074 7.490720 -2.226501
v 0.430074 7.490720 -2.583296
v 0.430074 7.490720 -2.755225
v 0.831819 6.630128 -2.055027
v 0.863148 6.579198 -2.226501
v 0.863148 6.579198 -2.583296
v 0.831819 6.630128 -2.754770
v 0.924405 6.687079 -2.754770
v 0.955733 6.636148 -2.583296
v 0.955733 6.636148 -2.226501
v 0.924405 6.687079 -2.055027
v 0.333756 7.639102 -3.092625
v 0.427272 7.694501 -3.091459
v -0.077947 8.330132 -2.905025
v 0.015570 8.385530 -2.903858
v 0.443436 7.432899 -2.092373
v 0.536953 7.488298 -2.091207
v 0.031734 8.123928 -1.904772
v 0.125250 8.179327 -1.903606
v -0.060494 8.297319 -2.745858
v -0.042145 8.262823 -2.578526
v -0.004068 8.191236 -2.231271
v 0.014281 8.156740 -2.063939
v 0.107797 8.212139 -2.062772
v 0.089449 8.246635 -2.230105
v 0.051371 8.318222 -2.577360
v 0.033023 8.352718 -2.744692
v 0.485139 7.366430 -2.278960
v 0.496683 7.350743 -2.459449
v 0.458606 7.422330 -2.806704
v 0.410462 7.506826 -2.959994
v 0.503978 7.562225 -2.958828
v 0.552122 7.477729 -2.805537
v 0.590199 7.406142 -2.458282
v 0.578656 7.421829 -2.277794
v 1.132522 5.890924 -2.798461
v 1.225125 5.947839 -2.799550
v 0.700232 6.593138 -2.857401
v 0.792836 6.650054 -2.858490
v 1.102931 5.958664 -1.774366
v 1.195535 6.015580 -1.775455
v 0.670642 6.660879 -1.833306
v 0.763246 6.717795 -1.834395
v 0.695524 6.603917 -2.694441
v 0.690574 6.615250 -2.523120
v 0.680301 6.638767 -2.167587
v 0.675351 6.650100 -1.996266
v 0.767954 6.707016 -1.997355
v 0.772904 6.695683 -2.168676
v 0.783177 6.672166 -2.524209
v 0.788127 6.660833 -2.695530
v 1.169818 5.846874 -1.929303
v 1.206091 5.784669 -2.095899
v 1.216364 5.761151 -2.451431
v 1.189965 5.800752 -2.626572
v 1.282568 5.857667 -2.627661
v 1.308967 5.818068 -2.452520
v 1.298694 5.841585 -2.096988
v 1.262421 5.903790 -1.930393
v 0.411346 7.469909 -2.113059
v 0.504220 7.525905 -2.104340
v -0.012949 8.138923 -1.890152
v 0.079926 8.194920 -1.881433
v 0.498178 7.151223 -0.991304
v 0.591052 7.207220 -0.982585
v 0.073883 7.820238 -0.768397
v 0.166758 7.876235 -0.759678
v 0.000868 8.088212 -1.711651
v 0.015395 8.034899 -1.523993
v 0.045540 7.924262 -1.134556
v 0.060066 7.870949 -0.946897
v 0.152940 7.926946 -0.938178
v 0.138414 7.980258 -1.125837
v 0.108269 8.090896 -1.515273
v 0.093743 8.144209 -1.702932
v 0.545337 7.105868 -1.202356
v 0.561606 7.110545 -1.405677
v 0.531461 7.221181 -1.795113
v 0.486217 7.322849 -1.966117
v 0.579091 7.378846 -1.957398
v 0.624336 7.277178 -1.786394
v 0.654481 7.166541 -1.396957
v 0.638212 7.161865 -1.193637
v 0.806028 6.520006 -1.875814
v 0.897554 6.578916 -1.875197
v 0.360033 7.212582 -1.842557
v 0.451558 7.271492 -1.841940
v 0.823566 6.482005 -0.849249
v 0.915091 6.540914 -0.848632
v 0.377571 7.174581 -0.815992
v 0.469096 7.233490 -0.815374
v 0.362824 7.206535 -1.679204
v 0.365758 7.200178 -1.507469
v 0.371846 7.186985 -1.151079
v 0.374780 7.180628 -0.979345
v 0.466306 7.239537 -0.978728
v 0.463372 7.245894 -1.150462
v 0.457283 7.259087 -1.506852
v 0.454349 7.265445 -1.678586
v 0.884903 6.388473 -1.017839
v 0.914307 6.344610 -1.191530
v 0.908218 6.357802 -1.547920
v 0.872963 6.414347 -1.716789
v 0.964488 6.473257 -1.716172
v 0.999743 6.416712 -1.547303
v 1.005832 6.403519 -1.190913
v 0.976429 6.447383 -1.017222
v 1.118844 5.921400 -1.843140
v 1.211429 5.978351 -1.843140
v 0.686663 6.624004 -1.843140
v 0.779248 6.680954 -1.843140
v 1.118844 5.921400 -0.815409
v 1.211429 5.978351 -0.815409
v 0.686663 6.624004 -0.815409
v 0.779248 6.680954 -0.815409
v 0.686663 6.624004 -1.679601
v 0.686663 6.624004 -1.507672
v 0.686663 6.624004 -1.150877
v 0.686663 6.624004 -0.978948
v 0.779248 6.680954 -0.978948
v 0.779248 6.680954 -1.150877
v 0.779248 6.680954 -1.507672
v 0.779248 6.680954 -1.679601
v 1.180994 5.820363 -0.979403
v 1.212322 5.769432 -1.150877
v 1.212322 5.769432 -1.507672
v 1.180994 5.820363 -1.679146
v 1.273579 5.877314 -1.679146
v 1.304907 5.826383 -1.507672
v 1.304907 5.826383 -1.150877
v 1.273579 5.877314 -0.979403
vn -0.2402 -0.3905 -0.8887
vn 0.3749 0.6095 -0.6986
vn 0.3749 0.6095 0.6986
vn -0.2402 -0.3905 0.8887
vn -0.8518 0.5239 -0.0000
vn 0.8518 -0.5239 -0.0000
vn -0.4646 -0.7553 -0.4622
vn -0.5166 -0.8398 -0.1668
vn -0.4646 -0.7553 0.4622
vn -0.5166 -0.8398 0.1668
vn 0.5239 0.8518 -0.0000
vn -0.1563 -0.2436 -0.9572
vn -0.1077 -0.1612 -0.9810
vn 0.4303 0.7373 -0.5208
vn 0.4315 0.7392 -0.5171
vn 0.2458 0.3963 0.8846
vn 0.3151 0.5152 0.7970
vn -0.3179 -0.5529 0.7702
vn -0.3298 -0.5726 0.7506
vn -0.8603 0.5096 0.0107
vn 0.8603 -0.5096 -0.0107
vn -0.3872 -0.6397 -0.6640
vn -0.3976 -0.6578 -0.6397
vn -0.4767 -0.7968 -0.3713
vn -0.4706 -0.7860 -0.4010
vn -0.4905 -0.8334 0.2548
vn -0.4920 -0.8356 0.2444
vn -0.5090 -0.8577 -0.0724
vn -0.5095 -0.8591 -0.0492
vn 0.4985 0.8366 0.2271
vn -0.2591 -0.4381 -0.8608
vn -0.2709 -0.4570 -0.8472
vn 0.3646 0.5792 -0.7291
vn 0.3424 0.5424 -0.7672
vn 0.4044 0.6698 0.6228
vn 0.3831 0.6362 0.6697
vn -0.2080 -0.3207 0.9241
vn -0.2188 -0.3385 0.9152
vn -0.8519 0.5236 -0.0100
vn 0.8519 -0.5236 0.0100
vn -0.4784 -0.7859 -0.3918
vn -0.4750 -0.7807 -0.4061
vn -0.5197 -0.8477 -0.1064
vn -0.5209 -0.8492 -0.0868
vn -0.4520 -0.7255 0.5189
vn -0.4480 -0.7188 0.5316
vn -0.5096 -0.8244 0.2465
vn -0.5118 -0.8284 0.2276
vn 0.5229 0.8494 -0.0713
vn -0.2114 -0.2016 -0.9564
vn -0.1428 -0.0833 -0.9862
vn 0.3173 0.6358 -0.7036
vn 0.4734 0.8308 -0.2928
vn 0.2204 0.2175 0.9508
vn 0.3673 0.4856 0.7933
vn -0.3588 -0.6926 0.6258
vn -0.2503 -0.5403 0.8034
vn -0.8536 0.5147 0.0801
vn 0.8536 -0.5147 -0.0801
vn -0.4233 -0.5958 -0.6825
vn -0.4500 -0.6511 -0.6112
vn -0.5067 -0.7849 -0.3566
vn -0.4892 -0.7395 -0.4624
vn -0.4907 -0.8462 0.2076
vn -0.5066 -0.8561 0.1023
vn -0.5201 -0.8337 -0.1858
vn -0.5197 -0.8518 -0.0658
vn 0.5156 0.8129 0.2709
vn -0.2125 -0.3205 -0.9231
vn -0.2541 -0.3854 -0.8871
vn 0.3723 0.5860 -0.7197
vn 0.4259 0.6681 -0.6101
vn 0.3936 0.6043 0.6928
vn 0.3586 0.5492 0.7549
vn -0.2889 -0.4576 0.8409
vn -0.2376 -0.3786 0.8945
vn -0.8409 0.5412 0.0057
vn 0.8409 -0.5412 -0.0057
vn -0.4731 -0.7298 -0.4935
vn -0.4707 -0.7261 -0.5013
vn -0.5307 -0.8224 -0.2050
vn -0.5304 -0.8219 -0.2076
vn -0.4849 -0.7579 0.4364
vn -0.4904 -0.7663 0.4151
vn -0.5368 -0.8353 0.1186
vn -0.5356 -0.8336 0.1348
vn 0.5410 0.8401 0.0403
vn 0.0604 -0.0982 -0.9933
vn -0.5224 0.8493 -0.0760
vn -0.4043 0.6572 -0.6361
vn 0.4085 -0.6640 -0.6263
vn -0.5224 0.8493 0.0760
vn 0.0604 -0.0982 0.9933
vn 0.4085 -0.6640 0.6263
vn -0.4043 0.6572 0.6361
vn 0.8518 0.5239 -0.0000
vn -0.8518 -0.5239 -0.0000
vn 0.4905 -0.7975 -0.3513
vn 0.5230 -0.8502 -0.0606
vn 0.5136 -0.8350 -0.1976
vn 0.4382 -0.7124 -0.5482
vn 0.4382 -0.7124 0.5482
vn 0.5136 -0.8350 0.1976
vn 0.5230 -0.8502 0.0606
vn 0.4905 -0.7975 0.3513
vn -0.5239 0.8518 -0.0000
vn -0.0622 0.1259 -0.9901
vn -0.5095 0.8604 -0.0129
vn -0.4859 0.8262 -0.2850
vn 0.3182 -0.5205 -0.7924
vn -0.4923 0.8251 0.2771
vn 0.1831 -0.3285 0.9266
vn 0.4568 -0.7801 0.4275
vn -0.0717 0.1001 0.9924
vn 0.8603 0.5096 0.0107
vn -0.8603 -0.5096 -0.0107
vn 0.4295 -0.7134 -0.5536
vn 0.4952 -0.8306 -0.2547
vn 0.4522 -0.7532 -0.4777
vn 0.3539 -0.5820 -0.7321
vn 0.4810 -0.8186 0.3140
vn 0.5092 -0.8581 -0.0663
vn 0.5098 -0.8601 -0.0197
vn 0.5033 -0.8526 0.1404
vn -0.4985 0.8366 0.2271
vn 0.0939 -0.1716 -0.9807
vn -0.5203 0.8441 -0.1296
vn -0.3104 0.4894 -0.8150
vn 0.4259 -0.7039 -0.5684
vn -0.5229 0.8515 0.0403
vn 0.0269 -0.0247 0.9993
vn 0.3882 -0.6186 0.6831
vn -0.4569 0.7525 0.4744
vn 0.8519 0.5236 -0.0100
vn -0.8519 -0.5236 0.0100
vn 0.4993 -0.8179 -0.2859
vn 0.5233 -0.8518 -0.0235
vn 0.5196 -0.8475 -0.1086
vn 0.4543 -0.7483 -0.4834
vn 0.4197 -0.6712 0.6109
vn 0.5031 -0.8129 0.2933
vn 0.5212 -0.8459 0.1134
vn 0.4794 -0.7720 0.4173
vn -0.5229 0.8494 -0.0713
vn -0.0234 0.1916 -0.9812
vn -0.5178 0.8552 0.0237
vn -0.4854 0.8418 -0.2359
vn 0.3744 -0.4994 -0.7813
vn -0.5110 0.7977 0.3202
vn 0.1719 -0.4236 0.8894
vn 0.4653 -0.8226 0.3268
vn -0.1039 0.0174 0.9944
vn 0.8536 0.5147 0.0801
vn -0.8536 -0.5147 -0.0801
vn 0.4667 -0.6873 -0.5566
vn 0.5134 -0.8055 -0.2960
vn 0.4832 -0.7250 -0.4908
vn 0.4066 -0.5622 -0.7202
vn 0.4917 -0.8470 0.2018
vn 0.5209 -0.8424 -0.1378
vn 0.5198 -0.8515 -0.0685
vn 0.5112 -0.8573 0.0611
vn -0.5156 0.8129 0.2709
vn 0.0445 -0.0587 -0.9973
vn -0.5402 0.8399 -0.0530
vn -0.4596 0.7195 -0.5206
vn 0.4102 -0.6304 -0.6590
vn -0.5388 0.8360 0.1038
vn 0.0843 -0.1413 0.9864
vn 0.4326 -0.6783 0.5939
vn -0.3745 0.5741 0.7281
vn 0.8409 0.5412 0.0057
vn -0.8409 -0.5412 -0.0057
vn 0.5006 -0.7737 -0.3884
vn 0.5395 -0.8373 -0.0883
vn 0.5252 -0.8133 -0.2504
vn 0.4426 -0.6815 -0.5828
vn 0.4629 -0.7246 0.5105
vn 0.5349 -0.8325 0.1444
vn 0.5407 -0.8404 0.0373
vn 0.5124 -0.7993 0.3139
vn -0.5410 0.8401 0.0403
vt 0.951217 0.256944
vt 0.948077 0.256944
vt 0.948077 0.245700
vt 0.951217 0.245700
vt 0.951217 0.283213
vt 0.948077 0.283213
vt 0.948077 0.271969
vt 0.951217 0.271969
vt 0.892100 0.208327
vt 0.892996 0.154218
vt 0.903316 0.150788
vt 0.902344 0.208314
vt 0.932892 0.154798
vt 0.933322 0.208317
vt 0.923010 0.208286
vt 0.923320 0.151084
vt 0.948077 0.259660
vt 0.951217 0.259660
vt 0.951217 0.262083
vt 0.948077 0.262083
vt 0.951217 0.269253
vt 0.948077 0.269253
vt 0.948077 0.266830
vt 0.951217 0.266830
vt 0.948077 0.285389
vt 0.951217 0.285389
vt 0.951217 0.287677
vt 0.948077 0.287677
vt 0.951217 0.294713
vt 0.948077 0.294713
vt 0.948077 0.292425
vt 0.951217 0.292425
vt 0.951217 0.296889
vt 0.948077 0.296889
vt 0.882356 0.208340
vt 0.883040 0.161169
vt 0.943131 0.208474
vt 0.942701 0.162106
vt 0.951755 0.254138
vt 0.948616 0.254138
vt 0.948291 0.242893
vt 0.951430 0.242893
vt 0.951848 0.280420
vt 0.948708 0.280420
vt 0.949033 0.269174
vt 0.952172 0.269174
vt 0.887102 0.333202
vt 0.887997 0.279093
vt 0.898317 0.275663
vt 0.897345 0.333189
vt 0.927894 0.279673
vt 0.928324 0.333192
vt 0.918011 0.333161
vt 0.918321 0.275959
vt 0.948729 0.256870
vt 0.951868 0.256870
vt 0.951962 0.259303
vt 0.948822 0.259303
vt 0.952153 0.266471
vt 0.949013 0.266471
vt 0.948967 0.264055
vt 0.952106 0.264055
vt 0.948642 0.282598
vt 0.951781 0.282598
vt 0.951711 0.284888
vt 0.948572 0.284888
vt 0.951497 0.291929
vt 0.948357 0.291929
vt 0.948427 0.289640
vt 0.951566 0.289640
vt 0.951430 0.294107
vt 0.948291 0.294107
vt 0.938132 0.333349
vt 0.937702 0.286981
vt 0.877358 0.333215
vt 0.878041 0.286044
vt 0.951668 0.256557
vt 0.948528 0.256557
vt 0.948536 0.245289
vt 0.951676 0.245289
vt 0.951382 0.282845
vt 0.948242 0.282845
vt 0.948234 0.271578
vt 0.951374 0.271578
vt 0.948480 0.259269
vt 0.951620 0.259269
vt 0.951570 0.261688
vt 0.948430 0.261688
vt 0.951420 0.268857
vt 0.948280 0.268857
vt 0.948328 0.266432
vt 0.951468 0.266432
vt 0.948289 0.285019
vt 0.951429 0.285019
vt 0.951478 0.287305
vt 0.948338 0.287305
vt 0.951630 0.294335
vt 0.948489 0.294335
vt 0.948440 0.292049
vt 0.951580 0.292049
vt 0.951676 0.296510
vt 0.948536 0.296510
vt 0.947902 0.286306
vt 0.951034 0.286729
vt 0.950643 0.297880
vt 0.947512 0.297458
vt 0.945136 0.257886
vt 0.948267 0.258309
vt 0.948498 0.269545
vt 0.945367 0.269122
vt 0.950676 0.283693
vt 0.947545 0.283271
vt 0.947144 0.280474
vt 0.950275 0.280897
vt 0.945814 0.272138
vt 0.948945 0.272561
vt 0.949392 0.275346
vt 0.946260 0.274923
vt 0.948707 0.255879
vt 0.945576 0.255456
vt 0.946039 0.252901
vt 0.949170 0.253324
vt 0.947462 0.245045
vt 0.950593 0.245468
vt 0.950131 0.248022
vt 0.946999 0.247599
vt 0.947902 0.242615
vt 0.951034 0.243037
vt 0.948490 0.285233
vt 0.951633 0.285459
vt 0.951105 0.296662
vt 0.947962 0.296436
vt 0.947962 0.258931
vt 0.951105 0.259157
vt 0.951548 0.270429
vt 0.948405 0.270204
vt 0.887233 0.270196
vt 0.888128 0.216087
vt 0.898448 0.212657
vt 0.897476 0.270183
vt 0.928025 0.216667
vt 0.928455 0.270186
vt 0.918142 0.270155
vt 0.918452 0.212953
vt 0.951691 0.282745
vt 0.948548 0.282519
vt 0.948568 0.280097
vt 0.951712 0.280323
vt 0.948487 0.272923
vt 0.951631 0.273148
vt 0.951680 0.275573
vt 0.948537 0.275347
vt 0.951136 0.256983
vt 0.947993 0.256757
vt 0.948025 0.254472
vt 0.951168 0.254698
vt 0.948125 0.247444
vt 0.951268 0.247670
vt 0.951236 0.249955
vt 0.948092 0.249730
vt 0.948156 0.245271
vt 0.951299 0.245497
vt 0.938263 0.270343
vt 0.937833 0.223975
vt 0.877489 0.270209
vt 0.878172 0.223038
vt 0.951114 0.256944
vt 0.947974 0.256944
vt 0.947974 0.245700
vt 0.951114 0.245700
vt 0.951114 0.283213
vt 0.947974 0.283213
vt 0.947974 0.271969
vt 0.951114 0.271969
vt 0.947974 0.259660
vt 0.951114 0.259660
vt 0.951114 0.262083
vt 0.947974 0.262083
vt 0.951114 0.269253
vt 0.947974 0.269253
vt 0.947974 0.266830
vt 0.951114 0.266830
vt 0.947974 0.285389
vt 0.951114 0.285389
vt 0.951114 0.287677
vt 0.947974 0.287677
vt 0.951114 0.294713
vt 0.947974 0.294713
vt 0.947974 0.292425
vt 0.951114 0.292425
vt 0.951114 0.296889
vt 0.947974 0.296889
s 1
usemtl Cabin
f 3923/2984/2978 3924/2985/2978 3926/2986/2979 3925/2987/2979
f 3929/2988/2980 3930/2989/2980 3928/2990/2981 3927/2991/2981
f 3938/2992/2982 3943/2993/2982 3944/2994/2982 3937/2995/2982
f 3946/2996/2982 3935/2997/2982 3936/2998/2982 3945/2999/2982
f 3934/2997/2983 3939/2996/2983 3940/2999/2983 3933/2998/2983
f 3942/2993/2983 3931/2992/2983 3932/2995/2983 3941/2994/2983
f 3943/3000/2984 3942/3001/2984 3941/3002/2985 3944/3003/2985
f 3939/3004/2986 3946/3005/2986 3945/3006/2987 3940/3007/2987
f 3935/3008/2988 3934/3009/2988 3933/3010/2988 3936/3011/2988
f 3931/3012/2988 3938/3013/2988 3937/3014/2988 3932/3015/2988
f 3936/3011/2988 3933/3010/2988 3932/3015/2988 3937/3014/2988
f 3925/3016/2979 3926/3017/2979 3938/3013/2988 3931/3012/2988
f 3933/2998/2983 3940/2999/2983 3941/2994/2983 3932/2995/2983
f 3925/3018/2983 3931/2992/2983 3942/2993/2983 3923/3019/2983
f 3934/3009/2988 3935/3008/2988 3930/2989/2980 3929/2988/2980
f 3934/2997/2983 3929/3020/2983 3927/3021/2983 3939/2996/2983
f 3937/2995/2982 3944/2994/2982 3945/2999/2982 3936/2998/2982
f 3930/3020/2982 3935/2997/2982 3946/2996/2982 3928/3021/2982
f 3938/2992/2982 3926/3018/2982 3924/3019/2982 3943/2993/2982
f 3944/3003/2985 3941/3002/2985 3940/3007/2987 3945/3006/2987
f 3927/2991/2981 3928/2990/2981 3946/3005/2986 3939/3004/2986
f 3942/3001/2984 3943/3000/2984 3924/2985/2978 3923/2984/2978
f 3947/3022/2989 3948/3023/2990 3950/3024/2991 3949/3025/2992
f 3953/3026/2993 3954/3027/2994 3952/3028/2995 3951/3029/2996
f 3962/3030/2997 3967/3031/2997 3968/3032/2997 3961/3033/2997
f 3970/3034/2997 3959/3035/2997 3960/3036/2997 3969/3037/2997
f 3958/2997/2998 3963/2996/2998 3964/2999/2998 3957/2998/2998
f 3966/2993/2998 3955/2992/2998 3956/2995/2998 3965/2994/2998
f 3967/3038/2999 3966/3039/3000 3965/3040/3001 3968/3041/3002
f 3963/3042/3003 3970/3043/3004 3969/3044/3005 3964/3045/3006
f 3959/3046/3007 3958/3047/3007 3957/3048/3007 3960/3049/3007
f 3955/3050/3007 3962/3051/3007 3961/3052/3007 3956/3053/3007
f 3960/3049/3007 3957/3048/3007 3956/3053/3007 3961/3052/3007
f 3949/3054/2992 3950/3055/2991 3962/3051/3007 3955/3050/3007
f 3957/2998/2998 3964/2999/2998 3965/2994/2998 3956/2995/2998
f 3949/3018/2998 3955/2992/2998 3966/2993/2998 3947/3019/2998
f 3958/3047/3007 3959/3046/3007 3954/3027/2994 3953/3026/2993
f 3958/2997/2998 3953/3020/2998 3951/3021/2998 3963/2996/2998
f 3961/3033/2997 3968/3032/2997 3969/3037/2997 3960/3036/2997
f 3954/3056/2997 3959/3035/2997 3970/3034/2997 3952/3057/2997
f 3962/3030/2997 3950/3058/2997 3948/3059/2997 3967/3031/2997
f 3968/3041/3002 3965/3040/3001 3964/3045/3006 3969/3044/3005
f 3951/3029/2996 3952/3028/2995 3970/3043/3004 3963/3042/3003
f 3966/3039/3000 3967/3038/2999 3948/3023/2990 3947/3022/2989
f 3971/3060/3008 3972/3061/3009 3974/3062/3010 3973/3063/3011
f 3977/3064/3012 3978/3065/3013 3976/3066/3014 3975/3067/3015
f 3986/3030/3016 3991/3031/3016 3992/3032/3016 3985/3033/3016
f 3994/3034/3016 3983/3035/3016 3984/3036/3016 3993/3037/3016
f 3982/2997/3017 3987/2996/3017 3988/2999/3017 3981/2998/3017
f 3990/2993/3017 3979/2992/3017 3980/2995/3017 3989/2994/3017
f 3991/3068/3018 3990/3069/3019 3989/3070/3020 3992/3071/3021
f 3987/3072/3022 3994/3073/3023 3993/3074/3024 3988/3075/3025
f 3983/3076/3026 3982/3077/3026 3981/3078/3026 3984/3079/3026
f 3979/3080/3026 3986/3081/3026 3985/3082/3026 3980/3083/3026
f 3984/3079/3026 3981/3078/3026 3980/3083/3026 3985/3082/3026
f 3973/3084/3011 3974/3085/3010 3986/3081/3026 3979/3080/3026
f 3981/2998/3017 3988/2999/3017 3989/2994/3017 3980/2995/3017
f 3973/3018/3017 3979/2992/3017 3990/2993/3017 3971/3019/3017
f 3982/3077/3026 3983/3076/3026 3978/3065/3013 3977/3064/3012
f 3982/2997/3017 3977/3020/3017 3975/3021/3017 3987/2996/3017
f 3985/3033/3016 3992/3032/3016 3993/3037/3016 3984/3036/3016
f 3978/3056/3016 3983/3035/3016 3994/3034/3016 3976/3057/3016
f 3986/3030/3016 3974/3058/3016 3972/3059/3016 3991/3031/3016
f 3992/3071/3021 3989/3070/3020 3988/3075/3025 3993/3074/3024
f 3975/3067/3015 3976/3066/3014 3994/3073/3023 3987/3072/3022
f 3990/3069/3019 3991/3068/3018 3972/3061/3009 3971/3060/3008
f 3995/3086/3027 3996/3087/3028 3998/3088/3029 3997/3089/3030
f 4001/3090/3031 4002/3091/3032 4000/3092/3033 3999/3093/3034
f 4010/2992/3035 4015/2993/3035 4016/2994/3035 4009/2995/3035
f 4018/2996/3035 4007/2997/3035 4008/2998/3035 4017/2999/3035
f 4006/2997/3036 4011/2996/3036 4012/2999/3036 4005/2998/3036
f 4014/2993/3036 4003/2992/3036 4004/2995/3036 4013/2994/3036
f 4015/3094/3037 4014/3095/3038 4013/3096/3039 4016/3097/3040
f 4011/3098/3041 4018/3099/3042 4017/3100/3043 4012/3101/3044
f 4007/3102/3045 4006/3103/3045 4005/3104/3045 4008/3105/3045
f 4003/3106/3045 4010/3107/3045 4009/3108/3045 4004/3109/3045
f 4008/3105/3045 4005/3104/3045 4004/3109/3045 4009/3108/3045
f 3997/3110/3030 3998/3111/3029 4010/3107/3045 4003/3106/3045
f 4005/2998/3036 4012/2999/3036 4013/2994/3036 4004/2995/3036
f 3997/3018/3036 4003/2992/3036 4014/2993/3036 3995/3019/3036
f 4006/3103/3045 4007/3102/3045 4002/3091/3032 4001/3090/3031
f 4006/2997/3036 4001/3020/3036 3999/3021/3036 4011/2996/3036
f 4009/2995/3035 4016/2994/3035 4017/2999/3035 4008/2998/3035
f 4002/3020/3035 4007/2997/3035 4018/2996/3035 4000/3021/3035
f 4010/2992/3035 3998/3018/3035 3996/3019/3035 4015/2993/3035
f 4016/3097/3040 4013/3096/3039 4012/3101/3044 4017/3100/3043
f 3999/3093/3034 4000/3092/3033 4018/3099/3042 4011/3098/3041
f 4014/3095/3038 4015/3094/3037 3996/3087/3028 3995/3086/3027
f 4019/3112/3046 4020/3113/3047 4022/3114/3048 4021/3115/3049
f 4025/3116/3050 4026/3117/3051 4024/3118/3052 4023/3119/3053
f 4034/3120/3054 4039/3121/3054 4040/3122/3054 4033/3123/3054
f 4042/3124/3054 4031/3125/3054 4032/3126/3054 4041/3127/3054
f 4030/2997/3055 4035/2996/3055 4036/2999/3055 4029/2998/3055
f 4038/2993/3055 4027/2992/3055 4028/2995/3055 4037/2994/3055
f 4039/3128/3056 4038/3129/3057 4037/3130/3058 4040/3131/3059
f 4035/3132/3060 4042/3133/3061 4041/3134/3062 4036/3135/3063
f 4031/3136/3064 4030/3137/3064 4029/3138/3064 4032/3139/3064
f 4027/3140/3064 4034/3141/3064 4033/3142/3064 4028/3143/3064
f 4032/3139/3064 4029/3138/3064 4028/3143/3064 4033/3142/3064
f 4021/3144/3049 4022/3145/3048 4034/3141/3064 4027/3140/3064
f 4029/2998/3055 4036/2999/3055 4037/2994/3055 4028/2995/3055
f 4021/3018/3055 4027/2992/3055 4038/2993/3055 4019/3019/3055
f 4030/3137/3064 4031/3136/3064 4026/3117/3051 4025/3116/3050
f 4030/2997/3055 4025/3020/3055 4023/3021/3055 4035/2996/3055
f 4033/3123/3054 4040/3122/3054 4041/3127/3054 4032/3126/3054
f 4026/3146/3054 4031/3125/3054 4042/3124/3054 4024/3147/3054
f 4034/3120/3054 4022/3148/3054 4020/3149/3054 4039/3121/3054
f 4040/3131/3059 4037/3130/3058 4036/3135/3063 4041/3134/3062
f 4023/3119/3053 4024/3118/3052 4042/3133/3061 4035/3132/3060
f 4038/3129/3057 4039/3128/3056 4020/3113/3047 4019/3112/3046
f 4043/3150/2978 4044/3151/2978 4046/3152/2979 4045/3153/2979
f 4049/3154/2980 4050/3155/2980 4048/3156/2981 4047/3157/2981
f 4058/2992/2982 4063/2993/2982 4064/2994/2982 4057/2995/2982
f 4066/2996/2982 4055/2997/2982 4056/2998/2982 4065/2999/2982
f 4054/2997/2983 4059/2996/2983 4060/2999/2983 4053/2998/2983
f 4062/2993/2983 4051/2992/2983 4052/2995/2983 4061/2994/2983
f 4063/3158/2984 4062/3159/2984 4061/3160/2985 4064/3161/2985
f 4059/3162/2986 4066/3163/2986 4065/3164/2987 4060/3165/2987
f 4055/3166/2988 4054/3167/2988 4053/3168/2988 4056/3169/2988
f 4051/3170/2988 4058/3171/2988 4057/3172/2988 4052/3173/2988
f 4056/3169/2988 4053/3168/2988 4052/3173/2988 4057/3172/2988
f 4045/3174/2979 4046/3175/2979 4058/3171/2988 4051/3170/2988
f 4053/2998/2983 4060/2999/2983 4061/2994/2983 4052/2995/2983
f 4045/3018/2983 4051/2992/2983 4062/2993/2983 4043/3019/2983
f 4054/3167/2988 4055/3166/2988 4050/3155/2980 4049/3154/2980
f 4054/2997/2983 4049/3020/2983 4047/3021/2983 4059/2996/2983
f 4057/2995/2982 4064/2994/2982 4065/2999/2982 4056/2998/2982
f 4050/3020/2982 4055/2997/2982 4066/2996/2982 4048/3021/2982
f 4058/2992/2982 4046/3018/2982 4044/3019/2982 4063/2993/2982
f 4064/3161/2985 4061/3160/2985 4060/3165/2987 4065/3164/2987
f 4047/3157/2981 4048/3156/2981 4066/3163/2986 4059/3162/2986
f 4062/3159/2984 4063/3158/2984 4044/3151/2978 4043/3150/2978
f 4067/2984/3065 4069/2987/3066 4070/2986/3067 4068/2985/3068
f 4073/2988/3069 4071/2991/3070 4072/2990/3071 4074/2989/3072
f 4082/2992/3073 4081/2995/3073 4088/2994/3073 4087/2993/3073
f 4090/2996/3073 4089/2999/3073 4080/2998/3073 4079/2997/3073
f 4078/2997/3074 4077/2998/3074 4084/2999/3074 4083/2996/3074
f 4086/2993/3074 4085/2994/3074 4076/2995/3074 4075/2992/3074
f 4087/3000/3075 4088/3003/3076 4085/3002/3077 4086/3001/3078
f 4083/3004/3079 4084/3007/3080 4089/3006/3081 4090/3005/3082
f 4079/3008/3083 4080/3011/3083 4077/3010/3083 4078/3009/3083
f 4075/3012/3083 4076/3015/3083 4081/3014/3083 4082/3013/3083
f 4080/3011/3083 4081/3014/3083 4076/3015/3083 4077/3010/3083
f 4069/3016/3066 4075/3012/3083 4082/3013/3083 4070/3017/3067
f 4077/2998/3074 4076/2995/3074 4085/2994/3074 4084/2999/3074
f 4069/3018/3074 4067/3019/3074 4086/2993/3074 4075/2992/3074
f 4078/3009/3083 4073/2988/3069 4074/2989/3072 4079/3008/3083
f 4078/2997/3074 4083/2996/3074 4071/3021/3074 4073/3020/3074
f 4081/2995/3073 4080/2998/3073 4089/2999/3073 4088/2994/3073
f 4074/3020/3073 4072/3021/3073 4090/2996/3073 4079/2997/3073
f 4082/2992/3073 4087/2993/3073 4068/3019/3073 4070/3018/3073
f 4088/3003/3076 4089/3006/3081 4084/3007/3080 4085/3002/3077
f 4071/2991/3070 4083/3004/3079 4090/3005/3082 4072/2990/3071
f 4086/3001/3078 4067/2984/3065 4068/2985/3068 4087/3000/3075
f 4091/3022/3084 4093/3025/3085 4094/3024/3086 4092/3023/3087
f 4097/3026/3088 4095/3029/3089 4096/3028/3090 4098/3027/3091
f 4106/3030/3092 4105/3033/3092 4112/3032/3092 4111/3031/3092
f 4114/3034/3092 4113/3037/3092 4104/3036/3092 4103/3035/3092
f 4102/2997/3093 4101/2998/3093 4108/2999/3093 4107/2996/3093
f 4110/2993/3093 4109/2994/3093 4100/2995/3093 4099/2992/3093
f 4111/3038/3094 4112/3041/3095 4109/3040/3096 4110/3039/3097
f 4107/3042/3098 4108/3045/3099 4113/3044/3100 4114/3043/3101
f 4103/3046/3102 4104/3049/3102 4101/3048/3102 4102/3047/3102
f 4099/3050/3102 4100/3053/3102 4105/3052/3102 4106/3051/3102
f 4104/3049/3102 4105/3052/3102 4100/3053/3102 4101/3048/3102
f 4093/3054/3085 4099/3050/3102 4106/3051/3102 4094/3055/3086
f 4101/2998/3093 4100/2995/3093 4109/2994/3093 4108/2999/3093
f 4093/3018/3093 4091/3019/3093 4110/2993/3093 4099/2992/3093
f 4102/3047/3102 4097/3026/3088 4098/3027/3091 4103/3046/3102
f 4102/2997/3093 4107/2996/3093 4095/3021/3093 4097/3020/3093
f 4105/3033/3092 4104/3036/3092 4113/3037/3092 4112/3032/3092
f 4098/3056/3092 4096/3057/3092 4114/3034/3092 4103/3035/3092
f 4106/3030/3092 4111/3031/3092 4092/3059/3092 4094/3058/3092
f 4112/3041/3095 4113/3044/3100 4108/3045/3099 4109/3040/3096
f 4095/3029/3089 4107/3042/3098 4114/3043/3101 4096/3028/3090
f 4110/3039/3097 4091/3022/3084 4092/3023/3087 4111/3038/3094
f 4115/3060/3103 4117/3063/3104 4118/3062/3105 4116/3061/3106
f 4121/3064/3107 4119/3067/3108 4120/3066/3109 4122/3065/3110
f 4130/3030/3111 4129/3033/3111 4136/3032/3111 4135/3031/3111
f 4138/3034/3111 4137/3037/3111 4128/3036/3111 4127/3035/3111
f 4126/2997/3112 4125/2998/3112 4132/2999/3112 4131/2996/3112
f 4134/2993/3112 4133/2994/3112 4124/2995/3112 4123/2992/3112
f 4135/3068/3113 4136/3071/3114 4133/3070/3115 4134/3069/3116
f 4131/3072/3117 4132/3075/3118 4137/3074/3119 4138/3073/3120
f 4127/3076/3121 4128/3079/3121 4125/3078/3121 4126/3077/3121
f 4123/3080/3121 4124/3083/3121 4129/3082/3121 4130/3081/3121
f 4128/3079/3121 4129/3082/3121 4124/3083/3121 4125/3078/3121
f 4117/3084/3104 4123/3080/3121 4130/3081/3121 4118/3085/3105
f 4125/2998/3112 4124/2995/3112 4133/2994/3112 4132/2999/3112
f 4117/3018/3112 4115/3019/3112 4134/2993/3112 4123/2992/3112
f 4126/3077/3121 4121/3064/3107 4122/3065/3110 4127/3076/3121
f 4126/2997/3112 4131/2996/3112 4119/3021/3112 4121/3020/3112
f 4129/3033/3111 4128/3036/3111 4137/3037/3111 4136/3032/3111
f 4122/3056/3111 4120/3057/3111 4138/3034/3111 4127/3035/3111
f 4130/3030/3111 4135/3031/3111 4116/3059/3111 4118/3058/3111
f 4136/3071/3114 4137/3074/3119 4132/3075/3118 4133/3070/3115
f 4119/3067/3108 4131/3072/3117 4138/3073/3120 4120/3066/3109
f 4134/3069/3116 4115/3060/3103 4116/3061/3106 4135/3068/3113
f 4139/3086/3122 4141/3089/3123 4142/3088/3124 4140/3087/3125
f 4145/3090/3126 4143/3093/3127 4144/3092/3128 4146/3091/3129
f 4154/2992/3130 4153/2995/3130 4160/2994/3130 4159/2993/3130
f 4162/2996/3130 4161/2999/3130 4152/2998/3130 4151/2997/3130
f 4150/2997/3131 4149/2998/3131 4156/2999/3131 4155/2996/3131
f 4158/2993/3131 4157/2994/3131 4148/2995/3131 4147/2992/3131
f 4159/3094/3132 4160/3097/3133 4157/3096/3134 4158/3095/3135
f 4155/3098/3136 4156/3101/3137 4161/3100/3138 4162/3099/3139
f 4151/3102/3140 4152/3105/3140 4149/3104/3140 4150/3103/3140
f 4147/3106/3140 4148/3109/3140 4153/3108/3140 4154/3107/3140
f 4152/3105/3140 4153/3108/3140 4148/3109/3140 4149/3104/3140
f 4141/3110/3123 4147/3106/3140 4154/3107/3140 4142/3111/3124
f 4149/2998/3131 4148/2995/3131 4157/2994/3131 4156/2999/3131
f 4141/3018/3131 4139/3019/3131 4158/2993/3131 4147/2992/3131
f 4150/3103/3140 4145/3090/3126 4146/3091/3129 4151/3102/3140
f 4150/2997/3131 4155/2996/3131 4143/3021/3131 4145/3020/3131
f 4153/2995/3130 4152/2998/3130 4161/2999/3130 4160/2994/3130
f 4146/3020/3130 4144/3021/3130 4162/2996/3130 4151/2997/3130
f 4154/2992/3130 4159/2993/3130 4140/3019/3130 4142/3018/3130
f 4160/3097/3133 4161/3100/3138 4156/3101/3137 4157/3096/3134
f 4143/3093/3127 4155/3098/3136 4162/3099/3139 4144/3092/3128
f 4158/3095/3135 4139/3086/3122 4140/3087/3125 4159/3094/3132
f 4163/3112/3141 4165/3115/3142 4166/3114/3143 4164/3113/3144
f 4169/3116/3145 4167/3119/3146 4168/3118/3147 4170/3117/3148
f 4178/3120/3149 4177/3123/3149 4184/3122/3149 4183/3121/3149
f 4186/3124/3149 4185/3127/3149 4176/3126/3149 4175/3125/3149
f 4174/2997/3150 4173/2998/3150 4180/2999/3150 4179/2996/3150
f 4182/2993/3150 4181/2994/3150 4172/2995/3150 4171/2992/3150
f 4183/3128/3151 4184/3131/3152 4181/3130/3153 4182/3129/3154
f 4179/3132/3155 4180/3135/3156 4185/3134/3157 4186/3133/3158
f 4175/3136/3159 4176/3139/3159 4173/3138/3159 4174/3137/3159
f 4171/3140/3159 4172/3143/3159 4177/3142/3159 4178/3141/3159
f 4176/3139/3159 4177/3142/3159 4172/3143/3159 4173/3138/3159
f 4165/3144/3142 4171/3140/3159 4178/3141/3159 4166/3145/3143
f 4173/2998/3150 4172/2995/3150 4181/2994/3150 4180/2999/3150
f 4165/3018/3150 4163/3019/3150 4182/2993/3150 4171/2992/3150
f 4174/3137/3159 4169/3116/3145 4170/3117/3148 4175/3136/3159
f 4174/2997/3150 4179/2996/3150 4167/3021/3150 4169/3020/3150
f 4177/3123/3149 4176/3126/3149 4185/3127/3149 4184/3122/3149
f 4170/3146/3149 4168/3147/3149 4186/3124/3149 4175/3125/3149
f 4178/3120/3149 4183/3121/3149 4164/3149/3149 4166/3148/3149
f 4184/3131/3152 4185/3134/3157 4180/3135/3156 4181/3130/3153
f 4167/3119/3146 4179/3132/3155 4186/3133/3158 4168/3118/3147
f 4182/3129/3154 4163/3112/3141 4164/3113/3144 4183/3128/3151
f 4187/3150/3065 4189/3153/3066 4190/3152/3067 4188/3151/3068
f 4193/3154/3069 4191/3157/3070 4192/3156/3071 4194/3155/3072
f 4202/2992/3073 4201/2995/3073 4208/2994/3073 4207/2993/3073
f 4210/2996/3073 4209/2999/3073 4200/2998/3073 4199/2997/3073
f 4198/2997/3074 4197/2998/3074 4204/2999/3074 4203/2996/3074
f 4206/2993/3074 4205/2994/3074 4196/2995/3074 4195/2992/3074
f 4207/3158/3075 4208/3161/3076 4205/3160/3077 4206/3159/3078
f 4203/3162/3079 4204/3165/3080 4209/3164/3081 4210/3163/3082
f 4199/3166/3083 4200/3169/3083 4197/3168/3083 4198/3167/3083
f 4195/3170/3083 4196/3173/3083 4201/3172/3083 4202/3171/3083
f 4200/3169/3083 4201/3172/3083 4196/3173/3083 4197/3168/3083
f 4189/3174/3066 4195/3170/3083 4202/3171/3083 4190/3175/3067
f 4197/2998/3074 4196/2995/3074 4205/2994/3074 4204/2999/3074
f 4189/3018/3074 4187/3019/3074 4206/2993/3074 4195/2992/3074
f 4198/3167/3083 4193/3154/3069 4194/3155/3072 4199/3166/3083
f 4198/2997/3074 4203/2996/3074 4191/3021/3074 4193/3020/3074
f 4201/2995/3073 4200/2998/3073 4209/2999/3073 4208/2994/3073
f 4194/3020/3073 4192/3021/3073 4210/2996/3073 4199/2997/3073
f 4202/2992/3073 4207/2993/3073 4188/3019/3073 4190/3018/3073
f 4208/3161/3076 4209/3164/3081 4204/3165/3080 4205/3160/3077
f 4191/3157/3070 4203/3162/3079 4210/3163/3082 4192/3156/3071
f 4206/3159/3078 4187/3150/3065 4188/3151/3068 4207/3158/3075
o Cube.036
v -0.345597 7.776391 -0.820824
v -0.292076 7.724341 -0.820824
v -0.298260 8.075480 -0.820824
v -0.351132 8.031864 -0.820824
v 0.002208 7.738387 -0.820824
v 0.057282 7.795250 -0.820824
v 0.067086 7.985349 -0.820824
v 0.016017 8.041084 -0.820824
v 0.002235 7.699357 0.028119
v 0.057254 7.755676 0.028119
v 0.067105 7.946687 0.028119
v 0.016113 8.002042 0.028119
v -0.345585 7.736811 0.028119
v -0.292106 7.685308 0.028119
v -0.298367 8.036460 0.028119
v -0.351140 7.993188 0.028119
v 0.067022 8.131402 -1.547827
v 0.015731 8.188407 -1.547827
v -0.297937 8.222736 -1.547827
v -0.351107 8.177992 -1.547827
v -0.345644 7.925867 -1.547827
v -0.291985 7.871637 -1.547827
v 0.002125 7.885674 -1.547827
v 0.057393 7.944695 -1.547827
v 0.066987 8.444616 -2.512655
v 0.015246 8.502354 -2.512655
v -0.345711 8.242832 -2.512655
v -0.291829 8.185538 -2.512655
v -0.297388 8.536570 -2.512655
v -0.351096 8.491404 -2.512655
v 0.001984 8.199561 -2.512655
v 0.057547 8.261580 -2.512655
v 0.072805 8.450028 -3.123894
v 0.017563 8.386502 -3.123894
v 0.097706 8.406050 -3.047662
v 0.042500 8.343181 -3.047285
v -0.332167 8.328465 -3.047809
v -0.386204 8.387498 -3.047894
v -0.306659 8.373950 -3.123894
v -0.360826 8.433860 -3.123894
v -0.391964 8.698627 -3.047952
v -0.337401 8.742490 -3.048169
v -0.365670 8.701109 -3.123894
v -0.309973 8.744534 -3.123894
v 0.055129 8.707047 -3.049643
v 0.108319 8.652253 -3.049483
v 0.026854 8.714321 -3.123894
v 0.081538 8.659790 -3.123894
vn -0.0000 -0.0000 -1.0000
vn 0.3592 -0.9323 -0.0430
vn 0.3763 -0.9214 -0.0971
vn 0.8888 -0.4541 -0.0612
vn 0.8846 -0.4659 -0.0216
vn -0.2803 0.9589 0.0440
vn -0.2931 0.9490 0.1158
vn -0.9314 0.3625 0.0337
vn -0.9213 0.3884 0.0177
vn 0.4631 0.8801 0.1049
vn 0.4505 0.8919 0.0409
vn 0.9528 0.3034 0.0139
vn 0.9587 0.2833 0.0248
vn -0.3187 -0.9428 -0.0976
vn -0.3008 -0.9527 -0.0439
vn -0.8808 -0.4730 -0.0219
vn -0.8863 -0.4589 -0.0620
vn -0.9293 0.3601 0.0825
vn -0.2973 0.9220 0.2482
vn 0.9210 -0.3748 -0.1059
vn 0.4276 -0.8779 -0.2156
vn 0.9539 0.2930 0.0650
vn 0.4628 0.8568 0.2274
vn -0.9256 0.3420 0.1620
vn -0.2687 0.9010 0.3406
vn -0.9228 -0.3707 -0.1054
vn -0.3725 -0.9017 -0.2196
vn 0.9276 -0.3662 -0.0736
vn 0.4262 -0.8686 -0.2528
vn 0.9485 0.2840 0.1403
vn 0.4282 0.8444 0.3219
vn -0.9298 -0.3610 -0.0716
vn -0.3750 -0.8898 -0.2600
vn 0.9057 -0.1605 -0.3923
vn 0.9539 -0.2704 -0.1306
vn 0.5188 -0.8130 -0.2642
vn 0.3643 -0.7532 -0.5478
vn -0.9573 -0.2588 -0.1285
vn -0.9114 -0.1371 -0.3880
vn -0.3070 -0.7680 -0.5621
vn -0.4777 -0.8360 -0.2700
vn -0.3746 0.9261 0.0446
vn -0.0492 0.9987 0.0123
vn -0.7811 0.5692 -0.2568
vn -0.8638 0.5039 0.0009
vn 0.9087 0.4175 -0.0052
vn 0.8181 0.5195 -0.2466
vn 0.2026 0.9791 0.0186
vn 0.5024 0.8634 0.0455
vt 0.223885 0.658700
vt 0.184165 0.657303
vt 0.190843 0.652378
vt 0.216255 0.653527
vt 0.180079 0.688148
vt 0.224998 0.688460
vt 0.217669 0.693329
vt 0.185272 0.693329
vt 0.168010 0.548854
vt 0.140792 0.551396
vt 0.140999 0.562446
vt 0.168283 0.559755
vt 0.170468 0.646783
vt 0.142649 0.650664
vt 0.142838 0.660724
vt 0.170717 0.656708
vt 0.141935 0.612472
vt 0.169522 0.609106
vt 0.169249 0.598205
vt 0.141728 0.601422
vt 0.140078 0.513204
vt 0.167064 0.511177
vt 0.166815 0.501253
vt 0.139890 0.503144
vt 0.108407 0.665685
vt 0.108294 0.655457
vt 0.107304 0.565769
vt 0.107180 0.554535
vt 0.107742 0.605395
vt 0.107866 0.616628
vt 0.046009 0.674675
vt 0.046033 0.664144
vt 0.106639 0.505479
vt 0.106752 0.515707
vt 0.046239 0.571792
vt 0.046265 0.560225
vt 0.046148 0.612594
vt 0.046122 0.624161
vt 0.046378 0.509711
vt 0.046355 0.520243
vt 0.005336 0.575826
vt 0.011763 0.575192
vt 0.011873 0.563437
vt 0.005462 0.564035
vt 0.012356 0.512101
vt 0.006013 0.512546
vt 0.005899 0.523281
vt 0.012255 0.522803
vt 0.010881 0.669048
vt 0.004328 0.669962
vt 0.004213 0.680697
vt 0.010780 0.679750
vt 0.011373 0.616659
vt 0.004891 0.617416
vt 0.004765 0.629207
vt 0.011263 0.628415
vt 0.143566 0.699700
vt 0.108845 0.705310
vt 0.171682 0.695158
vt 0.045918 0.715477
vt 0.010390 0.721217
vt 0.003768 0.722287
s 1
usemtl Cabin
f 4244/3176/3160 4257/3177/3160 4258/3178/3160 4243/3179/3160
f 4254/3180/3160 4249/3181/3160 4250/3182/3160 4253/3183/3160
f 4219/3184/3161 4215/3185/3162 4216/3186/3163 4220/3187/3164
f 4225/3188/3165 4213/3189/3166 4214/3190/3167 4226/3191/3168
f 4218/3192/3169 4222/3193/3170 4221/3194/3171 4217/3195/3172
f 4212/3196/3173 4224/3197/3174 4223/3198/3175 4211/3199/3176
f 4230/3200/3177 4214/3190/3167 4213/3189/3166 4229/3201/3178
f 4234/3202/3179 4216/3186/3163 4215/3185/3162 4233/3203/3180
f 4217/3195/3172 4227/3204/3181 4228/3205/3182 4218/3192/3169
f 4240/3206/3183 4230/3200/3177 4229/3201/3178 4239/3207/3184
f 4211/3199/3176 4231/3208/3185 4232/3209/3186 4212/3196/3173
f 4242/3210/3187 4234/3202/3179 4233/3203/3180 4241/3211/3188
f 4227/3204/3181 4235/3212/3189 4236/3213/3190 4228/3205/3182
f 4231/3208/3185 4237/3214/3191 4238/3215/3192 4232/3209/3186
f 4243/3216/3193 4245/3217/3194 4246/3218/3195 4244/3219/3196
f 4248/3220/3197 4250/3221/3198 4249/3222/3199 4247/3223/3200
f 4252/3224/3201 4254/3225/3202 4253/3226/3203 4251/3227/3204
f 4256/3228/3205 4258/3229/3206 4257/3230/3207 4255/3231/3208
f 4245/3217/3194 4242/3210/3187 4241/3211/3188 4246/3218/3195
f 4237/3214/3191 4248/3220/3197 4247/3223/3200 4238/3215/3192
f 4255/3231/3208 4236/3213/3190 4235/3212/3189 4256/3228/3205
f 4239/3207/3184 4252/3224/3201 4251/3227/3204 4240/3206/3183
f 4215/3185/3162 4212/3196/3173 4232/3209/3186 4233/3203/3180
f 4215/3185/3162 4219/3184/3161 4224/3197/3174 4212/3196/3173
f 4211/3232/3176 4214/3190/3167 4230/3200/3177 4231/3233/3185
f 4223/3234/3175 4226/3191/3168 4214/3190/3167 4211/3232/3176
f 4213/3189/3166 4218/3192/3169 4228/3205/3182 4229/3201/3178
f 4222/3193/3170 4218/3192/3169 4213/3189/3166 4225/3188/3165
f 4216/3186/3163 4217/3195/3172 4221/3194/3171 4220/3187/3164
f 4217/3195/3172 4216/3186/3163 4234/3202/3179 4227/3204/3181
f 4229/3201/3178 4228/3205/3182 4236/3213/3190 4239/3207/3184
f 4227/3204/3181 4234/3202/3179 4242/3210/3187 4235/3212/3189
f 4231/3233/3185 4230/3200/3177 4240/3206/3183 4237/3235/3191
f 4233/3203/3180 4232/3209/3186 4238/3215/3192 4241/3211/3188
f 4239/3207/3184 4236/3213/3190 4255/3231/3208 4252/3224/3201
f 4235/3212/3189 4242/3210/3187 4245/3217/3194 4256/3228/3205
f 4241/3211/3188 4238/3215/3192 4247/3223/3200 4246/3218/3195
f 4237/3235/3191 4240/3206/3183 4251/3227/3204 4248/3236/3197
f 4256/3228/3205 4245/3217/3194 4243/3216/3193 4258/3229/3206
f 4246/3218/3195 4247/3223/3200 4249/3222/3199 4244/3219/3196
f 4249/3181/3160 4254/3180/3160 4257/3177/3160 4244/3176/3160
f 4248/3236/3197 4251/3227/3204 4253/3226/3203 4250/3237/3198
f 4252/3224/3201 4255/3231/3208 4257/3230/3207 4254/3225/3202
o Cube.035
v -3.047523 2.413944 -2.459810
v -3.047523 2.524706 -2.459810
v -2.783801 2.413944 -2.442319
v -2.783801 2.524706 -2.442319
v -3.065015 2.413944 -2.196088
v -3.065015 2.524706 -2.196088
v -2.801292 2.413944 -2.178597
v -2.801292 2.524706 -2.178597
v -2.913020 2.391808 -2.490898
v -2.913020 2.535280 -2.490898
v -2.935796 2.391808 -2.147510
v -2.935796 2.535280 -2.147510
v -2.752714 2.391808 -2.307816
v -2.752714 2.535280 -2.307816
v -3.096102 2.391808 -2.330591
v -3.096102 2.535280 -2.330591
v -2.924408 2.498791 -2.319204
v -2.924408 2.325087 -2.319204
v -3.084714 2.499317 -2.502285
v -2.741326 2.499317 -2.479510
v -2.764102 2.499317 -2.136122
v -3.107490 2.499317 -2.158897
v -2.938876 2.484611 -2.101058
v -2.909940 2.484611 -2.537350
v -3.142554 2.484611 -2.333672
v -2.706262 2.484611 -2.304735
vn -0.4611 -0.7142 -0.5266
vn -0.1774 0.9630 -0.2026
vn 0.5266 -0.7142 -0.4611
vn 0.2026 0.9630 -0.1774
vn -0.5266 -0.7142 0.4611
vn -0.2026 0.9630 0.1774
vn 0.4611 -0.7142 0.5266
vn 0.1774 0.9630 0.2026
vn 0.0362 -0.8375 -0.5453
vn 0.0157 0.9715 -0.2367
vn -0.0362 -0.8375 0.5453
vn -0.0157 0.9715 0.2367
vn 0.5453 -0.8375 0.0362
vn 0.2367 0.9715 0.0157
vn -0.5453 -0.8375 -0.0362
vn -0.2367 0.9715 -0.0157
vn -0.0000 1.0000 -0.0000
vn -0.0000 -1.0000 -0.0000
vn -0.6164 0.3527 -0.7040
vn 0.7040 0.3527 -0.6164
vn 0.6164 0.3527 0.7040
vn -0.7040 0.3527 0.6164
vn -0.0649 0.1964 0.9784
vn 0.0649 0.1964 -0.9784
vn -0.9784 0.1964 -0.0649
vn 0.9784 0.1964 0.0649
vt 0.057987 0.020044
vt 0.050349 0.023624
vt 0.045103 0.016536
vt 0.047109 0.010989
vt 0.032956 0.010989
vt 0.036536 0.018627
vt 0.029448 0.023874
vt 0.023901 0.021867
vt 0.023901 0.036020
vt 0.031539 0.032440
vt 0.036785 0.039529
vt 0.034779 0.045075
vt 0.048932 0.045075
vt 0.045352 0.037437
vt 0.052440 0.032191
vt 0.057987 0.034198
vt 0.036601 0.088315
vt 0.045226 0.100254
vt 0.039531 0.106959
vt 0.029890 0.103711
vt 0.040944 0.028032
vt 0.051101 0.088315
vt 0.052507 0.096298
vt 0.052507 0.080333
vt 0.045226 0.076377
vt 0.029890 0.072920
vt 0.039531 0.069671
vt 0.063929 0.075037
vt 0.064351 0.088315
vt 0.044004 0.119475
vt 0.030424 0.119176
vt 0.044004 0.057155
vt 0.054073 0.066042
vt 0.063929 0.101593
vt 0.054073 0.110589
vt 0.030424 0.057455
s 1
usemtl Cabin
f 4282/3238/3232 4268/3239/3218 4262/3240/3212 4278/3241/3228
f 4284/3242/3234 4272/3243/3222 4266/3244/3216 4279/3245/3229
f 4281/3246/3231 4270/3247/3220 4264/3248/3214 4280/3249/3230
f 4283/3250/3233 4274/3251/3224 4260/3252/3210 4277/3253/3227
f 4276/3254/3226 4269/3255/3219 4263/3256/3213 4273/3257/3223
f 4275/3258/3225 4268/3239/3218 4260/3252/3210 4274/3251/3224
f 4272/3243/3222 4262/3240/3212 4268/3239/3218 4275/3258/3225
f 4271/3259/3221 4265/3260/3215 4269/3255/3219 4276/3254/3226
f 4279/3245/3229 4266/3244/3216 4270/3247/3220 4281/3246/3231
f 4277/3253/3227 4260/3252/3210 4268/3239/3218 4282/3238/3232
f 4261/3261/3211 4271/3259/3221 4276/3254/3226 4267/3262/3217
f 4266/3244/3216 4272/3243/3222 4275/3258/3225 4270/3247/3220
f 4270/3247/3220 4275/3258/3225 4274/3251/3224 4264/3248/3214
f 4267/3262/3217 4276/3254/3226 4273/3263/3223 4259/3264/3209
f 4280/3249/3230 4264/3248/3214 4274/3251/3224 4283/3250/3233
f 4278/3241/3228 4262/3240/3212 4272/3243/3222 4284/3242/3234
f 4261/3261/3211 4278/3265/3228 4284/3266/3234 4271/3259/3221
f 4263/3256/3213 4280/3267/3230 4283/3268/3233 4273/3257/3223
f 4259/3264/3209 4277/3269/3227 4282/3270/3232 4267/3262/3217
f 4265/3260/3215 4279/3271/3229 4281/3272/3231 4269/3255/3219
f 4273/3263/3223 4283/3273/3233 4277/3269/3227 4259/3264/3209
f 4269/3255/3219 4281/3272/3231 4280/3267/3230 4263/3256/3213
f 4271/3259/3221 4284/3266/3234 4279/3271/3229 4265/3260/3215
f 4267/3262/3217 4282/3270/3232 4278/3265/3228 4261/3261/3211
o Cube.007
v -2.951697 2.017382 -2.222781
v -2.951697 2.085908 -2.222781
v -2.951697 2.017382 -2.456963
v -2.951697 2.085908 -2.456963
v -2.717515 2.017382 -2.222781
v -2.717515 2.085908 -2.222781
v -2.717515 2.017382 -2.456963
v -2.717515 2.085908 -2.456963
v -2.987068 2.003687 -2.339872
v -2.987068 2.092450 -2.339872
v -2.682144 2.003687 -2.339872
v -2.682144 2.092450 -2.339872
v -2.834606 2.003687 -2.492334
v -2.834606 2.092450 -2.492334
v -2.834606 2.003687 -2.187410
v -2.834606 2.092450 -2.187410
v -2.834606 2.069875 -2.339872
v -2.834606 1.962408 -2.339872
v -2.987068 2.070201 -2.187410
v -2.987068 2.070201 -2.492334
v -2.682144 2.070201 -2.492334
v -2.682144 2.070201 -2.187410
v -2.640895 2.061102 -2.339872
v -3.028317 2.061102 -2.339872
v -2.834606 2.061102 -2.146161
v -2.834606 2.061102 -2.533583
vn -0.3993 -0.8253 0.3993
vn -0.1355 0.9815 0.1355
vn -0.3993 -0.8253 -0.3993
vn -0.1355 0.9815 -0.1355
vn 0.3993 -0.8253 0.3993
vn 0.1355 0.9815 0.1355
vn 0.3993 -0.8253 -0.3993
vn 0.1355 0.9815 -0.1355
vn -0.4146 -0.9100 -0.0000
vn -0.1681 0.9858 -0.0000
vn 0.4146 -0.9100 -0.0000
vn 0.1681 0.9858 -0.0000
vn -0.0000 -0.9100 -0.4146
vn -0.0000 0.9858 -0.1681
vn -0.0000 -0.9100 0.4146
vn -0.0000 0.9858 0.1681
vn -0.0000 1.0000 -0.0000
vn -0.0000 -1.0000 -0.0000
vn -0.6222 0.4750 0.6222
vn -0.6222 0.4750 -0.6222
vn 0.6222 0.4750 -0.6222
vn 0.6222 0.4750 0.6222
vn 0.9612 0.2758 -0.0000
vn -0.9612 0.2758 -0.0000
vn -0.0000 0.2758 0.9612
vn -0.0000 0.2758 -0.9612
vt 0.057987 0.020044
vt 0.050349 0.023624
vt 0.045103 0.016536
vt 0.047109 0.010989
vt 0.032956 0.010989
vt 0.036536 0.018627
vt 0.029448 0.023874
vt 0.023901 0.021867
vt 0.023901 0.036020
vt 0.031539 0.032440
vt 0.036785 0.039529
vt 0.034779 0.045075
vt 0.048932 0.045075
vt 0.045352 0.037437
vt 0.052440 0.032191
vt 0.057987 0.034198
vt 0.036601 0.088315
vt 0.045226 0.100254
vt 0.039531 0.106959
vt 0.029890 0.103711
vt 0.040944 0.028032
vt 0.051101 0.088315
vt 0.052507 0.096298
vt 0.052507 0.080333
vt 0.045226 0.076377
vt 0.029890 0.072920
vt 0.039531 0.069671
vt 0.063929 0.075037
vt 0.064351 0.088315
vt 0.044004 0.119475
vt 0.030424 0.119176
vt 0.044004 0.057155
vt 0.054073 0.066042
vt 0.063929 0.101593
vt 0.054073 0.110589
vt 0.030424 0.057455
s 1
usemtl Cabin
f 4308/3274/3258 4294/3275/3244 4288/3276/3238 4304/3277/3254
f 4310/3278/3260 4298/3279/3248 4292/3280/3242 4305/3281/3255
f 4307/3282/3257 4296/3283/3246 4290/3284/3240 4306/3285/3256
f 4309/3286/3259 4300/3287/3250 4286/3288/3236 4303/3289/3253
f 4302/3290/3252 4295/3291/3245 4289/3292/3239 4299/3293/3249
f 4301/3294/3251 4294/3275/3244 4286/3288/3236 4300/3287/3250
f 4298/3279/3248 4288/3276/3238 4294/3275/3244 4301/3294/3251
f 4297/3295/3247 4291/3296/3241 4295/3291/3245 4302/3290/3252
f 4305/3281/3255 4292/3280/3242 4296/3283/3246 4307/3282/3257
f 4303/3289/3253 4286/3288/3236 4294/3275/3244 4308/3274/3258
f 4287/3297/3237 4297/3295/3247 4302/3290/3252 4293/3298/3243
f 4292/3280/3242 4298/3279/3248 4301/3294/3251 4296/3283/3246
f 4296/3283/3246 4301/3294/3251 4300/3287/3250 4290/3284/3240
f 4293/3298/3243 4302/3290/3252 4299/3299/3249 4285/3300/3235
f 4306/3285/3256 4290/3284/3240 4300/3287/3250 4309/3286/3259
f 4304/3277/3254 4288/3276/3238 4298/3279/3248 4310/3278/3260
f 4287/3297/3237 4304/3301/3254 4310/3302/3260 4297/3295/3247
f 4289/3292/3239 4306/3303/3256 4309/3304/3259 4299/3293/3249
f 4285/3300/3235 4303/3305/3253 4308/3306/3258 4293/3298/3243
f 4291/3296/3241 4305/3307/3255 4307/3308/3257 4295/3291/3245
f 4299/3299/3249 4309/3309/3259 4303/3305/3253 4285/3300/3235
f 4295/3291/3245 4307/3308/3257 4306/3303/3256 4289/3292/3239
f 4297/3295/3247 4310/3302/3260 4305/3307/3255 4291/3296/3241
f 4293/3298/3243 4308/3306/3258 4304/3301/3254 4287/3297/3237
o Cube.009
v -2.768750 1.459582 -2.124460
v -2.768750 1.528109 -2.124460
v -2.997195 1.459582 -2.175980
v -2.997195 1.528109 -2.175980
v -2.717230 1.459582 -2.352905
v -2.717230 1.528109 -2.352905
v -2.945675 1.459582 -2.404425
v -2.945675 1.528109 -2.404425
v -2.890754 1.445888 -2.115716
v -2.890754 1.534650 -2.115716
v -2.823671 1.445888 -2.413170
v -2.823671 1.534650 -2.413170
v -3.005939 1.445888 -2.297984
v -3.005939 1.534650 -2.297984
v -2.708485 1.445888 -2.230901
v -2.708485 1.534650 -2.230901
v -2.857212 1.512076 -2.264443
v -2.857212 1.404609 -2.264443
v -2.742027 1.512401 -2.082174
v -3.039481 1.512401 -2.149257
v -2.972398 1.512401 -2.446711
v -2.674944 1.512401 -2.379628
v -2.814596 1.503303 -2.453408
v -2.899828 1.503303 -2.075477
v -2.668247 1.503303 -2.221827
v -3.046178 1.503303 -2.307059
vn 0.3017 -0.8253 0.4774
vn 0.1024 0.9815 0.1620
vn -0.4774 -0.8253 0.3017
vn -0.1620 0.9815 0.1024
vn 0.4774 -0.8253 -0.3017
vn 0.1620 0.9815 -0.1024
vn -0.3017 -0.8253 -0.4774
vn -0.1024 0.9815 -0.1620
vn -0.0912 -0.9100 0.4045
vn -0.0370 0.9858 0.1639
vn 0.0912 -0.9100 -0.4045
vn 0.0370 0.9858 -0.1639
vn -0.4045 -0.9100 -0.0912
vn -0.1639 0.9858 -0.0370
vn 0.4045 -0.9100 0.0912
vn 0.1639 0.9858 0.0370
vn -0.0000 1.0000 -0.0000
vn -0.0000 -1.0000 -0.0000
vn 0.4701 0.4750 0.7439
vn -0.7439 0.4750 0.4701
vn -0.4701 0.4750 -0.7439
vn 0.7439 0.4750 -0.4701
vn 0.2115 0.2758 -0.9377
vn -0.2115 0.2758 0.9377
vn 0.9377 0.2758 0.2115
vn -0.9377 0.2758 -0.2115
vt 0.057987 0.020044
vt 0.050349 0.023624
vt 0.045103 0.016536
vt 0.047109 0.010989
vt 0.032956 0.010989
vt 0.036536 0.018627
vt 0.029448 0.023874
vt 0.023901 0.021867
vt 0.023901 0.036020
vt 0.031539 0.032440
vt 0.036785 0.039529
vt 0.034779 0.045075
vt 0.048932 0.045075
vt 0.045352 0.037437
vt 0.052440 0.032191
vt 0.057987 0.034198
vt 0.036601 0.088315
vt 0.045226 0.100254
vt 0.039531 0.106959
vt 0.029890 0.103711
vt 0.040944 0.028032
vt 0.051101 0.088315
vt 0.052507 0.096298
vt 0.052507 0.080333
vt 0.045226 0.076377
vt 0.029890 0.072920
vt 0.039531 0.069671
vt 0.063929 0.075037
vt 0.064351 0.088315
vt 0.044004 0.119475
vt 0.030424 0.119176
vt 0.044004 0.057155
vt 0.054073 0.066042
vt 0.063929 0.101593
vt 0.054073 0.110589
vt 0.030424 0.057455
s 1
usemtl Cabin
f 4334/3310/3284 4320/3311/3270 4314/3312/3264 4330/3313/3280
f 4336/3314/3286 4324/3315/3274 4318/3316/3268 4331/3317/3281
f 4333/3318/3283 4322/3319/3272 4316/3320/3266 4332/3321/3282
f 4335/3322/3285 4326/3323/3276 4312/3324/3262 4329/3325/3279
f 4328/3326/3278 4321/3327/3271 4315/3328/3265 4325/3329/3275
f 4327/3330/3277 4320/3311/3270 4312/3324/3262 4326/3323/3276
f 4324/3315/3274 4314/3312/3264 4320/3311/3270 4327/3330/3277
f 4323/3331/3273 4317/3332/3267 4321/3327/3271 4328/3326/3278
f 4331/3317/3281 4318/3316/3268 4322/3319/3272 4333/3318/3283
f 4329/3325/3279 4312/3324/3262 4320/3311/3270 4334/3310/3284
f 4313/3333/3263 4323/3331/3273 4328/3326/3278 4319/3334/3269
f 4318/3316/3268 4324/3315/3274 4327/3330/3277 4322/3319/3272
f 4322/3319/3272 4327/3330/3277 4326/3323/3276 4316/3320/3266
f 4319/3334/3269 4328/3326/3278 4325/3335/3275 4311/3336/3261
f 4332/3321/3282 4316/3320/3266 4326/3323/3276 4335/3322/3285
f 4330/3313/3280 4314/3312/3264 4324/3315/3274 4336/3314/3286
f 4313/3333/3263 4330/3337/3280 4336/3338/3286 4323/3331/3273
f 4315/3328/3265 4332/3339/3282 4335/3340/3285 4325/3329/3275
f 4311/3336/3261 4329/3341/3279 4334/3342/3284 4319/3334/3269
f 4317/3332/3267 4331/3343/3281 4333/3344/3283 4321/3327/3271
f 4325/3335/3275 4335/3345/3285 4329/3341/3279 4311/3336/3261
f 4321/3327/3271 4333/3344/3283 4332/3339/3282 4315/3328/3265
f 4323/3331/3273 4336/3338/3286 4331/3343/3281 4317/3332/3267
f 4319/3334/3269 4334/3342/3284 4330/3337/3280 4313/3333/3263
o Cube.013
v -2.593779 0.999712 -2.258431
v -2.593779 1.095072 -2.258431
v -2.690774 0.999712 -2.052592
v -2.690774 1.095072 -2.052592
v -2.799618 0.999712 -2.355427
v -2.799618 1.095072 -2.355427
v -2.896613 0.999712 -2.149588
v -2.896613 1.095072 -2.149588
v -2.611186 0.980655 -2.140862
v -2.611186 1.104175 -2.140862
v -2.879206 0.980655 -2.267158
v -2.879206 1.104175 -2.267158
v -2.808344 0.980655 -2.070000
v -2.808344 1.104175 -2.070000
v -2.682048 0.980655 -2.338019
v -2.682048 1.104175 -2.338019
v -2.745196 1.072761 -2.204010
v -2.745196 0.923212 -2.204010
v -2.548038 1.073214 -2.274871
v -2.674334 1.073214 -2.006852
v -2.942354 1.073214 -2.133148
v -2.816058 1.073214 -2.401167
v -2.915463 1.060553 -2.284242
v -2.574929 1.060553 -2.123777
v -2.664963 1.060553 -2.374276
v -2.825429 1.060553 -2.033743
vn 0.6587 -0.7142 -0.2367
vn 0.2535 0.9630 -0.0911
vn 0.2367 -0.7142 0.6587
vn 0.0911 0.9630 0.2535
vn -0.2367 -0.7142 -0.6587
vn -0.0911 0.9630 -0.2535
vn -0.6587 -0.7142 0.2367
vn -0.2535 0.9630 0.0911
vn 0.4943 -0.8375 0.2329
vn 0.2146 0.9715 0.1011
vn -0.4943 -0.8375 -0.2329
vn -0.2146 0.9715 -0.1011
vn -0.2329 -0.8375 0.4943
vn -0.1011 0.9715 0.2146
vn 0.2329 -0.8375 -0.4943
vn 0.1011 0.9715 -0.2146
vn -0.0000 1.0000 -0.0000
vn -0.0000 -1.0000 -0.0000
vn 0.8806 0.3527 -0.3165
vn 0.3165 0.3527 0.8806
vn -0.8806 0.3527 0.3165
vn -0.3165 0.3527 -0.8806
vn -0.8870 0.1964 -0.4180
vn 0.8870 0.1964 0.4180
vn 0.4180 0.1964 -0.8870
vn -0.4180 0.1964 0.8870
vt 0.057987 0.020044
vt 0.050349 0.023624
vt 0.045103 0.016536
vt 0.047109 0.010989
vt 0.032956 0.010989
vt 0.036536 0.018627
vt 0.029448 0.023874
vt 0.023901 0.021867
vt 0.023901 0.036020
vt 0.031539 0.032440
vt 0.036785 0.039529
vt 0.034779 0.045075
vt 0.048932 0.045075
vt 0.045352 0.037437
vt 0.052440 0.032191
vt 0.057987 0.034198
vt 0.036601 0.088315
vt 0.045226 0.100254
vt 0.039531 0.106959
vt 0.029890 0.103711
vt 0.040944 0.028032
vt 0.051101 0.088315
vt 0.052507 0.096298
vt 0.052507 0.080333
vt 0.045226 0.076377
vt 0.029890 0.072920
vt 0.039531 0.069671
vt 0.063929 0.075037
vt 0.064351 0.088315
vt 0.044004 0.119475
vt 0.030424 0.119176
vt 0.044004 0.057155
vt 0.054073 0.066042
vt 0.063929 0.101593
vt 0.054073 0.110589
vt 0.030424 0.057455
s 1
usemtl Cabin
f 4360/3346/3310 4346/3347/3296 4340/3348/3290 4356/3349/3306
f 4362/3350/3312 4350/3351/3300 4344/3352/3294 4357/3353/3307
f 4359/3354/3309 4348/3355/3298 4342/3356/3292 4358/3357/3308
f 4361/3358/3311 4352/3359/3302 4338/3360/3288 4355/3361/3305
f 4354/3362/3304 4347/3363/3297 4341/3364/3291 4351/3365/3301
f 4353/3366/3303 4346/3347/3296 4338/3360/3288 4352/3359/3302
f 4350/3351/3300 4340/3348/3290 4346/3347/3296 4353/3366/3303
f 4349/3367/3299 4343/3368/3293 4347/3363/3297 4354/3362/3304
f 4357/3353/3307 4344/3352/3294 4348/3355/3298 4359/3354/3309
f 4355/3361/3305 4338/3360/3288 4346/3347/3296 4360/3346/3310
f 4339/3369/3289 4349/3367/3299 4354/3362/3304 4345/3370/3295
f 4344/3352/3294 4350/3351/3300 4353/3366/3303 4348/3355/3298
f 4348/3355/3298 4353/3366/3303 4352/3359/3302 4342/3356/3292
f 4345/3370/3295 4354/3362/3304 4351/3371/3301 4337/3372/3287
f 4358/3357/3308 4342/3356/3292 4352/3359/3302 4361/3358/3311
f 4356/3349/3306 4340/3348/3290 4350/3351/3300 4362/3350/3312
f 4339/3369/3289 4356/3373/3306 4362/3374/3312 4349/3367/3299
f 4341/3364/3291 4358/3375/3308 4361/3376/3311 4351/3365/3301
f 4337/3372/3287 4355/3377/3305 4360/3378/3310 4345/3370/3295
f 4343/3368/3293 4357/3379/3307 4359/3380/3309 4347/3363/3297
f 4351/3371/3301 4361/3381/3311 4355/3377/3305 4337/3372/3287
f 4347/3363/3297 4359/3380/3309 4358/3375/3308 4341/3364/3291
f 4349/3367/3299 4362/3374/3312 4357/3379/3307 4343/3368/3293
f 4345/3370/3295 4360/3378/3310 4356/3373/3306 4339/3369/3289
o Cube.010
v -2.947973 0.851552 -2.060258
v -2.947973 0.934852 -2.060258
v -2.947973 0.851552 -2.344926
v -2.947973 0.934852 -2.344926
v -2.663305 0.851552 -2.060258
v -2.663305 0.934852 -2.060258
v -2.663305 0.851552 -2.344926
v -2.663305 0.934852 -2.344926
v -2.990970 0.834905 -2.202592
v -2.990970 0.942804 -2.202592
v -2.620308 0.834905 -2.202592
v -2.620308 0.942804 -2.202592
v -2.805639 0.834905 -2.387923
v -2.805639 0.942804 -2.387923
v -2.805639 0.834905 -2.017261
v -2.805639 0.942804 -2.017261
v -2.805639 0.915363 -2.202592
v -2.805639 0.784727 -2.202592
v -2.990970 0.915758 -2.017261
v -2.990970 0.915758 -2.387923
v -2.620308 0.915758 -2.387923
v -2.620308 0.915758 -2.017261
v -2.570166 0.904698 -2.202592
v -3.041112 0.904698 -2.202592
v -2.805639 0.904698 -1.967119
v -2.805639 0.904698 -2.438065
vn -0.3993 -0.8253 0.3993
vn -0.1355 0.9815 0.1355
vn -0.3993 -0.8253 -0.3993
vn -0.1355 0.9815 -0.1355
vn 0.3993 -0.8253 0.3993
vn 0.1355 0.9815 0.1355
vn 0.3993 -0.8253 -0.3993
vn 0.1355 0.9815 -0.1355
vn -0.4146 -0.9100 -0.0000
vn -0.1681 0.9858 -0.0000
vn 0.4146 -0.9100 -0.0000
vn 0.1681 0.9858 -0.0000
vn -0.0000 -0.9100 -0.4146
vn -0.0000 0.9858 -0.1681
vn -0.0000 -0.9100 0.4146
vn -0.0000 0.9858 0.1681
vn -0.0000 1.0000 -0.0000
vn -0.0000 -1.0000 -0.0000
vn -0.6222 0.4750 0.6222
vn -0.6222 0.4750 -0.6222
vn 0.6222 0.4750 -0.6222
vn 0.6222 0.4750 0.6222
vn 0.9612 0.2758 -0.0000
vn -0.9612 0.2758 -0.0000
vn -0.0000 0.2758 0.9612
vn -0.0000 0.2758 -0.9612
vt 0.057987 0.020044
vt 0.050349 0.023624
vt 0.045103 0.016536
vt 0.047109 0.010989
vt 0.032956 0.010989
vt 0.036536 0.018627
vt 0.029448 0.023874
vt 0.023901 0.021867
vt 0.023901 0.036020
vt 0.031539 0.032440
vt 0.036785 0.039529
vt 0.034779 0.045075
vt 0.048932 0.045075
vt 0.045352 0.037437
vt 0.052440 0.032191
vt 0.057987 0.034198
vt 0.036601 0.088315
vt 0.045226 0.100254
vt 0.039531 0.106959
vt 0.029890 0.103711
vt 0.040944 0.028032
vt 0.051101 0.088315
vt 0.052507 0.096298
vt 0.052507 0.080333
vt 0.045226 0.076377
vt 0.029890 0.072920
vt 0.039531 0.069671
vt 0.063929 0.075037
vt 0.064351 0.088315
vt 0.044004 0.119475
vt 0.030424 0.119176
vt 0.044004 0.057155
vt 0.054073 0.066042
vt 0.063929 0.101593
vt 0.054073 0.110589
vt 0.030424 0.057455
s 1
usemtl Cabin
f 4386/3382/3336 4372/3383/3322 4366/3384/3316 4382/3385/3332
f 4388/3386/3338 4376/3387/3326 4370/3388/3320 4383/3389/3333
f 4385/3390/3335 4374/3391/3324 4368/3392/3318 4384/3393/3334
f 4387/3394/3337 4378/3395/3328 4364/3396/3314 4381/3397/3331
f 4380/3398/3330 4373/3399/3323 4367/3400/3317 4377/3401/3327
f 4379/3402/3329 4372/3383/3322 4364/3396/3314 4378/3395/3328
f 4376/3387/3326 4366/3384/3316 4372/3383/3322 4379/3402/3329
f 4375/3403/3325 4369/3404/3319 4373/3399/3323 4380/3398/3330
f 4383/3389/3333 4370/3388/3320 4374/3391/3324 4385/3390/3335
f 4381/3397/3331 4364/3396/3314 4372/3383/3322 4386/3382/3336
f 4365/3405/3315 4375/3403/3325 4380/3398/3330 4371/3406/3321
f 4370/3388/3320 4376/3387/3326 4379/3402/3329 4374/3391/3324
f 4374/3391/3324 4379/3402/3329 4378/3395/3328 4368/3392/3318
f 4371/3406/3321 4380/3398/3330 4377/3407/3327 4363/3408/3313
f 4384/3393/3334 4368/3392/3318 4378/3395/3328 4387/3394/3337
f 4382/3385/3332 4366/3384/3316 4376/3387/3326 4388/3386/3338
f 4365/3405/3315 4382/3409/3332 4388/3410/3338 4375/3403/3325
f 4367/3400/3317 4384/3411/3334 4387/3412/3337 4377/3401/3327
f 4363/3408/3313 4381/3413/3331 4386/3414/3336 4371/3406/3321
f 4369/3404/3319 4383/3415/3333 4385/3416/3335 4373/3399/3323
f 4377/3407/3327 4387/3417/3337 4381/3413/3331 4363/3408/3313
f 4373/3399/3323 4385/3416/3335 4384/3411/3334 4367/3400/3317
f 4375/3403/3325 4388/3410/3338 4383/3415/3333 4369/3404/3319
f 4371/3406/3321 4386/3414/3336 4382/3409/3332 4365/3405/3315
o Cube.011
v -2.821833 0.690457 -2.115616
v -2.821833 0.741358 -2.115616
v -2.821833 0.690457 -2.289567
v -2.821833 0.741358 -2.289567
v -2.647882 0.690457 -2.115616
v -2.647882 0.741358 -2.115616
v -2.647882 0.690457 -2.289567
v -2.647882 0.741358 -2.289567
v -2.848107 0.680284 -2.202592
v -2.848107 0.746218 -2.202592
v -2.621608 0.680284 -2.202592
v -2.621608 0.746218 -2.202592
v -2.734858 0.680284 -2.315841
v -2.734858 0.746218 -2.315841
v -2.734858 0.680284 -2.089342
v -2.734858 0.746218 -2.089342
v -2.734858 0.729449 -2.202592
v -2.734858 0.649622 -2.202592
v -2.848107 0.729691 -2.089342
v -2.848107 0.729691 -2.315841
v -2.621608 0.729691 -2.315841
v -2.621608 0.729691 -2.089342
v -2.590968 0.722933 -2.202592
v -2.878747 0.722933 -2.202592
v -2.734858 0.722933 -2.058702
v -2.734858 0.722933 -2.346481
vn -0.3993 -0.8253 0.3993
vn -0.1355 0.9815 0.1355
vn -0.3993 -0.8253 -0.3993
vn -0.1355 0.9815 -0.1355
vn 0.3993 -0.8253 0.3993
vn 0.1355 0.9815 0.1355
vn 0.3993 -0.8253 -0.3993
vn 0.1355 0.9815 -0.1355
vn -0.4146 -0.9100 -0.0000
vn -0.1681 0.9858 -0.0000
vn 0.4146 -0.9100 -0.0000
vn 0.1681 0.9858 -0.0000
vn -0.0000 -0.9100 -0.4146
vn -0.0000 0.9858 -0.1681
vn -0.0000 -0.9100 0.4146
vn -0.0000 0.9858 0.1681
vn -0.0000 1.0000 -0.0000
vn -0.0000 -1.0000 -0.0000
vn -0.6222 0.4750 0.6222
vn -0.6222 0.4750 -0.6222
vn 0.6222 0.4750 -0.6222
vn 0.6222 0.4750 0.6222
vn 0.9612 0.2758 -0.0000
vn -0.9612 0.2758 -0.0000
vn -0.0000 0.2758 0.9612
vn -0.0000 0.2758 -0.9612
vt 0.057987 0.020044
vt 0.050349 0.023624
vt 0.045103 0.016536
vt 0.047109 0.010989
vt 0.032956 0.010989
vt 0.036536 0.018627
vt 0.029448 0.023874
vt 0.023901 0.021867
vt 0.023901 0.036020
vt 0.031539 0.032440
vt 0.036785 0.039529
vt 0.034779 0.045075
vt 0.048932 0.045075
vt 0.045352 0.037437
vt 0.052440 0.032191
vt 0.057987 0.034198
vt 0.036601 0.088315
vt 0.045226 0.100254
vt 0.039531 0.106959
vt 0.029890 0.103711
vt 0.040944 0.028032
vt 0.051101 0.088315
vt 0.052507 0.096298
vt 0.052507 0.080333
vt 0.045226 0.076377
vt 0.029890 0.072920
vt 0.039531 0.069671
vt 0.063929 0.075037
vt 0.064351 0.088315
vt 0.044004 0.119475
vt 0.030424 0.119176
vt 0.044004 0.057155
vt 0.054073 0.066042
vt 0.063929 0.101593
vt 0.054073 0.110589
vt 0.030424 0.057455
s 1
usemtl Cabin
f 4412/3418/3362 4398/3419/3348 4392/3420/3342 4408/3421/3358
f 4414/3422/3364 4402/3423/3352 4396/3424/3346 4409/3425/3359
f 4411/3426/3361 4400/3427/3350 4394/3428/3344 4410/3429/3360
f 4413/3430/3363 4404/3431/3354 4390/3432/3340 4407/3433/3357
f 4406/3434/3356 4399/3435/3349 4393/3436/3343 4403/3437/3353
f 4405/3438/3355 4398/3419/3348 4390/3432/3340 4404/3431/3354
f 4402/3423/3352 4392/3420/3342 4398/3419/3348 4405/3438/3355
f 4401/3439/3351 4395/3440/3345 4399/3435/3349 4406/3434/3356
f 4409/3425/3359 4396/3424/3346 4400/3427/3350 4411/3426/3361
f 4407/3433/3357 4390/3432/3340 4398/3419/3348 4412/3418/3362
f 4391/3441/3341 4401/3439/3351 4406/3434/3356 4397/3442/3347
f 4396/3424/3346 4402/3423/3352 4405/3438/3355 4400/3427/3350
f 4400/3427/3350 4405/3438/3355 4404/3431/3354 4394/3428/3344
f 4397/3442/3347 4406/3434/3356 4403/3443/3353 4389/3444/3339
f 4410/3429/3360 4394/3428/3344 4404/3431/3354 4413/3430/3363
f 4408/3421/3358 4392/3420/3342 4402/3423/3352 4414/3422/3364
f 4391/3441/3341 4408/3445/3358 4414/3446/3364 4401/3439/3351
f 4393/3436/3343 4410/3447/3360 4413/3448/3363 4403/3437/3353
f 4389/3444/3339 4407/3449/3357 4412/3450/3362 4397/3442/3347
f 4395/3440/3345 4409/3451/3359 4411/3452/3361 4399/3435/3349
f 4403/3443/3353 4413/3453/3363 4407/3449/3357 4389/3444/3339
f 4399/3435/3349 4411/3452/3361 4410/3447/3360 4393/3436/3343
f 4401/3439/3351 4414/3446/3364 4409/3451/3359 4395/3440/3345
f 4397/3442/3347 4412/3450/3362 4408/3445/3358 4391/3441/3341
o Cube.012
v -2.602874 1.692779 2.226696
v -2.602874 1.796495 2.226696
v -2.768080 1.692779 2.540278
v -2.768080 1.796495 2.540278
v -2.916456 1.692779 2.061489
v -2.916456 1.796495 2.061489
v -3.081663 1.692779 2.375072
v -3.081663 1.796495 2.375072
v -2.638113 1.672052 2.408440
v -2.638113 1.806396 2.408440
v -3.046424 1.672052 2.193327
v -3.046424 1.806396 2.193327
v -2.949825 1.672052 2.505039
v -2.949825 1.806396 2.505039
v -2.734712 1.672052 2.096728
v -2.734712 1.806396 2.096728
v -2.842268 1.772229 2.300884
v -2.842268 1.609575 2.300884
v -2.530557 1.772721 2.204285
v -2.745670 1.772721 2.612596
v -3.153980 1.772721 2.397483
v -2.938867 1.772721 1.989172
v -3.101659 1.758951 2.164227
v -2.582878 1.758951 2.437540
v -2.705612 1.758951 2.041494
v -2.978925 1.758951 2.560274
vn 0.5394 -0.8253 -0.1672
vn 0.1831 0.9815 -0.0567
vn 0.1672 -0.8253 0.5394
vn 0.0567 0.9815 0.1831
vn -0.1672 -0.8253 -0.5394
vn -0.0567 0.9815 -0.1831
vn -0.5394 -0.8253 0.1672
vn -0.1831 0.9815 0.0567
vn 0.3668 -0.9100 0.1933
vn 0.1487 0.9858 0.0783
vn -0.3668 -0.9100 -0.1933
vn -0.1487 0.9858 -0.0783
vn -0.1933 -0.9100 0.3668
vn -0.0783 0.9858 0.1487
vn 0.1933 -0.9100 -0.3668
vn 0.0783 0.9858 -0.1487
vn -0.0000 1.0000 -0.0000
vn -0.0000 -1.0000 -0.0000
vn 0.8405 0.4750 -0.2605
vn 0.2605 0.4750 0.8405
vn -0.8405 0.4750 0.2605
vn -0.2605 0.4750 -0.8405
vn -0.8504 0.2758 -0.4480
vn 0.8504 0.2758 0.4480
vn 0.4480 0.2758 -0.8504
vn -0.4480 0.2758 0.8504
vt 0.057987 0.020044
vt 0.050349 0.023624
vt 0.045103 0.016536
vt 0.047109 0.010989
vt 0.032956 0.010989
vt 0.036536 0.018627
vt 0.029448 0.023874
vt 0.023901 0.021867
vt 0.023901 0.036020
vt 0.031539 0.032440
vt 0.036785 0.039529
vt 0.034779 0.045075
vt 0.048932 0.045075
vt 0.045352 0.037437
vt 0.052440 0.032191
vt 0.057987 0.034198
vt 0.036601 0.088315
vt 0.045226 0.100254
vt 0.039531 0.106959
vt 0.029890 0.103711
vt 0.040944 0.028032
vt 0.051101 0.088315
vt 0.052507 0.096298
vt 0.052507 0.080333
vt 0.045226 0.076377
vt 0.029890 0.072920
vt 0.039531 0.069671
vt 0.063929 0.075037
vt 0.064351 0.088315
vt 0.044004 0.119475
vt 0.030424 0.119176
vt 0.044004 0.057155
vt 0.054073 0.066042
vt 0.063929 0.101593
vt 0.054073 0.110589
vt 0.030424 0.057455
s 1
usemtl Cabin
f 4438/3454/3388 4424/3455/3374 4418/3456/3368 4434/3457/3384
f 4440/3458/3390 4428/3459/3378 4422/3460/3372 4435/3461/3385
f 4437/3462/3387 4426/3463/3376 4420/3464/3370 4436/3465/3386
f 4439/3466/3389 4430/3467/3380 4416/3468/3366 4433/3469/3383
f 4432/3470/3382 4425/3471/3375 4419/3472/3369 4429/3473/3379
f 4431/3474/3381 4424/3455/3374 4416/3468/3366 4430/3467/3380
f 4428/3459/3378 4418/3456/3368 4424/3455/3374 4431/3474/3381
f 4427/3475/3377 4421/3476/3371 4425/3471/3375 4432/3470/3382
f 4435/3461/3385 4422/3460/3372 4426/3463/3376 4437/3462/3387
f 4433/3469/3383 4416/3468/3366 4424/3455/3374 4438/3454/3388
f 4417/3477/3367 4427/3475/3377 4432/3470/3382 4423/3478/3373
f 4422/3460/3372 4428/3459/3378 4431/3474/3381 4426/3463/3376
f 4426/3463/3376 4431/3474/3381 4430/3467/3380 4420/3464/3370
f 4423/3478/3373 4432/3470/3382 4429/3479/3379 4415/3480/3365
f 4436/3465/3386 4420/3464/3370 4430/3467/3380 4439/3466/3389
f 4434/3457/3384 4418/3456/3368 4428/3459/3378 4440/3458/3390
f 4417/3477/3367 4434/3481/3384 4440/3482/3390 4427/3475/3377
f 4419/3472/3369 4436/3483/3386 4439/3484/3389 4429/3473/3379
f 4415/3480/3365 4433/3485/3383 4438/3486/3388 4423/3478/3373
f 4421/3476/3371 4435/3487/3385 4437/3488/3387 4425/3471/3375
f 4429/3479/3379 4439/3489/3389 4433/3485/3383 4415/3480/3365
f 4425/3471/3375 4437/3488/3387 4436/3483/3386 4419/3472/3369
f 4427/3475/3377 4440/3482/3390 4435/3487/3385 4421/3476/3371
f 4423/3478/3373 4438/3486/3388 4434/3481/3384 4417/3477/3367
o Cube.014
v -2.939850 1.913477 2.421120
v -2.939850 2.024239 2.421120
v -2.939850 1.913477 2.156819
v -2.939850 2.024239 2.156819
v -2.675549 1.913477 2.421120
v -2.675549 2.024239 2.421120
v -2.675549 1.913477 2.156819
v -2.675549 2.024239 2.156819
v -2.979770 1.891341 2.288969
v -2.979770 2.034813 2.288969
v -2.635628 1.891341 2.288969
v -2.635628 2.034813 2.288969
v -2.807699 1.891341 2.116898
v -2.807699 2.034813 2.116898
v -2.807699 1.891341 2.461040
v -2.807699 2.034813 2.461040
v -2.807699 1.998325 2.288969
v -2.807699 1.824620 2.288969
v -2.979770 1.998850 2.461040
v -2.979770 1.998850 2.116898
v -2.635628 1.998850 2.116898
v -2.635628 1.998850 2.461040
v -2.589074 1.984144 2.288969
v -3.026325 1.984144 2.288969
v -2.807699 1.984144 2.507595
v -2.807699 1.984144 2.070344
vn -0.4949 -0.7142 0.4949
vn -0.1905 0.9630 0.1905
vn -0.4949 -0.7142 -0.4949
vn -0.1905 0.9630 -0.1905
vn 0.4949 -0.7142 0.4949
vn 0.1905 0.9630 0.1905
vn 0.4949 -0.7142 -0.4949
vn 0.1905 0.9630 -0.1905
vn -0.5465 -0.8375 -0.0000
vn -0.2372 0.9715 -0.0000
vn 0.5465 -0.8375 -0.0000
vn 0.2372 0.9715 -0.0000
vn -0.0000 -0.8375 -0.5465
vn -0.0000 0.9715 -0.2372
vn -0.0000 -0.8375 0.5465
vn -0.0000 0.9715 0.2372
vn -0.0000 1.0000 -0.0000
vn -0.0000 -1.0000 -0.0000
vn -0.6617 0.3527 0.6617
vn -0.6617 0.3527 -0.6617
vn 0.6617 0.3527 -0.6617
vn 0.6617 0.3527 0.6617
vn 0.9805 0.1964 -0.0000
vn -0.9805 0.1964 -0.0000
vn -0.0000 0.1964 0.9805
vn -0.0000 0.1964 -0.9805
vt 0.057987 0.020044
vt 0.050349 0.023624
vt 0.045103 0.016536
vt 0.047109 0.010989
vt 0.032956 0.010989
vt 0.036536 0.018627
vt 0.029448 0.023874
vt 0.023901 0.021867
vt 0.023901 0.036020
vt 0.031539 0.032440
vt 0.036785 0.039529
vt 0.034779 0.045075
vt 0.048932 0.045075
vt 0.045352 0.037437
vt 0.052440 0.032191
vt 0.057987 0.034198
vt 0.036601 0.088315
vt 0.045226 0.100254
vt 0.039531 0.106959
vt 0.029890 0.103711
vt 0.040944 0.028032
vt 0.051101 0.088315
vt 0.052507 0.096298
vt 0.052507 0.080333
vt 0.045226 0.076377
vt 0.029890 0.072920
vt 0.039531 0.069671
vt 0.063929 0.075037
vt 0.064351 0.088315
vt 0.044004 0.119475
vt 0.030424 0.119176
vt 0.044004 0.057155
vt 0.054073 0.066042
vt 0.063929 0.101593
vt 0.054073 0.110589
vt 0.030424 0.057455
s 1
usemtl Cabin
f 4464/3490/3414 4450/3491/3400 4444/3492/3394 4460/3493/3410
f 4466/3494/3416 4454/3495/3404 4448/3496/3398 4461/3497/3411
f 4463/3498/3413 4452/3499/3402 4446/3500/3396 4462/3501/3412
f 4465/3502/3415 4456/3503/3406 4442/3504/3392 4459/3505/3409
f 4458/3506/3408 4451/3507/3401 4445/3508/3395 4455/3509/3405
f 4457/3510/3407 4450/3491/3400 4442/3504/3392 4456/3503/3406
f 4454/3495/3404 4444/3492/3394 4450/3491/3400 4457/3510/3407
f 4453/3511/3403 4447/3512/3397 4451/3507/3401 4458/3506/3408
f 4461/3497/3411 4448/3496/3398 4452/3499/3402 4463/3498/3413
f 4459/3505/3409 4442/3504/3392 4450/3491/3400 4464/3490/3414
f 4443/3513/3393 4453/3511/3403 4458/3506/3408 4449/3514/3399
f 4448/3496/3398 4454/3495/3404 4457/3510/3407 4452/3499/3402
f 4452/3499/3402 4457/3510/3407 4456/3503/3406 4446/3500/3396
f 4449/3514/3399 4458/3506/3408 4455/3515/3405 4441/3516/3391
f 4462/3501/3412 4446/3500/3396 4456/3503/3406 4465/3502/3415
f 4460/3493/3410 4444/3492/3394 4454/3495/3404 4466/3494/3416
f 4443/3513/3393 4460/3517/3410 4466/3518/3416 4453/3511/3403
f 4445/3508/3395 4462/3519/3412 4465/3520/3415 4455/3509/3405
f 4441/3516/3391 4459/3521/3409 4464/3522/3414 4449/3514/3399
f 4447/3512/3397 4461/3523/3411 4463/3524/3413 4451/3507/3401
f 4455/3515/3405 4465/3525/3415 4459/3521/3409 4441/3516/3391
f 4451/3507/3401 4463/3524/3413 4462/3519/3412 4445/3508/3395
f 4453/3511/3403 4466/3518/3416 4461/3523/3411 4447/3512/3397
f 4449/3514/3399 4464/3522/3414 4460/3517/3410 4443/3513/3393
o Cube.015
v -2.834988 1.516915 2.385392
v -2.834988 1.585441 2.385392
v -2.834988 1.516915 2.151210
v -2.834988 1.585441 2.151210
v -2.600806 1.516915 2.385392
v -2.600806 1.585441 2.385392
v -2.600806 1.516915 2.151210
v -2.600806 1.585441 2.151210
v -2.870360 1.503220 2.268301
v -2.870360 1.591983 2.268301
v -2.565435 1.503220 2.268301
v -2.565435 1.591983 2.268301
v -2.717897 1.503220 2.115839
v -2.717897 1.591983 2.115839
v -2.717897 1.503220 2.420763
v -2.717897 1.591983 2.420763
v -2.717897 1.569408 2.268301
v -2.717897 1.461941 2.268301
v -2.870360 1.569734 2.420763
v -2.870360 1.569734 2.115839
v -2.565435 1.569734 2.115839
v -2.565435 1.569734 2.420763
v -2.524186 1.560635 2.268301
v -2.911609 1.560635 2.268301
v -2.717897 1.560635 2.462012
v -2.717897 1.560635 2.074590
vn -0.3993 -0.8253 0.3993
vn -0.1355 0.9815 0.1355
vn -0.3993 -0.8253 -0.3993
vn -0.1355 0.9815 -0.1355
vn 0.3993 -0.8253 0.3993
vn 0.1355 0.9815 0.1355
vn 0.3993 -0.8253 -0.3993
vn 0.1355 0.9815 -0.1355
vn -0.4146 -0.9100 -0.0000
vn -0.1681 0.9858 -0.0000
vn 0.4146 -0.9100 -0.0000
vn 0.1681 0.9858 -0.0000
vn -0.0000 -0.9100 -0.4146
vn -0.0000 0.9858 -0.1681
vn -0.0000 -0.9100 0.4146
vn -0.0000 0.9858 0.1681
vn -0.0000 1.0000 -0.0000
vn -0.0000 -1.0000 -0.0000
vn -0.6222 0.4750 0.6222
vn -0.6222 0.4750 -0.6222
vn 0.6222 0.4750 -0.6222
vn 0.6222 0.4750 0.6222
vn 0.9612 0.2758 -0.0000
vn -0.9612 0.2758 -0.0000
vn -0.0000 0.2758 0.9612
vn -0.0000 0.2758 -0.9612
vt 0.057987 0.020044
vt 0.050349 0.023624
vt 0.045103 0.016536
vt 0.047109 0.010989
vt 0.032956 0.010989
vt 0.036536 0.018627
vt 0.029448 0.023874
vt 0.023901 0.021867
vt 0.023901 0.036020
vt 0.031539 0.032440
vt 0.036785 0.039529
vt 0.034779 0.045075
vt 0.048932 0.045075
vt 0.045352 0.037437
vt 0.052440 0.032191
vt 0.057987 0.034198
vt 0.036601 0.088315
vt 0.045226 0.100254
vt 0.039531 0.106959
vt 0.029890 0.103711
vt 0.040944 0.028032
vt 0.051101 0.088315
vt 0.052507 0.096298
vt 0.052507 0.080333
vt 0.045226 0.076377
vt 0.029890 0.072920
vt 0.039531 0.069671
vt 0.063929 0.075037
vt 0.064351 0.088315
vt 0.044004 0.119475
vt 0.030424 0.119176
vt 0.044004 0.057155
vt 0.054073 0.066042
vt 0.063929 0.101593
vt 0.054073 0.110589
vt 0.030424 0.057455
s 1
usemtl Cabin
f 4490/3526/3440 4476/3527/3426 4470/3528/3420 4486/3529/3436
f 4492/3530/3442 4480/3531/3430 4474/3532/3424 4487/3533/3437
f 4489/3534/3439 4478/3535/3428 4472/3536/3422 4488/3537/3438
f 4491/3538/3441 4482/3539/3432 4468/3540/3418 4485/3541/3435
f 4484/3542/3434 4477/3543/3427 4471/3544/3421 4481/3545/3431
f 4483/3546/3433 4476/3527/3426 4468/3540/3418 4482/3539/3432
f 4480/3531/3430 4470/3528/3420 4476/3527/3426 4483/3546/3433
f 4479/3547/3429 4473/3548/3423 4477/3543/3427 4484/3542/3434
f 4487/3533/3437 4474/3532/3424 4478/3535/3428 4489/3534/3439
f 4485/3541/3435 4468/3540/3418 4476/3527/3426 4490/3526/3440
f 4469/3549/3419 4479/3547/3429 4484/3542/3434 4475/3550/3425
f 4474/3532/3424 4480/3531/3430 4483/3546/3433 4478/3535/3428
f 4478/3535/3428 4483/3546/3433 4482/3539/3432 4472/3536/3422
f 4475/3550/3425 4484/3542/3434 4481/3551/3431 4467/3552/3417
f 4488/3537/3438 4472/3536/3422 4482/3539/3432 4491/3538/3441
f 4486/3529/3436 4470/3528/3420 4480/3531/3430 4492/3530/3442
f 4469/3549/3419 4486/3553/3436 4492/3554/3442 4479/3547/3429
f 4471/3544/3421 4488/3555/3438 4491/3556/3441 4481/3545/3431
f 4467/3552/3417 4485/3557/3435 4490/3558/3440 4475/3550/3425
f 4473/3548/3423 4487/3559/3437 4489/3560/3439 4477/3543/3427
f 4481/3551/3431 4491/3561/3441 4485/3557/3435 4467/3552/3417
f 4477/3543/3427 4489/3560/3439 4488/3555/3438 4471/3544/3421
f 4479/3547/3429 4492/3554/3442 4487/3559/3437 4473/3548/3423
f 4475/3550/3425 4490/3558/3440 4486/3553/3436 4469/3549/3419
o Cube.016
v -2.829905 0.823776 2.370254
v -2.829905 0.892458 2.370254
v -2.997718 0.823776 2.206152
v -2.997718 0.892458 2.206152
v -2.665802 0.823776 2.202441
v -2.665802 0.892458 2.202441
v -2.833616 0.823776 2.038339
v -2.833616 0.892458 2.038339
v -2.938597 0.810051 2.313550
v -2.938597 0.899015 2.313550
v -2.724923 0.810051 2.095043
v -2.724923 0.899015 2.095043
v -2.941014 0.810051 2.097459
v -2.941014 0.899015 2.097459
v -2.722507 0.810051 2.311134
v -2.722507 0.899015 2.311134
v -2.831760 0.876389 2.204297
v -2.831760 0.768678 2.204297
v -2.829344 0.876715 2.420387
v -3.047851 0.876715 2.206712
v -2.834176 0.876715 1.988206
v -2.615669 0.876715 2.201881
v -2.696018 0.867596 2.065485
v -2.967503 0.867596 2.343109
v -2.692948 0.867596 2.340039
v -2.970572 0.867596 2.068554
vn 0.0063 -0.8253 0.5647
vn 0.0021 0.9815 0.1917
vn -0.5647 -0.8253 0.0063
vn -0.1917 0.9815 0.0021
vn 0.5647 -0.8253 -0.0063
vn 0.1917 0.9815 -0.0021
vn -0.0063 -0.8253 -0.5647
vn -0.0021 0.9815 -0.1917
vn -0.2899 -0.9100 0.2964
vn -0.1175 0.9858 0.1202
vn 0.2899 -0.9100 -0.2964
vn 0.1175 0.9858 -0.1202
vn -0.2964 -0.9100 -0.2899
vn -0.1202 0.9858 -0.1175
vn 0.2964 -0.9100 0.2899
vn 0.1202 0.9858 0.1175
vn -0.0000 1.0000 -0.0000
vn -0.0000 -1.0000 -0.0000
vn 0.0098 0.4750 0.8799
vn -0.8799 0.4750 0.0098
vn -0.0098 0.4750 -0.8799
vn 0.8799 0.4750 -0.0098
vn 0.6720 0.2758 -0.6872
vn -0.6720 0.2758 0.6872
vn 0.6872 0.2758 0.6720
vn -0.6872 0.2758 -0.6720
vt 0.057987 0.020044
vt 0.050349 0.023624
vt 0.045103 0.016536
vt 0.047109 0.010989
vt 0.032956 0.010989
vt 0.036536 0.018627
vt 0.029448 0.023874
vt 0.023901 0.021867
vt 0.023901 0.036020
vt 0.031539 0.032440
vt 0.036785 0.039529
vt 0.034779 0.045075
vt 0.048932 0.045075
vt 0.045352 0.037437
vt 0.052440 0.032191
vt 0.057987 0.034198
vt 0.036601 0.088315
vt 0.045226 0.100254
vt 0.039531 0.106959
vt 0.029890 0.103711
vt 0.040944 0.028032
vt 0.051101 0.088315
vt 0.052507 0.096298
vt 0.052507 0.080333
vt 0.045226 0.076377
vt 0.029890 0.072920
vt 0.039531 0.069671
vt 0.063929 0.075037
vt 0.064351 0.088315
vt 0.044004 0.119475
vt 0.030424 0.119176
vt 0.044004 0.057155
vt 0.054073 0.066042
vt 0.063929 0.101593
vt 0.054073 0.110589
vt 0.030424 0.057455
s 1
usemtl Cabin
f 4516/3562/3466 4502/3563/3452 4496/3564/3446 4512/3565/3462
f 4518/3566/3468 4506/3567/3456 4500/3568/3450 4513/3569/3463
f 4515/3570/3465 4504/3571/3454 4498/3572/3448 4514/3573/3464
f 4517/3574/3467 4508/3575/3458 4494/3576/3444 4511/3577/3461
f 4510/3578/3460 4503/3579/3453 4497/3580/3447 4507/3581/3457
f 4509/3582/3459 4502/3563/3452 4494/3576/3444 4508/3575/3458
f 4506/3567/3456 4496/3564/3446 4502/3563/3452 4509/3582/3459
f 4505/3583/3455 4499/3584/3449 4503/3579/3453 4510/3578/3460
f 4513/3569/3463 4500/3568/3450 4504/3571/3454 4515/3570/3465
f 4511/3577/3461 4494/3576/3444 4502/3563/3452 4516/3562/3466
f 4495/3585/3445 4505/3583/3455 4510/3578/3460 4501/3586/3451
f 4500/3568/3450 4506/3567/3456 4509/3582/3459 4504/3571/3454
f 4504/3571/3454 4509/3582/3459 4508/3575/3458 4498/3572/3448
f 4501/3586/3451 4510/3578/3460 4507/3587/3457 4493/3588/3443
f 4514/3573/3464 4498/3572/3448 4508/3575/3458 4517/3574/3467
f 4512/3565/3462 4496/3564/3446 4506/3567/3456 4518/3566/3468
f 4495/3585/3445 4512/3589/3462 4518/3590/3468 4505/3583/3455
f 4497/3580/3447 4514/3591/3464 4517/3592/3467 4507/3581/3457
f 4493/3588/3443 4511/3593/3461 4516/3594/3466 4501/3586/3451
f 4499/3584/3449 4513/3595/3463 4515/3596/3465 4503/3579/3453
f 4507/3587/3457 4517/3597/3467 4511/3593/3461 4493/3588/3443
f 4503/3579/3453 4515/3596/3465 4514/3591/3464 4497/3580/3447
f 4505/3583/3455 4518/3590/3468 4513/3595/3463 4499/3584/3449
f 4501/3586/3451 4516/3594/3466 4512/3589/3462 4495/3585/3445
o Cube.017
v -2.896380 0.969925 2.283918
v -2.896380 1.043273 2.283918
v -2.896380 0.969925 2.108895
v -2.896380 1.043273 2.108895
v -2.721356 0.969925 2.283918
v -2.721356 1.043273 2.283918
v -2.721356 0.969925 2.108895
v -2.721356 1.043273 2.108895
v -2.922816 0.955267 2.196407
v -2.922816 1.050276 2.196407
v -2.694921 0.955267 2.196407
v -2.694921 1.050276 2.196407
v -2.808868 0.955267 2.082459
v -2.808868 1.050276 2.082459
v -2.808868 0.955267 2.310354
v -2.808868 1.050276 2.310354
v -2.808868 1.026113 2.196407
v -2.808868 0.911083 2.196407
v -2.922816 1.026461 2.310354
v -2.922816 1.026461 2.082459
v -2.694921 1.026461 2.082459
v -2.694921 1.026461 2.310354
v -2.664092 1.016722 2.196407
v -2.953645 1.016722 2.196407
v -2.808868 1.016722 2.341183
v -2.808868 1.016722 2.051630
vn -0.4949 -0.7142 0.4949
vn -0.1905 0.9630 0.1905
vn -0.4949 -0.7142 -0.4949
vn -0.1905 0.9630 -0.1905
vn 0.4949 -0.7142 0.4949
vn 0.1905 0.9630 0.1905
vn 0.4949 -0.7142 -0.4949
vn 0.1905 0.9630 -0.1905
vn -0.5465 -0.8375 -0.0000
vn -0.2372 0.9715 -0.0000
vn 0.5465 -0.8375 -0.0000
vn 0.2372 0.9715 -0.0000
vn -0.0000 -0.8375 -0.5465
vn -0.0000 0.9715 -0.2372
vn -0.0000 -0.8375 0.5465
vn -0.0000 0.9715 0.2372
vn -0.0000 1.0000 -0.0000
vn -0.0000 -1.0000 -0.0000
vn -0.6617 0.3527 0.6617
vn -0.6617 0.3527 -0.6617
vn 0.6617 0.3527 -0.6617
vn 0.6617 0.3527 0.6617
vn 0.9805 0.1964 -0.0000
vn -0.9805 0.1964 -0.0000
vn -0.0000 0.1964 0.9805
vn -0.0000 0.1964 -0.9805
vt 0.057987 0.020044
vt 0.050349 0.023624
vt 0.045103 0.016536
vt 0.047109 0.010989
vt 0.032956 0.010989
vt 0.036536 0.018627
vt 0.029448 0.023874
vt 0.023901 0.021867
vt 0.023901 0.036020
vt 0.031539 0.032440
vt 0.036785 0.039529
vt 0.034779 0.045075
vt 0.048932 0.045075
vt 0.045352 0.037437
vt 0.052440 0.032191
vt 0.057987 0.034198
vt 0.036601 0.088315
vt 0.045226 0.100254
vt 0.039531 0.106959
vt 0.029890 0.103711
vt 0.040944 0.028032
vt 0.051101 0.088315
vt 0.052507 0.096298
vt 0.052507 0.080333
vt 0.045226 0.076377
vt 0.029890 0.072920
vt 0.039531 0.069671
vt 0.063929 0.075037
vt 0.064351 0.088315
vt 0.044004 0.119475
vt 0.030424 0.119176
vt 0.044004 0.057155
vt 0.054073 0.066042
vt 0.063929 0.101593
vt 0.054073 0.110589
vt 0.030424 0.057455
s 1
usemtl Cabin
f 4542/3598/3492 4528/3599/3478 4522/3600/3472 4538/3601/3488
f 4544/3602/3494 4532/3603/3482 4526/3604/3476 4539/3605/3489
f 4541/3606/3491 4530/3607/3480 4524/3608/3474 4540/3609/3490
f 4543/3610/3493 4534/3611/3484 4520/3612/3470 4537/3613/3487
f 4536/3614/3486 4529/3615/3479 4523/3616/3473 4533/3617/3483
f 4535/3618/3485 4528/3599/3478 4520/3612/3470 4534/3611/3484
f 4532/3603/3482 4522/3600/3472 4528/3599/3478 4535/3618/3485
f 4531/3619/3481 4525/3620/3475 4529/3615/3479 4536/3614/3486
f 4539/3605/3489 4526/3604/3476 4530/3607/3480 4541/3606/3491
f 4537/3613/3487 4520/3612/3470 4528/3599/3478 4542/3598/3492
f 4521/3621/3471 4531/3619/3481 4536/3614/3486 4527/3622/3477
f 4526/3604/3476 4532/3603/3482 4535/3618/3485 4530/3607/3480
f 4530/3607/3480 4535/3618/3485 4534/3611/3484 4524/3608/3474
f 4527/3622/3477 4536/3614/3486 4533/3623/3483 4519/3624/3469
f 4540/3609/3490 4524/3608/3474 4534/3611/3484 4543/3610/3493
f 4538/3601/3488 4522/3600/3472 4532/3603/3482 4544/3602/3494
f 4521/3621/3471 4538/3625/3488 4544/3626/3494 4531/3619/3481
f 4523/3616/3473 4540/3627/3490 4543/3628/3493 4533/3617/3483
f 4519/3624/3469 4537/3629/3487 4542/3630/3492 4527/3622/3477
f 4525/3620/3475 4539/3631/3489 4541/3632/3491 4529/3615/3479
f 4533/3623/3483 4543/3633/3493 4537/3629/3487 4519/3624/3469
f 4529/3615/3479 4541/3632/3491 4540/3627/3490 4523/3616/3473
f 4531/3619/3481 4544/3626/3494 4539/3631/3489 4525/3620/3475
f 4527/3622/3477 4542/3630/3492 4538/3625/3488 4521/3621/3471
o Cube.018
v 3.087203 2.193246 2.141319
v 3.087203 2.296962 2.141319
v 3.087203 2.193246 2.495758
v 3.087203 2.296962 2.495758
v 2.732763 2.193246 2.141319
v 2.732763 2.296962 2.141319
v 2.732764 2.193246 2.495759
v 2.732764 2.296962 2.495759
v 3.140738 2.172519 2.318539
v 3.140738 2.306863 2.318539
v 2.679228 2.172519 2.318539
v 2.679228 2.306863 2.318539
v 2.909983 2.172519 2.549294
v 2.909983 2.306863 2.549294
v 2.909983 2.172519 2.087784
v 2.909983 2.306863 2.087784
v 2.909983 2.272696 2.318539
v 2.909983 2.110042 2.318539
v 3.140738 2.273188 2.087784
v 3.140738 2.273188 2.549294
v 2.679228 2.273188 2.549294
v 2.679228 2.273188 2.087784
v 2.616797 2.259418 2.318539
v 3.203169 2.259418 2.318539
v 2.909983 2.259418 2.025352
v 2.909983 2.259418 2.611725
vn 0.3993 -0.8253 -0.3993
vn 0.1355 0.9815 -0.1355
vn 0.3993 -0.8253 0.3993
vn 0.1355 0.9815 0.1355
vn -0.3993 -0.8253 -0.3993
vn -0.1355 0.9815 -0.1355
vn -0.3993 -0.8253 0.3993
vn -0.1355 0.9815 0.1355
vn 0.4146 -0.9100 -0.0000
vn 0.1681 0.9858 -0.0000
vn -0.4146 -0.9100 -0.0000
vn -0.1681 0.9858 -0.0000
vn -0.0000 -0.9100 0.4146
vn -0.0000 0.9858 0.1681
vn -0.0000 -0.9100 -0.4146
vn -0.0000 0.9858 -0.1681
vn -0.0000 1.0000 -0.0000
vn -0.0000 -1.0000 -0.0000
vn 0.6222 0.4750 -0.6222
vn 0.6222 0.4750 0.6222
vn -0.6222 0.4750 0.6222
vn -0.6222 0.4750 -0.6222
vn -0.9612 0.2758 -0.0000
vn 0.9612 0.2758 -0.0000
vn -0.0000 0.2758 -0.9612
vn -0.0000 0.2758 0.9612
vt 0.057987 0.020044
vt 0.050349 0.023624
vt 0.045103 0.016536
vt 0.047109 0.010989
vt 0.032956 0.010989
vt 0.036536 0.018627
vt 0.029448 0.023874
vt 0.023901 0.021867
vt 0.023901 0.036020
vt 0.031539 0.032440
vt 0.036785 0.039529
vt 0.034779 0.045075
vt 0.048932 0.045075
vt 0.045352 0.037437
vt 0.052440 0.032191
vt 0.057987 0.034198
vt 0.036601 0.088315
vt 0.045226 0.100254
vt 0.039531 0.106959
vt 0.029890 0.103711
vt 0.040944 0.028032
vt 0.051101 0.088315
vt 0.052507 0.096298
vt 0.052507 0.080333
vt 0.045226 0.076377
vt 0.029890 0.072920
vt 0.039531 0.069671
vt 0.063929 0.075037
vt 0.064351 0.088315
vt 0.044004 0.119475
vt 0.030424 0.119176
vt 0.044004 0.057155
vt 0.054073 0.066042
vt 0.063929 0.101593
vt 0.054073 0.110589
vt 0.030424 0.057455
s 1
usemtl Cabin
f 4568/3634/3518 4554/3635/3504 4548/3636/3498 4564/3637/3514
f 4570/3638/3520 4558/3639/3508 4552/3640/3502 4565/3641/3515
f 4567/3642/3517 4556/3643/3506 4550/3644/3500 4566/3645/3516
f 4569/3646/3519 4560/3647/3510 4546/3648/3496 4563/3649/3513
f 4562/3650/3512 4555/3651/3505 4549/3652/3499 4559/3653/3509
f 4561/3654/3511 4554/3635/3504 4546/3648/3496 4560/3647/3510
f 4558/3639/3508 4548/3636/3498 4554/3635/3504 4561/3654/3511
f 4557/3655/3507 4551/3656/3501 4555/3651/3505 4562/3650/3512
f 4565/3641/3515 4552/3640/3502 4556/3643/3506 4567/3642/3517
f 4563/3649/3513 4546/3648/3496 4554/3635/3504 4568/3634/3518
f 4547/3657/3497 4557/3655/3507 4562/3650/3512 4553/3658/3503
f 4552/3640/3502 4558/3639/3508 4561/3654/3511 4556/3643/3506
f 4556/3643/3506 4561/3654/3511 4560/3647/3510 4550/3644/3500
f 4553/3658/3503 4562/3650/3512 4559/3659/3509 4545/3660/3495
f 4566/3645/3516 4550/3644/3500 4560/3647/3510 4569/3646/3519
f 4564/3637/3514 4548/3636/3498 4558/3639/3508 4570/3638/3520
f 4547/3657/3497 4564/3661/3514 4570/3662/3520 4557/3655/3507
f 4549/3652/3499 4566/3663/3516 4569/3664/3519 4559/3653/3509
f 4545/3660/3495 4563/3665/3513 4568/3666/3518 4553/3658/3503
f 4551/3656/3501 4565/3667/3515 4567/3668/3517 4555/3651/3505
f 4559/3659/3509 4569/3669/3519 4563/3665/3513 4545/3660/3495
f 4555/3651/3505 4567/3668/3517 4566/3663/3516 4549/3652/3499
f 4557/3655/3507 4570/3662/3520 4565/3667/3515 4551/3656/3501
f 4553/3658/3503 4568/3666/3518 4564/3661/3514 4547/3657/3497
o Cube.037
v 3.053392 2.413944 2.420574
v 3.053392 2.524706 2.420574
v 2.818393 2.413944 2.541531
v 2.818393 2.524706 2.541531
v 2.932435 2.413944 2.185575
v 2.932435 2.524706 2.185575
v 2.697436 2.413944 2.306532
v 2.697436 2.524706 2.306532
v 2.954162 2.391808 2.516547
v 2.954162 2.535280 2.516547
v 2.796666 2.391808 2.210558
v 2.796666 2.535280 2.210558
v 2.722420 2.391808 2.442301
v 2.722420 2.535280 2.442301
v 3.028408 2.391808 2.284805
v 3.028408 2.535280 2.284805
v 2.875414 2.498791 2.363553
v 2.875414 2.325087 2.363553
v 3.107156 2.499317 2.437799
v 2.801168 2.499317 2.595295
v 2.643672 2.499317 2.289307
v 2.949660 2.499317 2.131810
v 2.775360 2.484611 2.169166
v 2.975467 2.484611 2.557940
v 3.069801 2.484611 2.263499
v 2.681026 2.484611 2.463606
vn 0.6666 -0.7142 0.2136
vn 0.2565 0.9630 0.0822
vn -0.2136 -0.7142 0.6666
vn -0.0822 0.9630 0.2565
vn 0.2136 -0.7142 -0.6666
vn 0.0822 0.9630 -0.2565
vn -0.6666 -0.7142 -0.2136
vn -0.2565 0.9630 -0.0822
vn 0.2501 -0.8375 0.4859
vn 0.1085 0.9715 0.2109
vn -0.2501 -0.8375 -0.4859
vn -0.1085 0.9715 -0.2109
vn -0.4859 -0.8375 0.2501
vn -0.2109 0.9715 0.1085
vn 0.4859 -0.8375 -0.2501
vn 0.2109 0.9715 -0.1085
vn -0.0000 1.0000 -0.0000
vn -0.0000 -1.0000 -0.0000
vn 0.8911 0.3527 0.2855
vn -0.2855 0.3527 0.8911
vn -0.8911 0.3527 -0.2855
vn 0.2855 0.3527 -0.8911
vn -0.4487 0.1964 -0.8718
vn 0.4487 0.1964 0.8718
vn 0.8718 0.1964 -0.4487
vn -0.8718 0.1964 0.4487
vt 0.057987 0.020044
vt 0.050349 0.023624
vt 0.045103 0.016536
vt 0.047109 0.010989
vt 0.032956 0.010989
vt 0.036536 0.018627
vt 0.029448 0.023874
vt 0.023901 0.021867
vt 0.023901 0.036020
vt 0.031539 0.032440
vt 0.036785 0.039529
vt 0.034779 0.045075
vt 0.048932 0.045075
vt 0.045352 0.037437
vt 0.052440 0.032191
vt 0.057987 0.034198
vt 0.036601 0.088315
vt 0.045226 0.100254
vt 0.039531 0.106959
vt 0.029890 0.103711
vt 0.040944 0.028032
vt 0.051101 0.088315
vt 0.052507 0.096298
vt 0.052507 0.080333
vt 0.045226 0.076377
vt 0.029890 0.072920
vt 0.039531 0.069671
vt 0.063929 0.075037
vt 0.064351 0.088315
vt 0.044004 0.119475
vt 0.030424 0.119176
vt 0.044004 0.057155
vt 0.054073 0.066042
vt 0.063929 0.101593
vt 0.054073 0.110589
vt 0.030424 0.057455
s 1
usemtl Cabin
f 4594/3670/3544 4580/3671/3530 4574/3672/3524 4590/3673/3540
f 4596/3674/3546 4584/3675/3534 4578/3676/3528 4591/3677/3541
f 4593/3678/3543 4582/3679/3532 4576/3680/3526 4592/3681/3542
f 4595/3682/3545 4586/3683/3536 4572/3684/3522 4589/3685/3539
f 4588/3686/3538 4581/3687/3531 4575/3688/3525 4585/3689/3535
f 4587/3690/3537 4580/3671/3530 4572/3684/3522 4586/3683/3536
f 4584/3675/3534 4574/3672/3524 4580/3671/3530 4587/3690/3537
f 4583/3691/3533 4577/3692/3527 4581/3687/3531 4588/3686/3538
f 4591/3677/3541 4578/3676/3528 4582/3679/3532 4593/3678/3543
f 4589/3685/3539 4572/3684/3522 4580/3671/3530 4594/3670/3544
f 4573/3693/3523 4583/3691/3533 4588/3686/3538 4579/3694/3529
f 4578/3676/3528 4584/3675/3534 4587/3690/3537 4582/3679/3532
f 4582/3679/3532 4587/3690/3537 4586/3683/3536 4576/3680/3526
f 4579/3694/3529 4588/3686/3538 4585/3695/3535 4571/3696/3521
f 4592/3681/3542 4576/3680/3526 4586/3683/3536 4595/3682/3545
f 4590/3673/3540 4574/3672/3524 4584/3675/3534 4596/3674/3546
f 4573/3693/3523 4590/3697/3540 4596/3698/3546 4583/3691/3533
f 4575/3688/3525 4592/3699/3542 4595/3700/3545 4585/3689/3535
f 4571/3696/3521 4589/3701/3539 4594/3702/3544 4579/3694/3529
f 4577/3692/3527 4591/3703/3541 4593/3704/3543 4581/3687/3531
f 4585/3695/3535 4595/3705/3545 4589/3701/3539 4571/3696/3521
f 4581/3687/3531 4593/3704/3543 4592/3699/3542 4575/3688/3525
f 4583/3691/3533 4596/3698/3546 4591/3703/3541 4577/3692/3527
f 4579/3694/3529 4594/3702/3544 4590/3697/3540 4573/3693/3523
o Cube.038
v 2.902703 2.017382 2.157833
v 2.902703 2.085908 2.157833
v 2.902703 2.017382 2.392015
v 2.902703 2.085908 2.392015
v 2.668521 2.017382 2.157833
v 2.668521 2.085908 2.157833
v 2.668521 2.017382 2.392015
v 2.668521 2.085908 2.392015
v 2.938074 2.003687 2.274924
v 2.938074 2.092450 2.274924
v 2.633150 2.003687 2.274924
v 2.633150 2.092450 2.274924
v 2.785612 2.003687 2.427386
v 2.785612 2.092450 2.427386
v 2.785612 2.003687 2.122462
v 2.785612 2.092450 2.122462
v 2.785612 2.069875 2.274924
v 2.785612 1.962408 2.274924
v 2.938074 2.070201 2.122462
v 2.938074 2.070201 2.427386
v 2.633150 2.070201 2.427386
v 2.633150 2.070201 2.122462
v 2.591901 2.061102 2.274924
v 2.979323 2.061102 2.274924
v 2.785612 2.061102 2.081213
v 2.785612 2.061102 2.468635
vn 0.3993 -0.8253 -0.3993
vn 0.1355 0.9815 -0.1355
vn 0.3993 -0.8253 0.3993
vn 0.1355 0.9815 0.1355
vn -0.3993 -0.8253 -0.3993
vn -0.1355 0.9815 -0.1355
vn -0.3993 -0.8253 0.3993
vn -0.1355 0.9815 0.1355
vn 0.4146 -0.9100 -0.0000
vn 0.1681 0.9858 -0.0000
vn -0.4146 -0.9100 -0.0000
vn -0.1681 0.9858 -0.0000
vn -0.0000 -0.9100 0.4146
vn -0.0000 0.9858 0.1681
vn -0.0000 -0.9100 -0.4146
vn -0.0000 0.9858 -0.1681
vn -0.0000 1.0000 -0.0000
vn -0.0000 -1.0000 -0.0000
vn 0.6222 0.4750 -0.6222
vn 0.6222 0.4750 0.6222
vn -0.6222 0.4750 0.6222
vn -0.6222 0.4750 -0.6222
vn -0.9612 0.2758 -0.0000
vn 0.9612 0.2758 -0.0000
vn -0.0000 0.2758 -0.9612
vn -0.0000 0.2758 0.9612
vt 0.057987 0.020044
vt 0.050349 0.023624
vt 0.045103 0.016536
vt 0.047109 0.010989
vt 0.032956 0.010989
vt 0.036536 0.018627
vt 0.029448 0.023874
vt 0.023901 0.021867
vt 0.023901 0.036020
vt 0.031539 0.032440
vt 0.036785 0.039529
vt 0.034779 0.045075
vt 0.048932 0.045075
vt 0.045352 0.037437
vt 0.052440 0.032191
vt 0.057987 0.034198
vt 0.036601 0.088315
vt 0.045226 0.100254
vt 0.039531 0.106959
vt 0.029890 0.103711
vt 0.040944 0.028032
vt 0.051101 0.088315
vt 0.052507 0.096298
vt 0.052507 0.080333
vt 0.045226 0.076377
vt 0.029890 0.072920
vt 0.039531 0.069671
vt 0.063929 0.075037
vt 0.064351 0.088315
vt 0.044004 0.119475
vt 0.030424 0.119176
vt 0.044004 0.057155
vt 0.054073 0.066042
vt 0.063929 0.101593
vt 0.054073 0.110589
vt 0.030424 0.057455
s 1
usemtl Cabin
f 4620/3706/3570 4606/3707/3556 4600/3708/3550 4616/3709/3566
f 4622/3710/3572 4610/3711/3560 4604/3712/3554 4617/3713/3567
f 4619/3714/3569 4608/3715/3558 4602/3716/3552 4618/3717/3568
f 4621/3718/3571 4612/3719/3562 4598/3720/3548 4615/3721/3565
f 4614/3722/3564 4607/3723/3557 4601/3724/3551 4611/3725/3561
f 4613/3726/3563 4606/3707/3556 4598/3720/3548 4612/3719/3562
f 4610/3711/3560 4600/3708/3550 4606/3707/3556 4613/3726/3563
f 4609/3727/3559 4603/3728/3553 4607/3723/3557 4614/3722/3564
f 4617/3713/3567 4604/3712/3554 4608/3715/3558 4619/3714/3569
f 4615/3721/3565 4598/3720/3548 4606/3707/3556 4620/3706/3570
f 4599/3729/3549 4609/3727/3559 4614/3722/3564 4605/3730/3555
f 4604/3712/3554 4610/3711/3560 4613/3726/3563 4608/3715/3558
f 4608/3715/3558 4613/3726/3563 4612/3719/3562 4602/3716/3552
f 4605/3730/3555 4614/3722/3564 4611/3731/3561 4597/3732/3547
f 4618/3717/3568 4602/3716/3552 4612/3719/3562 4621/3718/3571
f 4616/3709/3566 4600/3708/3550 4610/3711/3560 4622/3710/3572
f 4599/3729/3549 4616/3733/3566 4622/3734/3572 4609/3727/3559
f 4601/3724/3551 4618/3735/3568 4621/3736/3571 4611/3725/3561
f 4597/3732/3547 4615/3737/3565 4620/3738/3570 4605/3730/3555
f 4603/3728/3553 4617/3739/3567 4619/3740/3569 4607/3723/3557
f 4611/3731/3561 4621/3741/3571 4615/3737/3565 4597/3732/3547
f 4607/3723/3557 4619/3740/3569 4618/3735/3568 4601/3724/3551
f 4609/3727/3559 4622/3734/3572 4617/3739/3567 4603/3728/3553
f 4605/3730/3555 4620/3738/3570 4616/3733/3566 4599/3729/3549
o Cube.039
v 2.839556 1.459582 2.079907
v 2.839556 1.528108 2.079907
v 3.033432 1.459582 2.211258
v 3.033432 1.528108 2.211258
v 2.708205 1.459582 2.273784
v 2.708205 1.528108 2.273784
v 2.902081 1.459582 2.405135
v 2.902081 1.528108 2.405135
v 2.956333 1.445887 2.116299
v 2.956333 1.534650 2.116299
v 2.785304 1.445887 2.368743
v 2.785304 1.534650 2.368743
v 2.997041 1.445887 2.328036
v 2.997041 1.534650 2.328036
v 2.744597 1.445887 2.157006
v 2.744597 1.534650 2.157006
v 2.870819 1.512076 2.242521
v 2.870819 1.404609 2.242521
v 2.830112 1.512401 2.030784
v 3.082555 1.512401 2.201814
v 2.911526 1.512401 2.454257
v 2.659082 1.512401 2.283228
v 2.762167 1.503303 2.402892
v 2.979470 1.503303 2.082149
v 2.710447 1.503303 2.133870
v 3.031190 1.503303 2.351172
vn -0.1066 -0.8253 -0.5546
vn -0.0362 0.9815 -0.1882
vn 0.5546 -0.8253 -0.1066
vn 0.1882 0.9815 -0.0362
vn -0.5546 -0.8253 0.1066
vn -0.1882 0.9815 0.0362
vn 0.1066 -0.8253 0.5546
vn 0.0362 0.9815 0.1882
vn 0.2326 -0.9100 -0.3433
vn 0.0943 0.9858 -0.1391
vn -0.2326 -0.9100 0.3433
vn -0.0943 0.9858 0.1391
vn 0.3433 -0.9100 0.2326
vn 0.1391 0.9858 0.0943
vn -0.3433 -0.9100 -0.2326
vn -0.1391 0.9858 -0.0943
vn -0.0000 1.0000 -0.0000
vn -0.0000 -1.0000 -0.0000
vn -0.1661 0.4750 -0.8641
vn 0.8641 0.4750 -0.1661
vn 0.1661 0.4750 0.8641
vn -0.8641 0.4750 0.1661
vn -0.5391 0.2758 0.7958
vn 0.5391 0.2758 -0.7958
vn -0.7958 0.2758 -0.5391
vn 0.7958 0.2758 0.5391
vt 0.057987 0.020044
vt 0.050349 0.023624
vt 0.045103 0.016536
vt 0.047109 0.010989
vt 0.032956 0.010989
vt 0.036536 0.018627
vt 0.029448 0.023874
vt 0.023901 0.021867
vt 0.023901 0.036020
vt 0.031539 0.032440
vt 0.036785 0.039529
vt 0.034779 0.045075
vt 0.048932 0.045075
vt 0.045352 0.037437
vt 0.052440 0.032191
vt 0.057987 0.034198
vt 0.036601 0.088315
vt 0.045226 0.100254
vt 0.039531 0.106959
vt 0.029890 0.103711
vt 0.040944 0.028032
vt 0.051101 0.088315
vt 0.052507 0.096298
vt 0.052507 0.080333
vt 0.045226 0.076377
vt 0.029890 0.072920
vt 0.039531 0.069671
vt 0.063929 0.075037
vt 0.064351 0.088315
vt 0.044004 0.119475
vt 0.030424 0.119176
vt 0.044004 0.057155
vt 0.054073 0.066042
vt 0.063929 0.101593
vt 0.054073 0.110589
vt 0.030424 0.057455
s 1
usemtl Cabin
f 4646/3742/3596 4632/3743/3582 4626/3744/3576 4642/3745/3592
f 4648/3746/3598 4636/3747/3586 4630/3748/3580 4643/3749/3593
f 4645/3750/3595 4634/3751/3584 4628/3752/3578 4644/3753/3594
f 4647/3754/3597 4638/3755/3588 4624/3756/3574 4641/3757/3591
f 4640/3758/3590 4633/3759/3583 4627/3760/3577 4637/3761/3587
f 4639/3762/3589 4632/3743/3582 4624/3756/3574 4638/3755/3588
f 4636/3747/3586 4626/3744/3576 4632/3743/3582 4639/3762/3589
f 4635/3763/3585 4629/3764/3579 4633/3759/3583 4640/3758/3590
f 4643/3749/3593 4630/3748/3580 4634/3751/3584 4645/3750/3595
f 4641/3757/3591 4624/3756/3574 4632/3743/3582 4646/3742/3596
f 4625/3765/3575 4635/3763/3585 4640/3758/3590 4631/3766/3581
f 4630/3748/3580 4636/3747/3586 4639/3762/3589 4634/3751/3584
f 4634/3751/3584 4639/3762/3589 4638/3755/3588 4628/3752/3578
f 4631/3766/3581 4640/3758/3590 4637/3767/3587 4623/3768/3573
f 4644/3753/3594 4628/3752/3578 4638/3755/3588 4647/3754/3597
f 4642/3745/3592 4626/3744/3576 4636/3747/3586 4648/3746/3598
f 4625/3765/3575 4642/3769/3592 4648/3770/3598 4635/3763/3585
f 4627/3760/3577 4644/3771/3594 4647/3772/3597 4637/3761/3587
f 4623/3768/3573 4641/3773/3591 4646/3774/3596 4631/3766/3581
f 4629/3764/3579 4643/3775/3593 4645/3776/3595 4633/3759/3583
f 4637/3767/3587 4647/3777/3597 4641/3773/3591 4623/3768/3573
f 4633/3759/3583 4645/3776/3595 4644/3771/3594 4627/3760/3577
f 4635/3763/3585 4648/3770/3598 4643/3775/3593 4629/3764/3579
f 4631/3766/3581 4646/3774/3596 4642/3769/3592 4625/3765/3575
o Cube.040
v 2.809976 0.999712 2.134585
v 2.809976 1.095072 2.134585
v 2.809976 0.999712 2.362132
v 2.809976 1.095072 2.362132
v 2.582428 0.999712 2.134585
v 2.582428 1.095072 2.134585
v 2.582428 0.999712 2.362132
v 2.582428 1.095072 2.362132
v 2.844345 0.980655 2.248358
v 2.844345 1.104175 2.248358
v 2.548059 0.980655 2.248358
v 2.548059 1.104175 2.248358
v 2.696202 0.980655 2.396501
v 2.696202 1.104175 2.396501
v 2.696202 0.980655 2.100216
v 2.696202 1.104175 2.100216
v 2.696202 1.072761 2.248358
v 2.696202 0.923212 2.248358
v 2.844345 1.073214 2.100216
v 2.844345 1.073214 2.396501
v 2.548059 1.073214 2.396501
v 2.548059 1.073214 2.100216
v 2.507979 1.060553 2.248358
v 2.884425 1.060553 2.248358
v 2.696202 1.060553 2.060135
v 2.696202 1.060553 2.436582
vn 0.4949 -0.7142 -0.4949
vn 0.1905 0.9630 -0.1905
vn 0.4949 -0.7142 0.4949
vn 0.1905 0.9630 0.1905
vn -0.4949 -0.7142 -0.4949
vn -0.1905 0.9630 -0.1905
vn -0.4949 -0.7142 0.4949
vn -0.1905 0.9630 0.1905
vn 0.5465 -0.8375 -0.0000
vn 0.2372 0.9715 -0.0000
vn -0.5465 -0.8375 -0.0000
vn -0.2372 0.9715 -0.0000
vn -0.0000 -0.8375 0.5465
vn -0.0000 0.9715 0.2372
vn -0.0000 -0.8375 -0.5465
vn -0.0000 0.9715 -0.2372
vn -0.0000 1.0000 -0.0000
vn -0.0000 -1.0000 -0.0000
vn 0.6617 0.3527 -0.6617
vn 0.6617 0.3527 0.6617
vn -0.6617 0.3527 0.6617
vn -0.6617 0.3527 -0.6617
vn -0.9805 0.1964 -0.0000
vn 0.9805 0.1964 -0.0000
vn -0.0000 0.1964 -0.9805
vn -0.0000 0.1964 0.9805
vt 0.057987 0.020044
vt 0.050349 0.023624
vt 0.045103 0.016536
vt 0.047109 0.010989
vt 0.032956 0.010989
vt 0.036536 0.018627
vt 0.029448 0.023874
vt 0.023901 0.021867
vt 0.023901 0.036020
vt 0.031539 0.032440
vt 0.036785 0.039529
vt 0.034779 0.045075
vt 0.048932 0.045075
vt 0.045352 0.037437
vt 0.052440 0.032191
vt 0.057987 0.034198
vt 0.036601 0.088315
vt 0.045226 0.100254
vt 0.039531 0.106959
vt 0.029890 0.103711
vt 0.040944 0.028032
vt 0.051101 0.088315
vt 0.052507 0.096298
vt 0.052507 0.080333
vt 0.045226 0.076377
vt 0.029890 0.072920
vt 0.039531 0.069671
vt 0.063929 0.075037
vt 0.064351 0.088315
vt 0.044004 0.119475
vt 0.030424 0.119176
vt 0.044004 0.057155
vt 0.054073 0.066042
vt 0.063929 0.101593
vt 0.054073 0.110589
vt 0.030424 0.057455
s 1
usemtl Cabin
f 4672/3778/3622 4658/3779/3608 4652/3780/3602 4668/3781/3618
f 4674/3782/3624 4662/3783/3612 4656/3784/3606 4669/3785/3619
f 4671/3786/3621 4660/3787/3610 4654/3788/3604 4670/3789/3620
f 4673/3790/3623 4664/3791/3614 4650/3792/3600 4667/3793/3617
f 4666/3794/3616 4659/3795/3609 4653/3796/3603 4663/3797/3613
f 4665/3798/3615 4658/3779/3608 4650/3792/3600 4664/3791/3614
f 4662/3783/3612 4652/3780/3602 4658/3779/3608 4665/3798/3615
f 4661/3799/3611 4655/3800/3605 4659/3795/3609 4666/3794/3616
f 4669/3785/3619 4656/3784/3606 4660/3787/3610 4671/3786/3621
f 4667/3793/3617 4650/3792/3600 4658/3779/3608 4672/3778/3622
f 4651/3801/3601 4661/3799/3611 4666/3794/3616 4657/3802/3607
f 4656/3784/3606 4662/3783/3612 4665/3798/3615 4660/3787/3610
f 4660/3787/3610 4665/3798/3615 4664/3791/3614 4654/3788/3604
f 4657/3802/3607 4666/3794/3616 4663/3803/3613 4649/3804/3599
f 4670/3789/3620 4654/3788/3604 4664/3791/3614 4673/3790/3623
f 4668/3781/3618 4652/3780/3602 4662/3783/3612 4674/3782/3624
f 4651/3801/3601 4668/3805/3618 4674/3806/3624 4661/3799/3611
f 4653/3796/3603 4670/3807/3620 4673/3808/3623 4663/3797/3613
f 4649/3804/3599 4667/3809/3617 4672/3810/3622 4657/3802/3607
f 4655/3800/3605 4669/3811/3619 4671/3812/3621 4659/3795/3609
f 4663/3803/3613 4673/3813/3623 4667/3809/3617 4649/3804/3599
f 4659/3795/3609 4671/3812/3621 4670/3807/3620 4653/3796/3603
f 4661/3799/3611 4674/3806/3624 4669/3811/3619 4655/3800/3605
f 4657/3802/3607 4672/3810/3622 4668/3805/3618 4651/3801/3601
o Cube.041
v 2.608067 0.851552 2.247732
v 2.608067 0.934852 2.247732
v 2.732861 0.851552 1.991875
v 2.732861 0.934852 1.991875
v 2.863924 0.851552 2.372526
v 2.863924 0.934852 2.372526
v 2.988718 0.851552 2.116669
v 2.988718 0.934852 2.116669
v 2.631819 0.834905 2.100955
v 2.631819 0.942804 2.100955
v 2.964966 0.834905 2.263446
v 2.964966 0.942804 2.263446
v 2.879638 0.834905 2.015627
v 2.879638 0.942804 2.015627
v 2.717147 0.834905 2.348774
v 2.717147 0.942804 2.348774
v 2.798393 0.915363 2.182200
v 2.798393 0.784727 2.182200
v 2.550573 0.915758 2.267528
v 2.713065 0.915758 1.934381
v 3.046212 0.915758 2.096873
v 2.883720 0.915758 2.430020
v 3.010033 0.904698 2.285428
v 2.586752 0.904698 2.078973
v 2.695165 0.904698 2.393841
v 2.901620 0.904698 1.970560
vn -0.5340 -0.8253 0.1839
vn -0.1812 0.9815 0.0624
vn -0.1839 -0.8253 -0.5340
vn -0.0624 0.9815 -0.1812
vn 0.1839 -0.8253 0.5340
vn 0.0624 0.9815 0.1812
vn 0.5340 -0.8253 -0.1839
vn 0.1812 0.9815 -0.0624
vn -0.3727 -0.9100 -0.1818
vn -0.1510 0.9858 -0.0737
vn 0.3727 -0.9100 0.1818
vn 0.1510 0.9858 0.0737
vn 0.1818 -0.9100 -0.3727
vn 0.0737 0.9858 -0.1510
vn -0.1818 -0.9100 0.3727
vn -0.0737 0.9858 0.1510
vn -0.0000 1.0000 -0.0000
vn -0.0000 -1.0000 -0.0000
vn -0.8320 0.4750 0.2865
vn -0.2865 0.4750 -0.8320
vn 0.8320 0.4750 -0.2865
vn 0.2865 0.4750 0.8320
vn 0.8639 0.2758 0.4214
vn -0.8639 0.2758 -0.4214
vn -0.4214 0.2758 0.8639
vn 0.4214 0.2758 -0.8639
vt 0.057987 0.020044
vt 0.050349 0.023624
vt 0.045103 0.016536
vt 0.047109 0.010989
vt 0.032956 0.010989
vt 0.036536 0.018627
vt 0.029448 0.023874
vt 0.023901 0.021867
vt 0.023901 0.036020
vt 0.031539 0.032440
vt 0.036785 0.039529
vt 0.034779 0.045075
vt 0.048932 0.045075
vt 0.045352 0.037437
vt 0.052440 0.032191
vt 0.057987 0.034198
vt 0.036601 0.088315
vt 0.045226 0.100254
vt 0.039531 0.106959
vt 0.029890 0.103711
vt 0.040944 0.028032
vt 0.051101 0.088315
vt 0.052507 0.096298
vt 0.052507 0.080333
vt 0.045226 0.076377
vt 0.029890 0.072920
vt 0.039531 0.069671
vt 0.063929 0.075037
vt 0.064351 0.088315
vt 0.044004 0.119475
vt 0.030424 0.119176
vt 0.044004 0.057155
vt 0.054073 0.066042
vt 0.063929 0.101593
vt 0.054073 0.110589
vt 0.030424 0.057455
s 1
usemtl Cabin
f 4698/3814/3648 4684/3815/3634 4678/3816/3628 4694/3817/3644
f 4700/3818/3650 4688/3819/3638 4682/3820/3632 4695/3821/3645
f 4697/3822/3647 4686/3823/3636 4680/3824/3630 4696/3825/3646
f 4699/3826/3649 4690/3827/3640 4676/3828/3626 4693/3829/3643
f 4692/3830/3642 4685/3831/3635 4679/3832/3629 4689/3833/3639
f 4691/3834/3641 4684/3815/3634 4676/3828/3626 4690/3827/3640
f 4688/3819/3638 4678/3816/3628 4684/3815/3634 4691/3834/3641
f 4687/3835/3637 4681/3836/3631 4685/3831/3635 4692/3830/3642
f 4695/3821/3645 4682/3820/3632 4686/3823/3636 4697/3822/3647
f 4693/3829/3643 4676/3828/3626 4684/3815/3634 4698/3814/3648
f 4677/3837/3627 4687/3835/3637 4692/3830/3642 4683/3838/3633
f 4682/3820/3632 4688/3819/3638 4691/3834/3641 4686/3823/3636
f 4686/3823/3636 4691/3834/3641 4690/3827/3640 4680/3824/3630
f 4683/3838/3633 4692/3830/3642 4689/3839/3639 4675/3840/3625
f 4696/3825/3646 4680/3824/3630 4690/3827/3640 4699/3826/3649
f 4694/3817/3644 4678/3816/3628 4688/3819/3638 4700/3818/3650
f 4677/3837/3627 4694/3841/3644 4700/3842/3650 4687/3835/3637
f 4679/3832/3629 4696/3843/3646 4699/3844/3649 4689/3833/3639
f 4675/3840/3625 4693/3845/3643 4698/3846/3648 4683/3838/3633
f 4681/3836/3631 4695/3847/3645 4697/3848/3647 4685/3831/3635
f 4689/3839/3639 4699/3849/3649 4693/3845/3643 4675/3840/3625
f 4685/3831/3635 4697/3848/3647 4696/3843/3646 4679/3832/3629
f 4687/3835/3637 4700/3842/3650 4695/3847/3645 4681/3836/3631
f 4683/3838/3633 4698/3846/3648 4694/3841/3644 4677/3837/3627
o Cube.042
v 2.772839 0.690457 2.159965
v 2.772839 0.741358 2.159965
v 2.772839 0.690457 2.333916
v 2.772839 0.741358 2.333916
v 2.598888 0.690457 2.159965
v 2.598888 0.741358 2.159965
v 2.598888 0.690457 2.333916
v 2.598888 0.741358 2.333916
v 2.799113 0.680284 2.246941
v 2.799113 0.746218 2.246941
v 2.572614 0.680284 2.246941
v 2.572614 0.746218 2.246941
v 2.685863 0.680284 2.360190
v 2.685863 0.746218 2.360190
v 2.685863 0.680284 2.133691
v 2.685863 0.746218 2.133691
v 2.685863 0.729449 2.246941
v 2.685863 0.649622 2.246941
v 2.799113 0.729691 2.133691
v 2.799113 0.729691 2.360190
v 2.572614 0.729691 2.360190
v 2.572614 0.729691 2.133691
v 2.541974 0.722932 2.246941
v 2.829753 0.722932 2.246941
v 2.685863 0.722932 2.103051
v 2.685863 0.722932 2.390830
vn 0.3993 -0.8253 -0.3993
vn 0.1355 0.9815 -0.1355
vn 0.3993 -0.8253 0.3993
vn 0.1355 0.9815 0.1355
vn -0.3993 -0.8253 -0.3993
vn -0.1355 0.9815 -0.1355
vn -0.3993 -0.8253 0.3993
vn -0.1355 0.9815 0.1355
vn 0.4146 -0.9100 -0.0000
vn 0.1681 0.9858 -0.0000
vn -0.4146 -0.9100 -0.0000
vn -0.1681 0.9858 -0.0000
vn -0.0000 -0.9100 0.4146
vn -0.0000 0.9858 0.1681
vn -0.0000 -0.9100 -0.4146
vn -0.0000 0.9858 -0.1681
vn -0.0000 1.0000 -0.0000
vn -0.0000 -1.0000 -0.0000
vn 0.6222 0.4750 -0.6222
vn 0.6222 0.4750 0.6222
vn -0.6222 0.4750 0.6222
vn -0.6222 0.4750 -0.6222
vn -0.9612 0.2758 -0.0000
vn 0.9612 0.2758 -0.0000
vn -0.0000 0.2758 -0.9612
vn -0.0000 0.2758 0.9612
vt 0.057987 0.020044
vt 0.050349 0.023624
vt 0.045103 0.016536
vt 0.047109 0.010989
vt 0.032956 0.010989
vt 0.036536 0.018627
vt 0.029448 0.023874
vt 0.023901 0.021867
vt 0.023901 0.036020
vt 0.031539 0.032440
vt 0.036785 0.039529
vt 0.034779 0.045075
vt 0.048932 0.045075
vt 0.045352 0.037437
vt 0.052440 0.032191
vt 0.057987 0.034198
vt 0.036601 0.088315
vt 0.045226 0.100254
vt 0.039531 0.106959
vt 0.029890 0.103711
vt 0.040944 0.028032
vt 0.051101 0.088315
vt 0.052507 0.096298
vt 0.052507 0.080333
vt 0.045226 0.076377
vt 0.029890 0.072920
vt 0.039531 0.069671
vt 0.063929 0.075037
vt 0.064351 0.088315
vt 0.044004 0.119475
vt 0.030424 0.119176
vt 0.044004 0.057155
vt 0.054073 0.066042
vt 0.063929 0.101593
vt 0.054073 0.110589
vt 0.030424 0.057455
s 1
usemtl Cabin
f 4724/3850/3674 4710/3851/3660 4704/3852/3654 4720/3853/3670
f 4726/3854/3676 4714/3855/3664 4708/3856/3658 4721/3857/3671
f 4723/3858/3673 4712/3859/3662 4706/3860/3656 4722/3861/3672
f 4725/3862/3675 4716/3863/3666 4702/3864/3652 4719/3865/3669
f 4718/3866/3668 4711/3867/3661 4705/3868/3655 4715/3869/3665
f 4717/3870/3667 4710/3851/3660 4702/3864/3652 4716/3863/3666
f 4714/3855/3664 4704/3852/3654 4710/3851/3660 4717/3870/3667
f 4713/3871/3663 4707/3872/3657 4711/3867/3661 4718/3866/3668
f 4721/3857/3671 4708/3856/3658 4712/3859/3662 4723/3858/3673
f 4719/3865/3669 4702/3864/3652 4710/3851/3660 4724/3850/3674
f 4703/3873/3653 4713/3871/3663 4718/3866/3668 4709/3874/3659
f 4708/3856/3658 4714/3855/3664 4717/3870/3667 4712/3859/3662
f 4712/3859/3662 4717/3870/3667 4716/3863/3666 4706/3860/3656
f 4709/3874/3659 4718/3866/3668 4715/3875/3665 4701/3876/3651
f 4722/3861/3672 4706/3860/3656 4716/3863/3666 4725/3862/3675
f 4720/3853/3670 4704/3852/3654 4714/3855/3664 4726/3854/3676
f 4703/3873/3653 4720/3877/3670 4726/3878/3676 4713/3871/3663
f 4705/3868/3655 4722/3879/3672 4725/3880/3675 4715/3869/3665
f 4701/3876/3651 4719/3881/3669 4724/3882/3674 4709/3874/3659
f 4707/3872/3657 4721/3883/3671 4723/3884/3673 4711/3867/3661
f 4715/3875/3665 4725/3885/3675 4719/3881/3669 4701/3876/3651
f 4711/3867/3661 4723/3884/3673 4722/3879/3672 4705/3868/3655
f 4713/3871/3663 4726/3878/3676 4721/3883/3671 4707/3872/3657
f 4709/3874/3659 4724/3882/3674 4720/3877/3670 4703/3873/3653
o Cube.043
v 2.923693 1.692779 -2.013909
v 2.923693 1.796495 -2.013909
v 2.618247 1.692779 -2.193714
v 2.618247 1.796495 -2.193714
v 3.103498 1.692779 -2.319355
v 3.103498 1.796495 -2.319355
v 2.798052 1.692779 -2.499160
v 2.798052 1.796495 -2.499160
v 2.743812 1.672052 -2.057676
v 2.743812 1.806396 -2.057676
v 2.977933 1.672052 -2.455393
v 2.977933 1.806396 -2.455393
v 2.662014 1.672052 -2.373595
v 2.662014 1.806396 -2.373595
v 3.059731 1.672052 -2.139474
v 3.059731 1.806396 -2.139474
v 2.860873 1.772229 -2.256535
v 2.860873 1.609575 -2.256535
v 2.942670 1.772721 -1.940616
v 2.544954 1.772721 -2.174737
v 2.779075 1.772721 -2.572453
v 3.176791 1.772721 -2.338332
v 3.009604 1.758951 -2.509195
v 2.712141 1.758951 -2.003875
v 3.113533 1.758951 -2.107803
v 2.608212 1.758951 -2.405266
vn 0.1416 -0.8253 0.5467
vn 0.0480 0.9815 0.1855
vn -0.5467 -0.8253 0.1416
vn -0.1855 0.9815 0.0480
vn 0.5467 -0.8253 -0.1416
vn 0.1855 0.9815 -0.0480
vn -0.1416 -0.8253 -0.5467
vn -0.0480 0.9815 -0.1855
vn -0.2103 -0.9100 0.3573
vn -0.0853 0.9858 0.1448
vn 0.2103 -0.9100 -0.3573
vn 0.0853 0.9858 -0.1448
vn -0.3573 -0.9100 -0.2103
vn -0.1448 0.9858 -0.0853
vn 0.3573 -0.9100 0.2103
vn 0.1448 0.9858 0.0853
vn -0.0000 1.0000 -0.0000
vn -0.0000 -1.0000 -0.0000
vn 0.2206 0.4750 0.8519
vn -0.8519 0.4750 0.2206
vn -0.2206 0.4750 -0.8519
vn 0.8519 0.4750 -0.2206
vn 0.4876 0.2758 -0.8284
vn -0.4876 0.2758 0.8284
vn 0.8284 0.2758 0.4876
vn -0.8284 0.2758 -0.4876
vt 0.057987 0.020044
vt 0.050349 0.023624
vt 0.045103 0.016536
vt 0.047109 0.010989
vt 0.032956 0.010989
vt 0.036536 0.018627
vt 0.029448 0.023874
vt 0.023901 0.021867
vt 0.023901 0.036020
vt 0.031539 0.032440
vt 0.036785 0.039529
vt 0.034779 0.045075
vt 0.048932 0.045075
vt 0.045352 0.037437
vt 0.052440 0.032191
vt 0.057987 0.034198
vt 0.036601 0.088315
vt 0.045226 0.100254
vt 0.039531 0.106959
vt 0.029890 0.103711
vt 0.040944 0.028032
vt 0.051101 0.088315
vt 0.052507 0.096298
vt 0.052507 0.080333
vt 0.045226 0.076377
vt 0.029890 0.072920
vt 0.039531 0.069671
vt 0.063929 0.075037
vt 0.064351 0.088315
vt 0.044004 0.119475
vt 0.030424 0.119176
vt 0.044004 0.057155
vt 0.054073 0.066042
vt 0.063929 0.101593
vt 0.054073 0.110589
vt 0.030424 0.057455
s 1
usemtl Cabin
f 4750/3886/3700 4736/3887/3686 4730/3888/3680 4746/3889/3696
f 4752/3890/3702 4740/3891/3690 4734/3892/3684 4747/3893/3697
f 4749/3894/3699 4738/3895/3688 4732/3896/3682 4748/3897/3698
f 4751/3898/3701 4742/3899/3692 4728/3900/3678 4745/3901/3695
f 4744/3902/3694 4737/3903/3687 4731/3904/3681 4741/3905/3691
f 4743/3906/3693 4736/3887/3686 4728/3900/3678 4742/3899/3692
f 4740/3891/3690 4730/3888/3680 4736/3887/3686 4743/3906/3693
f 4739/3907/3689 4733/3908/3683 4737/3903/3687 4744/3902/3694
f 4747/3893/3697 4734/3892/3684 4738/3895/3688 4749/3894/3699
f 4745/3901/3695 4728/3900/3678 4736/3887/3686 4750/3886/3700
f 4729/3909/3679 4739/3907/3689 4744/3902/3694 4735/3910/3685
f 4734/3892/3684 4740/3891/3690 4743/3906/3693 4738/3895/3688
f 4738/3895/3688 4743/3906/3693 4742/3899/3692 4732/3896/3682
f 4735/3910/3685 4744/3902/3694 4741/3911/3691 4727/3912/3677
f 4748/3897/3698 4732/3896/3682 4742/3899/3692 4751/3898/3701
f 4746/3889/3696 4730/3888/3680 4740/3891/3690 4752/3890/3702
f 4729/3909/3679 4746/3913/3696 4752/3914/3702 4739/3907/3689
f 4731/3904/3681 4748/3915/3698 4751/3916/3701 4741/3905/3691
f 4727/3912/3677 4745/3917/3695 4750/3918/3700 4735/3910/3685
f 4733/3908/3683 4747/3919/3697 4749/3920/3699 4737/3903/3687
f 4741/3911/3691 4751/3921/3701 4745/3917/3695 4727/3912/3677
f 4737/3903/3687 4749/3920/3699 4748/3915/3698 4731/3904/3681
f 4739/3907/3689 4752/3914/3702 4747/3919/3697 4733/3908/3683
f 4735/3910/3685 4750/3918/3700 4746/3913/3696 4729/3909/3679
o Cube.044
v 2.890856 1.913477 -2.376771
v 2.890856 2.024239 -2.376771
v 2.890856 1.913477 -2.112470
v 2.890856 2.024239 -2.112470
v 2.626554 1.913477 -2.376771
v 2.626554 2.024239 -2.376771
v 2.626554 1.913477 -2.112470
v 2.626554 2.024239 -2.112470
v 2.930776 1.891341 -2.244620
v 2.930776 2.034813 -2.244620
v 2.586634 1.891341 -2.244620
v 2.586634 2.034813 -2.244620
v 2.758705 1.891341 -2.072549
v 2.758705 2.034813 -2.072549
v 2.758705 1.891341 -2.416692
v 2.758705 2.034813 -2.416692
v 2.758705 1.998325 -2.244620
v 2.758705 1.824620 -2.244620
v 2.930776 1.998850 -2.416692
v 2.930776 1.998850 -2.072549
v 2.586634 1.998850 -2.072549
v 2.586634 1.998850 -2.416692
v 2.540080 1.984144 -2.244620
v 2.977331 1.984144 -2.244620
v 2.758705 1.984144 -2.463246
v 2.758705 1.984144 -2.025995
vn 0.4949 -0.7142 -0.4949
vn 0.1905 0.9630 -0.1905
vn 0.4949 -0.7142 0.4949
vn 0.1905 0.9630 0.1905
vn -0.4949 -0.7142 -0.4949
vn -0.1905 0.9630 -0.1905
vn -0.4949 -0.7142 0.4949
vn -0.1905 0.9630 0.1905
vn 0.5465 -0.8375 -0.0000
vn 0.2372 0.9715 -0.0000
vn -0.5465 -0.8375 -0.0000
vn -0.2372 0.9715 -0.0000
vn -0.0000 -0.8375 0.5465
vn -0.0000 0.9715 0.2372
vn -0.0000 -0.8375 -0.5465
vn -0.0000 0.9715 -0.2372
vn -0.0000 1.0000 -0.0000
vn -0.0000 -1.0000 -0.0000
vn 0.6617 0.3527 -0.6617
vn 0.6617 0.3527 0.6617
vn -0.6617 0.3527 0.6617
vn -0.6617 0.3527 -0.6617
vn -0.9805 0.1964 -0.0000
vn 0.9805 0.1964 -0.0000
vn -0.0000 0.1964 -0.9805
vn -0.0000 0.1964 0.9805
vt 0.057987 0.020044
vt 0.050349 0.023624
vt 0.045103 0.016536
vt 0.047109 0.010989
vt 0.032956 0.010989
vt 0.036536 0.018627
vt 0.029448 0.023874
vt 0.023901 0.021867
vt 0.023901 0.036020
vt 0.031539 0.032440
vt 0.036785 0.039529
vt 0.034779 0.045075
vt 0.048932 0.045075
vt 0.045352 0.037437
vt 0.052440 0.032191
vt 0.057987 0.034198
vt 0.036601 0.088315
vt 0.045226 0.100254
vt 0.039531 0.106959
vt 0.029890 0.103711
vt 0.040944 0.028032
vt 0.051101 0.088315
vt 0.052507 0.096298
vt 0.052507 0.080333
vt 0.045226 0.076377
vt 0.029890 0.072920
vt 0.039531 0.069671
vt 0.063929 0.075037
vt 0.064351 0.088315
vt 0.044004 0.119475
vt 0.030424 0.119176
vt 0.044004 0.057155
vt 0.054073 0.066042
vt 0.063929 0.101593
vt 0.054073 0.110589
vt 0.030424 0.057455
s 1
usemtl Cabin
f 4776/3922/3726 4762/3923/3712 4756/3924/3706 4772/3925/3722
f 4778/3926/3728 4766/3927/3716 4760/3928/3710 4773/3929/3723
f 4775/3930/3725 4764/3931/3714 4758/3932/3708 4774/3933/3724
f 4777/3934/3727 4768/3935/3718 4754/3936/3704 4771/3937/3721
f 4770/3938/3720 4763/3939/3713 4757/3940/3707 4767/3941/3717
f 4769/3942/3719 4762/3923/3712 4754/3936/3704 4768/3935/3718
f 4766/3927/3716 4756/3924/3706 4762/3923/3712 4769/3942/3719
f 4765/3943/3715 4759/3944/3709 4763/3939/3713 4770/3938/3720
f 4773/3929/3723 4760/3928/3710 4764/3931/3714 4775/3930/3725
f 4771/3937/3721 4754/3936/3704 4762/3923/3712 4776/3922/3726
f 4755/3945/3705 4765/3943/3715 4770/3938/3720 4761/3946/3711
f 4760/3928/3710 4766/3927/3716 4769/3942/3719 4764/3931/3714
f 4764/3931/3714 4769/3942/3719 4768/3935/3718 4758/3932/3708
f 4761/3946/3711 4770/3938/3720 4767/3947/3717 4753/3948/3703
f 4774/3933/3724 4758/3932/3708 4768/3935/3718 4777/3934/3727
f 4772/3925/3722 4756/3924/3706 4766/3927/3716 4778/3926/3728
f 4755/3945/3705 4772/3949/3722 4778/3950/3728 4765/3943/3715
f 4757/3940/3707 4774/3951/3724 4777/3952/3727 4767/3941/3717
f 4753/3948/3703 4771/3953/3721 4776/3954/3726 4761/3946/3711
f 4759/3944/3709 4773/3955/3723 4775/3956/3725 4763/3939/3713
f 4767/3947/3717 4777/3957/3727 4771/3953/3721 4753/3948/3703
f 4763/3939/3713 4775/3956/3725 4774/3951/3724 4757/3940/3707
f 4765/3943/3715 4778/3950/3728 4773/3955/3723 4759/3944/3709
f 4761/3946/3711 4776/3954/3726 4772/3949/3722 4755/3945/3705
o Cube.045
v 2.542047 1.516915 -2.330386
v 2.542047 1.585441 -2.330386
v 2.775337 1.516915 -2.350809
v 2.775337 1.585441 -2.350809
v 2.562470 1.516915 -2.097096
v 2.562470 1.585441 -2.097096
v 2.795760 1.516915 -2.117519
v 2.795760 1.585441 -2.117519
v 2.655607 1.503220 -2.375834
v 2.655607 1.591983 -2.375834
v 2.682199 1.503220 -2.072071
v 2.682199 1.591983 -2.072071
v 2.820785 1.503220 -2.237248
v 2.820785 1.591983 -2.237248
v 2.517022 1.503220 -2.210656
v 2.517022 1.591983 -2.210656
v 2.668903 1.569408 -2.223952
v 2.668903 1.461941 -2.223952
v 2.503726 1.569734 -2.362538
v 2.807489 1.569734 -2.389130
v 2.834081 1.569734 -2.085367
v 2.530318 1.569734 -2.058775
v 2.685797 1.560635 -2.030979
v 2.652010 1.560635 -2.416926
v 2.475930 1.560635 -2.207059
v 2.861877 1.560635 -2.240846
vn -0.4326 -0.8253 -0.3630
vn -0.1468 0.9815 -0.1232
vn 0.3630 -0.8253 -0.4326
vn 0.1232 0.9815 -0.1468
vn -0.3630 -0.8253 0.4326
vn -0.1232 0.9815 0.1468
vn 0.4326 -0.8253 0.3630
vn 0.1468 0.9815 0.1232
vn -0.0362 -0.9100 -0.4130
vn -0.0147 0.9858 -0.1674
vn 0.0362 -0.9100 0.4130
vn 0.0147 0.9858 0.1674
vn 0.4130 -0.9100 -0.0362
vn 0.1674 0.9858 -0.0147
vn -0.4130 -0.9100 0.0362
vn -0.1674 0.9858 0.0147
vn -0.0000 1.0000 -0.0000
vn -0.0000 -1.0000 -0.0000
vn -0.6741 0.4750 -0.5656
vn 0.5656 0.4750 -0.6741
vn 0.6741 0.4750 0.5656
vn -0.5656 0.4750 0.6741
vn 0.0838 0.2758 0.9576
vn -0.0838 0.2758 -0.9576
vn -0.9576 0.2758 0.0838
vn 0.9576 0.2758 -0.0838
vt 0.057987 0.020044
vt 0.050349 0.023624
vt 0.045103 0.016536
vt 0.047109 0.010989
vt 0.032956 0.010989
vt 0.036536 0.018627
vt 0.029448 0.023874
vt 0.023901 0.021867
vt 0.023901 0.036020
vt 0.031539 0.032440
vt 0.036785 0.039529
vt 0.034779 0.045075
vt 0.048932 0.045075
vt 0.045352 0.037437
vt 0.052440 0.032191
vt 0.057987 0.034198
vt 0.036601 0.088315
vt 0.045226 0.100254
vt 0.039531 0.106959
vt 0.029890 0.103711
vt 0.040944 0.028032
vt 0.051101 0.088315
vt 0.052507 0.096298
vt 0.052507 0.080333
vt 0.045226 0.076377
vt 0.029890 0.072920
vt 0.039531 0.069671
vt 0.063929 0.075037
vt 0.064351 0.088315
vt 0.044004 0.119475
vt 0.030424 0.119176
vt 0.044004 0.057155
vt 0.054073 0.066042
vt 0.063929 0.101593
vt 0.054073 0.110589
vt 0.030424 0.057455
s 1
usemtl Cabin
f 4802/3958/3752 4788/3959/3738 4782/3960/3732 4798/3961/3748
f 4804/3962/3754 4792/3963/3742 4786/3964/3736 4799/3965/3749
f 4801/3966/3751 4790/3967/3740 4784/3968/3734 4800/3969/3750
f 4803/3970/3753 4794/3971/3744 4780/3972/3730 4797/3973/3747
f 4796/3974/3746 4789/3975/3739 4783/3976/3733 4793/3977/3743
f 4795/3978/3745 4788/3959/3738 4780/3972/3730 4794/3971/3744
f 4792/3963/3742 4782/3960/3732 4788/3959/3738 4795/3978/3745
f 4791/3979/3741 4785/3980/3735 4789/3975/3739 4796/3974/3746
f 4799/3965/3749 4786/3964/3736 4790/3967/3740 4801/3966/3751
f 4797/3973/3747 4780/3972/3730 4788/3959/3738 4802/3958/3752
f 4781/3981/3731 4791/3979/3741 4796/3974/3746 4787/3982/3737
f 4786/3964/3736 4792/3963/3742 4795/3978/3745 4790/3967/3740
f 4790/3967/3740 4795/3978/3745 4794/3971/3744 4784/3968/3734
f 4787/3982/3737 4796/3974/3746 4793/3983/3743 4779/3984/3729
f 4800/3969/3750 4784/3968/3734 4794/3971/3744 4803/3970/3753
f 4798/3961/3748 4782/3960/3732 4792/3963/3742 4804/3962/3754
f 4781/3981/3731 4798/3985/3748 4804/3986/3754 4791/3979/3741
f 4783/3976/3733 4800/3987/3750 4803/3988/3753 4793/3977/3743
f 4779/3984/3729 4797/3989/3747 4802/3990/3752 4787/3982/3737
f 4785/3980/3735 4799/3991/3749 4801/3992/3751 4789/3975/3739
f 4793/3983/3743 4803/3993/3753 4797/3989/3747 4779/3984/3729
f 4789/3975/3739 4801/3992/3751 4800/3987/3750 4783/3976/3733
f 4791/3979/3741 4804/3986/3754 4799/3991/3749 4785/3980/3735
f 4787/3982/3737 4802/3990/3752 4798/3985/3748 4781/3981/3731
o Cube.046
v 2.829772 0.823776 -2.319120
v 2.829772 0.892458 -2.319120
v 2.941938 0.823776 -2.112942
v 2.941938 0.892458 -2.112942
v 2.623594 0.823776 -2.206953
v 2.623594 0.892458 -2.206953
v 2.735761 0.823776 -2.000775
v 2.735761 0.892458 -2.000775
v 2.916996 0.810051 -2.232973
v 2.916996 0.899015 -2.232973
v 2.648536 0.810051 -2.086922
v 2.648536 0.899015 -2.086922
v 2.855791 0.810051 -2.025717
v 2.855791 0.899015 -2.025717
v 2.709741 0.810051 -2.294178
v 2.709741 0.899015 -2.294178
v 2.782766 0.876389 -2.159947
v 2.782766 0.768678 -2.159947
v 2.843971 0.876715 -2.367203
v 2.990022 0.876715 -2.098742
v 2.721561 0.876715 -1.952692
v 2.575510 0.876715 -2.221153
v 2.612219 0.867596 -2.067165
v 2.953313 0.867596 -2.252730
v 2.689984 0.867596 -2.330494
v 2.875549 0.867596 -1.989401
vn 0.1599 -0.8253 -0.5416
vn 0.0543 0.9815 -0.1838
vn 0.5416 -0.8253 0.1599
vn 0.1838 0.9815 0.0543
vn -0.5416 -0.8253 -0.1599
vn -0.1838 0.9815 -0.0543
vn -0.1599 -0.8253 0.5416
vn -0.0543 0.9815 0.1838
vn 0.3642 -0.9100 -0.1981
vn 0.1476 0.9858 -0.0803
vn -0.3642 -0.9100 0.1981
vn -0.1476 0.9858 0.0803
vn 0.1981 -0.9100 0.3642
vn 0.0803 0.9858 0.1476
vn -0.1981 -0.9100 -0.3642
vn -0.0803 0.9858 -0.1476
vn -0.0000 1.0000 -0.0000
vn -0.0000 -1.0000 -0.0000
vn 0.2492 0.4750 -0.8439
vn 0.8439 0.4750 0.2492
vn -0.2492 0.4750 0.8439
vn -0.8439 0.4750 -0.2492
vn -0.8444 0.2758 0.4594
vn 0.8444 0.2758 -0.4594
vn -0.4594 0.2758 -0.8444
vn 0.4594 0.2758 0.8444
vt 0.057987 0.020044
vt 0.050349 0.023624
vt 0.045103 0.016536
vt 0.047109 0.010989
vt 0.032956 0.010989
vt 0.036536 0.018627
vt 0.029448 0.023874
vt 0.023901 0.021867
vt 0.023901 0.036020
vt 0.031539 0.032440
vt 0.036785 0.039529
vt 0.034779 0.045075
vt 0.048932 0.045075
vt 0.045352 0.037437
vt 0.052440 0.032191
vt 0.057987 0.034198
vt 0.036601 0.088315
vt 0.045226 0.100254
vt 0.039531 0.106959
vt 0.029890 0.103711
vt 0.040944 0.028032
vt 0.051101 0.088315
vt 0.052507 0.096298
vt 0.052507 0.080333
vt 0.045226 0.076377
vt 0.029890 0.072920
vt 0.039531 0.069671
vt 0.063929 0.075037
vt 0.064351 0.088315
vt 0.044004 0.119475
vt 0.030424 0.119176
vt 0.044004 0.057155
vt 0.054073 0.066042
vt 0.063929 0.101593
vt 0.054073 0.110589
vt 0.030424 0.057455
s 1
usemtl Cabin
f 4828/3994/3778 4814/3995/3764 4808/3996/3758 4824/3997/3774
f 4830/3998/3780 4818/3999/3768 4812/4000/3762 4825/4001/3775
f 4827/4002/3777 4816/4003/3766 4810/4004/3760 4826/4005/3776
f 4829/4006/3779 4820/4007/3770 4806/4008/3756 4823/4009/3773
f 4822/4010/3772 4815/4011/3765 4809/4012/3759 4819/4013/3769
f 4821/4014/3771 4814/3995/3764 4806/4008/3756 4820/4007/3770
f 4818/3999/3768 4808/3996/3758 4814/3995/3764 4821/4014/3771
f 4817/4015/3767 4811/4016/3761 4815/4011/3765 4822/4010/3772
f 4825/4001/3775 4812/4000/3762 4816/4003/3766 4827/4002/3777
f 4823/4009/3773 4806/4008/3756 4814/3995/3764 4828/3994/3778
f 4807/4017/3757 4817/4015/3767 4822/4010/3772 4813/4018/3763
f 4812/4000/3762 4818/3999/3768 4821/4014/3771 4816/4003/3766
f 4816/4003/3766 4821/4014/3771 4820/4007/3770 4810/4004/3760
f 4813/4018/3763 4822/4010/3772 4819/4019/3769 4805/4020/3755
f 4826/4005/3776 4810/4004/3760 4820/4007/3770 4829/4006/3779
f 4824/3997/3774 4808/3996/3758 4818/3999/3768 4830/3998/3780
f 4807/4017/3757 4824/4021/3774 4830/4022/3780 4817/4015/3767
f 4809/4012/3759 4826/4023/3776 4829/4024/3779 4819/4013/3769
f 4805/4020/3755 4823/4025/3773 4828/4026/3778 4813/4018/3763
f 4811/4016/3761 4825/4027/3775 4827/4028/3777 4815/4011/3765
f 4819/4019/3769 4829/4029/3779 4823/4025/3773 4805/4020/3755
f 4815/4011/3765 4827/4028/3777 4826/4023/3776 4809/4012/3759
f 4817/4015/3767 4830/4022/3780 4825/4027/3775 4811/4016/3761
f 4813/4018/3763 4828/4026/3778 4824/4021/3774 4807/4017/3757
o Cube.047
v 2.746582 0.969925 -2.029013
v 2.746582 1.043273 -2.029013
v 2.636830 0.969925 -2.165350
v 2.636830 1.043273 -2.165350
v 2.882919 0.969925 -2.138765
v 2.882919 1.043273 -2.138765
v 2.773167 0.969925 -2.275102
v 2.773167 1.043273 -2.275102
v 2.671113 0.955267 -2.080605
v 2.671113 1.050275 -2.080605
v 2.848635 0.955267 -2.223511
v 2.848635 1.050275 -2.223511
v 2.688421 0.955267 -2.240819
v 2.688421 1.050275 -2.240819
v 2.831327 0.955267 -2.063297
v 2.831327 1.050275 -2.063297
v 2.759874 1.026112 -2.152058
v 2.759874 0.911083 -2.152058
v 2.742566 1.026461 -1.991843
v 2.599660 1.026461 -2.169366
v 2.777182 1.026461 -2.312272
v 2.920088 1.026461 -2.134749
v 2.872650 1.016722 -2.242842
v 2.647098 1.016722 -2.061273
v 2.850659 1.016722 -2.039282
v 2.669089 1.016722 -2.264833
vn -0.0752 -0.7142 0.6959
vn -0.0289 0.9630 0.2678
vn -0.6959 -0.7142 -0.0752
vn -0.2678 0.9630 -0.0289
vn 0.6959 -0.7142 0.0752
vn 0.2678 0.9630 0.0289
vn 0.0752 -0.7142 -0.6959
vn 0.0289 0.9630 -0.2678
vn -0.4257 -0.8375 0.3427
vn -0.1848 0.9715 0.1487
vn 0.4257 -0.8375 -0.3427
vn 0.1848 0.9715 -0.1487
vn -0.3427 -0.8375 -0.4257
vn -0.1487 0.9715 -0.1848
vn 0.3427 -0.8375 0.4257
vn 0.1487 0.9715 0.1848
vn -0.0000 1.0000 -0.0000
vn -0.0000 -1.0000 -0.0000
vn -0.1005 0.3527 0.9303
vn -0.9303 0.3527 -0.1005
vn 0.1005 0.3527 -0.9303
vn 0.9303 0.3527 0.1005
vn 0.7638 0.1964 -0.6149
vn -0.7638 0.1964 0.6149
vn 0.6149 0.1964 0.7638
vn -0.6149 0.1964 -0.7638
vt 0.057987 0.020044
vt 0.050349 0.023624
vt 0.045103 0.016536
vt 0.047109 0.010989
vt 0.032956 0.010989
vt 0.036536 0.018627
vt 0.029448 0.023874
vt 0.023901 0.021867
vt 0.023901 0.036020
vt 0.031539 0.032440
vt 0.036785 0.039529
vt 0.034779 0.045075
vt 0.048932 0.045075
vt 0.045352 0.037437
vt 0.052440 0.032191
vt 0.057987 0.034198
vt 0.036601 0.088315
vt 0.045226 0.100254
vt 0.039531 0.106959
vt 0.029890 0.103711
vt 0.040944 0.028032
vt 0.051101 0.088315
vt 0.052507 0.096298
vt 0.052507 0.080333
vt 0.045226 0.076377
vt 0.029890 0.072920
vt 0.039531 0.069671
vt 0.063929 0.075037
vt 0.064351 0.088315
vt 0.044004 0.119475
vt 0.030424 0.119176
vt 0.044004 0.057155
vt 0.054073 0.066042
vt 0.063929 0.101593
vt 0.054073 0.110589
vt 0.030424 0.057455
s 1
usemtl Cabin
f 4854/4030/3804 4840/4031/3790 4834/4032/3784 4850/4033/3800
f 4856/4034/3806 4844/4035/3794 4838/4036/3788 4851/4037/3801
f 4853/4038/3803 4842/4039/3792 4836/4040/3786 4852/4041/3802
f 4855/4042/3805 4846/4043/3796 4832/4044/3782 4849/4045/3799
f 4848/4046/3798 4841/4047/3791 4835/4048/3785 4845/4049/3795
f 4847/4050/3797 4840/4031/3790 4832/4044/3782 4846/4043/3796
f 4844/4035/3794 4834/4032/3784 4840/4031/3790 4847/4050/3797
f 4843/4051/3793 4837/4052/3787 4841/4047/3791 4848/4046/3798
f 4851/4037/3801 4838/4036/3788 4842/4039/3792 4853/4038/3803
f 4849/4045/3799 4832/4044/3782 4840/4031/3790 4854/4030/3804
f 4833/4053/3783 4843/4051/3793 4848/4046/3798 4839/4054/3789
f 4838/4036/3788 4844/4035/3794 4847/4050/3797 4842/4039/3792
f 4842/4039/3792 4847/4050/3797 4846/4043/3796 4836/4040/3786
f 4839/4054/3789 4848/4046/3798 4845/4055/3795 4831/4056/3781
f 4852/4041/3802 4836/4040/3786 4846/4043/3796 4855/4042/3805
f 4850/4033/3800 4834/4032/3784 4844/4035/3794 4856/4034/3806
f 4833/4053/3783 4850/4057/3800 4856/4058/3806 4843/4051/3793
f 4835/4048/3785 4852/4059/3802 4855/4060/3805 4845/4049/3795
f 4831/4056/3781 4849/4061/3799 4854/4062/3804 4839/4054/3789
f 4837/4052/3787 4851/4063/3801 4853/4064/3803 4841/4047/3791
f 4845/4055/3795 4855/4065/3805 4849/4061/3799 4831/4056/3781
f 4841/4047/3791 4853/4064/3803 4852/4059/3802 4835/4048/3785
f 4843/4051/3793 4856/4058/3806 4851/4063/3801 4837/4052/3787
f 4839/4054/3789 4854/4062/3804 4850/4057/3800 4833/4053/3783
o Cube.019
v -3.292945 5.370929 0.192137
v -3.209350 6.145387 0.210686
v -3.575269 5.366677 0.184068
v -3.520745 6.145387 0.210686
v -3.374240 5.360591 0.003600
v -3.209350 6.145387 0.003600
v -3.575269 5.362779 0.003600
v -3.520745 6.175712 0.003600
v -3.261997 5.807091 0.320788
v -3.591016 5.835931 0.326735
v -3.575269 5.806732 0.003600
v -3.261997 5.807060 0.003600
v -3.392855 5.363772 0.184068
v -3.362788 6.189462 0.273544
v -3.362788 6.265131 0.003600
v -3.392855 5.359733 0.003600
v -3.352462 5.835931 0.369213
v -3.211687 5.630460 0.320788
v -3.591016 5.594487 0.283750
v -3.575269 5.618916 0.003600
v -3.292982 5.621046 0.003600
v -3.352462 5.593574 0.369213
v -3.171450 5.976239 0.396144
v -3.575269 5.976239 0.375634
v -3.575269 5.976239 0.003600
v -3.171450 5.976239 0.003600
v -3.376089 5.936684 0.389679
v -3.209350 6.145387 0.107143
v -3.575269 5.366538 0.115444
v -3.292945 5.369632 0.094579
v -3.520745 6.160417 0.107143
v -3.610369 5.821511 0.186407
v -3.261997 5.807091 0.162194
v -3.392855 5.362354 0.089379
v -3.362788 6.234689 0.107143
v -3.211687 5.628150 0.162194
v -3.610369 5.606584 0.186407
v -3.575269 5.976239 0.162194
v -3.171450 5.976239 0.162194
v -3.441766 6.189462 0.273544
v -3.441766 6.265131 0.003600
v -3.477521 5.862856 0.369213
v -3.469028 5.362863 0.184068
v -3.477521 5.554855 0.346166
v -3.457693 5.971870 0.389679
v -3.441766 6.234689 0.107143
v -3.261997 5.720646 0.320788
v -3.628483 5.720899 0.283750
v -3.575269 5.715857 0.003600
v -3.261997 5.717946 0.003600
v -3.326559 5.720334 0.369213
v -3.261997 5.719403 0.162194
v -3.610369 5.718470 0.186407
v -3.477521 5.719493 0.337801
v -3.508068 5.127778 0.079663
v -3.508068 5.128869 0.210416
v -3.478215 5.128224 0.210416
v -3.448363 5.128236 0.210416
v -3.448363 5.125852 0.003600
v -3.448363 5.127133 0.079663
v -3.508068 5.126514 0.003600
v -3.474020 5.052867 0.079663
v -3.474020 5.052867 0.159790
v -3.458041 5.052867 0.159790
v -3.442062 5.052867 0.159790
v -3.458041 5.070319 0.003600
v -3.442062 5.070319 0.003600
v -3.442062 5.052867 0.079663
v -3.474020 5.070319 0.003600
v -3.458041 5.052867 0.079663
v -3.199472 6.101302 0.314738
v -3.534955 6.101302 0.314738
v -3.534955 6.108914 0.003600
v -3.199472 6.101302 0.003600
v -3.534955 6.101996 0.121491
v -3.199472 6.101302 0.121491
v -3.185461 6.038771 0.355441
v -3.555112 6.038771 0.355441
v -3.555112 6.042576 0.003600
v -3.185461 6.038771 0.003600
v -3.555112 6.039117 0.141842
v -3.185461 6.038771 0.141842
v -3.342900 5.366158 0.177935
v -3.383548 5.360129 0.003600
v -3.286069 6.167424 0.242115
v -3.286069 6.205259 0.003600
v -3.307229 5.821511 0.345000
v -3.282074 5.610725 0.350945
v -3.295301 5.968625 0.411836
v -3.342900 5.365153 0.090949
v -3.286069 6.190038 0.107143
v -3.294278 5.720410 0.345000
v -3.412934 6.270826 0.706418
v -3.378032 6.173674 0.422508
v -3.481852 6.238769 0.718280
v -3.466690 6.137799 0.432831
v -3.501352 6.161958 0.745902
v -3.503547 6.051333 0.458325
v -3.461884 6.085919 0.772209
v -3.466471 5.965069 0.484606
v -3.384699 6.054636 0.782753
v -3.376962 5.929395 0.495718
v -3.313154 6.085919 0.772209
v -3.287453 5.965069 0.484606
v -3.291016 6.161958 0.745902
v -3.250377 6.051333 0.458324
v -3.333122 6.238769 0.718280
v -3.287672 6.137799 0.432831
v -3.475100 6.471031 0.871620
v -3.513458 6.459613 0.883618
v -3.526674 6.432053 0.912569
v -3.507146 6.404498 0.941500
v -3.466168 6.393086 0.953478
v -3.427605 6.404498 0.941500
v -3.414185 6.432053 0.912569
v -3.433917 6.459613 0.883617
v -3.452775 6.690094 1.019292
v -3.466004 6.686151 1.023651
v -3.472108 6.676633 1.034172
v -3.467502 6.667115 1.044694
v -3.454915 6.663172 1.049052
v -3.441732 6.667115 1.044694
v -3.435644 6.676633 1.034172
v -3.440204 6.686151 1.023651
v -3.415767 6.769435 1.122005
v -3.377367 6.150559 0.421674
v -3.451224 6.120828 0.430321
v -3.481943 6.049150 0.451584
v -3.451195 5.977611 0.473389
v -3.376962 5.948018 0.482576
v -3.302729 5.977611 0.473389
v -3.271981 6.049150 0.451584
v -3.302758 6.120828 0.430321
v -3.376962 6.126909 0.345548
v -3.451195 6.097326 0.354774
v -3.481943 6.025999 0.377413
v -3.271981 6.025999 0.377413
v -3.302729 6.097326 0.354774
v -3.385406 6.200477 0.528011
v -3.468008 6.165901 0.537217
v -3.498982 6.082721 0.559497
v -3.462517 5.999741 0.582553
v -3.376962 5.965426 0.592325
v -3.291407 5.999741 0.582553
v -3.256997 6.082721 0.559497
v -3.296899 6.165901 0.537217
v -3.292945 5.370929 -0.184937
v -3.209350 6.145387 -0.203485
v -3.575269 5.366677 -0.176868
v -3.520745 6.145387 -0.203485
v -3.261997 5.807091 -0.313587
v -3.591016 5.835931 -0.319535
v -3.392855 5.363772 -0.176868
v -3.362788 6.189462 -0.266343
v -3.352462 5.835931 -0.362013
v -3.211687 5.630460 -0.313587
v -3.591016 5.594487 -0.276550
v -3.352462 5.593574 -0.362013
v -3.171450 5.976239 -0.388944
v -3.575269 5.976239 -0.368433
v -3.376089 5.936684 -0.382478
v -3.209350 6.145387 -0.099942
v -3.575269 5.366538 -0.108244
v -3.292945 5.369632 -0.087378
v -3.520745 6.160417 -0.099942
v -3.610369 5.821511 -0.179206
v -3.261997 5.807091 -0.154993
v -3.392855 5.362354 -0.082178
v -3.362788 6.234689 -0.099942
v -3.211687 5.628150 -0.154993
v -3.610369 5.606584 -0.179206
v -3.575269 5.976239 -0.154993
v -3.171450 5.976239 -0.154993
v -3.441766 6.189462 -0.266343
v -3.477521 5.862856 -0.362013
v -3.469028 5.362863 -0.176868
v -3.477521 5.554855 -0.338965
v -3.457693 5.971870 -0.382478
v -3.441766 6.234689 -0.099942
v -3.261997 5.720646 -0.313587
v -3.628483 5.720899 -0.276550
v -3.326560 5.720334 -0.362013
v -3.261997 5.719403 -0.154993
v -3.610369 5.718470 -0.179206
v -3.477521 5.719493 -0.330600
v -3.508068 5.127778 -0.072462
v -3.508068 5.128869 -0.203215
v -3.478215 5.128224 -0.203215
v -3.448363 5.128236 -0.203215
v -3.448363 5.127133 -0.072462
v -3.474020 5.052867 -0.072462
v -3.474020 5.052867 -0.152590
v -3.458041 5.052867 -0.152590
v -3.442062 5.052867 -0.152590
v -3.442062 5.052867 -0.072462
v -3.458041 5.052867 -0.072462
v -3.199472 6.101302 -0.307537
v -3.534955 6.101302 -0.307537
v -3.534955 6.101996 -0.114290
v -3.199472 6.101302 -0.114290
v -3.185461 6.038771 -0.348240
v -3.555112 6.038771 -0.348240
v -3.555112 6.039117 -0.134642
v -3.185461 6.038771 -0.134642
v -3.342900 5.366158 -0.170734
v -3.286069 6.167424 -0.234914
v -3.307230 5.821511 -0.337800
v -3.282074 5.610725 -0.343745
v -3.295301 5.968625 -0.404636
v -3.342900 5.365153 -0.083748
v -3.286069 6.190038 -0.099942
v -3.294278 5.720410 -0.337800
v -3.412934 6.270826 -0.699218
v -3.378032 6.173674 -0.415307
v -3.481852 6.238769 -0.711080
v -3.466690 6.137799 -0.425631
v -3.501352 6.161958 -0.738702
v -3.503547 6.051333 -0.451124
v -3.461884 6.085919 -0.765008
v -3.466471 5.965069 -0.477405
v -3.384700 6.054636 -0.775552
v -3.376962 5.929395 -0.488518
v -3.313154 6.085919 -0.765008
v -3.287453 5.965069 -0.477405
v -3.291016 6.161958 -0.738702
v -3.250377 6.051333 -0.451124
v -3.333122 6.238769 -0.711080
v -3.287672 6.137799 -0.425631
v -3.475100 6.471031 -0.864419
v -3.513458 6.459613 -0.876417
v -3.526674 6.432053 -0.905368
v -3.507147 6.404498 -0.934299
v -3.466168 6.393086 -0.946277
v -3.427605 6.404498 -0.934299
v -3.414185 6.432053 -0.905368
v -3.433917 6.459613 -0.876417
v -3.452775 6.690094 -1.012092
v -3.466004 6.686151 -1.016450
v -3.472108 6.676633 -1.026972
v -3.467502 6.667115 -1.037493
v -3.454916 6.663172 -1.041852
v -3.441733 6.667115 -1.037493
v -3.435644 6.676633 -1.026972
v -3.440204 6.686151 -1.016450
v -3.415767 6.769435 -1.114805
v -3.377367 6.150559 -0.414474
v -3.451224 6.120828 -0.423120
v -3.481943 6.049150 -0.444384
v -3.451195 5.977611 -0.466188
v -3.376962 5.948018 -0.475375
v -3.302729 5.977611 -0.466188
v -3.271981 6.049150 -0.444384
v -3.302758 6.120828 -0.423120
v -3.376962 6.126909 -0.338348
v -3.451195 6.097326 -0.347573
v -3.481943 6.025999 -0.370213
v -3.271981 6.025999 -0.370212
v -3.302729 6.097326 -0.347573
v -3.385407 6.200477 -0.520810
v -3.468008 6.165901 -0.530017
v -3.498982 6.082721 -0.552297
v -3.462517 5.999741 -0.575352
v -3.376962 5.965426 -0.585124
v -3.291407 5.999741 -0.575352
v -3.256997 6.082721 -0.552297
v -3.296899 6.165901 -0.530017
vn 0.6608 -0.6644 0.3492
vn 0.7918 0.5965 0.1312
vn -0.8643 -0.2752 0.4210
vn -0.8283 0.5377 0.1576
vn 0.4712 -0.8820 -0.0000
vn 0.8613 0.5082 -0.0000
vn -0.9864 -0.1642 -0.0000
vn -0.8869 0.4620 -0.0000
vn 0.8407 -0.2779 0.4647
vn -0.8490 -0.0041 0.5283
vn -0.9988 0.0481 -0.0000
vn 0.9743 -0.2254 -0.0000
vn 0.4757 -0.6368 0.6068
vn 0.1899 0.8634 0.4674
vn 0.3016 0.9534 -0.0000
vn 0.7561 -0.6544 -0.0000
vn 0.0711 -0.1734 0.9823
vn 0.9029 0.0142 0.4296
vn -0.8149 -0.2169 0.5374
vn -0.9997 -0.0260 -0.0000
vn 0.9973 -0.0738 -0.0000
vn 0.0912 -0.3038 0.9484
vn 0.8469 -0.0393 0.5304
vn -0.8037 0.1471 0.5765
vn -0.9802 0.1979 -0.0000
vn 0.9934 -0.1145 -0.0000
vn -0.0262 -0.6736 0.7386
vn 0.8465 0.5313 0.0330
vn -0.9836 -0.1797 -0.0137
vn 0.7725 -0.5810 -0.2564
vn -0.8766 0.4737 0.0845
vn -0.9918 0.1121 -0.0606
vn 0.7512 -0.6599 0.0140
vn 0.2666 0.9342 0.2368
vn 0.9868 0.0158 -0.1611
vn -0.9946 -0.0939 -0.0435
vn -0.9764 0.2152 -0.0185
vn -0.3099 0.8396 0.4461
vn -0.4116 0.9114 -0.0000
vn -0.1805 -0.1992 0.9632
vn -0.0753 -0.2481 0.9658
vn -0.2292 -0.3263 0.9170
vn -0.5608 -0.4445 0.6985
vn -0.3929 0.8912 0.2267
vn 0.8484 0.1985 0.4907
vn -0.9357 -0.0252 0.3518
vn -1.0000 -0.0000 -0.0000
vn 0.9988 0.0495 -0.0000
vn 0.2342 0.0155 0.9721
vn 0.9883 0.1377 -0.0653
vn -0.9952 0.0025 -0.0974
vn -0.2680 -0.0845 0.9597
vn -0.9359 -0.3522 -0.0086
vn -0.7143 -0.3231 0.6208
vn -0.0017 -0.2356 0.9718
vn 0.7066 -0.2187 0.6729
vn 0.9980 -0.0636 -0.0000
vn 0.9976 -0.0685 0.0046
vn -0.9309 -0.3653 -0.0000
vn -0.6044 -0.7934 -0.0714
vn -0.5255 -0.7747 0.3518
vn -0.0017 -0.8770 0.4804
vn 0.8123 -0.5014 0.2980
vn -0.0000 -1.0000 -0.0000
vn 0.9114 -0.4115 -0.0000
vn 0.8626 -0.5022 -0.0619
vn -0.6255 -0.7802 -0.0000
vn -0.0000 -0.9936 -0.1127
vn 0.7661 0.5206 0.3770
vn -0.7657 0.5236 0.3735
vn -0.9656 0.2601 -0.0000
vn 0.9758 0.2186 -0.0000
vn -0.9597 0.2806 0.0128
vn 0.8019 0.4157 0.4291
vn -0.7667 0.4083 0.4954
vn -0.9543 0.2990 -0.0000
vn -0.9531 0.3025 0.0038
vn 0.1688 -0.8932 0.4167
vn 0.0618 -0.9981 -0.0000
vn 0.3657 0.8680 0.3358
vn 0.5630 0.8265 -0.0000
vn 0.3637 -0.1600 0.9177
vn 0.3458 -0.2517 0.9039
vn 0.5902 -0.4882 0.6429
vn 0.0720 -0.9972 0.0192
vn 0.4924 0.8604 0.1317
vn 0.4756 0.0699 0.8769
vn -0.0004 0.8063 -0.5914
vn 0.0087 0.6472 -0.7623
vn -0.8158 0.4022 -0.4155
vn -0.6691 0.4047 -0.6233
vn -0.9909 -0.1167 0.0673
vn -0.9278 -0.1117 -0.3559
vn -0.6823 -0.5543 0.4768
vn -0.6799 -0.6827 -0.2677
vn 0.0324 -0.7184 0.6949
vn -0.0000 -0.9661 -0.2581
vn 0.7336 -0.4025 0.5476
vn 0.6844 -0.6792 -0.2652
vn 0.9618 0.1312 0.2405
vn 0.9341 -0.0903 -0.3453
vn 0.7491 0.6293 -0.2072
vn 0.6751 0.4248 -0.6031
vn -0.0703 0.5899 -0.8044
vn -0.8032 0.3595 -0.4749
vn -0.9964 0.0142 0.0835
vn -0.7173 -0.2927 0.6322
vn -0.0408 -0.3992 0.9160
vn 0.6624 -0.2037 0.7209
vn 0.9724 0.1764 0.1530
vn 0.7021 0.4974 -0.5095
vn -0.0340 0.6894 -0.7236
vn -0.7422 0.5651 -0.3604
vn -0.9578 0.2317 0.1699
vn -0.7362 -0.1240 0.6653
vn -0.0494 -0.4303 0.9013
vn 0.7471 -0.3681 0.5535
vn 0.9983 -0.0206 -0.0546
vn 0.7259 0.4000 -0.5595
vn 0.5644 0.5624 0.6044
vn 0.0006 0.5403 -0.8415
vn -0.5696 0.3345 -0.7508
vn -0.7877 -0.1821 -0.5885
vn -0.5198 -0.7051 -0.4824
vn -0.0113 -0.8835 -0.4683
vn 0.5300 -0.7090 -0.4651
vn 0.7966 -0.1702 -0.5801
vn 0.5695 0.3371 -0.7497
vn 0.0633 0.9628 0.2627
vn -0.5935 0.7487 0.2951
vn -0.7647 0.2429 0.5968
vn 0.7204 0.3765 0.5824
vn 0.5806 0.7666 0.2742
vn 0.0004 0.9535 -0.3014
vn -0.7839 0.5813 -0.2181
vn -0.9989 -0.0390 0.0253
vn -0.7351 -0.6249 0.2627
vn 0.0104 -0.9210 0.3894
vn 0.7657 -0.5712 0.2957
vn 0.9938 0.0504 0.0991
vn 0.7421 0.6591 -0.1223
vn 0.6608 -0.6644 -0.3492
vn 0.7918 0.5965 -0.1312
vn -0.8643 -0.2752 -0.4210
vn -0.8283 0.5377 -0.1576
vn 0.8407 -0.2779 -0.4647
vn -0.8490 -0.0041 -0.5283
vn 0.4757 -0.6368 -0.6068
vn 0.1899 0.8634 -0.4674
vn 0.0711 -0.1734 -0.9823
vn 0.9029 0.0142 -0.4296
vn -0.8149 -0.2169 -0.5374
vn 0.0912 -0.3038 -0.9484
vn 0.8469 -0.0393 -0.5304
vn -0.8037 0.1471 -0.5765
vn -0.0262 -0.6736 -0.7386
vn 0.8465 0.5313 -0.0330
vn -0.9836 -0.1797 0.0137
vn 0.7725 -0.5810 0.2564
vn -0.8766 0.4737 -0.0845
vn -0.9918 0.1121 0.0606
vn 0.7512 -0.6599 -0.0140
vn 0.2666 0.9342 -0.2368
vn 0.9868 0.0158 0.1611
vn -0.9946 -0.0939 0.0435
vn -0.9764 0.2152 0.0185
vn -0.3099 0.8396 -0.4461
vn -0.1805 -0.1992 -0.9632
vn -0.0753 -0.2481 -0.9658
vn -0.2292 -0.3263 -0.9170
vn -0.5608 -0.4445 -0.6985
vn -0.3929 0.8912 -0.2267
vn 0.8484 0.1985 -0.4907
vn -0.9357 -0.0252 -0.3518
vn 0.2342 0.0155 -0.9721
vn 0.9883 0.1377 0.0653
vn -0.9952 0.0025 0.0974
vn -0.2680 -0.0845 -0.9597
vn -0.9359 -0.3522 0.0086
vn -0.7143 -0.3231 -0.6208
vn -0.0017 -0.2356 -0.9718
vn 0.7066 -0.2187 -0.6729
vn 0.9976 -0.0685 -0.0046
vn -0.6044 -0.7934 0.0714
vn -0.5255 -0.7747 -0.3518
vn -0.0017 -0.8770 -0.4804
vn 0.8123 -0.5014 -0.2980
vn 0.8626 -0.5022 0.0619
vn -0.0000 -0.9936 0.1127
vn 0.7661 0.5206 -0.3770
vn -0.7657 0.5236 -0.3735
vn -0.9597 0.2806 -0.0128
vn 0.8019 0.4157 -0.4291
vn -0.7667 0.4083 -0.4954
vn -0.9531 0.3025 -0.0038
vn 0.1688 -0.8932 -0.4167
vn 0.3657 0.8680 -0.3358
vn 0.3637 -0.1600 -0.9177
vn 0.3458 -0.2517 -0.9039
vn 0.5902 -0.4882 -0.6429
vn 0.0720 -0.9972 -0.0192
vn 0.4924 0.8604 -0.1317
vn 0.4756 0.0699 -0.8769
vn -0.0004 0.8063 0.5914
vn 0.0087 0.6472 0.7623
vn -0.8158 0.4022 0.4155
vn -0.6691 0.4047 0.6233
vn -0.9909 -0.1167 -0.0673
vn -0.9278 -0.1117 0.3559
vn -0.6823 -0.5543 -0.4768
vn -0.6799 -0.6827 0.2677
vn 0.0324 -0.7184 -0.6949
vn -0.0000 -0.9661 0.2581
vn 0.7336 -0.4025 -0.5476
vn 0.6844 -0.6792 0.2652
vn 0.9618 0.1312 -0.2405
vn 0.9341 -0.0903 0.3453
vn 0.7491 0.6293 0.2072
vn 0.6751 0.4248 0.6031
vn -0.0703 0.5899 0.8044
vn -0.8032 0.3595 0.4749
vn -0.9964 0.0142 -0.0835
vn -0.7173 -0.2927 -0.6322
vn -0.0408 -0.3992 -0.9160
vn 0.6624 -0.2037 -0.7209
vn 0.9724 0.1764 -0.1530
vn 0.7021 0.4974 0.5095
vn -0.0340 0.6894 0.7236
vn -0.7422 0.5651 0.3604
vn -0.9578 0.2317 -0.1699
vn -0.7362 -0.1240 -0.6653
vn -0.0494 -0.4303 -0.9013
vn 0.7471 -0.3681 -0.5535
vn 0.9983 -0.0206 0.0546
vn 0.7259 0.4000 0.5595
vn 0.5644 0.5624 -0.6044
vn 0.0006 0.5403 0.8415
vn -0.5695 0.3345 0.7508
vn -0.7877 -0.1821 0.5885
vn -0.5198 -0.7051 0.4824
vn -0.0113 -0.8835 0.4683
vn 0.5300 -0.7090 0.4651
vn 0.7966 -0.1702 0.5801
vn 0.5695 0.3371 0.7497
vn 0.0633 0.9628 -0.2627
vn -0.5935 0.7487 -0.2951
vn -0.7647 0.2429 -0.5968
vn 0.7204 0.3765 -0.5824
vn 0.5806 0.7666 -0.2742
vn 0.0004 0.9535 0.3014
vn -0.7839 0.5813 0.2181
vn -0.9989 -0.0390 -0.0253
vn -0.7351 -0.6249 -0.2627
vn 0.0104 -0.9210 -0.3894
vn 0.7657 -0.5712 -0.2957
vn 0.9938 0.0504 -0.0991
vn 0.7421 0.6591 0.1223
vt 0.978803 0.529992
vt 0.978112 0.526488
vt 0.986060 0.527456
vt 0.993638 0.531796
vt 0.748205 0.662428
vt 0.739733 0.665524
vt 0.734921 0.656293
vt 0.743239 0.653349
vt 0.730649 0.685628
vt 0.733092 0.694889
vt 0.725253 0.696965
vt 0.722624 0.687324
vt 0.744339 0.599980
vt 0.736136 0.595337
vt 0.746658 0.578041
vt 0.751330 0.581961
vt 0.728417 0.652307
vt 0.726927 0.656721
vt 0.718721 0.657099
vt 0.719180 0.651854
vt 0.738481 0.625623
vt 0.736817 0.632215
vt 0.722799 0.627835
vt 0.724706 0.621101
vt 0.908581 0.431969
vt 0.905373 0.415278
vt 0.926974 0.415278
vt 0.936743 0.427612
vt 0.978138 0.562424
vt 0.978831 0.556010
vt 0.991018 0.557395
vt 0.990312 0.563594
vt 0.779945 0.634025
vt 0.777810 0.641254
vt 0.771950 0.641676
vt 0.775884 0.633730
vt 0.965923 0.589896
vt 0.962389 0.594430
vt 0.956936 0.590215
vt 0.957618 0.589336
vt 0.726829 0.667346
vt 0.728224 0.676414
vt 0.719917 0.677700
vt 0.718509 0.668542
vt 0.751001 0.680001
vt 0.741098 0.683389
vt 0.741128 0.674148
vt 0.747967 0.671468
vt 0.777999 0.602769
vt 0.782586 0.625819
vt 0.773765 0.625011
vt 0.771635 0.603001
vt 0.969155 0.585853
vt 0.978559 0.570721
vt 0.989562 0.571893
vt 0.975608 0.588839
vt 0.762752 0.602765
vt 0.761104 0.620671
vt 0.748410 0.620749
vt 0.749426 0.602493
vt 0.741373 0.618772
vt 0.727103 0.613944
vt 0.776483 0.653476
vt 0.767635 0.648848
vt 0.732587 0.642691
vt 0.720435 0.640835
vt 0.757399 0.640954
vt 0.757385 0.649451
vt 0.746592 0.644395
vt 0.746201 0.635801
vt 0.980763 0.539936
vt 0.998727 0.542109
vt 0.966577 0.554433
vt 0.968581 0.538442
vt 0.958295 0.588484
vt 0.964376 0.568363
vt 0.970589 0.593062
vt 0.968433 0.598907
vt 0.965697 0.560677
vt 0.744328 0.627728
vt 0.758320 0.587489
vt 0.740943 0.692833
vt 0.969752 0.528885
vt 0.970164 0.525516
vt 0.761250 0.586883
vt 0.880923 0.436239
vt 0.883449 0.422422
vt 0.887778 0.449868
vt 0.911197 0.450816
vt 0.932348 0.442994
vt 0.764470 0.586150
vt 0.761010 0.580532
vt 0.762570 0.579611
vt 0.945388 0.604959
vt 0.950217 0.608644
vt 0.946750 0.613053
vt 0.942774 0.608278
vt 0.958475 0.615025
vt 0.951781 0.617005
vt 0.757213 0.575906
vt 0.755887 0.577248
vt 0.750979 0.573282
vt 0.752305 0.571698
vt 0.759571 0.581357
vt 0.758597 0.574569
vt 0.753640 0.570175
vt 0.969167 0.533664
vt 0.979783 0.534963
vt 0.745574 0.648396
vt 0.730463 0.647458
vt 0.719738 0.646353
vt 0.752801 0.651824
vt 0.752232 0.658419
vt 0.996182 0.536954
vt 0.790874 0.656743
vt 0.788429 0.662124
vt 0.778482 0.658901
vt 0.785983 0.667506
vt 0.773887 0.663767
vt 0.790874 0.628211
vt 0.784147 0.634370
vt 0.783564 0.640721
vt 0.783860 0.604964
vt 0.749826 0.692510
vt 0.499417 0.381778
vt 0.499987 0.395651
vt 0.486022 0.393005
vt 0.485068 0.382619
vt 0.478109 0.392617
vt 0.476254 0.384504
vt 0.470707 0.394497
vt 0.468396 0.386718
vt 0.459159 0.396971
vt 0.458256 0.388667
vt 0.447585 0.396656
vt 0.448454 0.389137
vt 0.440697 0.395622
vt 0.441626 0.388465
vt 0.433522 0.395192
vt 0.434060 0.386434
vt 0.419878 0.394626
vt 0.421681 0.382405
vt 0.438062 0.369883
vt 0.428842 0.362961
vt 0.436236 0.336612
vt 0.442110 0.339867
vt 0.448237 0.313234
vt 0.450215 0.313550
vt 0.490012 0.360352
vt 0.478478 0.363440
vt 0.469854 0.338007
vt 0.475268 0.335463
vt 0.471295 0.367344
vt 0.464547 0.371449
vt 0.462166 0.341239
vt 0.466280 0.339797
vt 0.449576 0.375643
vt 0.443931 0.374538
vt 0.446489 0.342149
vt 0.450723 0.342835
vt 0.456658 0.374402
vt 0.456386 0.342393
vt 0.455719 0.314968
vt 0.453565 0.314392
vt 0.454542 0.300389
vt 0.451828 0.313892
vt 0.457726 0.315300
vt 0.459302 0.315061
vt 0.460698 0.314149
vt 0.462182 0.312677
vt 0.459331 0.398847
vt 0.448423 0.398847
vt 0.432397 0.397316
vt 0.420427 0.396818
vt 0.499085 0.397852
vt 0.486821 0.395482
vt 0.478391 0.395535
vt 0.470188 0.396859
vt 0.440398 0.398377
vt 0.013371 0.366252
vt 0.003131 0.350858
vt 0.014510 0.350407
vt 0.020468 0.355480
vt 0.006320 0.329100
vt 0.021448 0.312160
vt 0.029556 0.324333
vt 0.019309 0.335594
vt 0.040625 0.311355
vt 0.055094 0.325383
vt 0.040957 0.331690
vt 0.036695 0.323887
vt 0.032715 0.369707
vt 0.029620 0.354814
vt 0.055094 0.353087
vt 0.039017 0.345173
s 1
usemtl Cabin
f 4932/4066/3878 4884/4067/3834 4858/4068/3808 4927/4069/3875
f 4991/4070/3936 4896/4071/3844 4860/4072/3810 4928/4073/3876
f 4947/4074/3892 4884/4075/3834 4862/4076/3812 4942/4077/3887
f 4885/4078/3835 4863/4079/3813 4917/4080/3865 4911/4081/3859
f 4931/4082/3879 4887/4083/3837 4864/4084/3814 4929/4085/3877
f 4909/4086/3857 4888/4087/3838 4867/4088/3817 4905/4089/3853
f 4910/4090/3858 4898/4091/3846 4866/4092/3816 4904/4093/3852
f 4908/4094/3856 4889/4095/3818 4865/4096/3815 4903/4097/3851
f 4948/4098/3893 4943/4099/3888 4873/4100/3823 4907/4101/3855
f 4946/4102/3891 4890/4103/3839 4872/4104/3822 4940/4105/3885
f 4902/4106/3850 4891/4107/3840 4871/4108/3821 4897/4109/3845
f 4994/4110/3939 4941/4111/3886 4870/4112/3820 4990/4113/3935
f 4939/4114/3884 4944/4115/3889 4878/4116/3828 4869/4117/3819
f 4886/4118/3836 4892/4119/3841 4874/4120/3824 4857/4121/3807
f 4899/4122/3847 4900/4123/3848 4875/4124/3825 4859/4125/3809
f 4885/4078/3835 4893/4126/3842 4876/4127/3826 4863/4079/3813
f 4943/4099/3888 4945/4128/3890 4883/4129/3833 4873/4100/3823
f 4888/4087/3838 4894/4130/3843 4881/4131/3831 4867/4088/3817
f 4898/4132/3846 4901/4133/3849 4880/4134/3830 4866/4135/3816
f 4889/4095/3818 4895/4136/3832 4879/4137/3829 4865/4096/3815
f 4868/4138/3818 4882/4139/3832 4895/4136/3832 4889/4095/3818
f 4866/4135/3816 4880/4134/3830 4894/4130/3843 4888/4087/3838
f 4859/4125/3809 4875/4124/3825 4893/4126/3842 4885/4078/3835
f 4861/4140/3811 4877/4141/3827 4892/4119/3841 4886/4118/3836
f 4896/4071/3844 4870/4112/3820 4891/4107/3840 4902/4106/3850
f 4939/4142/3884 4869/4143/3819 4890/4103/3839 4946/4102/3891
f 4906/4144/3854 4868/4138/3818 4889/4095/3818 4908/4094/3856
f 4904/4145/3852 4866/4135/3816 4888/4087/3838 4909/4086/3857
f 4928/4073/3876 4860/4072/3810 4887/4083/3837 4931/4082/3879
f 4859/4125/3809 4885/4078/3835 4911/4081/3859 4912/4146/3860
f 4941/4111/3886 4858/4147/3808 4884/4075/3834 4947/4074/3892
f 4930/4148/3878 4862/4149/3812 4884/4067/3834 4932/4066/3878
f 4899/4122/3847 4859/4125/3809 4912/4146/3860 4913/4150/3861
f 4860/4072/3810 4896/4071/3844 4902/4106/3850 4887/4083/3837
f 4873/4100/3823 4883/4129/3833 4901/4133/3849 4898/4132/3846
f 4869/4117/3819 4878/4116/3828 4900/4123/3848 4899/4122/3847
f 4887/4083/3837 4902/4106/3850 4897/4109/3845 4864/4084/3814
f 4907/4151/3855 4873/4152/3823 4898/4091/3846 4910/4090/3858
f 4990/4113/3935 4870/4112/3820 4896/4071/3844 4991/4070/3936
f 4878/4153/3828 4907/4151/3855 4910/4090/3858 4900/4154/3848
f 4875/4124/3825 4904/4145/3852 4909/4086/3857 4893/4126/3842
f 4877/4141/3827 4906/4144/3854 4908/4094/3856 4892/4119/3841
f 4944/4115/3889 4948/4098/3893 4907/4101/3855 4878/4116/3828
f 4892/4119/3841 4908/4094/3856 4903/4097/3851 4874/4120/3824
f 4900/4154/3848 4910/4090/3858 4904/4093/3852 4875/4155/3825
f 4893/4126/3842 4909/4086/3857 4905/4089/3853 4876/4127/3826
f 4914/4156/3862 4913/4150/3861 4920/4157/3868 4921/4158/3869
f 4915/4159/3863 4916/4160/3864 4924/4161/3872 4923/4162/3871
f 4916/4160/3864 4914/4163/3862 4921/4164/3869 4924/4161/3872
f 4872/4104/3822 4890/4103/3839 4916/4160/3864 4915/4159/3863
f 4890/4103/3839 4869/4143/3819 4914/4163/3862 4916/4160/3864
f 4869/4117/3819 4899/4122/3847 4913/4150/3861 4914/4156/3862
f 4926/4165/3874 4918/4166/3866 4925/4167/3873 4922/4168/3870
f 4920/4157/3868 4919/4169/3867 4918/4166/3866 4926/4165/3874
f 4921/4158/3869 4920/4157/3868 4926/4165/3874 4924/4170/3872
f 4924/4170/3872 4926/4165/3874 4922/4168/3870 4923/4171/3871
f 4911/4081/3859 4917/4080/3865 4925/4167/3873 4918/4166/3866
f 4912/4146/3860 4911/4081/3859 4918/4166/3866 4919/4169/3867
f 4913/4150/3861 4912/4146/3860 4919/4169/3867 4920/4157/3868
f 4936/4172/3878 4930/4148/3878 4932/4066/3878 4938/4173/3878
f 4934/4174/3881 4928/4073/3876 4931/4082/3879 4937/4175/3883
f 4937/4175/3883 4931/4082/3879 4929/4085/3877 4935/4176/3882
f 4992/4177/3937 4991/4178/3936 4928/4073/3876 4934/4174/3881
f 4938/4173/3878 4932/4066/3878 4927/4069/3875 4933/4179/3880
f 4895/4136/3832 4938/4173/3878 4933/4179/3880 4879/4137/3829
f 4901/4133/3849 4992/4177/3937 4934/4174/3881 4880/4134/3830
f 4894/4130/3843 4937/4175/3883 4935/4176/3882 4881/4131/3831
f 4880/4134/3830 4934/4174/3881 4937/4175/3883 4894/4130/3843
f 4882/4139/3832 4936/4172/3878 4938/4173/3878 4895/4136/3832
f 4879/4180/3829 4933/4181/3880 4993/4182/3938 4945/4128/3890
f 4933/4181/3880 4927/4183/3875 4994/4184/3939 4993/4182/3938
f 4874/4185/3824 4903/4186/3851 4948/4098/3893 4944/4115/3889
f 4870/4112/3820 4941/4111/3886 4947/4074/3892 4891/4107/3840
f 4857/4121/3807 4939/4142/3884 4946/4102/3891 4886/4118/3836
f 4865/4187/3815 4879/4180/3829 4945/4128/3890 4943/4099/3888
f 4857/4188/3807 4874/4185/3824 4944/4115/3889 4939/4114/3884
f 4927/4189/3875 4858/4147/3808 4941/4111/3886 4994/4110/3939
f 4886/4118/3836 4946/4102/3891 4940/4105/3885 4861/4140/3811
f 4903/4186/3851 4865/4187/3815 4943/4099/3888 4948/4098/3893
f 4891/4107/3840 4947/4074/3892 4942/4077/3887 4871/4108/3821
f 4995/4190/3940 4950/4191/3895 4952/4192/3897 4996/4193/3941
f 4996/4193/3941 4952/4192/3897 4954/4194/3899 4997/4195/3942
f 4997/4195/3942 4954/4194/3899 4956/4196/3901 4998/4197/3943
f 4998/4197/3943 4956/4196/3901 4958/4198/3903 4999/4199/3944
f 4999/4199/3944 4958/4198/3903 4960/4200/3905 5000/4201/3945
f 5000/4201/3945 4960/4200/3905 4962/4202/3907 5001/4203/3946
f 5001/4203/3946 4962/4202/3907 4964/4204/3909 5002/4205/3947
f 5002/4205/3947 4964/4204/3909 4950/4206/3895 4995/4207/3940
f 4963/4208/3908 4949/4209/3894 4965/4210/3910 4972/4211/3917
f 4972/4211/3917 4965/4210/3910 4973/4212/3918 4980/4213/3925
f 4949/4214/3894 4951/4215/3896 4966/4216/3911 4965/4217/3910
f 4953/4218/3898 4955/4219/3900 4968/4220/3913 4967/4221/3912
f 4959/4222/3904 4961/4223/3906 4971/4224/3916 4970/4225/3915
f 4955/4219/3900 4957/4226/3902 4969/4227/3914 4968/4220/3913
f 4961/4223/3906 4963/4208/3908 4972/4211/3917 4971/4224/3916
f 4951/4215/3896 4953/4218/3898 4967/4221/3912 4966/4216/3911
f 4957/4226/3902 4959/4222/3904 4970/4225/3915 4969/4227/3914
f 4977/4228/3922 4978/4229/3923 4981/4230/3926
f 4970/4225/3915 4971/4224/3916 4979/4231/3924 4978/4229/3923
f 4968/4220/3913 4969/4227/3914 4977/4228/3922 4976/4232/3921
f 4966/4216/3911 4967/4221/3912 4975/4233/3920 4974/4234/3919
f 4971/4224/3916 4972/4211/3917 4980/4213/3925 4979/4231/3924
f 4969/4227/3914 4970/4225/3915 4978/4229/3923 4977/4228/3922
f 4967/4221/3912 4968/4220/3913 4976/4232/3921 4975/4233/3920
f 4965/4217/3910 4966/4216/3911 4974/4234/3919 4973/4235/3918
f 4975/4233/3920 4976/4232/3921 4981/4230/3926
f 4973/4235/3918 4974/4234/3919 4981/4230/3926
f 4980/4213/3925 4973/4212/3918 4981/4230/3926
f 4978/4229/3923 4979/4231/3924 4981/4230/3926
f 4976/4232/3921 4977/4228/3922 4981/4230/3926
f 4974/4234/3919 4975/4233/3920 4981/4230/3926
f 4979/4231/3924 4980/4213/3925 4981/4230/3926
f 4960/4200/3905 4958/4198/3903 4986/4236/3931 4987/4237/3932
f 4950/4206/3895 4964/4204/3909 4989/4238/3934 4982/4239/3927
f 4952/4192/3897 4950/4191/3895 4982/4240/3927 4983/4241/3928
f 4956/4196/3901 4954/4194/3899 4984/4242/3929 4985/4243/3930
f 4962/4202/3907 4960/4200/3905 4987/4237/3932 4988/4244/3933
f 4958/4198/3903 4956/4196/3901 4985/4243/3930 4986/4236/3931
f 4964/4204/3909 4962/4202/3907 4988/4244/3933 4989/4238/3934
f 4954/4194/3899 4952/4192/3897 4983/4241/3928 4984/4242/3929
f 4988/4245/3933 4987/4246/3932 4945/4247/3890 4993/4248/3938
f 4986/4249/3931 4985/4250/3930 4901/4251/3849 4883/4252/3833
f 4984/4253/3929 4983/4254/3928 4991/4255/3936 4992/4256/3937
f 4989/4257/3934 4988/4245/3933 4993/4248/3938 4994/4258/3939
f 4987/4246/3932 4986/4249/3931 4883/4252/3833 4945/4247/3890
f 4985/4250/3930 4984/4253/3929 4992/4256/3937 4901/4251/3849
f 4983/4254/3928 4982/4259/3927 4990/4260/3935 4991/4255/3936
f 4982/4259/3927 4989/4257/3934 4994/4258/3939 4990/4260/3935
f 4963/4208/3908 5002/4205/3947 4995/4207/3940 4949/4209/3894
f 4961/4223/3906 5001/4203/3946 5002/4205/3947 4963/4208/3908
f 4959/4222/3904 5000/4201/3945 5001/4203/3946 4961/4223/3906
f 4957/4226/3902 4999/4199/3944 5000/4201/3945 4959/4222/3904
f 4955/4219/3900 4998/4197/3943 4999/4199/3944 4957/4226/3902
f 4953/4218/3898 4997/4195/3942 4998/4197/3943 4955/4219/3900
f 4951/4215/3896 4996/4193/3941 4997/4195/3942 4953/4218/3898
f 4949/4214/3894 4995/4190/3940 4996/4193/3941 4951/4215/3896
f 5056/4066/3878 5053/4069/3996 5004/4068/3949 5018/4067/3963
f 5111/4070/4052 5054/4073/3997 5006/4072/3951 5030/4071/3973
f 5067/4074/4008 4942/4077/3887 4862/4076/3812 5018/4075/3963
f 5019/4078/3964 5042/4081/3985 4917/4080/3865 4863/4079/3813
f 5055/4082/3998 4929/4085/3877 4864/4084/3814 5021/4083/3966
f 5040/4086/3983 4905/4089/3853 4867/4088/3817 5022/4087/3967
f 5041/4090/3984 5037/4093/3980 5008/4092/3953 5031/4091/3974
f 5039/4094/3982 5036/4097/3979 5007/4096/3952 5023/4095/3818
f 5068/4098/4009 5038/4101/3981 5011/4100/3956 5063/4099/4004
f 5066/4102/4007 4940/4105/3885 4872/4104/3822 5024/4103/3968
f 5035/4106/3978 4897/4109/3845 4871/4108/3821 5025/4107/3969
f 5114/4110/4055 5110/4113/4051 5010/4112/3955 5062/4111/4003
f 5061/4114/4002 5009/4117/3954 5014/4116/3959 5064/4115/4005
f 5020/4118/3965 5003/4121/3948 5012/4120/3957 5026/4119/3970
f 5032/4122/3975 5005/4125/3950 5013/4124/3958 5033/4123/3976
f 5019/4078/3964 4863/4079/3813 4876/4127/3826 5027/4126/3971
f 5063/4099/4004 5011/4100/3956 5017/4129/3962 5065/4128/4006
f 5022/4087/3967 4867/4088/3817 4881/4131/3831 5028/4130/3972
f 5031/4132/3974 5008/4135/3953 5016/4134/3961 5034/4133/3977
f 5023/4095/3818 5007/4096/3952 5015/4137/3960 5029/4136/3832
f 4868/4138/3818 5023/4095/3818 5029/4136/3832 4882/4139/3832
f 5008/4135/3953 5022/4087/3967 5028/4130/3972 5016/4134/3961
f 5005/4125/3950 5019/4078/3964 5027/4126/3971 5013/4124/3958
f 4861/4140/3811 5020/4118/3965 5026/4119/3970 4877/4141/3827
f 5030/4071/3973 5035/4106/3978 5025/4107/3969 5010/4112/3955
f 5061/4142/4002 5066/4102/4007 5024/4103/3968 5009/4143/3954
f 4906/4144/3854 5039/4094/3982 5023/4095/3818 4868/4138/3818
f 5037/4145/3980 5040/4086/3983 5022/4087/3967 5008/4135/3953
f 5054/4073/3997 5055/4082/3998 5021/4083/3966 5006/4072/3951
f 5005/4125/3950 5043/4146/3986 5042/4081/3985 5019/4078/3964
f 5062/4111/4003 5067/4074/4008 5018/4075/3963 5004/4147/3949
f 4930/4148/3878 5056/4066/3878 5018/4067/3963 4862/4149/3812
f 5032/4122/3975 5044/4150/3987 5043/4146/3986 5005/4125/3950
f 5006/4072/3951 5021/4083/3966 5035/4106/3978 5030/4071/3973
f 5011/4100/3956 5031/4132/3974 5034/4133/3977 5017/4129/3962
f 5009/4117/3954 5032/4122/3975 5033/4123/3976 5014/4116/3959
f 5021/4083/3966 4864/4084/3814 4897/4109/3845 5035/4106/3978
f 5038/4151/3981 5041/4090/3984 5031/4091/3974 5011/4152/3956
f 5110/4113/4051 5111/4070/4052 5030/4071/3973 5010/4112/3955
f 5014/4153/3959 5033/4154/3976 5041/4090/3984 5038/4151/3981
f 5013/4124/3958 5027/4126/3971 5040/4086/3983 5037/4145/3980
f 4877/4141/3827 5026/4119/3970 5039/4094/3982 4906/4144/3854
f 5064/4115/4005 5014/4116/3959 5038/4101/3981 5068/4098/4009
f 5026/4119/3970 5012/4120/3957 5036/4097/3979 5039/4094/3982
f 5033/4154/3976 5013/4155/3958 5037/4093/3980 5041/4090/3984
f 5027/4126/3971 4876/4127/3826 4905/4089/3853 5040/4086/3983
f 5045/4156/3988 5050/4158/3993 5049/4157/3992 5044/4150/3987
f 4915/4159/3863 4923/4162/3871 5051/4161/3994 5046/4160/3989
f 5046/4160/3989 5051/4161/3994 5050/4164/3993 5045/4163/3988
f 4872/4104/3822 4915/4159/3863 5046/4160/3989 5024/4103/3968
f 5024/4103/3968 5046/4160/3989 5045/4163/3988 5009/4143/3954
f 5009/4117/3954 5045/4156/3988 5044/4150/3987 5032/4122/3975
f 5052/4165/3995 4922/4168/3870 4925/4167/3873 5047/4166/3990
f 5049/4157/3992 5052/4165/3995 5047/4166/3990 5048/4169/3991
f 5050/4158/3993 5051/4170/3994 5052/4165/3995 5049/4157/3992
f 5051/4170/3994 4923/4171/3871 4922/4168/3870 5052/4165/3995
f 5042/4081/3985 5047/4166/3990 4925/4167/3873 4917/4080/3865
f 5043/4146/3986 5048/4169/3991 5047/4166/3990 5042/4081/3985
f 5044/4150/3987 5049/4157/3992 5048/4169/3991 5043/4146/3986
f 4936/4172/3878 5060/4173/3878 5056/4066/3878 4930/4148/3878
f 5058/4174/4000 5059/4175/4001 5055/4082/3998 5054/4073/3997
f 5059/4175/4001 4935/4176/3882 4929/4085/3877 5055/4082/3998
f 5112/4177/4053 5058/4174/4000 5054/4073/3997 5111/4178/4052
f 5060/4173/3878 5057/4179/3999 5053/4069/3996 5056/4066/3878
f 5029/4136/3832 5015/4137/3960 5057/4179/3999 5060/4173/3878
f 5034/4133/3977 5016/4134/3961 5058/4174/4000 5112/4177/4053
f 5028/4130/3972 4881/4131/3831 4935/4176/3882 5059/4175/4001
f 5016/4134/3961 5028/4130/3972 5059/4175/4001 5058/4174/4000
f 4882/4139/3832 5029/4136/3832 5060/4173/3878 4936/4172/3878
f 5015/4180/3960 5065/4128/4006 5113/4182/4054 5057/4181/3999
f 5057/4181/3999 5113/4182/4054 5114/4184/4055 5053/4183/3996
f 5012/4185/3957 5064/4115/4005 5068/4098/4009 5036/4186/3979
f 5010/4112/3955 5025/4107/3969 5067/4074/4008 5062/4111/4003
f 5003/4121/3948 5020/4118/3965 5066/4102/4007 5061/4142/4002
f 5007/4187/3952 5063/4099/4004 5065/4128/4006 5015/4180/3960
f 5003/4188/3948 5061/4114/4002 5064/4115/4005 5012/4185/3957
f 5053/4189/3996 5114/4110/4055 5062/4111/4003 5004/4147/3949
f 5020/4118/3965 4861/4140/3811 4940/4105/3885 5066/4102/4007
f 5036/4186/3979 5068/4098/4009 5063/4099/4004 5007/4187/3952
f 5025/4107/3969 4871/4108/3821 4942/4077/3887 5067/4074/4008
f 5115/4190/4056 5116/4193/4057 5072/4192/4013 5070/4191/4011
f 5116/4193/4057 5117/4195/4058 5074/4194/4015 5072/4192/4013
f 5117/4195/4058 5118/4197/4059 5076/4196/4017 5074/4194/4015
f 5118/4197/4059 5119/4199/4060 5078/4198/4019 5076/4196/4017
f 5119/4199/4060 5120/4201/4061 5080/4200/4021 5078/4198/4019
f 5120/4201/4061 5121/4203/4062 5082/4202/4023 5080/4200/4021
f 5121/4203/4062 5122/4205/4063 5084/4204/4025 5082/4202/4023
f 5122/4205/4063 5115/4207/4056 5070/4206/4011 5084/4204/4025
f 5083/4208/4024 5092/4211/4033 5085/4210/4026 5069/4209/4010
f 5092/4211/4033 5100/4213/4041 5093/4212/4034 5085/4210/4026
f 5069/4214/4010 5085/4217/4026 5086/4216/4027 5071/4215/4012
f 5073/4218/4014 5087/4221/4028 5088/4220/4029 5075/4219/4016
f 5079/4222/4020 5090/4225/4031 5091/4224/4032 5081/4223/4022
f 5075/4219/4016 5088/4220/4029 5089/4227/4030 5077/4226/4018
f 5081/4223/4022 5091/4224/4032 5092/4211/4033 5083/4208/4024
f 5071/4215/4012 5086/4216/4027 5087/4221/4028 5073/4218/4014
f 5077/4226/4018 5089/4227/4030 5090/4225/4031 5079/4222/4020
f 5097/4228/4038 5101/4230/4042 5098/4229/4039
f 5090/4225/4031 5098/4229/4039 5099/4231/4040 5091/4224/4032
f 5088/4220/4029 5096/4232/4037 5097/4228/4038 5089/4227/4030
f 5086/4216/4027 5094/4234/4035 5095/4233/4036 5087/4221/4028
f 5091/4224/4032 5099/4231/4040 5100/4213/4041 5092/4211/4033
f 5089/4227/4030 5097/4228/4038 5098/4229/4039 5090/4225/4031
f 5087/4221/4028 5095/4233/4036 5096/4232/4037 5088/4220/4029
f 5085/4217/4026 5093/4235/4034 5094/4234/4035 5086/4216/4027
f 5095/4233/4036 5101/4230/4042 5096/4232/4037
f 5093/4235/4034 5101/4230/4042 5094/4234/4035
f 5100/4213/4041 5101/4230/4042 5093/4212/4034
f 5098/4229/4039 5101/4230/4042 5099/4231/4040
f 5096/4232/4037 5101/4230/4042 5097/4228/4038
f 5094/4234/4035 5101/4230/4042 5095/4233/4036
f 5099/4231/4040 5101/4230/4042 5100/4213/4041
f 5080/4200/4021 5107/4237/4048 5106/4236/4047 5078/4198/4019
f 5070/4206/4011 5102/4239/4043 5109/4238/4050 5084/4204/4025
f 5072/4192/4013 5103/4241/4044 5102/4240/4043 5070/4191/4011
f 5076/4196/4017 5105/4243/4046 5104/4242/4045 5074/4194/4015
f 5082/4202/4023 5108/4244/4049 5107/4237/4048 5080/4200/4021
f 5078/4198/4019 5106/4236/4047 5105/4243/4046 5076/4196/4017
f 5084/4204/4025 5109/4238/4050 5108/4244/4049 5082/4202/4023
f 5074/4194/4015 5104/4242/4045 5103/4241/4044 5072/4192/4013
f 5108/4245/4049 5113/4248/4054 5065/4247/4006 5107/4246/4048
f 5106/4249/4047 5017/4252/3962 5034/4251/3977 5105/4250/4046
f 5104/4253/4045 5112/4256/4053 5111/4255/4052 5103/4254/4044
f 5109/4257/4050 5114/4258/4055 5113/4248/4054 5108/4245/4049
f 5107/4246/4048 5065/4247/4006 5017/4252/3962 5106/4249/4047
f 5105/4250/4046 5034/4251/3977 5112/4256/4053 5104/4253/4045
f 5103/4254/4044 5111/4255/4052 5110/4260/4051 5102/4259/4043
f 5102/4259/4043 5110/4260/4051 5114/4258/4055 5109/4257/4050
f 5083/4208/4024 5069/4209/4010 5115/4207/4056 5122/4205/4063
f 5081/4223/4022 5083/4208/4024 5122/4205/4063 5121/4203/4062
f 5079/4222/4020 5081/4223/4022 5121/4203/4062 5120/4201/4061
f 5077/4226/4018 5079/4222/4020 5120/4201/4061 5119/4199/4060
f 5075/4219/4016 5077/4226/4018 5119/4199/4060 5118/4197/4059
f 5073/4218/4014 5075/4219/4016 5118/4197/4059 5117/4195/4058
f 5071/4215/4012 5073/4218/4014 5117/4195/4058 5116/4193/4057
f 5069/4214/4010 5071/4215/4012 5116/4193/4057 5115/4190/4056
