# Blender 5.2.0 LTS
# www.blender.org
mtllib cauldron.mtl
o Cube.004
v 1.065805 0.000386 1.328520
v 0.978284 0.000386 1.162741
v 1.312787 0.000386 1.083059
v 1.147552 0.000386 0.994516
v 0.945738 0.187238 1.125651
v 1.110664 0.187238 0.961741
v 0.890899 0.604705 1.069468
v 0.830525 0.404212 0.984363
v 0.970601 0.404212 0.845149
v 1.055333 0.604705 0.906048
v 0.918343 0.305447 1.065697
v 1.050880 0.305447 0.933977
v 1.110212 0.401264 0.986818
v 0.970818 0.401264 1.125354
v 0.879095 0.776871 1.099731
v 0.754089 0.462061 0.941287
v 0.927487 0.462061 0.768957
v 1.088438 0.776871 0.891677
v 0.939573 0.216957 1.114192
v 1.099243 0.216957 0.955506
v 1.198021 0.262157 1.065156
v 1.048611 0.262157 1.213645
v 1.039053 0.000386 1.054615
v 1.189296 0.000386 1.205789
v 1.187111 0.233243 1.203591
v 1.006001 0.173981 1.021359
v 1.024030 0.644926 1.030018
v 0.888408 0.380507 0.902526
v 0.969715 0.283673 0.984847
v 1.057045 0.425537 1.072719
v 1.027661 0.916813 1.031204
v 0.827284 0.447569 0.841535
v 1.153202 0.271010 1.169472
v 0.996468 0.196203 1.011767
v 1.297867 0.248088 1.315034
v 1.364922 0.195101 1.382504
v 1.397718 0.104453 1.415503
v 1.337506 0.000386 1.354918
v 1.376375 0.035514 1.394028
v 1.006096 0.000386 1.240472
v 1.225109 0.000386 1.022807
v 1.178294 0.200140 0.996206
v 0.979785 0.200140 1.193493
v 1.022605 0.508394 0.856874
v 0.841928 0.508394 1.036438
v 0.931941 0.352495 1.106436
v 1.091534 0.352495 0.947825
v 1.005790 0.555829 0.812326
v 0.792005 0.555187 1.021803
v 1.158278 0.236683 0.987738
v 0.971441 0.236683 1.173425
v 1.115602 0.000386 1.131639
v 0.960041 0.061062 1.151125
v 1.136048 0.061062 0.976201
v 1.303212 0.082765 1.076142
v 1.058947 0.082765 1.318902
v 1.024624 0.045271 1.040097
v 0.995138 0.074922 1.226984
v 1.211690 0.074922 1.011766
v 1.339909 0.241748 1.255880
v 1.248243 0.211964 1.081662
v 1.353296 0.216391 1.194202
v 1.429700 0.084867 1.173894
v 1.442959 0.100912 1.350919
v 1.461402 0.093487 1.264480
v 1.414459 0.133650 1.170888
v 1.409229 0.187287 1.322986
v 1.436650 0.164787 1.252631
v 1.155916 0.084867 1.445993
v 1.332856 0.100912 1.460344
v 1.246304 0.093487 1.478253
v 1.064807 0.211964 1.263969
v 1.238455 0.241748 1.356709
v 1.176695 0.216391 1.369715
v 1.153005 0.133650 1.430732
v 1.305131 0.187287 1.426443
v 1.234609 0.164787 1.453429
v 1.381230 0.000386 1.135279
v 1.383154 0.000386 1.288601
v 1.395443 0.000386 1.222438
v 1.420336 0.032497 1.323192
v 1.409355 0.020108 1.154770
v 1.437864 0.027138 1.246414
v 1.270908 0.000386 1.400156
v 1.117601 0.000386 1.397284
v 1.204671 0.000386 1.412035
v 1.136918 0.020108 1.425529
v 1.305269 0.032497 1.437550
v 1.228384 0.027138 1.454604
v 1.108006 0.084394 1.389452
v 1.115304 0.182360 1.357419
v 1.373457 0.084394 1.125636
v 1.341380 0.182360 1.132735
v 0.948104 0.129095 1.138107
v 1.123105 0.129095 0.964184
v 1.014441 0.114028 1.029851
v 0.988221 0.143215 1.213895
v 1.198643 0.143215 1.004769
v 1.059011 0.161788 1.300562
v 1.284871 0.161788 1.076093
v 0.996773 0.000386 1.110503
v 0.950897 0.633910 1.074030
v 1.013915 0.417572 1.109158
v 0.937515 0.866763 1.094639
v 1.102427 0.268221 1.203943
v 1.127550 0.000386 1.267155
v 0.964177 0.178203 1.071060
v 0.851830 0.386800 0.944263
v 0.935482 0.288256 1.025548
v 0.781064 0.452151 0.891374
v 0.956629 0.202767 1.061136
v 1.060849 0.000386 1.186056
v 0.980812 0.049992 1.092782
v 1.126053 0.225373 1.243719
v 0.969575 0.119665 1.081064
v 1.251042 0.000386 1.144424
v 1.055960 0.178203 0.979842
v 0.930371 0.386800 0.866207
v 1.010626 0.288256 0.950867
v 0.877409 0.452151 0.795623
v 1.046082 0.202767 0.972233
v 1.095201 0.000386 1.012682
v 1.059523 0.633910 0.966073
v 1.093750 0.417572 1.029815
v 1.084980 0.866737 0.947958
v 1.187986 0.268221 1.118911
v 1.170356 0.000386 1.077223
v 1.077579 0.049992 0.996611
v 1.227615 0.225373 1.142782
v 1.065930 0.119665 0.985302
v 1.034273 0.000386 1.285648
v 1.039145 0.561991 0.875231
v 1.101884 0.375743 0.963359
v 1.029310 0.607553 0.833961
v 1.183160 0.249916 1.021985
v 1.152449 0.000386 1.168715
v 1.270110 0.000386 1.051263
v 0.860183 0.561991 1.053091
v 0.947410 0.375743 1.116882
v 0.816633 0.607036 1.043288
v 1.005533 0.249916 1.198518
v 1.024690 0.078928 1.274618
v 1.259140 0.078928 1.041612
v 1.212629 0.206776 1.035449
v 1.018815 0.206776 1.228070
v 1.021422 0.152972 1.259027
v 1.243569 0.152972 1.038248
v 1.094200 0.000386 1.226605
v 1.210699 0.000386 1.110824
v 1.187547 0.000386 1.001896
v 0.953085 0.193279 1.161688
v 0.829528 0.450427 1.013945
v 0.918572 0.326632 1.090242
v 0.772260 0.520150 1.005626
v 0.946019 0.225517 1.146222
v 0.985417 0.000386 1.202781
v 1.146654 0.193279 0.969311
v 1.000189 0.450427 0.844335
v 1.075423 0.326632 0.934357
v 0.982274 0.520150 0.796905
v 1.131232 0.225517 0.962149
v 1.077328 0.000386 1.093127
v 1.175552 0.066510 0.984350
v 0.967945 0.066510 1.190678
v 1.162711 0.135690 0.974769
v 0.958444 0.135690 1.177778
v 1.028811 0.000386 1.148280
v 1.132778 0.000386 1.044953
v -1.065805 0.000386 1.328520
v -0.978284 0.000386 1.162741
v -1.312787 0.000386 1.083059
v -1.147552 0.000386 0.994516
v -0.945738 0.187238 1.125651
v -1.110664 0.187238 0.961741
v -0.890899 0.604705 1.069468
v -0.830525 0.404212 0.984363
v -0.970601 0.404212 0.845149
v -1.055333 0.604705 0.906048
v -0.918343 0.305447 1.065697
v -1.050880 0.305447 0.933977
v -1.110212 0.401264 0.986818
v -0.970818 0.401264 1.125354
v -0.879095 0.776871 1.099731
v -0.754089 0.462061 0.941287
v -0.927487 0.462061 0.768957
v -1.088438 0.776871 0.891677
v -0.939573 0.216957 1.114192
v -1.099243 0.216957 0.955506
v -1.198021 0.262157 1.065156
v -1.048611 0.262157 1.213645
v -1.039053 0.000386 1.054615
v -1.189296 0.000386 1.205789
v -1.187111 0.233243 1.203591
v -1.006001 0.173981 1.021359
v -1.024030 0.644926 1.030018
v -0.888408 0.380507 0.902526
v -0.969715 0.283673 0.984847
v -1.057045 0.425537 1.072719
v -1.027661 0.916813 1.031204
v -0.827284 0.447569 0.841535
v -1.153202 0.271010 1.169472
v -0.996468 0.196203 1.011767
v -1.297867 0.248088 1.315034
v -1.364922 0.195101 1.382504
v -1.397718 0.104453 1.415503
v -1.337506 0.000386 1.354918
v -1.376375 0.035514 1.394028
v -1.006096 0.000386 1.240472
v -1.225109 0.000386 1.022807
v -1.178294 0.200140 0.996206
v -0.979785 0.200140 1.193493
v -1.022605 0.508394 0.856874
v -0.841928 0.508394 1.036438
v -0.931941 0.352495 1.106436
v -1.091534 0.352495 0.947825
v -1.005790 0.555829 0.812326
v -0.792005 0.555187 1.021803
v -1.158278 0.236683 0.987738
v -0.971441 0.236683 1.173425
v -1.115602 0.000386 1.131639
v -0.960041 0.061062 1.151125
v -1.136048 0.061062 0.976201
v -1.303212 0.082765 1.076142
v -1.058947 0.082765 1.318902
v -1.024624 0.045271 1.040097
v -0.995138 0.074922 1.226984
v -1.211690 0.074922 1.011766
v -1.339909 0.241748 1.255880
v -1.248243 0.211964 1.081662
v -1.353296 0.216391 1.194202
v -1.429700 0.084867 1.173894
v -1.442959 0.100912 1.350919
v -1.461402 0.093487 1.264480
v -1.414459 0.133650 1.170888
v -1.409229 0.187287 1.322986
v -1.436650 0.164787 1.252631
v -1.155916 0.084867 1.445993
v -1.332856 0.100912 1.460344
v -1.246304 0.093487 1.478253
v -1.064807 0.211964 1.263969
v -1.238455 0.241748 1.356709
v -1.176695 0.216391 1.369715
v -1.153005 0.133650 1.430732
v -1.305131 0.187287 1.426443
v -1.234609 0.164787 1.453429
v -1.381230 0.000386 1.135279
v -1.383154 0.000386 1.288601
v -1.395443 0.000386 1.222438
v -1.420336 0.032497 1.323192
v -1.409355 0.020108 1.154770
v -1.437864 0.027138 1.246414
v -1.270908 0.000386 1.400156
v -1.117601 0.000386 1.397284
v -1.204671 0.000386 1.412035
v -1.136918 0.020108 1.425529
v -1.305269 0.032497 1.437550
v -1.228384 0.027138 1.454604
v -1.108006 0.084394 1.389452
v -1.115304 0.182360 1.357419
v -1.373457 0.084394 1.125636
v -1.341380 0.182360 1.132735
v -0.948104 0.129095 1.138107
v -1.123105 0.129095 0.964184
v -1.014441 0.114028 1.029851
v -0.988221 0.143215 1.213895
v -1.198643 0.143215 1.004769
v -1.059011 0.161788 1.300562
v -1.284871 0.161788 1.076093
v -0.996773 0.000386 1.110503
v -0.950897 0.633910 1.074030
v -1.013915 0.417572 1.109158
v -0.937515 0.866763 1.094639
v -1.102427 0.268221 1.203943
v -1.127550 0.000386 1.267155
v -0.964177 0.178203 1.071060
v -0.851830 0.386800 0.944263
v -0.935482 0.288256 1.025548
v -0.781064 0.452151 0.891374
v -0.956629 0.202767 1.061136
v -1.060849 0.000386 1.186056
v -0.980812 0.049992 1.092782
v -1.126053 0.225373 1.243719
v -0.969575 0.119665 1.081064
v -1.251042 0.000386 1.144424
v -1.055960 0.178203 0.979842
v -0.930371 0.386800 0.866207
v -1.010626 0.288256 0.950867
v -0.877409 0.452151 0.795623
v -1.046082 0.202767 0.972233
v -1.095201 0.000386 1.012682
v -1.059523 0.633910 0.966073
v -1.093750 0.417572 1.029815
v -1.084980 0.866737 0.947958
v -1.187986 0.268221 1.118911
v -1.170356 0.000386 1.077223
v -1.077579 0.049992 0.996611
v -1.227615 0.225373 1.142782
v -1.065930 0.119665 0.985302
v -1.034273 0.000386 1.285648
v -1.039145 0.561991 0.875231
v -1.101884 0.375743 0.963359
v -1.029310 0.607553 0.833961
v -1.183160 0.249916 1.021985
v -1.152449 0.000386 1.168715
v -1.270110 0.000386 1.051263
v -0.860183 0.561991 1.053091
v -0.947410 0.375743 1.116882
v -0.816633 0.607036 1.043288
v -1.005533 0.249916 1.198518
v -1.024690 0.078928 1.274618
v -1.259140 0.078928 1.041612
v -1.212629 0.206776 1.035449
v -1.018815 0.206776 1.228070
v -1.021422 0.152972 1.259027
v -1.243569 0.152972 1.038248
v -1.094200 0.000386 1.226605
v -1.210699 0.000386 1.110824
v -1.187547 0.000386 1.001896
v -0.953085 0.193279 1.161688
v -0.829528 0.450427 1.013945
v -0.918572 0.326632 1.090242
v -0.772260 0.520150 1.005626
v -0.946019 0.225517 1.146222
v -0.985417 0.000386 1.202781
v -1.146654 0.193279 0.969311
v -1.000189 0.450427 0.844335
v -1.075423 0.326632 0.934357
v -0.982274 0.520150 0.796905
v -1.131232 0.225517 0.962149
v -1.077328 0.000386 1.093127
v -1.175552 0.066510 0.984350
v -0.967945 0.066510 1.190678
v -1.162711 0.135690 0.974769
v -0.958444 0.135690 1.177778
v -1.028811 0.000386 1.148280
v -1.132778 0.000386 1.044953
v 1.065805 0.000386 -1.328520
v 0.978284 0.000386 -1.162741
v 1.312787 0.000386 -1.083059
v 1.147552 0.000386 -0.994516
v 0.945738 0.187238 -1.125651
v 1.110664 0.187238 -0.961741
v 0.890899 0.604705 -1.069468
v 0.830525 0.404212 -0.984363
v 0.970601 0.404212 -0.845149
v 1.055333 0.604705 -0.906048
v 0.918343 0.305447 -1.065697
v 1.050880 0.305447 -0.933977
v 1.110212 0.401264 -0.986818
v 0.970818 0.401264 -1.125354
v 0.879095 0.776871 -1.099731
v 0.754089 0.462061 -0.941287
v 0.927487 0.462061 -0.768957
v 1.088438 0.776871 -0.891677
v 0.939573 0.216957 -1.114192
v 1.099243 0.216957 -0.955506
v 1.198021 0.262157 -1.065156
v 1.048611 0.262157 -1.213645
v 1.039053 0.000386 -1.054615
v 1.189296 0.000386 -1.205789
v 1.187111 0.233243 -1.203591
v 1.006001 0.173981 -1.021359
v 1.024030 0.644926 -1.030018
v 0.888408 0.380507 -0.902526
v 0.969715 0.283673 -0.984847
v 1.057045 0.425537 -1.072719
v 1.027661 0.916813 -1.031204
v 0.827284 0.447569 -0.841535
v 1.153202 0.271010 -1.169472
v 0.996468 0.196203 -1.011767
v 1.297867 0.248088 -1.315034
v 1.364922 0.195101 -1.382504
v 1.397718 0.104453 -1.415503
v 1.337506 0.000386 -1.354918
v 1.376375 0.035514 -1.394028
v 1.006096 0.000386 -1.240472
v 1.225109 0.000386 -1.022807
v 1.178294 0.200140 -0.996206
v 0.979785 0.200140 -1.193493
v 1.022605 0.508394 -0.856874
v 0.841928 0.508394 -1.036438
v 0.931941 0.352495 -1.106436
v 1.091534 0.352495 -0.947825
v 1.005790 0.555829 -0.812326
v 0.792005 0.555187 -1.021803
v 1.158278 0.236683 -0.987738
v 0.971441 0.236683 -1.173425
v 1.115602 0.000386 -1.131639
v 0.960041 0.061062 -1.151125
v 1.136048 0.061062 -0.976201
v 1.303212 0.082765 -1.076142
v 1.058947 0.082765 -1.318902
v 1.024624 0.045271 -1.040097
v 0.995138 0.074922 -1.226984
v 1.211690 0.074922 -1.011766
v 1.339909 0.241748 -1.255880
v 1.248243 0.211964 -1.081662
v 1.353296 0.216391 -1.194202
v 1.429700 0.084867 -1.173894
v 1.442959 0.100912 -1.350919
v 1.461402 0.093487 -1.264480
v 1.414459 0.133650 -1.170888
v 1.409229 0.187287 -1.322986
v 1.436650 0.164787 -1.252631
v 1.155916 0.084867 -1.445993
v 1.332856 0.100912 -1.460344
v 1.246304 0.093487 -1.478253
v 1.064807 0.211964 -1.263969
v 1.238455 0.241748 -1.356709
v 1.176695 0.216391 -1.369715
v 1.153005 0.133650 -1.430732
v 1.305131 0.187287 -1.426443
v 1.234609 0.164787 -1.453429
v 1.381230 0.000386 -1.135279
v 1.383154 0.000386 -1.288601
v 1.395443 0.000386 -1.222438
v 1.420336 0.032497 -1.323192
v 1.409355 0.020108 -1.154770
v 1.437864 0.027138 -1.246414
v 1.270908 0.000386 -1.400156
v 1.117601 0.000386 -1.397284
v 1.204671 0.000386 -1.412035
v 1.136918 0.020108 -1.425529
v 1.305269 0.032497 -1.437550
v 1.228384 0.027138 -1.454604
v 1.108006 0.084394 -1.389452
v 1.115304 0.182360 -1.357419
v 1.373457 0.084394 -1.125636
v 1.341380 0.182360 -1.132735
v 0.948104 0.129095 -1.138107
v 1.123105 0.129095 -0.964184
v 1.014441 0.114028 -1.029851
v 0.988221 0.143215 -1.213895
v 1.198643 0.143215 -1.004769
v 1.059011 0.161788 -1.300562
v 1.284871 0.161788 -1.076093
v 0.996773 0.000386 -1.110503
v 0.950897 0.633910 -1.074030
v 1.013915 0.417572 -1.109158
v 0.937515 0.866763 -1.094639
v 1.102427 0.268221 -1.203943
v 1.127550 0.000386 -1.267155
v 0.964177 0.178203 -1.071060
v 0.851830 0.386800 -0.944263
v 0.935482 0.288256 -1.025548
v 0.781064 0.452151 -0.891374
v 0.956629 0.202767 -1.061136
v 1.060849 0.000386 -1.186056
v 0.980812 0.049992 -1.092782
v 1.126053 0.225373 -1.243719
v 0.969575 0.119665 -1.081064
v 1.251042 0.000386 -1.144424
v 1.055960 0.178203 -0.979842
v 0.930371 0.386800 -0.866207
v 1.010626 0.288256 -0.950867
v 0.877409 0.452151 -0.795623
v 1.046082 0.202767 -0.972233
v 1.095201 0.000386 -1.012682
v 1.059523 0.633910 -0.966073
v 1.093750 0.417572 -1.029815
v 1.084980 0.866737 -0.947958
v 1.187986 0.268221 -1.118911
v 1.170356 0.000386 -1.077223
v 1.077579 0.049992 -0.996611
v 1.227615 0.225373 -1.142782
v 1.065930 0.119665 -0.985302
v 1.034273 0.000386 -1.285648
v 1.039145 0.561991 -0.875231
v 1.101884 0.375743 -0.963359
v 1.029310 0.607553 -0.833961
v 1.183160 0.249916 -1.021985
v 1.152449 0.000386 -1.168715
v 1.270110 0.000386 -1.051263
v 0.860183 0.561991 -1.053091
v 0.947410 0.375743 -1.116882
v 0.816633 0.607036 -1.043288
v 1.005533 0.249916 -1.198518
v 1.024690 0.078928 -1.274618
v 1.259140 0.078928 -1.041612
v 1.212629 0.206776 -1.035449
v 1.018815 0.206776 -1.228070
v 1.021422 0.152972 -1.259027
v 1.243569 0.152972 -1.038248
v 1.094200 0.000386 -1.226605
v 1.210699 0.000386 -1.110824
v 1.187547 0.000386 -1.001896
v 0.953085 0.193279 -1.161688
v 0.829528 0.450427 -1.013945
v 0.918572 0.326632 -1.090242
v 0.772260 0.520150 -1.005626
v 0.946019 0.225517 -1.146222
v 0.985417 0.000386 -1.202781
v 1.146654 0.193279 -0.969311
v 1.000189 0.450427 -0.844335
v 1.075423 0.326632 -0.934357
v 0.982274 0.520150 -0.796905
v 1.131232 0.225517 -0.962149
v 1.077328 0.000386 -1.093127
v 1.175552 0.066510 -0.984350
v 0.967945 0.066510 -1.190678
v 1.162711 0.135690 -0.974769
v 0.958444 0.135690 -1.177778
v 1.028811 0.000386 -1.148280
v 1.132778 0.000386 -1.044953
v -1.065805 0.000386 -1.328520
v -0.978284 0.000386 -1.162741
v -1.312787 0.000386 -1.083059
v -1.147552 0.000386 -0.994516
v -0.945738 0.187238 -1.125651
v -1.110664 0.187238 -0.961741
v -0.890899 0.604705 -1.069468
v -0.830525 0.404212 -0.984363
v -0.970601 0.404212 -0.845149
v -1.055333 0.604705 -0.906048
v -0.918343 0.305447 -1.065697
v -1.050880 0.305447 -0.933977
v -1.110212 0.401264 -0.986818
v -0.970818 0.401264 -1.125354
v -0.879095 0.776871 -1.099731
v -0.754089 0.462061 -0.941287
v -0.927487 0.462061 -0.768957
v -1.088438 0.776871 -0.891677
v -0.939573 0.216957 -1.114192
v -1.099243 0.216957 -0.955506
v -1.198021 0.262157 -1.065156
v -1.048611 0.262157 -1.213645
v -1.039053 0.000386 -1.054615
v -1.189296 0.000386 -1.205789
v -1.187111 0.233243 -1.203591
v -1.006001 0.173981 -1.021359
v -1.024030 0.644926 -1.030018
v -0.888408 0.380507 -0.902526
v -0.969715 0.283673 -0.984847
v -1.057045 0.425537 -1.072719
v -1.027661 0.916813 -1.031204
v -0.827284 0.447569 -0.841535
v -1.153202 0.271010 -1.169472
v -0.996468 0.196203 -1.011767
v -1.297867 0.248088 -1.315034
v -1.364922 0.195101 -1.382504
v -1.397718 0.104453 -1.415503
v -1.337506 0.000386 -1.354918
v -1.376375 0.035514 -1.394028
v -1.006096 0.000386 -1.240472
v -1.225109 0.000386 -1.022807
v -1.178294 0.200140 -0.996206
v -0.979785 0.200140 -1.193493
v -1.022605 0.508394 -0.856874
v -0.841928 0.508394 -1.036438
v -0.931941 0.352495 -1.106436
v -1.091534 0.352495 -0.947825
v -1.005790 0.555829 -0.812326
v -0.792005 0.555187 -1.021803
v -1.158278 0.236683 -0.987738
v -0.971441 0.236683 -1.173425
v -1.115602 0.000386 -1.131639
v -0.960041 0.061062 -1.151125
v -1.136048 0.061062 -0.976201
v -1.303212 0.082765 -1.076142
v -1.058947 0.082765 -1.318902
v -1.024624 0.045271 -1.040097
v -0.995138 0.074922 -1.226984
v -1.211690 0.074922 -1.011766
v -1.339909 0.241748 -1.255880
v -1.248243 0.211964 -1.081662
v -1.353296 0.216391 -1.194202
v -1.429700 0.084867 -1.173894
v -1.442959 0.100912 -1.350919
v -1.461402 0.093487 -1.264480
v -1.414459 0.133650 -1.170888
v -1.409229 0.187287 -1.322986
v -1.436650 0.164787 -1.252631
v -1.155916 0.084867 -1.445993
v -1.332856 0.100912 -1.460344
v -1.246304 0.093487 -1.478253
v -1.064807 0.211964 -1.263969
v -1.238455 0.241748 -1.356709
v -1.176695 0.216391 -1.369715
v -1.153005 0.133650 -1.430732
v -1.305131 0.187287 -1.426443
v -1.234609 0.164787 -1.453429
v -1.381230 0.000386 -1.135279
v -1.383154 0.000386 -1.288601
v -1.395443 0.000386 -1.222438
v -1.420336 0.032497 -1.323192
v -1.409355 0.020108 -1.154770
v -1.437864 0.027138 -1.246414
v -1.270908 0.000386 -1.400156
v -1.117601 0.000386 -1.397284
v -1.204671 0.000386 -1.412035
v -1.136918 0.020108 -1.425529
v -1.305269 0.032497 -1.437550
v -1.228384 0.027138 -1.454604
v -1.108006 0.084394 -1.389452
v -1.115304 0.182360 -1.357419
v -1.373457 0.084394 -1.125636
v -1.341380 0.182360 -1.132735
v -0.948104 0.129095 -1.138107
v -1.123105 0.129095 -0.964184
v -1.014441 0.114028 -1.029851
v -0.988221 0.143215 -1.213895
v -1.198643 0.143215 -1.004769
v -1.059011 0.161788 -1.300562
v -1.284871 0.161788 -1.076093
v -0.996773 0.000386 -1.110503
v -0.950897 0.633910 -1.074030
v -1.013915 0.417572 -1.109158
v -0.937515 0.866763 -1.094639
v -1.102427 0.268221 -1.203943
v -1.127550 0.000386 -1.267155
v -0.964177 0.178203 -1.071060
v -0.851830 0.386800 -0.944263
v -0.935482 0.288256 -1.025548
v -0.781064 0.452151 -0.891374
v -0.956629 0.202767 -1.061136
v -1.060849 0.000386 -1.186056
v -0.980812 0.049992 -1.092782
v -1.126053 0.225373 -1.243719
v -0.969575 0.119665 -1.081064
v -1.251042 0.000386 -1.144424
v -1.055960 0.178203 -0.979842
v -0.930371 0.386800 -0.866207
v -1.010626 0.288256 -0.950867
v -0.877409 0.452151 -0.795623
v -1.046082 0.202767 -0.972233
v -1.095201 0.000386 -1.012682
v -1.059523 0.633910 -0.966073
v -1.093750 0.417572 -1.029815
v -1.084980 0.866737 -0.947958
v -1.187986 0.268221 -1.118911
v -1.170356 0.000386 -1.077223
v -1.077579 0.049992 -0.996611
v -1.227615 0.225373 -1.142782
v -1.065930 0.119665 -0.985302
v -1.034273 0.000386 -1.285648
v -1.039145 0.561991 -0.875231
v -1.101884 0.375743 -0.963359
v -1.029310 0.607553 -0.833961
v -1.183160 0.249916 -1.021985
v -1.152449 0.000386 -1.168715
v -1.270110 0.000386 -1.051263
v -0.860183 0.561991 -1.053091
v -0.947410 0.375743 -1.116882
v -0.816633 0.607036 -1.043288
v -1.005533 0.249916 -1.198518
v -1.024690 0.078928 -1.274618
v -1.259140 0.078928 -1.041612
v -1.212629 0.206776 -1.035449
v -1.018815 0.206776 -1.228070
v -1.021422 0.152972 -1.259027
v -1.243569 0.152972 -1.038248
v -1.094200 0.000386 -1.226605
v -1.210699 0.000386 -1.110824
v -1.187547 0.000386 -1.001896
v -0.953085 0.193279 -1.161688
v -0.829528 0.450427 -1.013945
v -0.918572 0.326632 -1.090242
v -0.772260 0.520150 -1.005626
v -0.946019 0.225517 -1.146222
v -0.985417 0.000386 -1.202781
v -1.146654 0.193279 -0.969311
v -1.000189 0.450427 -0.844335
v -1.075423 0.326632 -0.934357
v -0.982274 0.520150 -0.796905
v -1.131232 0.225517 -0.962149
v -1.077328 0.000386 -1.093127
v -1.175552 0.066510 -0.984350
v -0.967945 0.066510 -1.190678
v -1.162711 0.135690 -0.974769
v -0.958444 0.135690 -1.177778
v -1.028811 0.000386 -1.148280
v -1.132778 0.000386 -1.044953
vn -0.5226 -0.7603 0.3858
vn -0.6078 -0.7939 -0.0162
vn 0.3891 -0.7603 -0.5202
vn -0.0124 -0.7939 -0.6079
vn -0.9893 -0.1451 -0.0170
vn -0.0109 -0.1451 -0.9894
vn -0.1894 -0.0202 0.9817
vn -0.7599 -0.6133 0.2153
vn 0.2282 -0.5988 -0.7677
vn 0.9818 -0.0297 -0.1876
vn -0.9139 -0.3963 0.0884
vn 0.0948 -0.3975 -0.9127
vn 0.9291 0.2947 -0.2232
vn -0.2300 0.2959 0.9271
vn 0.0636 -0.1250 0.9901
vn -0.6862 -0.6665 0.2914
vn 0.3120 -0.6293 -0.7118
vn 0.9876 -0.1403 0.0704
vn -0.9727 -0.2320 -0.0058
vn 0.0002 -0.2320 -0.9727
vn 0.8119 0.5504 -0.1945
vn -0.1995 0.5504 0.8107
vn -0.3770 -0.8450 -0.3793
vn -0.0000 -1.0000 -0.0000
vn 0.1726 0.9696 0.1737
vn -0.6640 -0.3357 -0.6681
vn 0.7096 0.1062 0.6966
vn -0.4389 -0.7824 -0.4419
vn -0.5626 -0.6027 -0.5659
vn 0.6264 0.4650 0.6256
vn 0.7109 -0.0282 0.7027
vn -0.4241 -0.7989 -0.4265
vn 0.4901 0.7187 0.4932
vn -0.6313 -0.4451 -0.6352
vn 0.1575 0.9747 0.1584
vn 0.5012 0.7032 0.5043
vn 0.7046 0.0305 0.7090
vn 0.2121 -0.9537 0.2134
vn 0.5365 -0.6487 0.5398
vn -0.5427 -0.7653 0.3461
vn 0.3494 -0.7653 -0.5405
vn 0.6586 0.1890 -0.7284
vn -0.7325 0.1890 0.6540
vn 0.7999 -0.1201 -0.5881
vn -0.5350 -0.1205 0.8362
vn -0.6980 0.0462 0.7146
vn 0.7202 0.0452 -0.6923
vn 0.8468 -0.1842 -0.4990
vn -0.4091 -0.1864 0.8933
vn 0.6794 0.1785 -0.7118
vn -0.7159 0.1785 0.6750
vn -0.9723 -0.2306 -0.0395
vn -0.0335 -0.2306 -0.9725
vn 0.6121 0.0797 -0.7867
vn -0.7905 0.0797 0.6073
vn -0.6665 -0.3258 -0.6706
vn -0.8263 -0.0043 0.5632
vn 0.5683 -0.0043 -0.8228
vn 0.3290 0.9428 -0.0531
vn 0.6082 0.6652 -0.4332
vn 0.4767 0.8232 -0.3084
vn 0.8423 0.0421 -0.5374
vn 0.9100 0.0126 0.4144
vn 0.9998 0.0007 -0.0206
vn 0.7397 0.3676 -0.5637
vn 0.7091 0.6680 0.2256
vn 0.8280 0.5438 -0.1368
vn -0.5426 0.0421 0.8389
vn 0.4088 0.0126 0.9125
vn -0.0268 0.0007 0.9996
vn -0.4369 0.6652 0.6055
vn -0.0551 0.9428 0.3287
vn -0.3114 0.8232 0.4748
vn -0.5682 0.3676 0.7362
vn 0.2212 0.6680 0.7105
vn -0.1419 0.5438 0.8271
vn 0.4569 -0.7664 -0.4514
vn 0.2793 -0.9526 0.1205
vn 0.3191 -0.9477 -0.0085
vn 0.6944 -0.6475 0.3139
vn 0.7704 -0.4270 -0.4735
vn 0.8043 -0.5941 -0.0117
vn 0.1188 -0.9526 0.2800
vn -0.4543 -0.7664 0.4541
vn -0.0104 -0.9477 0.3190
vn -0.4782 -0.4270 0.7675
vn 0.3096 -0.6475 0.6964
vn -0.0167 -0.5941 0.8042
vn -0.7910 0.1001 0.6036
vn -0.6226 0.5097 0.5938
vn 0.6085 0.1001 -0.7873
vn 0.5976 0.5097 -0.6189
vn -0.9926 -0.1158 -0.0379
vn -0.0317 -0.1158 -0.9928
vn -0.6903 -0.2025 -0.6946
vn -0.7874 0.1019 0.6079
vn 0.6128 0.1019 -0.7837
vn -0.7366 0.3077 0.6022
vn 0.6068 0.3077 -0.7329
vn -0.4927 -0.8345 -0.2467
vn 0.3129 0.0688 0.9473
vn 0.2664 0.4471 0.8539
vn 0.4674 -0.0465 0.8828
vn 0.2261 0.6882 0.6893
vn -0.8540 -0.2852 -0.4351
vn -0.6013 -0.7679 -0.2210
vn -0.7632 -0.5656 -0.3125
vn -0.5588 -0.8011 -0.2143
vn -0.8333 -0.3908 -0.3910
vn -0.8377 -0.3066 -0.4520
vn -0.0288 0.9273 0.3733
vn -0.8601 -0.1880 -0.4742
vn -0.4298 -0.2852 -0.8567
vn -0.2168 -0.7678 -0.6029
vn -0.3076 -0.5662 -0.7647
vn -0.2123 -0.8002 -0.5609
vn -0.3859 -0.3908 -0.8357
vn -0.2437 -0.8345 -0.4942
vn 0.9485 0.0606 0.3109
vn 0.8547 0.4443 0.2684
vn 0.8876 -0.0540 0.4574
vn 0.6879 0.6882 0.2304
vn -0.4468 -0.3066 -0.8404
vn 0.3735 0.9273 -0.0265
vn -0.4689 -0.1880 -0.8630
vn -0.5390 -0.7547 0.3740
vn 0.8847 -0.0750 -0.4602
vn 0.8222 0.1337 -0.5532
vn 0.9083 -0.1781 -0.3784
vn 0.7642 0.3062 -0.5677
vn 0.3773 -0.7547 -0.5367
vn -0.4446 -0.0718 0.8928
vn -0.5596 0.1347 0.8178
vn -0.3561 -0.1695 0.9190
vn -0.5724 0.3062 0.7607
vn -0.8139 0.0363 0.5799
vn 0.5849 0.0362 -0.8103
vn 0.6869 0.3539 -0.6347
vn -0.6389 0.3539 0.6830
vn -0.7558 0.2161 0.6181
vn 0.6227 0.2161 -0.7520
vn 0.2645 -0.7676 -0.5838
vn -0.8918 0.0446 0.4501
vn -0.6916 -0.2919 0.6607
vn -0.8503 -0.1208 0.5122
vn -0.5211 -0.3069 0.7964
vn -0.9019 0.0031 0.4320
vn -0.5854 -0.7676 0.2609
vn 0.4556 0.0446 -0.8890
vn 0.6576 -0.2530 -0.7096
vn 0.5189 -0.1219 -0.8461
vn 0.7413 -0.2665 -0.6160
vn 0.4375 0.0031 -0.8992
vn 0.4120 -0.1001 -0.9057
vn -0.9082 -0.1001 0.4064
vn 0.4465 0.0042 -0.8948
vn -0.8975 0.0042 0.4410
vn 0.5226 -0.7603 0.3858
vn 0.6078 -0.7939 -0.0162
vn -0.3891 -0.7603 -0.5202
vn 0.0124 -0.7939 -0.6079
vn 0.9893 -0.1451 -0.0170
vn 0.0109 -0.1451 -0.9894
vn 0.1894 -0.0202 0.9817
vn 0.7599 -0.6133 0.2153
vn -0.2282 -0.5988 -0.7677
vn -0.9818 -0.0297 -0.1876
vn 0.9139 -0.3963 0.0884
vn -0.0948 -0.3975 -0.9127
vn -0.9291 0.2947 -0.2232
vn 0.2300 0.2959 0.9271
vn -0.0636 -0.1250 0.9901
vn 0.6862 -0.6665 0.2914
vn -0.3120 -0.6293 -0.7118
vn -0.9876 -0.1403 0.0704
vn 0.9727 -0.2320 -0.0058
vn -0.0002 -0.2320 -0.9727
vn -0.8119 0.5504 -0.1945
vn 0.1995 0.5504 0.8107
vn 0.3770 -0.8450 -0.3793
vn -0.1726 0.9696 0.1737
vn 0.6640 -0.3357 -0.6681
vn -0.7096 0.1062 0.6966
vn 0.4389 -0.7824 -0.4419
vn 0.5626 -0.6027 -0.5659
vn -0.6264 0.4650 0.6256
vn -0.7109 -0.0282 0.7027
vn 0.4241 -0.7989 -0.4265
vn -0.4901 0.7187 0.4932
vn 0.6313 -0.4451 -0.6352
vn -0.1575 0.9747 0.1584
vn -0.5012 0.7032 0.5043
vn -0.7046 0.0305 0.7090
vn -0.2121 -0.9537 0.2134
vn -0.5365 -0.6487 0.5398
vn 0.5427 -0.7653 0.3461
vn -0.3494 -0.7653 -0.5405
vn -0.6586 0.1890 -0.7284
vn 0.7325 0.1890 0.6540
vn -0.7999 -0.1201 -0.5881
vn 0.5350 -0.1205 0.8362
vn 0.6980 0.0462 0.7146
vn -0.7202 0.0452 -0.6923
vn -0.8468 -0.1842 -0.4990
vn 0.4091 -0.1864 0.8933
vn -0.6794 0.1785 -0.7118
vn 0.7159 0.1785 0.6750
vn 0.9723 -0.2306 -0.0395
vn 0.0335 -0.2306 -0.9725
vn -0.6121 0.0797 -0.7867
vn 0.7905 0.0797 0.6073
vn 0.6665 -0.3258 -0.6706
vn 0.8263 -0.0043 0.5632
vn -0.5683 -0.0043 -0.8228
vn -0.3290 0.9428 -0.0531
vn -0.6082 0.6652 -0.4332
vn -0.4767 0.8232 -0.3084
vn -0.8423 0.0421 -0.5374
vn -0.9100 0.0126 0.4144
vn -0.9998 0.0007 -0.0206
vn -0.7397 0.3676 -0.5637
vn -0.7091 0.6680 0.2256
vn -0.8280 0.5438 -0.1368
vn 0.5426 0.0421 0.8389
vn -0.4088 0.0126 0.9125
vn 0.0268 0.0007 0.9996
vn 0.4369 0.6652 0.6055
vn 0.0551 0.9428 0.3287
vn 0.3114 0.8232 0.4748
vn 0.5682 0.3676 0.7362
vn -0.2212 0.6680 0.7105
vn 0.1419 0.5438 0.8271
vn -0.4569 -0.7664 -0.4514
vn -0.2793 -0.9526 0.1205
vn -0.3191 -0.9477 -0.0085
vn -0.6944 -0.6475 0.3139
vn -0.7704 -0.4270 -0.4735
vn -0.8043 -0.5941 -0.0117
vn -0.1188 -0.9526 0.2800
vn 0.4543 -0.7664 0.4541
vn 0.0104 -0.9477 0.3190
vn 0.4782 -0.4270 0.7675
vn -0.3096 -0.6475 0.6964
vn 0.0167 -0.5941 0.8042
vn 0.7910 0.1001 0.6036
vn 0.6226 0.5097 0.5938
vn -0.6085 0.1001 -0.7873
vn -0.5976 0.5097 -0.6189
vn 0.9926 -0.1158 -0.0379
vn 0.0317 -0.1158 -0.9928
vn 0.6903 -0.2025 -0.6946
vn 0.7874 0.1019 0.6079
vn -0.6128 0.1019 -0.7837
vn 0.7366 0.3077 0.6022
vn -0.6068 0.3077 -0.7329
vn 0.4927 -0.8345 -0.2467
vn -0.3129 0.0688 0.9473
vn -0.2664 0.4471 0.8539
vn -0.4674 -0.0465 0.8828
vn -0.2261 0.6882 0.6893
vn 0.8540 -0.2852 -0.4351
vn 0.6013 -0.7679 -0.2210
vn 0.7632 -0.5656 -0.3125
vn 0.5588 -0.8011 -0.2143
vn 0.8333 -0.3908 -0.3910
vn 0.8377 -0.3066 -0.4520
vn 0.0288 0.9273 0.3733
vn 0.8601 -0.1880 -0.4742
vn 0.4298 -0.2852 -0.8567
vn 0.2168 -0.7678 -0.6029
vn 0.3076 -0.5662 -0.7647
vn 0.2123 -0.8002 -0.5609
vn 0.3859 -0.3908 -0.8357
vn 0.2437 -0.8345 -0.4942
vn -0.9485 0.0606 0.3109
vn -0.8547 0.4443 0.2684
vn -0.8876 -0.0540 0.4574
vn -0.6879 0.6882 0.2304
vn 0.4468 -0.3066 -0.8404
vn -0.3735 0.9273 -0.0265
vn 0.4689 -0.1880 -0.8630
vn 0.5390 -0.7547 0.3740
vn -0.8847 -0.0750 -0.4602
vn -0.8222 0.1337 -0.5532
vn -0.9083 -0.1781 -0.3784
vn -0.7642 0.3062 -0.5677
vn -0.3773 -0.7547 -0.5367
vn 0.4446 -0.0718 0.8928
vn 0.5596 0.1347 0.8178
vn 0.3561 -0.1695 0.9190
vn 0.5724 0.3062 0.7607
vn 0.8139 0.0362 0.5799
vn -0.5849 0.0362 -0.8103
vn -0.6869 0.3539 -0.6347
vn 0.6389 0.3539 0.6830
vn 0.7558 0.2161 0.6181
vn -0.6227 0.2161 -0.7520
vn -0.2645 -0.7676 -0.5838
vn 0.8918 0.0446 0.4501
vn 0.6916 -0.2919 0.6607
vn 0.8503 -0.1208 0.5122
vn 0.5211 -0.3069 0.7964
vn 0.9019 0.0031 0.4320
vn 0.5854 -0.7676 0.2609
vn -0.4556 0.0446 -0.8890
vn -0.6576 -0.2530 -0.7096
vn -0.5189 -0.1219 -0.8461
vn -0.7413 -0.2665 -0.6160
vn -0.4375 0.0031 -0.8992
vn -0.4120 -0.1001 -0.9057
vn 0.9082 -0.1001 0.4064
vn -0.4465 0.0042 -0.8948
vn 0.8975 0.0042 0.4410
vn -0.5226 -0.7603 -0.3858
vn -0.6078 -0.7939 0.0162
vn 0.3891 -0.7603 0.5202
vn -0.0124 -0.7939 0.6079
vn -0.9893 -0.1451 0.0170
vn -0.0109 -0.1451 0.9894
vn -0.1894 -0.0202 -0.9817
vn -0.7599 -0.6133 -0.2153
vn 0.2282 -0.5988 0.7677
vn 0.9818 -0.0297 0.1876
vn -0.9139 -0.3963 -0.0884
vn 0.0948 -0.3975 0.9127
vn 0.9291 0.2947 0.2232
vn -0.2300 0.2959 -0.9271
vn 0.0636 -0.1250 -0.9901
vn -0.6862 -0.6665 -0.2914
vn 0.3120 -0.6293 0.7118
vn 0.9876 -0.1403 -0.0704
vn -0.9727 -0.2320 0.0058
vn 0.0002 -0.2320 0.9727
vn 0.8119 0.5504 0.1945
vn -0.1995 0.5504 -0.8107
vn -0.3770 -0.8450 0.3793
vn 0.1726 0.9696 -0.1737
vn -0.6640 -0.3357 0.6681
vn 0.7096 0.1062 -0.6966
vn -0.4389 -0.7824 0.4419
vn -0.5626 -0.6027 0.5659
vn 0.6264 0.4650 -0.6256
vn 0.7109 -0.0282 -0.7027
vn -0.4241 -0.7989 0.4265
vn 0.4901 0.7187 -0.4932
vn -0.6313 -0.4451 0.6352
vn 0.1575 0.9747 -0.1584
vn 0.5012 0.7032 -0.5043
vn 0.7046 0.0305 -0.7090
vn 0.2121 -0.9537 -0.2134
vn 0.5365 -0.6487 -0.5398
vn -0.5427 -0.7653 -0.3461
vn 0.3494 -0.7653 0.5405
vn 0.6586 0.1890 0.7284
vn -0.7325 0.1890 -0.6540
vn 0.7999 -0.1201 0.5881
vn -0.5350 -0.1205 -0.8362
vn -0.6980 0.0462 -0.7146
vn 0.7202 0.0452 0.6923
vn 0.8468 -0.1842 0.4990
vn -0.4091 -0.1864 -0.8933
vn 0.6794 0.1785 0.7118
vn -0.7159 0.1785 -0.6750
vn -0.9723 -0.2306 0.0395
vn -0.0335 -0.2306 0.9725
vn 0.6121 0.0797 0.7867
vn -0.7905 0.0797 -0.6073
vn -0.6665 -0.3258 0.6706
vn -0.8263 -0.0043 -0.5632
vn 0.5683 -0.0043 0.8228
vn 0.3290 0.9428 0.0531
vn 0.6082 0.6652 0.4332
vn 0.4767 0.8232 0.3084
vn 0.8423 0.0421 0.5374
vn 0.9100 0.0126 -0.4144
vn 0.9998 0.0007 0.0206
vn 0.7397 0.3676 0.5637
vn 0.7091 0.6680 -0.2256
vn 0.8280 0.5438 0.1368
vn -0.5426 0.0421 -0.8389
vn 0.4088 0.0126 -0.9125
vn -0.0268 0.0007 -0.9996
vn -0.4369 0.6652 -0.6055
vn -0.0551 0.9428 -0.3287
vn -0.3114 0.8232 -0.4748
vn -0.5682 0.3676 -0.7362
vn 0.2212 0.6680 -0.7105
vn -0.1419 0.5438 -0.8271
vn 0.4569 -0.7664 0.4514
vn 0.2793 -0.9526 -0.1205
vn 0.3191 -0.9477 0.0085
vn 0.6944 -0.6475 -0.3139
vn 0.7704 -0.4270 0.4735
vn 0.8043 -0.5941 0.0117
vn 0.1188 -0.9526 -0.2800
vn -0.4543 -0.7664 -0.4541
vn -0.0104 -0.9477 -0.3190
vn -0.4782 -0.4270 -0.7675
vn 0.3096 -0.6475 -0.6964
vn -0.0167 -0.5941 -0.8042
vn -0.7910 0.1001 -0.6036
vn -0.6226 0.5097 -0.5938
vn 0.6085 0.1001 0.7873
vn 0.5976 0.5097 0.6189
vn -0.9926 -0.1158 0.0379
vn -0.0317 -0.1158 0.9928
vn -0.6903 -0.2025 0.6946
vn -0.7874 0.1019 -0.6079
vn 0.6128 0.1019 0.7837
vn -0.7366 0.3077 -0.6022
vn 0.6068 0.3077 0.7329
vn -0.4927 -0.8345 0.2467
vn 0.3129 0.0688 -0.9473
vn 0.2664 0.4471 -0.8539
vn 0.4674 -0.0465 -0.8828
vn 0.2261 0.6882 -0.6893
vn -0.8540 -0.2852 0.4351
vn -0.6013 -0.7679 0.2210
vn -0.7632 -0.5656 0.3125
vn -0.5588 -0.8011 0.2143
vn -0.8333 -0.3908 0.3910
vn -0.8377 -0.3066 0.4520
vn -0.0288 0.9273 -0.3733
vn -0.8601 -0.1880 0.4742
vn -0.4298 -0.2852 0.8567
vn -0.2168 -0.7678 0.6029
vn -0.3076 -0.5662 0.7647
vn -0.2123 -0.8002 0.5609
vn -0.3859 -0.3908 0.8357
vn -0.2437 -0.8345 0.4942
vn 0.9485 0.0606 -0.3109
vn 0.8547 0.4443 -0.2684
vn 0.8876 -0.0540 -0.4574
vn 0.6879 0.6882 -0.2304
vn -0.4468 -0.3066 0.8404
vn 0.3735 0.9273 0.0265
vn -0.4689 -0.1880 0.8630
vn -0.5390 -0.7547 -0.3740
vn 0.8847 -0.0750 0.4602
vn 0.8222 0.1337 0.5532
vn 0.9083 -0.1781 0.3784
vn 0.7642 0.3062 0.5677
vn 0.3773 -0.7547 0.5367
vn -0.4446 -0.0718 -0.8928
vn -0.5596 0.1347 -0.8178
vn -0.3561 -0.1695 -0.9190
vn -0.5724 0.3062 -0.7607
vn -0.8139 0.0362 -0.5799
vn 0.5849 0.0362 0.8103
vn 0.6869 0.3539 0.6347
vn -0.6389 0.3539 -0.6830
vn -0.7558 0.2161 -0.6181
vn 0.6227 0.2161 0.7520
vn 0.2645 -0.7676 0.5838
vn -0.8918 0.0446 -0.4501
vn -0.6916 -0.2919 -0.6607
vn -0.8503 -0.1208 -0.5122
vn -0.5211 -0.3069 -0.7964
vn -0.9019 0.0031 -0.4320
vn -0.5854 -0.7676 -0.2609
vn 0.4556 0.0446 0.8890
vn 0.6576 -0.2530 0.7096
vn 0.5189 -0.1219 0.8461
vn 0.7413 -0.2665 0.6160
vn 0.4375 0.0031 0.8992
vn 0.4120 -0.1001 0.9057
vn -0.9082 -0.1001 -0.4064
vn 0.4465 0.0042 0.8948
vn -0.8975 0.0042 -0.4410
vn 0.5226 -0.7603 -0.3858
vn 0.6078 -0.7939 0.0162
vn -0.3891 -0.7603 0.5202
vn 0.0124 -0.7939 0.6079
vn 0.9893 -0.1451 0.0170
vn 0.0109 -0.1451 0.9894
vn 0.1894 -0.0202 -0.9817
vn 0.7599 -0.6133 -0.2153
vn -0.2282 -0.5988 0.7677
vn -0.9818 -0.0297 0.1876
vn 0.9139 -0.3963 -0.0884
vn -0.0948 -0.3975 0.9127
vn -0.9291 0.2947 0.2232
vn 0.2300 0.2959 -0.9271
vn -0.0636 -0.1250 -0.9901
vn 0.6862 -0.6665 -0.2914
vn -0.3120 -0.6293 0.7118
vn -0.9876 -0.1403 -0.0704
vn 0.9727 -0.2320 0.0058
vn -0.0002 -0.2320 0.9727
vn -0.8119 0.5504 0.1945
vn 0.1995 0.5504 -0.8107
vn 0.3770 -0.8450 0.3793
vn -0.1726 0.9696 -0.1737
vn 0.6640 -0.3357 0.6681
vn -0.7096 0.1062 -0.6966
vn 0.4389 -0.7824 0.4419
vn 0.5626 -0.6027 0.5659
vn -0.6264 0.4650 -0.6256
vn -0.7109 -0.0282 -0.7027
vn 0.4241 -0.7989 0.4265
vn -0.4901 0.7187 -0.4932
vn 0.6313 -0.4451 0.6352
vn -0.1575 0.9747 -0.1584
vn -0.5012 0.7032 -0.5043
vn -0.7046 0.0305 -0.7090
vn -0.2121 -0.9537 -0.2134
vn -0.5365 -0.6487 -0.5398
vn 0.5427 -0.7653 -0.3461
vn -0.3494 -0.7653 0.5405
vn -0.6586 0.1890 0.7284
vn 0.7325 0.1890 -0.6540
vn -0.7999 -0.1201 0.5881
vn 0.5350 -0.1205 -0.8362
vn 0.6980 0.0462 -0.7146
vn -0.7202 0.0452 0.6923
vn -0.8468 -0.1842 0.4990
vn 0.4091 -0.1864 -0.8933
vn -0.6794 0.1785 0.7118
vn 0.7159 0.1785 -0.6750
vn 0.9723 -0.2306 0.0395
vn 0.0335 -0.2306 0.9725
vn -0.6121 0.0797 0.7867
vn 0.7905 0.0797 -0.6073
vn 0.6665 -0.3258 0.6706
vn 0.8263 -0.0043 -0.5632
vn -0.5683 -0.0043 0.8228
vn -0.3290 0.9428 0.0531
vn -0.6082 0.6652 0.4332
vn -0.4767 0.8232 0.3084
vn -0.8423 0.0421 0.5374
vn -0.9100 0.0126 -0.4144
vn -0.9998 0.0007 0.0206
vn -0.7397 0.3676 0.5637
vn -0.7091 0.6680 -0.2256
vn -0.8280 0.5438 0.1368
vn 0.5426 0.0421 -0.8389
vn -0.4088 0.0126 -0.9125
vn 0.0268 0.0007 -0.9996
vn 0.4369 0.6652 -0.6055
vn 0.0551 0.9428 -0.3287
vn 0.3114 0.8232 -0.4748
vn 0.5682 0.3676 -0.7362
vn -0.2212 0.6680 -0.7105
vn 0.1419 0.5438 -0.8271
vn -0.4569 -0.7664 0.4514
vn -0.2793 -0.9526 -0.1205
vn -0.3191 -0.9477 0.0085
vn -0.6944 -0.6475 -0.3139
vn -0.7704 -0.4270 0.4735
vn -0.8043 -0.5941 0.0117
vn -0.1188 -0.9526 -0.2800
vn 0.4543 -0.7664 -0.4541
vn 0.0104 -0.9477 -0.3190
vn 0.4782 -0.4270 -0.7675
vn -0.3096 -0.6475 -0.6964
vn 0.0167 -0.5941 -0.8042
vn 0.7910 0.1001 -0.6036
vn 0.6226 0.5097 -0.5938
vn -0.6085 0.1001 0.7873
vn -0.5976 0.5097 0.6189
vn 0.9926 -0.1158 0.0379
vn 0.0317 -0.1158 0.9928
vn 0.6903 -0.2025 0.6946
vn 0.7874 0.1019 -0.6079
vn -0.6128 0.1019 0.7837
vn 0.7366 0.3077 -0.6022
vn -0.6068 0.3077 0.7329
vn 0.4927 -0.8345 0.2467
vn -0.3129 0.0688 -0.9473
vn -0.2664 0.4471 -0.8539
vn -0.4674 -0.0465 -0.8828
vn -0.2261 0.6882 -0.6893
vn 0.8540 -0.2852 0.4351
vn 0.6013 -0.7679 0.2210
vn 0.7632 -0.5656 0.3125
vn 0.5588 -0.8011 0.2143
vn 0.8333 -0.3908 0.3910
vn 0.8377 -0.3066 0.4520
vn 0.0288 0.9273 -0.3733
vn 0.8601 -0.1880 0.4742
vn 0.4298 -0.2852 0.8567
vn 0.2168 -0.7678 0.6029
vn 0.3076 -0.5662 0.7647
vn 0.2123 -0.8002 0.5609
vn 0.3859 -0.3908 0.8357
vn 0.2437 -0.8345 0.4942
vn -0.9485 0.0606 -0.3109
vn -0.8547 0.4443 -0.2684
vn -0.8876 -0.0540 -0.4574
vn -0.6879 0.6882 -0.2304
vn 0.4468 -0.3066 0.8404
vn -0.3735 0.9273 0.0265
vn 0.4689 -0.1880 0.8630
vn 0.5390 -0.7547 -0.3740
vn -0.8847 -0.0750 0.4602
vn -0.8222 0.1337 0.5532
vn -0.9083 -0.1781 0.3784
vn -0.7642 0.3062 0.5677
vn -0.3773 -0.7547 0.5367
vn 0.4446 -0.0718 -0.8928
vn 0.5596 0.1347 -0.8178
vn 0.3561 -0.1695 -0.9190
vn 0.5724 0.3062 -0.7607
vn 0.8139 0.0363 -0.5799
vn -0.5849 0.0362 0.8103
vn -0.6869 0.3539 0.6347
vn 0.6389 0.3539 -0.6830
vn 0.7558 0.2161 -0.6181
vn -0.6227 0.2161 0.7520
vn -0.2645 -0.7676 0.5838
vn 0.8918 0.0446 -0.4501
vn 0.6916 -0.2919 -0.6607
vn 0.8503 -0.1208 -0.5122
vn 0.5211 -0.3069 -0.7964
vn 0.9019 0.0031 -0.4320
vn 0.5854 -0.7676 -0.2609
vn -0.4556 0.0446 0.8890
vn -0.6576 -0.2530 0.7096
vn -0.5189 -0.1219 0.8461
vn -0.7413 -0.2665 0.6160
vn -0.4375 0.0031 0.8992
vn -0.4120 -0.1001 0.9057
vn 0.9082 -0.1001 -0.4064
vn -0.4465 0.0042 0.8948
vn 0.8975 0.0042 -0.4410
vt 0.676451 0.851526
vt 0.679416 0.851933
vt 0.679430 0.853827
vt 0.676363 0.853392
vt 0.331956 0.389344
vt 0.336232 0.374024
vt 0.324803 0.368152
vt 0.320263 0.382988
vt 0.247118 0.433078
vt 0.247103 0.446917
vt 0.235340 0.447017
vt 0.235121 0.433710
vt 0.357425 0.384486
vt 0.351462 0.398882
vt 0.359139 0.402420
vt 0.365809 0.388568
vt 0.046650 0.319364
vt 0.043514 0.409325
vt 0.027478 0.402477
vt 0.032103 0.317126
vt 0.329271 0.444255
vt 0.316016 0.512670
vt 0.303828 0.520660
vt 0.319600 0.447130
vt 0.247844 0.473054
vt 0.247267 0.507531
vt 0.235492 0.511284
vt 0.236867 0.475265
vt 0.346241 0.437564
vt 0.345831 0.486955
vt 0.359392 0.475423
vt 0.354895 0.434596
vt 0.349513 0.408163
vt 0.357045 0.410420
vt 0.247372 0.453307
vt 0.235794 0.454179
vt 0.330686 0.403056
vt 0.320076 0.400658
vt 0.046898 0.261196
vt 0.033238 0.265140
vt 0.042302 0.452247
vt 0.025050 0.439935
vt 0.313927 0.541873
vt 0.301012 0.553949
vt 0.246947 0.524330
vt 0.234641 0.529107
vt 0.347485 0.508581
vt 0.361573 0.495550
vt 0.043864 0.243433
vt 0.026907 0.246334
vt 0.332021 0.389344
vt 0.320328 0.382988
vt 0.273971 0.446917
vt 0.273701 0.453307
vt 0.260537 0.452578
vt 0.260537 0.446607
vt 0.082481 0.243196
vt 0.079665 0.260995
vt 0.063272 0.259588
vt 0.063165 0.242097
vt 0.273806 0.507531
vt 0.274126 0.524330
vt 0.260537 0.521378
vt 0.260537 0.505778
vt 0.084870 0.409071
vt 0.086609 0.451975
vt 0.064476 0.455314
vt 0.064210 0.412151
vt 0.080628 0.319155
vt 0.063650 0.320991
vt 0.273229 0.473054
vt 0.260537 0.472384
vt 0.273955 0.433078
vt 0.260537 0.432230
vt 0.670665 0.850706
vt 0.673558 0.851116
vt 0.673297 0.852957
vt 0.670230 0.852522
vt 0.671483 0.847169
vt 0.674090 0.847362
vt 0.673819 0.849275
vt 0.671099 0.848889
vt 0.330621 0.403056
vt 0.340745 0.405630
vt 0.342715 0.394802
vt 0.351527 0.398882
vt 0.349578 0.408163
vt 0.340810 0.405630
vt 0.342780 0.394802
vt 0.315951 0.512670
vt 0.313862 0.541873
vt 0.332171 0.523537
vt 0.330146 0.500925
vt 0.345896 0.486955
vt 0.347550 0.508581
vt 0.332236 0.523537
vt 0.330211 0.500925
vt 0.346306 0.437564
vt 0.337288 0.441113
vt 0.329206 0.444255
vt 0.337223 0.441113
vt 0.336297 0.374024
vt 0.324868 0.368152
vt 0.335057 0.349704
vt 0.345601 0.356645
vt 0.357490 0.384486
vt 0.347880 0.379759
vt 0.676647 0.847901
vt 0.679044 0.848531
vt 0.679257 0.850046
vt 0.676538 0.849660
vt 0.372697 0.351737
vt 0.365521 0.368062
vt 0.356163 0.363556
vt 0.365077 0.345825
vt 0.355577 0.338476
vt 0.345536 0.356645
vt 0.356098 0.363556
vt 0.365012 0.345825
vt 0.274146 0.405238
vt 0.273566 0.417184
vt 0.260537 0.416524
vt 0.260537 0.405710
vt 0.372631 0.351737
vt 0.365456 0.368062
vt 0.373594 0.372188
vt 0.380177 0.356959
vt 0.246927 0.405238
vt 0.247507 0.417184
vt 0.235412 0.418061
vt 0.236323 0.403851
vt 0.355642 0.338476
vt 0.346242 0.331120
vt 0.116919 0.157783
vt 0.109691 0.177576
vt 0.089016 0.174893
vt 0.094427 0.160138
vt 0.074573 0.174225
vt 0.078557 0.159660
vt 0.107026 0.192383
vt 0.103431 0.217988
vt 0.087887 0.211534
vt 0.086747 0.189826
vt 0.075173 0.208900
vt 0.073780 0.190595
vt 0.022606 0.218485
vt 0.038069 0.211840
vt 0.038942 0.190120
vt 0.051917 0.190729
vt 0.050750 0.209050
vt 0.018695 0.192926
vt 0.015848 0.178153
vt 0.036490 0.175216
vt 0.008378 0.158450
vt 0.030897 0.160529
vt 0.046760 0.159855
vt 0.050923 0.174371
vt 0.001808 0.150204
vt 0.024375 0.148898
vt 0.041581 0.146421
vt 0.123387 0.149457
vt 0.100806 0.148428
vt 0.083571 0.146163
vt 0.062955 0.208010
vt 0.062849 0.190792
vt 0.099472 0.245888
vt 0.306468 0.328020
vt 0.321789 0.318523
vt 0.331020 0.319185
vt 0.319662 0.338093
vt 0.307303 0.361600
vt 0.301012 0.340045
vt 0.062661 0.160204
vt 0.062749 0.174544
vt 0.306403 0.328020
vt 0.300947 0.340045
vt 0.307238 0.361600
vt 0.319597 0.338093
vt 0.330955 0.319185
vt 0.321724 0.318523
vt 0.675108 0.860236
vt 0.672247 0.860364
vt 0.062563 0.144217
vt 0.667163 0.852088
vt 0.669533 0.859445
vt 0.667774 0.857821
vt 0.666324 0.855034
vt 0.334992 0.349704
vt 0.346177 0.331120
vt 0.285661 0.418061
vt 0.285952 0.433710
vt 0.284750 0.403851
vt 0.669006 0.847108
vt 0.668380 0.848503
vt 0.667703 0.850273
vt 0.285733 0.447017
vt 0.284206 0.475265
vt 0.285581 0.511284
vt 0.285279 0.454179
vt 0.286432 0.529107
vt 0.095147 0.316738
vt 0.100821 0.402026
vt 0.093373 0.264770
vt 0.103709 0.439452
vt 0.679417 0.856890
vt 0.677249 0.859164
vt 0.347815 0.379759
vt 0.319535 0.447130
vt 0.303763 0.520660
vt 0.320011 0.400658
vt 0.300947 0.553949
vt 0.674361 0.845449
vt 0.676756 0.846142
vt 0.669989 0.846046
vt 0.671868 0.845449
vt 0.373659 0.372188
vt 0.365874 0.388568
vt 0.380242 0.356959
vt 0.678395 0.847238
vt 0.359204 0.402420
vt 0.354960 0.434596
vt 0.359457 0.475423
vt 0.357110 0.410420
vt 0.361638 0.495550
s 1
usemtl cauldron
f 149/1/24 137/2/131 3/3/3 116/4/24
f 145/5/139 146/6/140 99/7/98 72/8/71
f 130/9/125 117/10/113 6/11/6 95/12/94
f 166/13/157 151/14/143 5/15/5 94/16/93
f 103/17/102 102/18/101 7/19/7 14/20/14
f 133/21/128 132/22/127 10/23/10 13/24/13
f 119/25/115 118/26/114 9/27/9 12/28/12
f 153/29/145 152/30/144 8/31/8 11/32/11
f 155/33/147 153/29/145 11/32/11 19/34/19
f 121/35/117 119/25/115 12/28/12 20/36/20
f 135/37/130 133/21/128 13/24/13 21/38/21
f 105/39/104 103/17/102 14/20/14 22/40/22
f 102/18/101 104/41/103 15/42/15 7/19/7
f 132/22/127 134/43/129 18/44/18 10/23/10
f 118/26/114 120/45/116 17/46/17 9/27/9
f 152/30/144 154/47/146 16/48/16 8/31/8
f 114/49/111 105/39/104 22/40/22 72/50/71
f 144/51/138 135/37/130 21/38/21 61/52/60
f 117/10/113 121/35/117 20/36/20 6/11/6
f 151/14/143 155/33/147 19/34/19 5/15/5
f 107/53/105 111/54/109 34/55/34 26/56/26
f 129/57/124 126/58/122 33/59/33 25/60/25
f 108/61/106 110/62/108 32/63/32 28/64/28
f 123/65/119 125/66/121 31/67/31 27/68/27
f 126/58/122 124/69/120 30/70/30 33/59/33
f 111/54/109 109/71/107 29/72/29 34/55/34
f 109/71/107 108/61/106 28/64/28 29/72/29
f 124/69/120 123/65/119 27/68/27 30/70/30
f 115/73/112 107/53/105 26/56/26 96/74/95
f 148/75/24 136/76/24 24/77/24 106/78/24
f 167/79/24 162/80/24 52/81/24 112/82/24
f 145/5/139 141/83/135 51/84/51 43/85/43
f 157/86/149 161/87/153 50/88/50 42/89/42
f 138/90/132 140/91/134 49/92/49 45/93/45
f 158/94/150 160/95/152 48/96/48 44/97/44
f 161/87/153 159/98/151 47/99/47 50/88/50
f 141/83/135 139/100/133 46/101/46 51/84/51
f 139/100/133 138/90/132 45/93/45 46/101/46
f 159/98/151 158/94/150 44/97/44 47/99/47
f 147/102/141 100/103/99 55/104/54 143/105/137
f 165/106/156 157/86/149 42/89/42 98/107/97
f 168/108/24 150/109/142 41/110/41 127/111/24
f 150/112/142 163/113/154 59/114/58 41/115/41
f 131/116/126 142/117/136 58/118/57 40/119/40
f 101/120/100 113/121/110 57/122/56 23/123/23
f 156/124/148 164/125/155 53/126/52 2/127/2
f 122/128/118 128/129/123 54/130/53 4/131/4
f 137/132/131 143/105/137 55/104/54 3/133/3
f 82/134/81 63/135/62 65/136/64 83/137/82
f 83/137/82 65/136/64 64/138/63 81/139/80
f 66/140/65 93/141/92 62/142/61 68/143/67
f 68/143/67 62/142/61 60/144/59 67/145/66
f 72/50/71 91/146/90 74/147/73
f 74/147/73 77/148/76 76/149/75 73/150/72
f 63/135/62 66/140/65 68/143/67 65/136/64
f 65/136/64 68/143/67 67/145/66 64/138/63
f 75/151/74 69/152/68 71/153/70 77/148/76
f 69/152/68 87/154/86 89/155/88 71/153/70
f 71/153/70 89/155/88 88/156/87 70/157/69
f 87/154/86 85/158/84 86/159/85 89/155/88
f 89/155/88 86/159/85 84/160/83 88/156/87
f 78/161/77 82/134/81 83/137/82 80/162/79
f 80/162/79 83/137/82 81/139/80 79/163/78
f 60/144/59 35/164/35 36/165/36 67/145/66
f 77/148/76 71/153/70 70/157/69 76/149/75
f 61/166/60 129/57/124 60/144/59 62/142/61
f 63/167/62 82/168/81 78/169/77 92/170/91
f 63/167/62 92/170/91 93/171/92 66/172/65
f 39/173/39 81/139/80 64/138/63 37/174/37
f 67/145/66 36/165/36 37/174/37 64/138/63
f 88/156/87 39/173/39 37/174/37 70/157/69
f 69/175/68 75/176/74 91/177/90 90/178/89
f 69/175/68 90/178/89 85/179/84 87/180/86
f 25/60/25 114/49/111 73/150/72 35/164/35
f 35/164/35 73/150/72 76/149/75 36/165/36
f 24/77/24 116/4/24 79/181/78 38/182/38
f 38/183/38 79/163/78 81/139/80 39/173/39
f 84/160/83 38/183/38 39/173/39 88/156/87
f 1/184/1 106/78/24 84/185/83 86/186/85 85/187/84
f 92/170/91 78/169/77 3/133/3 55/104/54
f 62/142/61 93/141/92 61/166/60
f 85/179/84 90/178/89 56/188/55 1/189/1
f 36/165/36 76/149/75 70/157/69 37/174/37
f 93/171/92 92/170/91 55/104/54 100/103/99
f 74/147/73 91/146/90 75/151/74 77/148/76
f 146/6/140 142/117/136 56/188/55 99/7/98
f 100/103/99 61/52/60 93/171/92
f 99/7/98 91/177/90 72/8/71
f 163/113/154 165/106/156 98/107/97 59/114/58
f 144/51/138 61/52/60 100/103/99 147/102/141
f 113/121/110 115/73/112 96/74/95 57/122/56
f 164/125/155 166/13/157 94/16/93 53/126/52
f 128/129/123 130/9/125 95/12/94 54/130/53
f 90/178/89 91/177/90 99/7/98 56/188/55
f 53/190/52 94/191/93 115/73/112 113/121/110
f 2/192/2 53/190/52 113/121/110 101/120/100
f 156/193/148 167/79/24 112/82/24 40/194/40
f 131/195/126 148/75/24 106/78/24 1/184/1
f 94/191/93 5/196/5 107/53/105 115/73/112
f 11/197/11 8/198/8 108/61/106 109/71/107
f 19/199/19 11/197/11 109/71/107 111/54/109
f 8/198/8 16/200/16 110/62/108 108/61/106
f 5/196/5 19/199/19 111/54/109 107/53/105
f 25/60/25 33/59/33 105/39/104 114/49/111
f 27/68/27 31/67/31 104/41/103 102/18/101
f 33/59/33 30/70/30 103/17/102 105/39/104
f 30/70/30 27/68/27 102/18/101 103/17/102
f 57/122/56 96/74/95 130/9/125 128/129/123
f 23/123/23 57/122/56 128/129/123 122/128/118
f 162/80/24 168/108/24 127/111/24 52/81/24
f 13/201/13 10/202/10 123/65/119 124/69/120
f 21/203/21 13/201/13 124/69/120 126/58/122
f 10/202/10 18/204/18 125/66/121 123/65/119
f 61/166/60 21/203/21 126/58/122 129/57/124
f 26/56/26 34/55/34 121/35/117 117/10/113
f 28/64/28 32/63/32 120/45/116 118/26/114
f 34/55/34 29/72/29 119/25/115 121/35/117
f 29/72/29 28/64/28 118/26/114 119/25/115
f 96/74/95 26/56/26 117/10/113 130/9/125
f 136/76/24 149/1/24 116/4/24 24/77/24
f 84/185/83 106/78/24 24/77/24 38/182/38
f 60/144/59 129/57/124 25/60/25 35/164/35
f 79/181/78 116/4/24 3/3/3 78/205/77 80/206/79
f 73/150/72 114/49/111 72/50/71 74/147/73
f 52/81/24 127/111/24 149/1/24 136/76/24
f 40/194/40 112/82/24 148/75/24 131/195/126
f 42/89/42 144/51/138 147/102/141 98/107/97
f 97/207/96 58/118/57 142/117/136 146/6/140
f 41/115/41 59/114/58 143/105/137 137/132/131
f 1/189/1 56/188/55 142/117/136 131/116/126
f 98/107/97 147/102/141 143/105/137 59/114/58
f 14/208/14 7/209/7 138/90/132 139/100/133
f 22/210/22 14/208/14 139/100/133 141/83/135
f 7/209/7 15/211/15 140/91/134 138/90/132
f 72/8/71 22/210/22 141/83/135 145/5/139
f 112/82/24 52/81/24 136/76/24 148/75/24
f 42/89/42 50/88/50 135/37/130 144/51/138
f 44/97/44 48/96/48 134/43/129 132/22/127
f 50/88/50 47/99/47 133/21/128 135/37/130
f 47/99/47 44/97/44 132/22/127 133/21/128
f 43/85/43 97/207/96 146/6/140 145/5/139
f 127/111/24 41/110/41 137/2/131 149/1/24
f 23/212/23 122/213/118 168/108/24 162/80/24
f 2/214/2 101/215/100 167/79/24 156/193/148
f 58/118/57 97/207/96 166/13/157 164/125/155
f 54/216/53 95/217/94 165/106/156 163/113/154
f 40/119/40 58/118/57 164/125/155 156/124/148
f 4/218/4 54/216/53 163/113/154 150/112/142
f 122/213/118 4/219/4 150/109/142 168/108/24
f 95/217/94 6/220/6 157/86/149 165/106/156
f 12/221/12 9/222/9 158/94/150 159/98/151
f 20/223/20 12/221/12 159/98/151 161/87/153
f 9/222/9 17/224/17 160/95/152 158/94/150
f 6/220/6 20/223/20 161/87/153 157/86/149
f 101/215/100 23/212/23 162/80/24 167/79/24
f 43/85/43 51/84/51 155/33/147 151/14/143
f 45/93/45 49/92/49 154/47/146 152/30/144
f 51/84/51 46/101/46 153/29/145 155/33/147
f 46/101/46 45/93/45 152/30/144 153/29/145
f 97/207/96 43/85/43 151/14/143 166/13/157
f 317/1/24 284/4/24 171/3/160 305/2/287
f 313/5/295 240/8/227 267/7/254 314/6/296
f 298/9/281 263/12/250 174/11/163 285/10/269
f 334/13/313 262/16/249 173/15/162 319/14/299
f 271/17/258 182/20/171 175/19/164 270/18/257
f 301/21/284 181/24/170 178/23/167 300/22/283
f 287/25/271 180/28/169 177/27/166 286/26/270
f 321/29/301 179/32/168 176/31/165 320/30/300
f 323/33/303 187/34/176 179/32/168 321/29/301
f 289/35/273 188/36/177 180/28/169 287/25/271
f 303/37/286 189/38/178 181/24/170 301/21/284
f 273/39/260 190/40/179 182/20/171 271/17/258
f 270/18/257 175/19/164 183/42/172 272/41/259
f 300/22/283 178/23/167 186/44/175 302/43/285
f 286/26/270 177/27/166 185/46/174 288/45/272
f 320/30/300 176/31/165 184/48/173 322/47/302
f 282/49/267 240/50/227 190/40/179 273/39/260
f 312/51/294 229/52/216 189/38/178 303/37/286
f 285/10/269 174/11/163 188/36/177 289/35/273
f 319/14/299 173/15/162 187/34/176 323/33/303
f 275/53/261 194/56/182 202/55/190 279/54/265
f 297/57/280 193/60/181 201/59/189 294/58/278
f 276/61/262 196/64/184 200/63/188 278/62/264
f 291/65/275 195/68/183 199/67/187 293/66/277
f 294/58/278 201/59/189 198/70/186 292/69/276
f 279/54/265 202/55/190 197/72/185 277/71/263
f 277/71/263 197/72/185 196/64/184 276/61/262
f 292/69/276 198/70/186 195/68/183 291/65/275
f 283/73/268 264/74/251 194/56/182 275/53/261
f 316/75/24 274/78/24 192/77/24 304/76/24
f 335/79/24 280/82/24 220/81/24 330/80/24
f 313/5/295 211/85/199 219/84/207 309/83/291
f 325/86/305 210/89/198 218/88/206 329/87/309
f 306/90/288 213/93/201 217/92/205 308/91/290
f 326/94/306 212/97/200 216/96/204 328/95/308
f 329/87/309 218/88/206 215/99/203 327/98/307
f 309/83/291 219/84/207 214/101/202 307/100/289
f 307/100/289 214/101/202 213/93/201 306/90/288
f 327/98/307 215/99/203 212/97/200 326/94/306
f 315/102/297 311/105/293 223/104/210 268/103/255
f 333/106/312 266/107/253 210/89/198 325/86/305
f 336/108/24 295/111/24 209/110/197 318/109/298
f 318/112/298 209/115/197 227/114/214 331/113/310
f 299/116/282 208/119/196 226/118/213 310/117/292
f 269/120/256 191/123/180 225/122/212 281/121/266
f 324/124/304 170/127/159 221/126/208 332/125/311
f 290/128/274 172/131/161 222/130/209 296/129/279
f 305/132/287 171/133/160 223/104/210 311/105/293
f 250/134/237 251/137/238 233/136/220 231/135/218
f 251/137/238 249/139/236 232/138/219 233/136/220
f 234/140/221 236/143/223 230/142/217 261/141/248
f 236/143/223 235/145/222 228/144/215 230/142/217
f 240/50/227 242/147/229 259/146/246
f 242/147/229 241/150/228 244/149/231 245/148/232
f 231/135/218 233/136/220 236/143/223 234/140/221
f 233/136/220 232/138/219 235/145/222 236/143/223
f 243/151/230 245/148/232 239/153/226 237/152/224
f 237/152/224 239/153/226 257/155/244 255/154/242
f 239/153/226 238/157/225 256/156/243 257/155/244
f 255/154/242 257/155/244 254/159/241 253/158/240
f 257/155/244 256/156/243 252/160/239 254/159/241
f 246/161/233 248/162/235 251/137/238 250/134/237
f 248/162/235 247/163/234 249/139/236 251/137/238
f 228/144/215 235/145/222 204/165/192 203/164/191
f 245/148/232 244/149/231 238/157/225 239/153/226
f 229/166/216 230/142/217 228/144/215 297/57/280
f 231/167/218 260/170/247 246/169/233 250/168/237
f 231/167/218 234/172/221 261/171/248 260/170/247
f 207/173/195 205/174/193 232/138/219 249/139/236
f 235/145/222 232/138/219 205/174/193 204/165/192
f 256/156/243 238/157/225 205/174/193 207/173/195
f 237/175/224 258/178/245 259/177/246 243/176/230
f 237/175/224 255/180/242 253/179/240 258/178/245
f 193/60/181 203/164/191 241/150/228 282/49/267
f 203/164/191 204/165/192 244/149/231 241/150/228
f 192/77/24 206/182/194 247/181/234 284/4/24
f 206/183/194 207/173/195 249/139/236 247/163/234
f 252/160/239 256/156/243 207/173/195 206/183/194
f 169/184/158 253/187/240 254/186/241 252/185/239 274/78/24
f 260/170/247 223/104/210 171/133/160 246/169/233
f 230/142/217 229/166/216 261/141/248
f 253/179/240 169/189/158 224/188/211 258/178/245
f 204/165/192 205/174/193 238/157/225 244/149/231
f 261/171/248 268/103/255 223/104/210 260/170/247
f 242/147/229 245/148/232 243/151/230 259/146/246
f 314/6/296 267/7/254 224/188/211 310/117/292
f 268/103/255 261/171/248 229/52/216
f 267/7/254 240/8/227 259/177/246
f 331/113/310 227/114/214 266/107/253 333/106/312
f 312/51/294 315/102/297 268/103/255 229/52/216
f 281/121/266 225/122/212 264/74/251 283/73/268
f 332/125/311 221/126/208 262/16/249 334/13/313
f 296/129/279 222/130/209 263/12/250 298/9/281
f 258/178/245 224/188/211 267/7/254 259/177/246
f 221/190/208 281/121/266 283/73/268 262/191/249
f 170/192/159 269/120/256 281/121/266 221/190/208
f 324/193/304 208/194/196 280/82/24 335/79/24
f 299/195/282 169/184/158 274/78/24 316/75/24
f 262/191/249 283/73/268 275/53/261 173/196/162
f 179/197/168 277/71/263 276/61/262 176/198/165
f 187/199/176 279/54/265 277/71/263 179/197/168
f 176/198/165 276/61/262 278/62/264 184/200/173
f 173/196/162 275/53/261 279/54/265 187/199/176
f 193/60/181 282/49/267 273/39/260 201/59/189
f 195/68/183 270/18/257 272/41/259 199/67/187
f 201/59/189 273/39/260 271/17/258 198/70/186
f 198/70/186 271/17/258 270/18/257 195/68/183
f 225/122/212 296/129/279 298/9/281 264/74/251
f 191/123/180 290/128/274 296/129/279 225/122/212
f 330/80/24 220/81/24 295/111/24 336/108/24
f 181/201/170 292/69/276 291/65/275 178/202/167
f 189/203/178 294/58/278 292/69/276 181/201/170
f 178/202/167 291/65/275 293/66/277 186/204/175
f 229/166/216 297/57/280 294/58/278 189/203/178
f 194/56/182 285/10/269 289/35/273 202/55/190
f 196/64/184 286/26/270 288/45/272 200/63/188
f 202/55/190 289/35/273 287/25/271 197/72/185
f 197/72/185 287/25/271 286/26/270 196/64/184
f 264/74/251 298/9/281 285/10/269 194/56/182
f 304/76/24 192/77/24 284/4/24 317/1/24
f 252/185/239 206/182/194 192/77/24 274/78/24
f 228/144/215 203/164/191 193/60/181 297/57/280
f 247/181/234 248/206/235 246/205/233 171/3/160 284/4/24
f 241/150/228 242/147/229 240/50/227 282/49/267
f 220/81/24 304/76/24 317/1/24 295/111/24
f 208/194/196 299/195/282 316/75/24 280/82/24
f 210/89/198 266/107/253 315/102/297 312/51/294
f 265/207/252 314/6/296 310/117/292 226/118/213
f 209/115/197 305/132/287 311/105/293 227/114/214
f 169/189/158 299/116/282 310/117/292 224/188/211
f 266/107/253 227/114/214 311/105/293 315/102/297
f 182/208/171 307/100/289 306/90/288 175/209/164
f 190/210/179 309/83/291 307/100/289 182/208/171
f 175/209/164 306/90/288 308/91/290 183/211/172
f 240/8/227 313/5/295 309/83/291 190/210/179
f 280/82/24 316/75/24 304/76/24 220/81/24
f 210/89/198 312/51/294 303/37/286 218/88/206
f 212/97/200 300/22/283 302/43/285 216/96/204
f 218/88/206 303/37/286 301/21/284 215/99/203
f 215/99/203 301/21/284 300/22/283 212/97/200
f 211/85/199 313/5/295 314/6/296 265/207/252
f 295/111/24 317/1/24 305/2/287 209/110/197
f 191/212/180 330/80/24 336/108/24 290/213/274
f 170/214/159 324/193/304 335/79/24 269/215/256
f 226/118/213 332/125/311 334/13/313 265/207/252
f 222/216/209 331/113/310 333/106/312 263/217/250
f 208/119/196 324/124/304 332/125/311 226/118/213
f 172/218/161 318/112/298 331/113/310 222/216/209
f 290/213/274 336/108/24 318/109/298 172/219/161
f 263/217/250 333/106/312 325/86/305 174/220/163
f 180/221/169 327/98/307 326/94/306 177/222/166
f 188/223/177 329/87/309 327/98/307 180/221/169
f 177/222/166 326/94/306 328/95/308 185/224/174
f 174/220/163 325/86/305 329/87/309 188/223/177
f 269/215/256 335/79/24 330/80/24 191/212/180
f 211/85/199 319/14/299 323/33/303 219/84/207
f 213/93/201 320/30/300 322/47/302 217/92/205
f 219/84/207 323/33/303 321/29/301 214/101/202
f 214/101/202 321/29/301 320/30/300 213/93/201
f 265/207/252 334/13/313 319/14/299 211/85/199
f 485/1/24 452/4/24 339/3/316 473/2/443
f 481/5/451 408/8/383 435/7/410 482/6/452
f 466/9/437 431/12/406 342/11/319 453/10/425
f 502/13/469 430/16/405 341/15/318 487/14/455
f 439/17/414 350/20/327 343/19/320 438/18/413
f 469/21/440 349/24/326 346/23/323 468/22/439
f 455/25/427 348/28/325 345/27/322 454/26/426
f 489/29/457 347/32/324 344/31/321 488/30/456
f 491/33/459 355/34/332 347/32/324 489/29/457
f 457/35/429 356/36/333 348/28/325 455/25/427
f 471/37/442 357/38/334 349/24/326 469/21/440
f 441/39/416 358/40/335 350/20/327 439/17/414
f 438/18/413 343/19/320 351/42/328 440/41/415
f 468/22/439 346/23/323 354/44/331 470/43/441
f 454/26/426 345/27/322 353/46/330 456/45/428
f 488/30/456 344/31/321 352/48/329 490/47/458
f 450/49/423 408/50/383 358/40/335 441/39/416
f 480/51/450 397/52/372 357/38/334 471/37/442
f 453/10/425 342/11/319 356/36/333 457/35/429
f 487/14/455 341/15/318 355/34/332 491/33/459
f 443/53/417 362/56/338 370/55/346 447/54/421
f 465/57/436 361/60/337 369/59/345 462/58/434
f 444/61/418 364/64/340 368/63/344 446/62/420
f 459/65/431 363/68/339 367/67/343 461/66/433
f 462/58/434 369/59/345 366/70/342 460/69/432
f 447/54/421 370/55/346 365/72/341 445/71/419
f 445/71/419 365/72/341 364/64/340 444/61/418
f 460/69/432 366/70/342 363/68/339 459/65/431
f 451/73/424 432/74/407 362/56/338 443/53/417
f 484/75/24 442/78/24 360/77/24 472/76/24
f 503/79/24 448/82/24 388/81/24 498/80/24
f 481/5/451 379/85/355 387/84/363 477/83/447
f 493/86/461 378/89/354 386/88/362 497/87/465
f 474/90/444 381/93/357 385/92/361 476/91/446
f 494/94/462 380/97/356 384/96/360 496/95/464
f 497/87/465 386/88/362 383/99/359 495/98/463
f 477/83/447 387/84/363 382/101/358 475/100/445
f 475/100/445 382/101/358 381/93/357 474/90/444
f 495/98/463 383/99/359 380/97/356 494/94/462
f 483/102/453 479/105/449 391/104/366 436/103/411
f 501/106/468 434/107/409 378/89/354 493/86/461
f 504/108/24 463/111/24 377/110/353 486/109/454
f 486/112/454 377/115/353 395/114/370 499/113/466
f 467/116/438 376/119/352 394/118/369 478/117/448
f 437/120/412 359/123/336 393/122/368 449/121/422
f 492/124/460 338/127/315 389/126/364 500/125/467
f 458/128/430 340/131/317 390/130/365 464/129/435
f 473/132/443 339/133/316 391/104/366 479/105/449
f 418/134/393 419/137/394 401/136/376 399/135/374
f 419/137/394 417/139/392 400/138/375 401/136/376
f 402/140/377 404/143/379 398/142/373 429/141/404
f 404/143/379 403/145/378 396/144/371 398/142/373
f 408/50/383 410/147/385 427/146/402
f 410/147/385 409/150/384 412/149/387 413/148/388
f 399/135/374 401/136/376 404/143/379 402/140/377
f 401/136/376 400/138/375 403/145/378 404/143/379
f 411/151/386 413/148/388 407/153/382 405/152/380
f 405/152/380 407/153/382 425/155/400 423/154/398
f 407/153/382 406/157/381 424/156/399 425/155/400
f 423/154/398 425/155/400 422/159/397 421/158/396
f 425/155/400 424/156/399 420/160/395 422/159/397
f 414/161/389 416/162/391 419/137/394 418/134/393
f 416/162/391 415/163/390 417/139/392 419/137/394
f 396/144/371 403/145/378 372/165/348 371/164/347
f 413/148/388 412/149/387 406/157/381 407/153/382
f 397/166/372 398/142/373 396/144/371 465/57/436
f 399/167/374 428/170/403 414/169/389 418/168/393
f 399/167/374 402/172/377 429/171/404 428/170/403
f 375/173/351 373/174/349 400/138/375 417/139/392
f 403/145/378 400/138/375 373/174/349 372/165/348
f 424/156/399 406/157/381 373/174/349 375/173/351
f 405/175/380 426/178/401 427/177/402 411/176/386
f 405/175/380 423/180/398 421/179/396 426/178/401
f 361/60/337 371/164/347 409/150/384 450/49/423
f 371/164/347 372/165/348 412/149/387 409/150/384
f 360/77/24 374/182/350 415/181/390 452/4/24
f 374/183/350 375/173/351 417/139/392 415/163/390
f 420/160/395 424/156/399 375/173/351 374/183/350
f 337/184/314 421/187/396 422/186/397 420/185/395 442/78/24
f 428/170/403 391/104/366 339/133/316 414/169/389
f 398/142/373 397/166/372 429/141/404
f 421/179/396 337/189/314 392/188/367 426/178/401
f 372/165/348 373/174/349 406/157/381 412/149/387
f 429/171/404 436/103/411 391/104/366 428/170/403
f 410/147/385 413/148/388 411/151/386 427/146/402
f 482/6/452 435/7/410 392/188/367 478/117/448
f 436/103/411 429/171/404 397/52/372
f 435/7/410 408/8/383 427/177/402
f 499/113/466 395/114/370 434/107/409 501/106/468
f 480/51/450 483/102/453 436/103/411 397/52/372
f 449/121/422 393/122/368 432/74/407 451/73/424
f 500/125/467 389/126/364 430/16/405 502/13/469
f 464/129/435 390/130/365 431/12/406 466/9/437
f 426/178/401 392/188/367 435/7/410 427/177/402
f 389/190/364 449/121/422 451/73/424 430/191/405
f 338/192/315 437/120/412 449/121/422 389/190/364
f 492/193/460 376/194/352 448/82/24 503/79/24
f 467/195/438 337/184/314 442/78/24 484/75/24
f 430/191/405 451/73/424 443/53/417 341/196/318
f 347/197/324 445/71/419 444/61/418 344/198/321
f 355/199/332 447/54/421 445/71/419 347/197/324
f 344/198/321 444/61/418 446/62/420 352/200/329
f 341/196/318 443/53/417 447/54/421 355/199/332
f 361/60/337 450/49/423 441/39/416 369/59/345
f 363/68/339 438/18/413 440/41/415 367/67/343
f 369/59/345 441/39/416 439/17/414 366/70/342
f 366/70/342 439/17/414 438/18/413 363/68/339
f 393/122/368 464/129/435 466/9/437 432/74/407
f 359/123/336 458/128/430 464/129/435 393/122/368
f 498/80/24 388/81/24 463/111/24 504/108/24
f 349/201/326 460/69/432 459/65/431 346/202/323
f 357/203/334 462/58/434 460/69/432 349/201/326
f 346/202/323 459/65/431 461/66/433 354/204/331
f 397/166/372 465/57/436 462/58/434 357/203/334
f 362/56/338 453/10/425 457/35/429 370/55/346
f 364/64/340 454/26/426 456/45/428 368/63/344
f 370/55/346 457/35/429 455/25/427 365/72/341
f 365/72/341 455/25/427 454/26/426 364/64/340
f 432/74/407 466/9/437 453/10/425 362/56/338
f 472/76/24 360/77/24 452/4/24 485/1/24
f 420/185/395 374/182/350 360/77/24 442/78/24
f 396/144/371 371/164/347 361/60/337 465/57/436
f 415/181/390 416/206/391 414/205/389 339/3/316 452/4/24
f 409/150/384 410/147/385 408/50/383 450/49/423
f 388/81/24 472/76/24 485/1/24 463/111/24
f 376/194/352 467/195/438 484/75/24 448/82/24
f 378/89/354 434/107/409 483/102/453 480/51/450
f 433/207/408 482/6/452 478/117/448 394/118/369
f 377/115/353 473/132/443 479/105/449 395/114/370
f 337/189/314 467/116/438 478/117/448 392/188/367
f 434/107/409 395/114/370 479/105/449 483/102/453
f 350/208/327 475/100/445 474/90/444 343/209/320
f 358/210/335 477/83/447 475/100/445 350/208/327
f 343/209/320 474/90/444 476/91/446 351/211/328
f 408/8/383 481/5/451 477/83/447 358/210/335
f 448/82/24 484/75/24 472/76/24 388/81/24
f 378/89/354 480/51/450 471/37/442 386/88/362
f 380/97/356 468/22/439 470/43/441 384/96/360
f 386/88/362 471/37/442 469/21/440 383/99/359
f 383/99/359 469/21/440 468/22/439 380/97/356
f 379/85/355 481/5/451 482/6/452 433/207/408
f 463/111/24 485/1/24 473/2/443 377/110/353
f 359/212/336 498/80/24 504/108/24 458/213/430
f 338/214/315 492/193/460 503/79/24 437/215/412
f 394/118/369 500/125/467 502/13/469 433/207/408
f 390/216/365 499/113/466 501/106/468 431/217/406
f 376/119/352 492/124/460 500/125/467 394/118/369
f 340/218/317 486/112/454 499/113/466 390/216/365
f 458/213/430 504/108/24 486/109/454 340/219/317
f 431/217/406 501/106/468 493/86/461 342/220/319
f 348/221/325 495/98/463 494/94/462 345/222/322
f 356/223/333 497/87/465 495/98/463 348/221/325
f 345/222/322 494/94/462 496/95/464 353/224/330
f 342/220/319 493/86/461 497/87/465 356/223/333
f 437/215/412 503/79/24 498/80/24 359/212/336
f 379/85/355 487/14/455 491/33/459 387/84/363
f 381/93/357 488/30/456 490/47/458 385/92/361
f 387/84/363 491/33/459 489/29/457 382/101/358
f 382/101/358 489/29/457 488/30/456 381/93/357
f 433/207/408 502/13/469 487/14/455 379/85/355
f 653/1/24 641/2/599 507/3/472 620/4/24
f 649/5/607 650/6/608 603/7/566 576/8/539
f 634/9/593 621/10/581 510/11/475 599/12/562
f 670/13/625 655/14/611 509/15/474 598/16/561
f 607/17/570 606/18/569 511/19/476 518/20/483
f 637/21/596 636/22/595 514/23/479 517/24/482
f 623/25/583 622/26/582 513/27/478 516/28/481
f 657/29/613 656/30/612 512/31/477 515/32/480
f 659/33/615 657/29/613 515/32/480 523/34/488
f 625/35/585 623/25/583 516/28/481 524/36/489
f 639/37/598 637/21/596 517/24/482 525/38/490
f 609/39/572 607/17/570 518/20/483 526/40/491
f 606/18/569 608/41/571 519/42/484 511/19/476
f 636/22/595 638/43/597 522/44/487 514/23/479
f 622/26/582 624/45/584 521/46/486 513/27/478
f 656/30/612 658/47/614 520/48/485 512/31/477
f 618/49/579 609/39/572 526/40/491 576/50/539
f 648/51/606 639/37/598 525/38/490 565/52/528
f 621/10/581 625/35/585 524/36/489 510/11/475
f 655/14/611 659/33/615 523/34/488 509/15/474
f 611/53/573 615/54/577 538/55/502 530/56/494
f 633/57/592 630/58/590 537/59/501 529/60/493
f 612/61/574 614/62/576 536/63/500 532/64/496
f 627/65/587 629/66/589 535/67/499 531/68/495
f 630/58/590 628/69/588 534/70/498 537/59/501
f 615/54/577 613/71/575 533/72/497 538/55/502
f 613/71/575 612/61/574 532/64/496 533/72/497
f 628/69/588 627/65/587 531/68/495 534/70/498
f 619/73/580 611/53/573 530/56/494 600/74/563
f 652/75/24 640/76/24 528/77/24 610/78/24
f 671/79/24 666/80/24 556/81/24 616/82/24
f 649/5/607 645/83/603 555/84/519 547/85/511
f 661/86/617 665/87/621 554/88/518 546/89/510
f 642/90/600 644/91/602 553/92/517 549/93/513
f 662/94/618 664/95/620 552/96/516 548/97/512
f 665/87/621 663/98/619 551/99/515 554/88/518
f 645/83/603 643/100/601 550/101/514 555/84/519
f 643/100/601 642/90/600 549/93/513 550/101/514
f 663/98/619 662/94/618 548/97/512 551/99/515
f 651/102/609 604/103/567 559/104/522 647/105/605
f 669/106/624 661/86/617 546/89/510 602/107/565
f 672/108/24 654/109/610 545/110/509 631/111/24
f 654/112/610 667/113/622 563/114/526 545/115/509
f 635/116/594 646/117/604 562/118/525 544/119/508
f 605/120/568 617/121/578 561/122/524 527/123/492
f 660/124/616 668/125/623 557/126/520 506/127/471
f 626/128/586 632/129/591 558/130/521 508/131/473
f 641/132/599 647/105/605 559/104/522 507/133/472
f 586/134/549 567/135/530 569/136/532 587/137/550
f 587/137/550 569/136/532 568/138/531 585/139/548
f 570/140/533 597/141/560 566/142/529 572/143/535
f 572/143/535 566/142/529 564/144/527 571/145/534
f 576/50/539 595/146/558 578/147/541
f 578/147/541 581/148/544 580/149/543 577/150/540
f 567/135/530 570/140/533 572/143/535 569/136/532
f 569/136/532 572/143/535 571/145/534 568/138/531
f 579/151/542 573/152/536 575/153/538 581/148/544
f 573/152/536 591/154/554 593/155/556 575/153/538
f 575/153/538 593/155/556 592/156/555 574/157/537
f 591/154/554 589/158/552 590/159/553 593/155/556
f 593/155/556 590/159/553 588/160/551 592/156/555
f 582/161/545 586/134/549 587/137/550 584/162/547
f 584/162/547 587/137/550 585/139/548 583/163/546
f 564/144/527 539/164/503 540/165/504 571/145/534
f 581/148/544 575/153/538 574/157/537 580/149/543
f 565/166/528 633/57/592 564/144/527 566/142/529
f 567/167/530 586/168/549 582/169/545 596/170/559
f 567/167/530 596/170/559 597/171/560 570/172/533
f 543/173/507 585/139/548 568/138/531 541/174/505
f 571/145/534 540/165/504 541/174/505 568/138/531
f 592/156/555 543/173/507 541/174/505 574/157/537
f 573/175/536 579/176/542 595/177/558 594/178/557
f 573/175/536 594/178/557 589/179/552 591/180/554
f 529/60/493 618/49/579 577/150/540 539/164/503
f 539/164/503 577/150/540 580/149/543 540/165/504
f 528/77/24 620/4/24 583/181/546 542/182/506
f 542/183/506 583/163/546 585/139/548 543/173/507
f 588/160/551 542/183/506 543/173/507 592/156/555
f 505/184/470 610/78/24 588/185/551 590/186/553 589/187/552
f 596/170/559 582/169/545 507/133/472 559/104/522
f 566/142/529 597/141/560 565/166/528
f 589/179/552 594/178/557 560/188/523 505/189/470
f 540/165/504 580/149/543 574/157/537 541/174/505
f 597/171/560 596/170/559 559/104/522 604/103/567
f 578/147/541 595/146/558 579/151/542 581/148/544
f 650/6/608 646/117/604 560/188/523 603/7/566
f 604/103/567 565/52/528 597/171/560
f 603/7/566 595/177/558 576/8/539
f 667/113/622 669/106/624 602/107/565 563/114/526
f 648/51/606 565/52/528 604/103/567 651/102/609
f 617/121/578 619/73/580 600/74/563 561/122/524
f 668/125/623 670/13/625 598/16/561 557/126/520
f 632/129/591 634/9/593 599/12/562 558/130/521
f 594/178/557 595/177/558 603/7/566 560/188/523
f 557/190/520 598/191/561 619/73/580 617/121/578
f 506/192/471 557/190/520 617/121/578 605/120/568
f 660/193/616 671/79/24 616/82/24 544/194/508
f 635/195/594 652/75/24 610/78/24 505/184/470
f 598/191/561 509/196/474 611/53/573 619/73/580
f 515/197/480 512/198/477 612/61/574 613/71/575
f 523/199/488 515/197/480 613/71/575 615/54/577
f 512/198/477 520/200/485 614/62/576 612/61/574
f 509/196/474 523/199/488 615/54/577 611/53/573
f 529/60/493 537/59/501 609/39/572 618/49/579
f 531/68/495 535/67/499 608/41/571 606/18/569
f 537/59/501 534/70/498 607/17/570 609/39/572
f 534/70/498 531/68/495 606/18/569 607/17/570
f 561/122/524 600/74/563 634/9/593 632/129/591
f 527/123/492 561/122/524 632/129/591 626/128/586
f 666/80/24 672/108/24 631/111/24 556/81/24
f 517/201/482 514/202/479 627/65/587 628/69/588
f 525/203/490 517/201/482 628/69/588 630/58/590
f 514/202/479 522/204/487 629/66/589 627/65/587
f 565/166/528 525/203/490 630/58/590 633/57/592
f 530/56/494 538/55/502 625/35/585 621/10/581
f 532/64/496 536/63/500 624/45/584 622/26/582
f 538/55/502 533/72/497 623/25/583 625/35/585
f 533/72/497 532/64/496 622/26/582 623/25/583
f 600/74/563 530/56/494 621/10/581 634/9/593
f 640/76/24 653/1/24 620/4/24 528/77/24
f 588/185/551 610/78/24 528/77/24 542/182/506
f 564/144/527 633/57/592 529/60/493 539/164/503
f 583/181/546 620/4/24 507/3/472 582/205/545 584/206/547
f 577/150/540 618/49/579 576/50/539 578/147/541
f 556/81/24 631/111/24 653/1/24 640/76/24
f 544/194/508 616/82/24 652/75/24 635/195/594
f 546/89/510 648/51/606 651/102/609 602/107/565
f 601/207/564 562/118/525 646/117/604 650/6/608
f 545/115/509 563/114/526 647/105/605 641/132/599
f 505/189/470 560/188/523 646/117/604 635/116/594
f 602/107/565 651/102/609 647/105/605 563/114/526
f 518/208/483 511/209/476 642/90/600 643/100/601
f 526/210/491 518/208/483 643/100/601 645/83/603
f 511/209/476 519/211/484 644/91/602 642/90/600
f 576/8/539 526/210/491 645/83/603 649/5/607
f 616/82/24 556/81/24 640/76/24 652/75/24
f 546/89/510 554/88/518 639/37/598 648/51/606
f 548/97/512 552/96/516 638/43/597 636/22/595
f 554/88/518 551/99/515 637/21/596 639/37/598
f 551/99/515 548/97/512 636/22/595 637/21/596
f 547/85/511 601/207/564 650/6/608 649/5/607
f 631/111/24 545/110/509 641/2/599 653/1/24
f 527/212/492 626/213/586 672/108/24 666/80/24
f 506/214/471 605/215/568 671/79/24 660/193/616
f 562/118/525 601/207/564 670/13/625 668/125/623
f 558/216/521 599/217/562 669/106/624 667/113/622
f 544/119/508 562/118/525 668/125/623 660/124/616
f 508/218/473 558/216/521 667/113/622 654/112/610
f 626/213/586 508/219/473 654/109/610 672/108/24
f 599/217/562 510/220/475 661/86/617 669/106/624
f 516/221/481 513/222/478 662/94/618 663/98/619
f 524/223/489 516/221/481 663/98/619 665/87/621
f 513/222/478 521/224/486 664/95/620 662/94/618
f 510/220/475 524/223/489 665/87/621 661/86/617
f 605/215/568 527/212/492 666/80/24 671/79/24
f 547/85/511 555/84/519 659/33/615 655/14/611
f 549/93/513 553/92/517 658/47/614 656/30/612
f 555/84/519 550/101/514 657/29/613 659/33/615
f 550/101/514 549/93/513 656/30/612 657/29/613
f 601/207/564 547/85/511 655/14/611 670/13/625
o Torus.006
v 1.910299 2.441587 0.000000
v 1.890933 2.435800 0.063096
v 1.840233 2.420649 0.102091
v 1.777564 2.401922 0.102091
v 1.726864 2.386771 0.063096
v 1.707497 2.381058 0.000000
v 1.726864 2.386771 -0.063096
v 1.777564 2.401922 -0.102091
v 1.840233 2.420649 -0.102091
v 1.890933 2.435800 -0.063096
v 1.770645 2.617331 0.000000
v 1.758660 2.603059 0.063096
v 1.727281 2.566638 0.102091
v 1.688495 2.523218 0.102091
v 1.657117 2.489278 0.063096
v 1.645131 2.476472 0.000000
v 1.657117 2.489278 -0.063096
v 1.688495 2.523218 -0.102091
v 1.727281 2.566638 -0.102091
v 1.758660 2.603059 -0.063096
v 1.587317 2.692139 0.000000
v 1.582255 2.678571 0.057367
v 1.568784 2.642242 0.094218
v 1.551710 2.595339 0.095864
v 1.537579 2.556056 0.060016
v 1.532112 2.540689 0.000000
v 1.537579 2.556056 -0.060016
v 1.551710 2.595339 -0.095863
v 1.568784 2.642242 -0.094218
v 1.582255 2.678571 -0.057367
v 1.432799 2.690520 0.000000
v 1.431387 2.678849 0.049661
v 1.428526 2.645441 0.082256
v 1.424175 2.601878 0.084690
v 1.420870 2.564782 0.053369
v 1.419228 2.550520 0.000000
v 1.420870 2.564782 -0.053368
v 1.424175 2.601878 -0.084690
v 1.428526 2.645441 -0.082256
v 1.431387 2.678849 -0.049661
v 1.224865 2.662627 0.003021
v 1.252888 2.662627 0.060888
v 1.307853 2.623924 0.094539
v 1.331494 2.560804 0.096587
v 1.331554 2.533520 0.057638
v 1.344456 2.526974 0.000000
v 1.332512 2.534232 -0.055068
v 1.335039 2.560965 -0.082502
v 1.308140 2.623948 -0.094556
v 1.254262 2.662627 -0.054324
v 1.545181 1.653564 -0.000000
v 1.521894 1.680331 0.091649
v 1.494187 1.813751 0.144350
v 1.467189 1.899173 0.142783
v 1.457289 1.963528 0.102643
v 1.449798 2.048507 0.000000
v 1.455981 1.962595 -0.108640
v 1.466862 1.898397 -0.144933
v 1.495395 1.810415 -0.143838
v 1.521063 1.674994 -0.093805
v 1.576003 1.814859 0.000000
v 1.563453 1.834962 0.074360
v 1.530599 1.887593 0.120317
v 1.489987 1.952648 0.120317
v 1.482952 2.018448 0.074360
v 1.465635 2.047489 0.000000
v 1.482952 2.018448 -0.074360
v 1.489987 1.952648 -0.120317
v 1.530599 1.887593 -0.120317
v 1.563453 1.834962 -0.074360
v 1.635493 1.938139 0.000000
v 1.621926 1.951036 0.060324
v 1.586406 1.984802 0.097606
v 1.542501 2.026539 0.097606
v 1.506981 2.060305 0.060324
v 1.493413 2.073202 0.000000
v 1.506981 2.060305 -0.060323
v 1.542501 2.026539 -0.097605
v 1.586406 1.984802 -0.097605
v 1.621926 1.951036 -0.060323
v 1.708397 2.049968 0.000000
v 1.695701 2.058347 0.052580
v 1.662462 2.080284 0.085076
v 1.621445 2.107399 0.085076
v 1.589492 2.129293 0.052586
v 1.577564 2.137167 0.000000
v 1.589492 2.129293 -0.052586
v 1.621445 2.107399 -0.085076
v 1.662462 2.080284 -0.085076
v 1.695701 2.058347 -0.052580
v 1.879523 2.283383 0.000000
v 1.864904 2.283326 0.058163
v 1.822843 2.284398 0.096359
v 1.765838 2.287471 0.098421
v 1.718586 2.289917 0.061945
v 1.700009 2.291008 0.000000
v 1.718586 2.289917 -0.061945
v 1.765838 2.287471 -0.098421
v 1.822843 2.284398 -0.096359
v 1.864904 2.283326 -0.058163
v 1.789460 2.165107 0.000000
v 1.777179 2.168569 0.050636
v 1.743545 2.177776 0.083579
v 1.699468 2.189150 0.085867
v 1.661503 2.199190 0.054198
v 1.647052 2.201844 0.000000
v 1.661503 2.199190 -0.054198
v 1.699468 2.189150 -0.085867
v 1.743545 2.177776 -0.083578
v 1.777179 2.168569 -0.050636
v -1.910299 2.441587 0.000000
v -1.890933 2.435800 0.063096
v -1.840233 2.420649 0.102091
v -1.777564 2.401922 0.102091
v -1.726864 2.386771 0.063096
v -1.707497 2.381058 0.000000
v -1.726864 2.386771 -0.063096
v -1.777564 2.401922 -0.102091
v -1.840233 2.420649 -0.102091
v -1.890933 2.435800 -0.063096
v -1.770645 2.617331 0.000000
v -1.758660 2.603059 0.063096
v -1.727281 2.566638 0.102091
v -1.688495 2.523218 0.102091
v -1.657117 2.489278 0.063096
v -1.645131 2.476472 0.000000
v -1.657117 2.489278 -0.063096
v -1.688495 2.523218 -0.102091
v -1.727281 2.566638 -0.102091
v -1.758660 2.603059 -0.063096
v -1.587317 2.692139 0.000000
v -1.582255 2.678571 0.057367
v -1.568784 2.642242 0.094218
v -1.551710 2.595339 0.095864
v -1.537579 2.556056 0.060016
v -1.532112 2.540689 0.000000
v -1.537579 2.556056 -0.060016
v -1.551710 2.595339 -0.095863
v -1.568784 2.642242 -0.094218
v -1.582255 2.678571 -0.057367
v -1.432799 2.690520 0.000000
v -1.431387 2.678849 0.049661
v -1.428526 2.645441 0.082256
v -1.424175 2.601878 0.084690
v -1.420870 2.564782 0.053369
v -1.419228 2.550520 0.000000
v -1.420870 2.564782 -0.053368
v -1.424175 2.601878 -0.084690
v -1.428526 2.645441 -0.082256
v -1.431387 2.678849 -0.049661
v -1.224865 2.662627 0.003021
v -1.252888 2.662627 0.060888
v -1.307853 2.623924 0.094539
v -1.331494 2.560804 0.096587
v -1.331554 2.533520 0.057638
v -1.344456 2.526974 0.000000
v -1.332512 2.534232 -0.055068
v -1.335039 2.560965 -0.082502
v -1.308140 2.623948 -0.094556
v -1.254262 2.662627 -0.054324
v -1.545181 1.653564 -0.000000
v -1.521894 1.680331 0.091649
v -1.494187 1.813751 0.144350
v -1.467189 1.899173 0.142783
v -1.457289 1.963528 0.102643
v -1.449798 2.048507 0.000000
v -1.455981 1.962595 -0.108640
v -1.466862 1.898397 -0.144933
v -1.495395 1.810415 -0.143838
v -1.521063 1.674994 -0.093805
v -1.576003 1.814859 0.000000
v -1.563453 1.834962 0.074360
v -1.530599 1.887593 0.120317
v -1.489987 1.952648 0.120317
v -1.482952 2.018448 0.074360
v -1.465635 2.047489 0.000000
v -1.482952 2.018448 -0.074360
v -1.489987 1.952648 -0.120317
v -1.530599 1.887593 -0.120317
v -1.563453 1.834962 -0.074360
v -1.635493 1.938139 0.000000
v -1.621926 1.951036 0.060324
v -1.586406 1.984802 0.097606
v -1.542501 2.026539 0.097606
v -1.506981 2.060305 0.060324
v -1.493413 2.073202 0.000000
v -1.506981 2.060305 -0.060323
v -1.542501 2.026539 -0.097605
v -1.586406 1.984802 -0.097605
v -1.621926 1.951036 -0.060323
v -1.708397 2.049968 0.000000
v -1.695701 2.058347 0.052580
v -1.662462 2.080284 0.085076
v -1.621445 2.107399 0.085076
v -1.589492 2.129293 0.052586
v -1.577564 2.137167 0.000000
v -1.589492 2.129293 -0.052586
v -1.621445 2.107399 -0.085076
v -1.662462 2.080284 -0.085076
v -1.695701 2.058347 -0.052580
v -1.879523 2.283383 0.000000
v -1.864904 2.283326 0.058163
v -1.822843 2.284398 0.096359
v -1.765838 2.287471 0.098421
v -1.718586 2.289917 0.061945
v -1.700009 2.291008 0.000000
v -1.718586 2.289917 -0.061945
v -1.765838 2.287471 -0.098421
v -1.822843 2.284398 -0.096359
v -1.864904 2.283326 -0.058163
v -1.789460 2.165107 0.000000
v -1.777179 2.168569 0.050636
v -1.743545 2.177776 0.083579
v -1.699468 2.189150 0.085867
v -1.661503 2.199190 0.054198
v -1.647052 2.201844 0.000000
v -1.661503 2.199190 -0.054198
v -1.699468 2.189150 -0.085867
v -1.743545 2.177776 -0.083578
v -1.777179 2.168569 -0.050636
vn 0.9659 0.2588 -0.0000
vn 0.8145 0.2080 0.5416
vn 0.3761 0.0731 0.9237
vn -0.2366 -0.0908 0.9673
vn -0.7675 -0.2107 0.6054
vn -0.9681 -0.2507 -0.0000
vn -0.7675 -0.2107 -0.6054
vn -0.2366 -0.0908 -0.9673
vn 0.3761 0.0731 -0.9237
vn 0.8145 0.2080 -0.5416
vn 0.5910 0.8067 -0.0000
vn 0.5053 0.6869 0.5224
vn 0.2254 0.3165 0.9214
vn -0.2055 -0.2122 0.9554
vn -0.5572 -0.6075 0.5661
vn -0.6794 -0.7338 -0.0000
vn -0.5572 -0.6075 -0.5661
vn -0.2055 -0.2122 -0.9554
vn 0.2254 0.3165 -0.9214
vn 0.5053 0.6869 -0.5224
vn 0.1897 0.9818 -0.0000
vn 0.1557 0.8606 0.4849
vn 0.0404 0.4373 0.8984
vn -0.1365 -0.2557 0.9571
vn -0.2606 -0.7909 0.5537
vn -0.2954 -0.9554 -0.0000
vn -0.2606 -0.7909 -0.5537
vn -0.1365 -0.2557 -0.9571
vn 0.0404 0.4373 -0.8984
vn 0.1557 0.8606 -0.4849
vn -0.0596 0.9982 -0.0014
vn -0.0502 0.8913 0.4507
vn -0.0212 0.4372 0.8991
vn 0.0562 -0.2964 0.9534
vn 0.1320 -0.8599 0.4932
vn 0.1263 -0.9920 -0.0021
vn 0.1091 -0.8489 -0.5172
vn 0.0276 -0.3198 -0.9471
vn -0.0337 0.4251 -0.9045
vn -0.0558 0.8926 -0.4475
vn -0.1108 0.9938 0.0016
vn -0.0874 0.9380 0.3354
vn 0.0234 0.4516 0.8919
vn 0.2586 -0.4199 0.8699
vn 0.3343 -0.8425 0.4224
vn 0.3193 -0.9477 -0.0031
vn 0.3015 -0.8412 -0.4488
vn 0.1992 -0.4552 -0.8678
vn -0.0015 0.4313 -0.9022
vn -0.0970 0.9400 -0.3272
vn 0.9781 -0.2081 -0.0039
vn 0.9090 -0.1867 0.3727
vn 0.6554 -0.0577 0.7531
vn 0.2622 0.2336 0.9363
vn -0.3239 0.5433 0.7746
vn -0.5969 0.8023 -0.0019
vn -0.2033 0.5582 -0.8044
vn 0.3022 0.2293 -0.9253
vn 0.6665 -0.0549 -0.7435
vn 0.9116 -0.1832 -0.3681
vn 0.9525 -0.3045 0.0015
vn 0.8273 -0.2431 0.5065
vn 0.5060 -0.0082 0.8625
vn -0.0530 0.3612 0.9310
vn -0.4929 0.5979 0.6321
vn -0.6804 0.7329 0.0003
vn -0.4733 0.6125 -0.6331
vn 0.0117 0.3616 -0.9323
vn 0.5132 -0.0072 -0.8582
vn 0.8302 -0.2401 -0.5032
vn 0.8741 -0.4858 -0.0000
vn 0.7477 -0.3816 0.5434
vn 0.3714 -0.0750 0.9255
vn -0.1552 0.3384 0.9281
vn -0.5565 0.6292 0.5425
vn -0.6855 0.7281 -0.0000
vn -0.5565 0.6292 -0.5425
vn -0.1552 0.3384 -0.9281
vn 0.3714 -0.0750 -0.9255
vn 0.7477 -0.3816 -0.5434
vn 0.8244 -0.5661 -0.0000
vn 0.6975 -0.4756 0.5360
vn 0.3113 -0.1762 0.9338
vn -0.2099 0.2838 0.9356
vn -0.5579 0.6427 0.5250
vn -0.6529 0.7574 -0.0000
vn -0.5579 0.6427 -0.5250
vn -0.2099 0.2838 -0.9356
vn 0.3113 -0.1762 -0.9338
vn 0.6975 -0.4756 -0.5360
vn 0.9155 -0.4023 -0.0000
vn 0.7916 -0.3666 0.4888
vn 0.3755 -0.2364 0.8962
vn -0.2644 0.0097 0.9644
vn -0.7790 0.2400 0.5793
vn -0.9480 0.3183 -0.0000
vn -0.7790 0.2400 -0.5793
vn -0.2644 0.0097 -0.9644
vn 0.3755 -0.2364 -0.8962
vn 0.7916 -0.3666 -0.4888
vn 0.8015 -0.5979 -0.0000
vn 0.6939 -0.5373 0.4794
vn 0.3148 -0.2906 0.9036
vn -0.2672 0.1535 0.9513
vn -0.6708 0.5177 0.5311
vn -0.7743 0.6328 -0.0000
vn -0.6708 0.5177 -0.5311
vn -0.2672 0.1535 -0.9513
vn 0.3148 -0.2906 -0.9036
vn 0.6939 -0.5373 -0.4794
vn -0.9659 0.2588 -0.0000
vn -0.8145 0.2080 0.5416
vn -0.3761 0.0731 0.9237
vn 0.2366 -0.0908 0.9673
vn 0.7675 -0.2107 0.6054
vn 0.9681 -0.2507 -0.0000
vn 0.7675 -0.2107 -0.6054
vn 0.2366 -0.0908 -0.9673
vn -0.3761 0.0731 -0.9237
vn -0.8145 0.2080 -0.5416
vn -0.5910 0.8067 -0.0000
vn -0.5053 0.6869 0.5224
vn -0.2254 0.3165 0.9214
vn 0.2055 -0.2122 0.9554
vn 0.5572 -0.6075 0.5661
vn 0.6794 -0.7338 -0.0000
vn 0.5572 -0.6075 -0.5661
vn 0.2055 -0.2122 -0.9554
vn -0.2254 0.3165 -0.9214
vn -0.5053 0.6869 -0.5224
vn -0.1897 0.9818 -0.0000
vn -0.1557 0.8606 0.4849
vn -0.0404 0.4373 0.8984
vn 0.1365 -0.2557 0.9571
vn 0.2606 -0.7909 0.5537
vn 0.2954 -0.9554 -0.0000
vn 0.2606 -0.7909 -0.5537
vn 0.1365 -0.2557 -0.9571
vn -0.0404 0.4373 -0.8984
vn -0.1557 0.8606 -0.4849
vn 0.0596 0.9982 -0.0014
vn 0.0502 0.8913 0.4507
vn 0.0212 0.4372 0.8991
vn -0.0562 -0.2964 0.9534
vn -0.1320 -0.8599 0.4932
vn -0.1263 -0.9920 -0.0021
vn -0.1091 -0.8489 -0.5172
vn -0.0276 -0.3198 -0.9471
vn 0.0337 0.4251 -0.9045
vn 0.0558 0.8926 -0.4475
vn 0.1108 0.9938 0.0016
vn 0.0874 0.9380 0.3354
vn -0.0234 0.4516 0.8919
vn -0.2586 -0.4199 0.8699
vn -0.3343 -0.8425 0.4224
vn -0.3193 -0.9477 -0.0031
vn -0.3015 -0.8412 -0.4488
vn -0.1992 -0.4552 -0.8678
vn 0.0015 0.4313 -0.9022
vn 0.0970 0.9400 -0.3272
vn -0.9781 -0.2081 -0.0039
vn -0.9090 -0.1867 0.3727
vn -0.6554 -0.0577 0.7531
vn -0.2622 0.2336 0.9363
vn 0.3239 0.5433 0.7746
vn 0.5969 0.8023 -0.0019
vn 0.2033 0.5582 -0.8044
vn -0.3022 0.2293 -0.9253
vn -0.6665 -0.0549 -0.7435
vn -0.9116 -0.1832 -0.3681
vn -0.9525 -0.3045 0.0015
vn -0.8273 -0.2431 0.5065
vn -0.5060 -0.0082 0.8625
vn 0.0530 0.3612 0.9310
vn 0.4929 0.5979 0.6321
vn 0.6804 0.7329 0.0003
vn 0.4733 0.6125 -0.6331
vn -0.0117 0.3616 -0.9323
vn -0.5132 -0.0072 -0.8582
vn -0.8302 -0.2401 -0.5032
vn -0.8741 -0.4858 -0.0000
vn -0.7477 -0.3816 0.5434
vn -0.3714 -0.0750 0.9255
vn 0.1552 0.3384 0.9281
vn 0.5565 0.6292 0.5425
vn 0.6855 0.7281 -0.0000
vn 0.5565 0.6292 -0.5425
vn 0.1552 0.3384 -0.9281
vn -0.3714 -0.0750 -0.9255
vn -0.7477 -0.3816 -0.5434
vn -0.8244 -0.5661 -0.0000
vn -0.6975 -0.4756 0.5360
vn -0.3113 -0.1762 0.9338
vn 0.2099 0.2838 0.9356
vn 0.5579 0.6427 0.5250
vn 0.6529 0.7574 -0.0000
vn 0.5579 0.6427 -0.5250
vn 0.2099 0.2838 -0.9356
vn -0.3113 -0.1762 -0.9338
vn -0.6975 -0.4756 -0.5360
vn -0.9155 -0.4023 -0.0000
vn -0.7916 -0.3666 0.4888
vn -0.3755 -0.2364 0.8962
vn 0.2644 0.0097 0.9644
vn 0.7790 0.2400 0.5793
vn 0.9480 0.3183 -0.0000
vn 0.7790 0.2400 -0.5793
vn 0.2644 0.0097 -0.9644
vn -0.3755 -0.2364 -0.8962
vn -0.7916 -0.3666 -0.4888
vn -0.8015 -0.5979 -0.0000
vn -0.6939 -0.5373 0.4794
vn -0.3148 -0.2906 0.9036
vn 0.2672 0.1535 0.9513
vn 0.6708 0.5177 0.5311
vn 0.7743 0.6328 -0.0000
vn 0.6708 0.5177 -0.5311
vn 0.2672 0.1535 -0.9513
vn -0.3148 -0.2906 -0.9036
vn -0.6939 -0.5373 -0.4794
vt 0.682690 0.443992
vt 0.682690 0.464381
vt 0.676549 0.464058
vt 0.677334 0.443694
vt 0.670100 0.463334
vt 0.671566 0.443156
vt 0.663061 0.462345
vt 0.664741 0.442373
vt 0.654792 0.461340
vt 0.656282 0.441518
vt 0.645007 0.460504
vt 0.646458 0.440920
vt 0.718922 0.440920
vt 0.720374 0.460504
vt 0.710588 0.461340
vt 0.709098 0.441518
vt 0.702320 0.462345
vt 0.700639 0.442373
vt 0.695280 0.463334
vt 0.693814 0.443156
vt 0.688831 0.464058
vt 0.688046 0.443694
vt 0.682690 0.483572
vt 0.676287 0.483588
vt 0.669662 0.483500
vt 0.662338 0.483272
vt 0.653685 0.482802
vt 0.644030 0.482055
vt 0.721350 0.482055
vt 0.711696 0.482802
vt 0.703042 0.483272
vt 0.695718 0.483500
vt 0.689093 0.483588
vt 0.682690 0.502356
vt 0.675380 0.502416
vt 0.667895 0.502486
vt 0.659921 0.502581
vt 0.651096 0.501935
vt 0.641897 0.500235
vt 0.723483 0.500235
vt 0.714284 0.501935
vt 0.705460 0.502581
vt 0.697485 0.502486
vt 0.690000 0.502416
vt 0.682690 0.529448
vt 0.671837 0.529626
vt 0.661376 0.530206
vt 0.651158 0.530640
vt 0.641031 0.529954
vt 0.630716 0.527066
vt 0.734664 0.527066
vt 0.724349 0.529954
vt 0.714222 0.530640
vt 0.704005 0.530206
vt 0.693544 0.529626
vt 0.682690 0.316791
vt 0.682690 0.336225
vt 0.671090 0.338489
vt 0.669396 0.320139
vt 0.660174 0.344699
vt 0.658318 0.329120
vt 0.650315 0.353170
vt 0.650007 0.341147
vt 0.641235 0.361272
vt 0.641549 0.352731
vt 0.631086 0.366419
vt 0.629586 0.359108
vt 0.735795 0.359108
vt 0.734294 0.366419
vt 0.724145 0.361272
vt 0.723831 0.352731
vt 0.715066 0.353170
vt 0.715373 0.341147
vt 0.705206 0.344699
vt 0.707062 0.329120
vt 0.694290 0.338489
vt 0.695984 0.320139
vt 0.682690 0.360662
vt 0.672339 0.361721
vt 0.662244 0.364743
vt 0.652666 0.368851
vt 0.643614 0.373003
vt 0.634878 0.376583
vt 0.730503 0.376583
vt 0.721767 0.373003
vt 0.712714 0.368851
vt 0.703136 0.364743
vt 0.693042 0.361721
vt 0.682690 0.384916
vt 0.673878 0.385376
vt 0.665411 0.386502
vt 0.657207 0.388009
vt 0.649098 0.389930
vt 0.640916 0.392216
vt 0.724464 0.392216
vt 0.716283 0.389930
vt 0.708173 0.388009
vt 0.699970 0.386502
vt 0.691502 0.385376
vt 0.682690 0.408629
vt 0.682690 0.428199
vt 0.676688 0.427898
vt 0.675259 0.408565
vt 0.670748 0.427104
vt 0.668205 0.408067
vt 0.664136 0.425917
vt 0.661310 0.407094
vt 0.656104 0.424892
vt 0.653452 0.406553
vt 0.646394 0.424819
vt 0.644770 0.407176
vt 0.720611 0.407176
vt 0.718986 0.424819
vt 0.709277 0.424892
vt 0.711929 0.406553
vt 0.701245 0.425917
vt 0.704070 0.407094
vt 0.694632 0.427104
vt 0.697175 0.408067
vt 0.688693 0.427898
vt 0.690121 0.408565
s 1
usemtl cauldron
f 673/225/626 683/226/636 684/227/637 674/228/627
f 674/228/627 684/227/637 685/229/638 675/230/628
f 675/230/628 685/229/638 686/231/639 676/232/629
f 676/232/629 686/231/639 687/233/640 677/234/630
f 677/234/630 687/233/640 688/235/641 678/236/631
f 678/237/631 688/238/641 689/239/642 679/240/632
f 679/240/632 689/239/642 690/241/643 680/242/633
f 680/242/633 690/241/643 691/243/644 681/244/634
f 681/244/634 691/243/644 692/245/645 682/246/635
f 682/246/635 692/245/645 683/226/636 673/225/626
f 683/226/636 693/247/646 694/248/647 684/227/637
f 684/227/637 694/248/647 695/249/648 685/229/638
f 685/229/638 695/249/648 696/250/649 686/231/639
f 686/231/639 696/250/649 697/251/650 687/233/640
f 687/233/640 697/251/650 698/252/651 688/235/641
f 688/238/641 698/253/651 699/254/652 689/239/642
f 689/239/642 699/254/652 700/255/653 690/241/643
f 690/241/643 700/255/653 701/256/654 691/243/644
f 691/243/644 701/256/654 702/257/655 692/245/645
f 692/245/645 702/257/655 693/247/646 683/226/636
f 693/247/646 703/258/656 704/259/657 694/248/647
f 694/248/647 704/259/657 705/260/658 695/249/648
f 695/249/648 705/260/658 706/261/659 696/250/649
f 696/250/649 706/261/659 707/262/660 697/251/650
f 697/251/650 707/262/660 708/263/661 698/252/651
f 698/253/651 708/264/661 709/265/662 699/254/652
f 699/254/652 709/265/662 710/266/663 700/255/653
f 700/255/653 710/266/663 711/267/664 701/256/654
f 701/256/654 711/267/664 712/268/665 702/257/655
f 702/257/655 712/268/665 703/258/656 693/247/646
f 703/258/656 713/269/666 714/270/667 704/259/657
f 704/259/657 714/270/667 715/271/668 705/260/658
f 705/260/658 715/271/668 716/272/669 706/261/659
f 706/261/659 716/272/669 717/273/670 707/262/660
f 707/262/660 717/273/670 718/274/671 708/263/661
f 708/264/661 718/275/671 719/276/672 709/265/662
f 709/265/662 719/276/672 720/277/673 710/266/663
f 710/266/663 720/277/673 721/278/674 711/267/664
f 711/267/664 721/278/674 722/279/675 712/268/665
f 712/268/665 722/279/675 713/269/666 703/258/656
f 723/280/676 733/281/686 734/282/687 724/283/677
f 724/283/677 734/282/687 735/284/688 725/285/678
f 725/285/678 735/284/688 736/286/689 726/287/679
f 726/287/679 736/286/689 737/288/690 727/289/680
f 727/289/680 737/288/690 738/290/691 728/291/681
f 728/292/681 738/293/691 739/294/692 729/295/682
f 729/295/682 739/294/692 740/296/693 730/297/683
f 730/297/683 740/296/693 741/298/694 731/299/684
f 731/299/684 741/298/694 742/300/695 732/301/685
f 732/301/685 742/300/695 733/281/686 723/280/676
f 733/281/686 743/302/696 744/303/697 734/282/687
f 734/282/687 744/303/697 745/304/698 735/284/688
f 735/284/688 745/304/698 746/305/699 736/286/689
f 736/286/689 746/305/699 747/306/700 737/288/690
f 737/288/690 747/306/700 748/307/701 738/290/691
f 738/293/691 748/308/701 749/309/702 739/294/692
f 739/294/692 749/309/702 750/310/703 740/296/693
f 740/296/693 750/310/703 751/311/704 741/298/694
f 741/298/694 751/311/704 752/312/705 742/300/695
f 742/300/695 752/312/705 743/302/696 733/281/686
f 743/302/696 753/313/706 754/314/707 744/303/697
f 744/303/697 754/314/707 755/315/708 745/304/698
f 745/304/698 755/315/708 756/316/709 746/305/699
f 746/305/699 756/316/709 757/317/710 747/306/700
f 747/306/700 757/317/710 758/318/711 748/307/701
f 748/308/701 758/319/711 759/320/712 749/309/702
f 749/309/702 759/320/712 760/321/713 750/310/703
f 750/310/703 760/321/713 761/322/714 751/311/704
f 751/311/704 761/322/714 762/323/715 752/312/705
f 752/312/705 762/323/715 753/313/706 743/302/696
f 773/324/726 763/325/716 764/326/717 774/327/727
f 774/327/727 764/326/717 765/328/718 775/329/728
f 775/329/728 765/328/718 766/330/719 776/331/729
f 776/331/729 766/330/719 767/332/720 777/333/730
f 777/333/730 767/332/720 768/334/721 778/335/731
f 778/336/731 768/337/721 769/338/722 779/339/732
f 779/339/732 769/338/722 770/340/723 780/341/733
f 780/341/733 770/340/723 771/342/724 781/343/734
f 781/343/734 771/342/724 772/344/725 782/345/735
f 782/345/735 772/344/725 763/325/716 773/324/726
f 763/325/716 673/225/626 674/228/627 764/326/717
f 764/326/717 674/228/627 675/230/628 765/328/718
f 765/328/718 675/230/628 676/232/629 766/330/719
f 766/330/719 676/232/629 677/234/630 767/332/720
f 767/332/720 677/234/630 678/236/631 768/334/721
f 768/337/721 678/237/631 679/240/632 769/338/722
f 769/338/722 679/240/632 680/242/633 770/340/723
f 770/340/723 680/242/633 681/244/634 771/342/724
f 771/342/724 681/244/634 682/246/635 772/344/725
f 772/344/725 682/246/635 673/225/626 763/325/716
f 762/323/715 782/345/735 773/324/726 753/313/706
f 761/322/714 781/343/734 782/345/735 762/323/715
f 760/321/713 780/341/733 781/343/734 761/322/714
f 759/320/712 779/339/732 780/341/733 760/321/713
f 758/319/711 778/336/731 779/339/732 759/320/712
f 757/317/710 777/333/730 778/335/731 758/318/711
f 756/316/709 776/331/729 777/333/730 757/317/710
f 755/315/708 775/329/728 776/331/729 756/316/709
f 754/314/707 774/327/727 775/329/728 755/315/708
f 753/313/706 773/324/726 774/327/727 754/314/707
f 783/225/736 784/228/737 794/227/747 793/226/746
f 784/228/737 785/230/738 795/229/748 794/227/747
f 785/230/738 786/232/739 796/231/749 795/229/748
f 786/232/739 787/234/740 797/233/750 796/231/749
f 787/234/740 788/236/741 798/235/751 797/233/750
f 788/237/741 789/240/742 799/239/752 798/238/751
f 789/240/742 790/242/743 800/241/753 799/239/752
f 790/242/743 791/244/744 801/243/754 800/241/753
f 791/244/744 792/246/745 802/245/755 801/243/754
f 792/246/745 783/225/736 793/226/746 802/245/755
f 793/226/746 794/227/747 804/248/757 803/247/756
f 794/227/747 795/229/748 805/249/758 804/248/757
f 795/229/748 796/231/749 806/250/759 805/249/758
f 796/231/749 797/233/750 807/251/760 806/250/759
f 797/233/750 798/235/751 808/252/761 807/251/760
f 798/238/751 799/239/752 809/254/762 808/253/761
f 799/239/752 800/241/753 810/255/763 809/254/762
f 800/241/753 801/243/754 811/256/764 810/255/763
f 801/243/754 802/245/755 812/257/765 811/256/764
f 802/245/755 793/226/746 803/247/756 812/257/765
f 803/247/756 804/248/757 814/259/767 813/258/766
f 804/248/757 805/249/758 815/260/768 814/259/767
f 805/249/758 806/250/759 816/261/769 815/260/768
f 806/250/759 807/251/760 817/262/770 816/261/769
f 807/251/760 808/252/761 818/263/771 817/262/770
f 808/253/761 809/254/762 819/265/772 818/264/771
f 809/254/762 810/255/763 820/266/773 819/265/772
f 810/255/763 811/256/764 821/267/774 820/266/773
f 811/256/764 812/257/765 822/268/775 821/267/774
f 812/257/765 803/247/756 813/258/766 822/268/775
f 813/258/766 814/259/767 824/270/777 823/269/776
f 814/259/767 815/260/768 825/271/778 824/270/777
f 815/260/768 816/261/769 826/272/779 825/271/778
f 816/261/769 817/262/770 827/273/780 826/272/779
f 817/262/770 818/263/771 828/274/781 827/273/780
f 818/264/771 819/265/772 829/276/782 828/275/781
f 819/265/772 820/266/773 830/277/783 829/276/782
f 820/266/773 821/267/774 831/278/784 830/277/783
f 821/267/774 822/268/775 832/279/785 831/278/784
f 822/268/775 813/258/766 823/269/776 832/279/785
f 833/280/786 834/283/787 844/282/797 843/281/796
f 834/283/787 835/285/788 845/284/798 844/282/797
f 835/285/788 836/287/789 846/286/799 845/284/798
f 836/287/789 837/289/790 847/288/800 846/286/799
f 837/289/790 838/291/791 848/290/801 847/288/800
f 838/292/791 839/295/792 849/294/802 848/293/801
f 839/295/792 840/297/793 850/296/803 849/294/802
f 840/297/793 841/299/794 851/298/804 850/296/803
f 841/299/794 842/301/795 852/300/805 851/298/804
f 842/301/795 833/280/786 843/281/796 852/300/805
f 843/281/796 844/282/797 854/303/807 853/302/806
f 844/282/797 845/284/798 855/304/808 854/303/807
f 845/284/798 846/286/799 856/305/809 855/304/808
f 846/286/799 847/288/800 857/306/810 856/305/809
f 847/288/800 848/290/801 858/307/811 857/306/810
f 848/293/801 849/294/802 859/309/812 858/308/811
f 849/294/802 850/296/803 860/310/813 859/309/812
f 850/296/803 851/298/804 861/311/814 860/310/813
f 851/298/804 852/300/805 862/312/815 861/311/814
f 852/300/805 843/281/796 853/302/806 862/312/815
f 853/302/806 854/303/807 864/314/817 863/313/816
f 854/303/807 855/304/808 865/315/818 864/314/817
f 855/304/808 856/305/809 866/316/819 865/315/818
f 856/305/809 857/306/810 867/317/820 866/316/819
f 857/306/810 858/307/811 868/318/821 867/317/820
f 858/308/811 859/309/812 869/320/822 868/319/821
f 859/309/812 860/310/813 870/321/823 869/320/822
f 860/310/813 861/311/814 871/322/824 870/321/823
f 861/311/814 862/312/815 872/323/825 871/322/824
f 862/312/815 853/302/806 863/313/816 872/323/825
f 883/324/836 884/327/837 874/326/827 873/325/826
f 884/327/837 885/329/838 875/328/828 874/326/827
f 885/329/838 886/331/839 876/330/829 875/328/828
f 886/331/839 887/333/840 877/332/830 876/330/829
f 887/333/840 888/335/841 878/334/831 877/332/830
f 888/336/841 889/339/842 879/338/832 878/337/831
f 889/339/842 890/341/843 880/340/833 879/338/832
f 890/341/843 891/343/844 881/342/834 880/340/833
f 891/343/844 892/345/845 882/344/835 881/342/834
f 892/345/845 883/324/836 873/325/826 882/344/835
f 873/325/826 874/326/827 784/228/737 783/225/736
f 874/326/827 875/328/828 785/230/738 784/228/737
f 875/328/828 876/330/829 786/232/739 785/230/738
f 876/330/829 877/332/830 787/234/740 786/232/739
f 877/332/830 878/334/831 788/236/741 787/234/740
f 878/337/831 879/338/832 789/240/742 788/237/741
f 879/338/832 880/340/833 790/242/743 789/240/742
f 880/340/833 881/342/834 791/244/744 790/242/743
f 881/342/834 882/344/835 792/246/745 791/244/744
f 882/344/835 873/325/826 783/225/736 792/246/745
f 872/323/825 863/313/816 883/324/836 892/345/845
f 871/322/824 872/323/825 892/345/845 891/343/844
f 870/321/823 871/322/824 891/343/844 890/341/843
f 869/320/822 870/321/823 890/341/843 889/339/842
f 868/319/821 869/320/822 889/339/842 888/336/841
f 867/317/820 868/318/821 888/335/841 887/333/840
f 866/316/819 867/317/820 887/333/840 886/331/839
f 865/315/818 866/316/819 886/331/839 885/329/838
f 864/314/817 865/315/818 885/329/838 884/327/837
f 863/313/816 864/314/817 884/327/837 883/324/836
o Asa.003
v 1.534560 2.182281 0.549448
v 1.525638 2.200868 0.567103
v 1.502278 2.212356 0.578014
v 1.473405 2.212356 0.578014
v 1.450045 2.200868 0.567103
v 1.441123 2.182281 0.549448
v 1.450045 2.163693 0.531794
v 1.473405 2.152205 0.520883
v 1.502278 2.152205 0.520883
v 1.525638 2.163693 0.531794
v 1.526164 2.307820 0.369698
v 1.517242 2.326425 0.387328
v 1.493883 2.337959 0.398173
v 1.465009 2.338016 0.398091
v 1.441650 2.326575 0.387114
v 1.432727 2.308005 0.369434
v 1.441650 2.289399 0.351805
v 1.465009 2.277865 0.340960
v 1.493883 2.277808 0.341041
v 1.517242 2.289250 0.352019
v 1.496685 2.563225 0.152305
v 1.489366 2.564802 0.178699
v 1.466587 2.565816 0.195005
v 1.437742 2.565840 0.194996
v 1.413802 2.564864 0.178676
v 1.403162 2.563301 0.152276
v 1.410187 2.561709 0.125883
v 1.432036 2.560695 0.109577
v 1.460910 2.560671 0.109585
v 1.485898 2.561647 0.125906
v 0.596212 1.414220 1.649176
v 0.592797 1.437207 1.660532
v 0.583858 1.460210 1.654954
v 0.572809 1.474445 1.634573
v 0.563869 1.474473 1.607173
v 0.560455 1.460284 1.583221
v 0.563869 1.437297 1.571864
v 0.572809 1.414294 1.577442
v 0.583858 1.400059 1.597823
v 0.592797 1.400031 1.625223
v 1.101655 1.594432 1.391144
v 1.095346 1.616386 1.403978
v 1.078828 1.636688 1.402269
v 1.058411 1.647583 1.386670
v 1.041893 1.644909 1.363139
v 1.035584 1.629688 1.340664
v 1.041893 1.607734 1.327830
v 1.058411 1.587432 1.329539
v 1.078828 1.576537 1.345138
v 1.095346 1.579211 1.368669
v 1.439382 1.864139 1.004971
v 1.431139 1.884549 1.020017
v 1.409557 1.900807 1.024098
v 1.382881 1.906703 1.015656
v 1.361300 1.899985 0.997915
v 1.353057 1.883219 0.977651
v 1.361300 1.862810 0.962606
v 1.382881 1.846552 0.958525
v 1.409557 1.840656 0.966967
v 1.431139 1.847374 0.984708
v 1.507892 2.496830 0.141661
v 1.498970 2.503232 0.168283
v 1.475610 2.507217 0.184727
v 1.446736 2.507264 0.184714
v 1.423377 2.503355 0.168247
v 1.414453 2.496982 0.141617
v 1.423260 2.490580 0.114996
v 1.446458 2.490006 0.099868
v 1.475334 2.489959 0.099881
v 1.498943 2.490457 0.115031
v 1.486195 2.620693 0.139648
v 1.479015 2.628613 0.165768
v 1.456732 2.633522 0.181905
v 1.427858 2.633546 0.181896
v 1.403423 2.628675 0.165744
v 1.392758 2.620770 0.139619
v 1.400070 2.612850 0.113500
v 1.422566 2.607941 0.097363
v 1.451439 2.607918 0.097371
v 1.475662 2.612789 0.113523
v 1.478476 2.672220 0.090547
v 1.469553 2.689505 0.109910
v 1.446194 2.700197 0.121864
v 1.417320 2.700214 0.121844
v 1.393961 2.689549 0.109856
v 1.385038 2.672276 0.090481
v 1.393961 2.654992 0.071118
v 1.417320 2.644299 0.059164
v 1.446194 2.644282 0.059184
v 1.469553 2.654947 0.071172
v 1.474160 2.694535 -0.005278
v 1.465237 2.718140 -0.006301
v 1.441878 2.732728 -0.006933
v 1.413004 2.732726 -0.006962
v 1.389645 2.718133 -0.006377
v 1.380722 2.694527 -0.005372
v 1.389645 2.670923 -0.004331
v 1.413004 2.656335 -0.003699
v 1.441878 2.656337 -0.003670
v 1.465237 2.670929 -0.004255
v 1.478476 2.661580 -0.100259
v 1.469553 2.678244 -0.119105
v 1.446194 2.688532 -0.130766
v 1.417320 2.688514 -0.130787
v 1.393961 2.678197 -0.119161
v 1.385038 2.661523 -0.100327
v 1.393961 2.644858 -0.081481
v 1.417320 2.634571 -0.069821
v 1.446194 2.634588 -0.069800
v 1.469553 2.644905 -0.081426
v 1.482493 2.601943 -0.140745
v 1.475572 2.605852 -0.167630
v 1.453769 2.608252 -0.184250
v 1.424935 2.608227 -0.184256
v 1.400030 2.605787 -0.167645
v 1.389056 2.601863 -0.140764
v 1.395933 2.597955 -0.113878
v 1.418270 2.595554 -0.097258
v 1.447144 2.595579 -0.097253
v 1.471526 2.598019 -0.113863
v 1.488370 2.545097 -0.150801
v 1.481251 2.543469 -0.177766
v 1.458622 2.542474 -0.194428
v 1.429766 2.542449 -0.194422
v 1.405656 2.543406 -0.177749
v 1.394878 2.545018 -0.150781
v 1.401690 2.546644 -0.123817
v 1.423460 2.547665 -0.107156
v 1.452335 2.547689 -0.107162
v 1.477429 2.546708 -0.123833
v 1.493527 2.484606 -0.133454
v 1.484658 2.476135 -0.158891
v 1.461299 2.470909 -0.174612
v 1.432425 2.470888 -0.174598
v 1.409066 2.476079 -0.158853
v 1.400054 2.484537 -0.133408
v 1.407816 2.493008 -0.107971
v 1.430073 2.498256 -0.092259
v 1.458946 2.498277 -0.092274
v 1.483509 2.493064 -0.108009
v 1.496954 2.423809 -0.092141
v 1.488032 2.406109 -0.110327
v 1.464673 2.395178 -0.121573
v 1.435799 2.395166 -0.121548
v 1.412439 2.406076 -0.110262
v 1.403517 2.423768 -0.092061
v 1.412439 2.441468 -0.073875
v 1.435676 2.452414 -0.062650
v 1.464550 2.452427 -0.062674
v 1.488032 2.441501 -0.073939
v 1.496967 2.401992 0.007288
v 1.488045 2.378751 0.008190
v 1.464685 2.364328 0.007729
v 1.435811 2.364405 0.008945
v 1.412452 2.378766 0.008265
v 1.403529 2.402011 0.007380
v 1.412452 2.425245 0.006356
v 1.435811 2.439600 0.005687
v 1.464685 2.439594 0.005659
v 1.488045 2.425230 0.006281
v 1.510806 2.462076 0.153672
v 1.501884 2.474417 0.177419
v 1.478524 2.482071 0.192077
v 1.449651 2.482116 0.192046
v 1.426291 2.474533 0.177338
v 1.417369 2.462219 0.153572
v 1.426291 2.449878 0.129824
v 1.449651 2.442223 0.115167
v 1.478524 2.442179 0.115198
v 1.501884 2.449762 0.129905
v 1.489299 2.409362 0.058183
v 1.481841 2.389935 0.058937
v 1.462316 2.377869 0.058357
v 1.438181 2.377944 0.059568
v 1.418656 2.389948 0.059000
v 1.411198 2.409378 0.058260
v 1.418656 2.428798 0.057404
v 1.438181 2.440797 0.056845
v 1.462316 2.440792 0.056821
v 1.481841 2.428786 0.057342
v 1.471850 2.410670 0.080032
v 1.467724 2.399924 0.080449
v 1.456924 2.393288 0.080785
v 1.443573 2.393291 0.080799
v 1.432772 2.399931 0.080484
v 1.428647 2.410679 0.080075
v 1.432772 2.421422 0.079601
v 1.443573 2.428059 0.079292
v 1.456924 2.428056 0.079279
v 1.467724 2.421415 0.079567
v 1.440120 2.410677 0.080072
v 1.460380 2.410673 0.080052
v 0.091408 1.480720 1.735961
v -0.092723 1.441631 1.791463
v 0.000000 1.445557 1.806201
v 0.092723 1.441631 1.791463
v -0.093745 1.381346 1.808936
v -0.094129 1.322341 1.781969
v 0.000000 1.378509 1.825199
v 0.000000 1.313178 1.795181
v 0.094129 1.322341 1.781969
v 0.093745 1.381346 1.808936
v -1.534560 2.182281 0.549448
v -1.525638 2.200868 0.567103
v -1.502278 2.212356 0.578014
v -1.473405 2.212356 0.578014
v -1.450045 2.200868 0.567103
v -1.441123 2.182281 0.549448
v -1.450045 2.163693 0.531794
v -1.473405 2.152205 0.520883
v -1.502278 2.152205 0.520883
v -1.525638 2.163693 0.531794
v -1.526164 2.307820 0.369698
v -1.517242 2.326425 0.387328
v -1.493883 2.337959 0.398173
v -1.465009 2.338016 0.398091
v -1.441650 2.326575 0.387114
v -1.432727 2.308005 0.369434
v -1.441650 2.289399 0.351805
v -1.465009 2.277865 0.340960
v -1.493883 2.277808 0.341041
v -1.517242 2.289250 0.352019
v -1.496685 2.563225 0.152305
v -1.489365 2.564802 0.178699
v -1.466587 2.565816 0.195005
v -1.437742 2.565840 0.194996
v -1.413802 2.564864 0.178676
v -1.403162 2.563301 0.152276
v -1.410187 2.561709 0.125883
v -1.432036 2.560695 0.109577
v -1.460910 2.560671 0.109585
v -1.485898 2.561647 0.125906
v -0.596212 1.414220 1.649176
v -0.592797 1.437207 1.660532
v -0.583858 1.460210 1.654954
v -0.572809 1.474445 1.634573
v -0.563869 1.474473 1.607173
v -0.560455 1.460284 1.583221
v -0.563869 1.437297 1.571864
v -0.572809 1.414294 1.577442
v -0.583858 1.400059 1.597823
v -0.592797 1.400031 1.625223
v -1.101655 1.594432 1.391144
v -1.095346 1.616386 1.403978
v -1.078828 1.636688 1.402269
v -1.058411 1.647583 1.386670
v -1.041894 1.644909 1.363139
v -1.035584 1.629688 1.340664
v -1.041894 1.607734 1.327830
v -1.058411 1.587432 1.329539
v -1.078828 1.576537 1.345138
v -1.095346 1.579211 1.368669
v -1.439382 1.864139 1.004971
v -1.431138 1.884549 1.020017
v -1.409557 1.900807 1.024098
v -1.382881 1.906703 1.015656
v -1.361300 1.899985 0.997915
v -1.353057 1.883219 0.977651
v -1.361300 1.862810 0.962606
v -1.382881 1.846552 0.958525
v -1.409557 1.840656 0.966967
v -1.431138 1.847374 0.984708
v -1.507892 2.496830 0.141661
v -1.498970 2.503232 0.168283
v -1.475610 2.507217 0.184727
v -1.446736 2.507264 0.184714
v -1.423377 2.503355 0.168247
v -1.414453 2.496982 0.141617
v -1.423260 2.490580 0.114996
v -1.446458 2.490006 0.099868
v -1.475334 2.489959 0.099881
v -1.498943 2.490457 0.115031
v -1.486195 2.620693 0.139648
v -1.479015 2.628613 0.165768
v -1.456732 2.633522 0.181905
v -1.427858 2.633546 0.181896
v -1.403423 2.628675 0.165744
v -1.392758 2.620770 0.139619
v -1.400070 2.612850 0.113500
v -1.422566 2.607941 0.097363
v -1.451439 2.607918 0.097371
v -1.475662 2.612789 0.113523
v -1.478476 2.672220 0.090547
v -1.469553 2.689505 0.109910
v -1.446194 2.700197 0.121864
v -1.417320 2.700214 0.121844
v -1.393961 2.689549 0.109856
v -1.385038 2.672276 0.090481
v -1.393961 2.654992 0.071118
v -1.417320 2.644299 0.059164
v -1.446194 2.644282 0.059184
v -1.469553 2.654947 0.071172
v -1.474160 2.694535 -0.005278
v -1.465237 2.718140 -0.006301
v -1.441878 2.732728 -0.006933
v -1.413004 2.732726 -0.006962
v -1.389645 2.718133 -0.006377
v -1.380722 2.694527 -0.005372
v -1.389645 2.670923 -0.004331
v -1.413004 2.656335 -0.003699
v -1.441878 2.656337 -0.003670
v -1.465237 2.670929 -0.004255
v -1.478476 2.661580 -0.100259
v -1.469553 2.678244 -0.119105
v -1.446194 2.688532 -0.130766
v -1.417320 2.688514 -0.130787
v -1.393961 2.678197 -0.119161
v -1.385038 2.661523 -0.100327
v -1.393961 2.644858 -0.081481
v -1.417320 2.634571 -0.069821
v -1.446194 2.634588 -0.069800
v -1.469553 2.644905 -0.081426
v -1.482493 2.601943 -0.140745
v -1.475572 2.605852 -0.167630
v -1.453769 2.608252 -0.184250
v -1.424935 2.608227 -0.184256
v -1.400030 2.605787 -0.167645
v -1.389056 2.601863 -0.140764
v -1.395933 2.597955 -0.113878
v -1.418270 2.595554 -0.097258
v -1.447144 2.595579 -0.097253
v -1.471526 2.598019 -0.113863
v -1.488370 2.545097 -0.150801
v -1.481251 2.543469 -0.177766
v -1.458622 2.542474 -0.194428
v -1.429766 2.542449 -0.194422
v -1.405656 2.543406 -0.177749
v -1.394878 2.545018 -0.150781
v -1.401690 2.546644 -0.123817
v -1.423460 2.547665 -0.107156
v -1.452335 2.547689 -0.107162
v -1.477429 2.546708 -0.123833
v -1.493527 2.484606 -0.133454
v -1.484658 2.476135 -0.158891
v -1.461299 2.470909 -0.174612
v -1.432425 2.470888 -0.174598
v -1.409066 2.476079 -0.158853
v -1.400054 2.484537 -0.133408
v -1.407816 2.493008 -0.107971
v -1.430073 2.498256 -0.092259
v -1.458946 2.498277 -0.092274
v -1.483509 2.493064 -0.108009
v -1.496954 2.423809 -0.092141
v -1.488032 2.406109 -0.110327
v -1.464673 2.395178 -0.121573
v -1.435799 2.395166 -0.121548
v -1.412439 2.406076 -0.110262
v -1.403517 2.423768 -0.092061
v -1.412439 2.441468 -0.073875
v -1.435676 2.452414 -0.062650
v -1.464550 2.452427 -0.062674
v -1.488032 2.441501 -0.073939
v -1.496967 2.401992 0.007288
v -1.488045 2.378751 0.008190
v -1.464685 2.364328 0.007729
v -1.435811 2.364405 0.008945
v -1.412452 2.378766 0.008265
v -1.403529 2.402011 0.007380
v -1.412452 2.425245 0.006356
v -1.435811 2.439600 0.005687
v -1.464685 2.439594 0.005659
v -1.488045 2.425230 0.006281
v -1.510806 2.462076 0.153672
v -1.501884 2.474417 0.177419
v -1.478524 2.482071 0.192077
v -1.449651 2.482116 0.192046
v -1.426291 2.474533 0.177338
v -1.417369 2.462219 0.153572
v -1.426291 2.449878 0.129824
v -1.449651 2.442223 0.115167
v -1.478524 2.442179 0.115198
v -1.501884 2.449762 0.129905
v -1.489299 2.409362 0.058183
v -1.481841 2.389935 0.058937
v -1.462316 2.377869 0.058357
v -1.438181 2.377944 0.059568
v -1.418656 2.389948 0.059000
v -1.411198 2.409378 0.058260
v -1.418656 2.428798 0.057404
v -1.438181 2.440797 0.056845
v -1.462316 2.440792 0.056821
v -1.481841 2.428786 0.057342
v -1.471850 2.410670 0.080032
v -1.467724 2.399924 0.080449
v -1.456924 2.393288 0.080785
v -1.443573 2.393291 0.080799
v -1.432772 2.399931 0.080484
v -1.428647 2.410679 0.080075
v -1.432772 2.421422 0.079601
v -1.443573 2.428059 0.079292
v -1.456924 2.428056 0.079279
v -1.467724 2.421415 0.079567
v -1.440120 2.410677 0.080072
v -1.460380 2.410673 0.080052
v -0.146138 1.364194 1.721377
v 0.146138 1.364194 1.721377
v -0.091993 1.347465 1.745434
v 0.091993 1.347465 1.745434
v 0.146177 1.387367 1.731990
v -0.146177 1.387367 1.731990
v 0.092026 1.382677 1.761548
v -0.092026 1.382677 1.761548
v 0.146232 1.411112 1.725179
v -0.146232 1.411112 1.725179
v 0.092070 1.418754 1.751212
v -0.092070 1.418754 1.751212
v 0.146229 1.426571 1.703382
v -0.146229 1.426571 1.703382
v 0.092068 1.442268 1.718102
v -0.092068 1.442268 1.718102
v 0.146172 1.427720 1.674682
v -0.146172 1.427720 1.674682
v 0.092022 1.444040 1.674466
v -0.092022 1.444040 1.674466
v 0.146138 1.413954 1.650120
v -0.146138 1.413954 1.650120
v 0.091993 1.423118 1.637102
v -0.091993 1.423118 1.637102
v 0.146172 1.390568 1.639212
v -0.146172 1.390568 1.639212
v 0.092021 1.387550 1.620510
v -0.092021 1.387550 1.620510
v 0.146228 1.366541 1.646155
v -0.146228 1.366541 1.646155
v 0.092067 1.351004 1.631073
v -0.092067 1.351004 1.631073
v 0.146224 1.351114 1.668332
v -0.146224 1.351114 1.668332
v 0.092064 1.327543 1.664808
v -0.092064 1.327543 1.664808
v 0.146166 1.350274 1.697137
v -0.146166 1.350274 1.697137
v 0.092017 1.326287 1.708606
v -0.092017 1.326287 1.708606
v 0.000000 1.489512 1.744681
v -0.091408 1.480720 1.735961
v 0.090298 1.483471 1.663114
v 0.000000 1.493008 1.663164
v -0.090298 1.483471 1.663114
v 0.089860 1.448559 1.600908
v 0.000000 1.453963 1.593241
v -0.089860 1.448559 1.600908
v 0.090283 1.389403 1.573212
v 0.000000 1.387511 1.562320
v -0.090283 1.389403 1.573212
v 0.091385 1.328497 1.590602
v 0.000000 1.319420 1.582247
v -0.091385 1.328497 1.590602
v 0.092710 1.289168 1.646775
v 0.000000 1.275935 1.645255
v -0.092710 1.289168 1.646775
v 0.093745 1.286892 1.720130
v 0.000000 1.273785 1.726758
v -0.093745 1.286892 1.720130
vn 0.9979 -0.0449 0.0473
vn 0.9988 0.0366 -0.0334
vn 0.7777 0.5355 0.3293
vn 0.7961 0.4644 0.3880
vn 0.2843 0.7936 0.5380
vn 0.3049 0.7685 0.5625
vn -0.2833 0.7778 0.5610
vn -0.2710 0.7987 0.5373
vn -0.7855 0.4837 0.3861
vn -0.7747 0.5458 0.3192
vn -0.9988 -0.0378 0.0315
vn -0.9978 0.0458 -0.0482
vn -0.7761 -0.5343 -0.3350
vn -0.7823 -0.4796 -0.3975
vn -0.2817 -0.7889 -0.5461
vn -0.2723 -0.7791 -0.5647
vn 0.2862 -0.7725 -0.5668
vn 0.3031 -0.7931 -0.5283
vn 0.7861 -0.4814 -0.3877
vn 0.7886 -0.5320 -0.3085
vn 0.9886 0.1263 -0.0816
vn 0.9856 0.1652 -0.0354
vn 0.8034 0.1288 0.5813
vn 0.8325 0.1509 0.5330
vn 0.3000 0.0519 0.9525
vn 0.3227 0.0922 0.9420
vn -0.2847 -0.0309 0.9581
vn -0.3068 0.0055 0.9517
vn -0.7557 -0.1070 0.6461
vn -0.8037 -0.0693 0.5910
vn -0.9805 -0.1671 0.1032
vn -0.9921 -0.1257 -0.0000
vn -0.8329 -0.1817 -0.5227
vn -0.7811 -0.1569 -0.6043
vn -0.3197 -0.1154 -0.9405
vn -0.2783 -0.1161 -0.9534
vn 0.2954 0.0086 -0.9553
vn 0.2888 -0.0467 -0.9562
vn 0.7790 0.1227 -0.6149
vn 0.7673 0.0240 -0.6408
vn 0.1015 0.6874 -0.7192
vn 0.1165 0.0878 -0.9893
vn -0.0000 0.0777 -0.9970
vn -0.0000 0.6909 -0.7229
vn -0.0000 0.9743 -0.2254
vn -0.1015 0.6874 -0.7192
vn -0.1012 0.9674 -0.2321
vn -0.0000 0.9474 0.3201
vn -0.1197 0.9448 0.3050
vn -0.0000 0.5822 0.8131
vn -0.1516 0.5881 0.7944
vn 0.1516 0.5881 0.7944
vn 0.1197 0.9448 0.3050
vn -0.0000 -0.0862 0.9963
vn -0.1736 -0.0747 0.9820
vn -0.0000 -0.6843 0.7292
vn -0.1677 -0.6745 0.7190
vn 0.1677 -0.6745 0.7190
vn 0.1736 -0.0747 0.9820
vn -0.0000 -0.9697 0.2443
vn 0.1517 -0.9603 0.2341
vn 0.3609 -0.6412 0.6772
vn 0.6776 -0.5065 0.5332
vn 0.5809 0.0723 0.8108
vn 0.3170 -0.0590 0.9466
vn 0.2331 0.6273 0.7431
vn 0.1289 0.5785 0.8054
vn -0.1741 0.8996 0.4005
vn -0.0944 0.9298 0.3558
vn -0.5048 0.8612 -0.0592
vn -0.2688 0.9473 -0.1743
vn -0.6776 0.5064 -0.5332
vn -0.3617 0.6425 -0.6756
vn -0.5620 -0.1188 -0.8186
vn -0.3083 0.0100 -0.9512
vn -0.1841 -0.6763 -0.7133
vn -0.1022 -0.6381 -0.7631
vn 0.2175 -0.9106 -0.3513
vn 0.1176 -0.9481 -0.2953
vn 0.5232 -0.8471 0.0931
vn 0.2781 -0.9367 0.2129
vn 0.9198 -0.2702 0.2844
vn 0.7604 0.2799 0.5860
vn 0.3049 0.7008 0.6449
vn -0.2287 0.8495 0.4754
vn -0.6910 0.7088 0.1419
vn -0.9210 0.2683 -0.2825
vn -0.7317 -0.3235 -0.5999
vn -0.2354 -0.7357 -0.6351
vn 0.2942 -0.8475 -0.4419
vn 0.7190 -0.6863 -0.1101
vn 0.7744 -0.3461 -0.5296
vn 0.9969 0.0214 -0.0753
vn 0.2813 -0.5599 -0.7793
vn -0.2798 -0.5834 -0.7625
vn -0.7666 -0.4226 -0.4834
vn -0.9949 -0.1001 -0.0110
vn -0.8355 0.2734 0.4767
vn -0.3217 0.5428 0.7758
vn 0.3253 0.5880 0.7406
vn 0.8267 0.3879 0.4076
vn 0.8113 -0.1757 -0.5577
vn 0.9886 0.1447 -0.0414
vn -0.7699 0.2022 0.6053
vn -0.9883 -0.0895 0.1233
vn -0.8269 -0.3815 -0.4132
vn -0.3262 -0.5314 -0.7818
vn 0.7831 0.3733 0.4974
vn 0.2934 0.4600 0.8380
vn 0.3054 -0.4508 -0.8388
vn -0.2885 0.3989 0.8704
vn -0.9964 0.0179 0.0828
vn -0.8006 -0.5573 -0.2202
vn 0.2603 0.8385 0.4787
vn -0.2734 0.8177 0.5066
vn 0.8083 -0.4880 -0.3293
vn 0.9933 0.1107 -0.0342
vn -0.2936 -0.8686 -0.3992
vn -0.7534 0.5452 0.3676
vn 0.7397 0.6090 0.2864
vn 0.2917 -0.8473 -0.4438
vn 0.2434 0.9687 -0.0481
vn -0.2562 0.9654 -0.0484
vn 0.7941 -0.6068 0.0348
vn 0.9958 0.0920 -0.0035
vn -0.7857 -0.6176 0.0367
vn -0.2848 -0.9566 0.0613
vn -0.7329 0.6795 -0.0339
vn 0.7156 0.6977 -0.0338
vn 0.2703 -0.9609 0.0608
vn -0.9984 0.0571 -0.0018
vn 0.8084 -0.4497 0.3798
vn 0.9962 0.0866 0.0045
vn -0.8160 -0.4897 0.3072
vn -0.2977 -0.7840 0.5446
vn -0.2656 0.7593 -0.5941
vn -0.7419 0.5137 -0.4309
vn 0.7457 0.5542 -0.3698
vn 0.3004 -0.7672 0.5667
vn -0.9955 0.0370 -0.0877
vn 0.2632 0.7746 -0.5751
vn -0.8295 -0.2754 0.4859
vn -0.3199 -0.4045 0.8568
vn -0.2801 0.3305 -0.9013
vn -0.7626 0.1874 -0.6191
vn 0.9964 0.0806 0.0271
vn 0.7914 0.2845 -0.5410
vn 0.2937 -0.3687 0.8820
vn -0.9944 -0.0396 -0.0981
vn 0.2959 0.3668 -0.8820
vn 0.7964 -0.1801 0.5773
vn -0.2882 -0.0705 -0.9550
vn -0.7696 -0.0870 -0.6326
vn 0.9963 0.0854 0.0077
vn 0.8084 0.0198 -0.5883
vn -0.3363 0.0010 0.9418
vn 0.3057 0.0792 0.9488
vn -0.9920 -0.0909 -0.0876
vn 0.3078 -0.0368 -0.9507
vn 0.7992 0.1150 0.5899
vn -0.8492 -0.0672 0.5237
vn 0.2929 -0.3989 -0.8689
vn -0.2893 -0.4189 -0.8607
vn 0.7895 0.3189 0.5245
vn 0.9983 0.0540 -0.0225
vn -0.8286 0.1709 0.5331
vn -0.3136 0.3714 0.8739
vn -0.7758 -0.3016 -0.5542
vn 0.7921 -0.2301 -0.5654
vn 0.2954 0.4317 0.8523
vn -0.9960 -0.0835 -0.0303
vn -0.8349 0.4500 0.3169
vn -0.3099 0.7976 0.5176
vn -0.2667 -0.8081 -0.5252
vn -0.7428 -0.5705 -0.3504
vn 0.9975 -0.0508 -0.0492
vn 0.7536 -0.5461 -0.3658
vn 0.3140 0.8103 0.4948
vn -0.9948 -0.0975 -0.0306
vn 0.2712 -0.8022 -0.5319
vn 0.8183 0.4967 0.2892
vn -0.2696 0.9589 0.0888
vn 0.2695 0.9589 0.0887
vn -0.7351 -0.6770 0.0358
vn -0.9968 -0.0454 0.0656
vn 0.7345 -0.6775 0.0389
vn 0.2540 -0.9671 0.0164
vn 0.7719 0.6296 0.0877
vn -0.7722 0.6293 0.0878
vn -0.2533 -0.9670 0.0265
vn 0.9968 -0.0454 0.0654
vn -0.9244 0.0286 0.3803
vn -0.7124 0.6350 0.2987
vn 0.2501 -0.8751 0.4144
vn -0.2425 -0.8716 0.4260
vn 0.7128 0.6347 0.2984
vn 0.9246 0.0286 0.3799
vn -0.2522 0.9372 0.2411
vn -0.7040 -0.5724 0.4204
vn 0.6995 -0.5773 0.4211
vn 0.2529 0.9370 0.2410
vn -0.3973 0.3791 0.8357
vn -0.1470 0.5740 0.8056
vn -0.1402 -0.4978 0.8559
vn -0.3953 -0.3035 0.8670
vn 0.5005 0.0362 0.8650
vn 0.3937 -0.3106 0.8652
vn 0.1486 0.5738 0.8054
vn -0.4993 0.0362 0.8657
vn 0.1494 -0.5024 0.8516
vn 0.3987 0.3789 0.8352
vn 0.0019 0.0426 0.9991
vn 0.0001 0.0426 0.9991
vn -0.1517 -0.9603 0.2341
vn -0.9979 -0.0449 0.0473
vn -0.7961 0.4644 0.3880
vn -0.7777 0.5355 0.3293
vn -0.9988 0.0366 -0.0334
vn -0.3049 0.7685 0.5625
vn -0.2843 0.7936 0.5380
vn 0.2710 0.7987 0.5373
vn 0.2833 0.7778 0.5610
vn 0.7747 0.5458 0.3192
vn 0.7855 0.4837 0.3861
vn 0.9978 0.0458 -0.0483
vn 0.9988 -0.0378 0.0315
vn 0.7823 -0.4796 -0.3975
vn 0.7761 -0.5343 -0.3350
vn 0.2723 -0.7791 -0.5647
vn 0.2817 -0.7889 -0.5461
vn -0.3031 -0.7931 -0.5283
vn -0.2862 -0.7725 -0.5668
vn -0.7886 -0.5320 -0.3085
vn -0.7861 -0.4814 -0.3877
vn -0.9886 0.1263 -0.0816
vn -0.8325 0.1509 0.5330
vn -0.8034 0.1288 0.5813
vn -0.9856 0.1652 -0.0354
vn -0.3227 0.0922 0.9420
vn -0.3000 0.0519 0.9525
vn 0.3068 0.0055 0.9517
vn 0.2847 -0.0309 0.9581
vn 0.8037 -0.0693 0.5910
vn 0.7557 -0.1070 0.6461
vn 0.9921 -0.1257 0.0001
vn 0.9805 -0.1671 0.1032
vn 0.7811 -0.1569 -0.6043
vn 0.8329 -0.1817 -0.5227
vn 0.2783 -0.1161 -0.9534
vn 0.3197 -0.1154 -0.9405
vn -0.2888 -0.0467 -0.9562
vn -0.2954 0.0086 -0.9553
vn -0.7673 0.0240 -0.6408
vn -0.7790 0.1227 -0.6149
vn 0.1398 -0.9416 -0.3064
vn -0.0000 -0.9550 -0.2966
vn -0.0000 -0.6009 -0.7993
vn -0.1398 -0.9416 -0.3064
vn -0.1309 -0.5827 -0.8020
vn 0.1309 -0.5827 -0.8020
vn -0.1165 0.0878 -0.9893
vn 0.1012 0.9674 -0.2321
vn -0.3609 -0.6412 0.6772
vn -0.3170 -0.0590 0.9466
vn -0.5809 0.0723 0.8108
vn -0.6776 -0.5065 0.5332
vn -0.1289 0.5785 0.8054
vn -0.2331 0.6273 0.7431
vn 0.0944 0.9298 0.3558
vn 0.1741 0.8996 0.4005
vn 0.2688 0.9473 -0.1743
vn 0.5048 0.8612 -0.0592
vn 0.3617 0.6425 -0.6756
vn 0.6776 0.5064 -0.5332
vn 0.3083 0.0100 -0.9512
vn 0.5620 -0.1188 -0.8186
vn 0.1022 -0.6381 -0.7631
vn 0.1841 -0.6763 -0.7133
vn -0.1176 -0.9481 -0.2953
vn -0.2175 -0.9106 -0.3513
vn -0.2781 -0.9367 0.2129
vn -0.5232 -0.8471 0.0931
vn -0.7604 0.2799 0.5860
vn -0.9198 -0.2702 0.2844
vn -0.3049 0.7008 0.6449
vn 0.2287 0.8495 0.4754
vn 0.6910 0.7088 0.1419
vn 0.9210 0.2683 -0.2825
vn 0.7317 -0.3235 -0.5999
vn 0.2354 -0.7357 -0.6351
vn -0.2942 -0.8475 -0.4419
vn -0.7190 -0.6863 -0.1101
vn -0.7744 -0.3461 -0.5296
vn -0.9969 0.0214 -0.0753
vn -0.2813 -0.5599 -0.7793
vn 0.2798 -0.5834 -0.7625
vn 0.7666 -0.4226 -0.4834
vn 0.9949 -0.1001 -0.0110
vn 0.8355 0.2734 0.4767
vn 0.3217 0.5428 0.7758
vn -0.3253 0.5880 0.7406
vn -0.8267 0.3879 0.4076
vn -0.9886 0.1447 -0.0414
vn -0.8113 -0.1757 -0.5577
vn 0.9883 -0.0895 0.1233
vn 0.7699 0.2022 0.6053
vn 0.3262 -0.5314 -0.7818
vn 0.8269 -0.3815 -0.4132
vn -0.2934 0.4600 0.8380
vn -0.7831 0.3733 0.4974
vn -0.3054 -0.4508 -0.8388
vn 0.2885 0.3989 0.8704
vn 0.8006 -0.5573 -0.2202
vn 0.9964 0.0179 0.0828
vn 0.2734 0.8177 0.5066
vn -0.2603 0.8385 0.4787
vn -0.9933 0.1107 -0.0342
vn -0.8083 -0.4880 -0.3293
vn 0.2936 -0.8686 -0.3992
vn 0.7534 0.5452 0.3676
vn -0.7397 0.6090 0.2864
vn -0.2917 -0.8473 -0.4438
vn 0.2562 0.9654 -0.0484
vn -0.2434 0.9687 -0.0481
vn -0.9958 0.0920 -0.0035
vn -0.7941 -0.6068 0.0348
vn 0.2848 -0.9566 0.0613
vn 0.7857 -0.6176 0.0367
vn 0.7329 0.6795 -0.0339
vn -0.7156 0.6977 -0.0338
vn -0.2703 -0.9609 0.0608
vn 0.9984 0.0571 -0.0018
vn -0.9962 0.0866 0.0045
vn -0.8084 -0.4497 0.3798
vn 0.2977 -0.7840 0.5446
vn 0.8160 -0.4897 0.3072
vn 0.7419 0.5137 -0.4309
vn 0.2656 0.7593 -0.5941
vn -0.7457 0.5542 -0.3698
vn -0.3004 -0.7672 0.5667
vn 0.9955 0.0370 -0.0877
vn -0.2632 0.7746 -0.5751
vn 0.3199 -0.4045 0.8568
vn 0.8295 -0.2754 0.4859
vn 0.7626 0.1874 -0.6191
vn 0.2801 0.3305 -0.9013
vn -0.7914 0.2845 -0.5410
vn -0.9964 0.0806 0.0271
vn -0.2937 -0.3687 0.8820
vn 0.9944 -0.0396 -0.0981
vn -0.2959 0.3668 -0.8820
vn -0.7964 -0.1801 0.5773
vn 0.7696 -0.0870 -0.6326
vn 0.2882 -0.0705 -0.9550
vn -0.8084 0.0198 -0.5883
vn -0.9963 0.0854 0.0077
vn -0.3057 0.0792 0.9488
vn 0.3363 0.0010 0.9418
vn 0.9920 -0.0909 -0.0876
vn -0.3078 -0.0368 -0.9507
vn -0.7992 0.1150 0.5899
vn 0.8492 -0.0672 0.5238
vn 0.2893 -0.4189 -0.8607
vn -0.2929 -0.3989 -0.8689
vn -0.9983 0.0540 -0.0225
vn -0.7895 0.3189 0.5245
vn 0.3136 0.3714 0.8739
vn 0.8286 0.1709 0.5331
vn 0.7758 -0.3016 -0.5542
vn -0.7921 -0.2301 -0.5654
vn -0.2954 0.4317 0.8523
vn 0.9960 -0.0835 -0.0303
vn 0.3099 0.7976 0.5176
vn 0.8349 0.4500 0.3169
vn 0.7428 -0.5705 -0.3504
vn 0.2667 -0.8081 -0.5252
vn -0.7536 -0.5461 -0.3658
vn -0.9975 -0.0508 -0.0492
vn -0.3140 0.8103 0.4948
vn 0.9948 -0.0975 -0.0306
vn -0.2712 -0.8022 -0.5319
vn -0.8183 0.4967 0.2892
vn -0.2695 0.9589 0.0887
vn 0.2696 0.9589 0.0888
vn 0.9968 -0.0454 0.0656
vn 0.7351 -0.6770 0.0358
vn -0.2540 -0.9671 0.0164
vn -0.7345 -0.6775 0.0389
vn -0.7719 0.6296 0.0877
vn 0.7722 0.6293 0.0878
vn 0.2533 -0.9670 0.0265
vn -0.9968 -0.0454 0.0654
vn 0.7124 0.6350 0.2987
vn 0.9244 0.0286 0.3803
vn 0.2425 -0.8716 0.4260
vn -0.2501 -0.8751 0.4144
vn -0.9246 0.0286 0.3799
vn -0.7128 0.6347 0.2984
vn 0.2522 0.9372 0.2411
vn 0.7040 -0.5724 0.4204
vn -0.6995 -0.5773 0.4211
vn -0.2529 0.9370 0.2410
vn 0.1470 0.5740 0.8056
vn 0.3973 0.3791 0.8357
vn 0.3953 -0.3035 0.8670
vn 0.1402 -0.4978 0.8559
vn -0.3937 -0.3106 0.8652
vn -0.5005 0.0362 0.8650
vn -0.1486 0.5738 0.8054
vn 0.4993 0.0362 0.8657
vn -0.1494 -0.5024 0.8516
vn -0.3987 0.3789 0.8352
vn -0.0019 0.0426 0.9991
vn -0.0001 0.0426 0.9991
vn 0.3439 -0.6433 0.6840
vn 0.3405 -0.0798 0.9369
vn 0.4831 -0.0834 0.8716
vn 0.4720 -0.6033 0.6428
vn 0.9998 0.0059 -0.0187
vn 0.9998 0.0197 -0.0083
vn 0.9998 0.0196 -0.0083
vn 0.9998 0.0058 -0.0188
vn 0.9998 0.0053 -0.0183
vn 0.9998 0.0199 -0.0088
vn 0.9998 0.0200 -0.0088
vn 0.9998 0.0054 -0.0182
vn -0.4720 -0.6033 0.6428
vn -0.4831 -0.0834 0.8716
vn -0.3405 -0.0798 0.9369
vn -0.3439 -0.6433 0.6840
vn 0.2605 0.5643 0.7834
vn 0.4293 0.5157 0.7415
vn -0.9990 0.0313 -0.0329
vn -0.9992 0.0355 -0.0178
vn -0.9994 0.0119 -0.0334
vn -0.9990 0.0308 -0.0328
vn -0.9990 0.0308 -0.0329
vn -0.9994 0.0119 -0.0333
vn -0.4293 0.5157 0.7415
vn -0.2605 0.5643 0.7834
vn 0.1514 0.9372 0.3142
vn 0.3416 0.8869 0.3110
vn 0.9993 0.0132 -0.0336
vn 0.9993 0.0133 -0.0336
vn -0.9992 0.0356 -0.0171
vn -0.9998 0.0197 -0.0083
vn -0.9998 0.0196 -0.0083
vn -0.9992 0.0356 -0.0170
vn -0.3416 0.8869 0.3110
vn -0.1514 0.9372 0.3142
vn 0.0737 0.9713 -0.2263
vn 0.2828 0.9359 -0.2101
vn 0.9994 0.0119 -0.0334
vn 0.9994 0.0119 -0.0333
vn -0.9998 0.0199 -0.0088
vn -0.9998 0.0200 -0.0088
vn -0.2828 0.9359 -0.2101
vn -0.0737 0.9713 -0.2263
vn 0.0478 0.6895 -0.7227
vn 0.2791 0.6633 -0.6943
vn 0.9990 0.0313 -0.0329
vn 0.9992 0.0356 -0.0171
vn 0.9990 0.0308 -0.0328
vn 0.9990 0.0308 -0.0329
vn 0.9992 0.0356 -0.0170
vn -0.2791 0.6633 -0.6943
vn -0.0478 0.6895 -0.7227
vn 0.0845 0.0773 -0.9934
vn 0.3225 0.0651 -0.9443
vn -0.9998 0.0059 -0.0187
vn -0.9998 0.0058 -0.0188
vn -0.9998 0.0053 -0.0183
vn -0.9998 0.0054 -0.0182
vn -0.3225 0.0651 -0.9443
vn -0.0845 0.0773 -0.9934
vn 0.1644 -0.5916 -0.7893
vn 0.3680 -0.5686 -0.7357
vn 0.9992 0.0355 -0.0178
vn -0.9993 0.0132 -0.0336
vn -0.9993 0.0133 -0.0336
vn -0.3680 -0.5686 -0.7357
vn -0.1644 -0.5916 -0.7893
vn 0.2404 -0.9263 -0.2902
vn 0.3994 -0.8785 -0.2620
vn -0.3994 -0.8785 -0.2620
vn -0.2404 -0.9263 -0.2902
vn 0.3011 -0.9253 0.2307
vn 0.4341 -0.8720 0.2260
vn -0.4341 -0.8720 0.2260
vn -0.3011 -0.9253 0.2307
vt 0.960328 0.542236
vt 0.959260 0.568457
vt 0.955906 0.568352
vt 0.957178 0.542069
vt 0.952564 0.568307
vt 0.954034 0.541966
vt 0.949233 0.568276
vt 0.950908 0.541638
vt 0.945905 0.568194
vt 0.947767 0.541173
vt 0.942576 0.568008
vt 0.944598 0.540800
vt 0.939250 0.567720
vt 0.941422 0.540718
vt 0.972911 0.542142
vt 0.972664 0.569481
vt 0.969291 0.569216
vt 0.969717 0.542270
vt 0.965953 0.568923
vt 0.966590 0.542399
vt 0.962613 0.568655
vt 0.963462 0.542429
vt 0.896377 0.101718
vt 0.898285 0.092746
vt 0.901188 0.092927
vt 0.899894 0.101244
vt 0.903976 0.092705
vt 0.903632 0.100649
vt 0.906759 0.092227
vt 0.907496 0.100210
vt 0.909618 0.091668
vt 0.911338 0.100000
vt 0.912612 0.091017
vt 0.915091 0.100070
vt 0.915697 0.090387
vt 0.918682 0.100357
vt 0.919123 0.089967
vt 0.922178 0.100180
vt 0.886553 0.100305
vt 0.888018 0.090037
vt 0.891424 0.091079
vt 0.889908 0.101089
vt 0.894982 0.092107
vt 0.893039 0.101860
vt 0.919399 0.384427
vt 0.923767 0.397168
vt 0.905823 0.400195
vt 0.906297 0.386185
vt 0.906685 0.374713
vt 0.893344 0.383545
vt 0.895862 0.373791
vt 0.906993 0.365621
vt 0.897352 0.365281
vt 0.907258 0.357801
vt 0.898357 0.357656
vt 0.916148 0.358258
vt 0.916636 0.365933
vt 0.907496 0.350785
vt 0.899062 0.350666
vt 0.907716 0.344279
vt 0.899432 0.344080
vt 0.915994 0.344640
vt 0.915918 0.351236
vt 0.907943 0.337584
vt 0.916620 0.337937
vt 0.957994 0.364620
vt 0.960315 0.421063
vt 0.957482 0.420963
vt 0.955289 0.364562
vt 0.954732 0.420673
vt 0.952621 0.364688
vt 0.951975 0.420731
vt 0.949969 0.364787
vt 0.949204 0.420536
vt 0.947281 0.364719
vt 0.946442 0.420586
vt 0.944590 0.364729
vt 0.943632 0.420667
vt 0.941859 0.364869
vt 0.968799 0.364727
vt 0.971557 0.421379
vt 0.968725 0.421389
vt 0.966031 0.364743
vt 0.965949 0.421455
vt 0.963365 0.364806
vt 0.963158 0.421164
vt 0.960687 0.364800
vt 0.961557 0.479606
vt 0.958623 0.479373
vt 0.955711 0.479021
vt 0.952817 0.479053
vt 0.949889 0.478784
vt 0.946910 0.478764
vt 0.943937 0.478707
vt 0.973132 0.480662
vt 0.970203 0.480547
vt 0.967340 0.480470
vt 0.964474 0.480008
vt 0.893208 0.107832
vt 0.896810 0.106973
vt 0.889531 0.108103
vt 0.885853 0.107609
vt 0.918208 0.106625
vt 0.921750 0.107532
vt 0.914683 0.105500
vt 0.911157 0.104531
vt 0.907520 0.104186
vt 0.903850 0.104650
vt 0.900314 0.105748
vt 0.895722 0.084694
vt 0.898810 0.085399
vt 0.908739 0.084626
vt 0.911317 0.083926
vt 0.914266 0.083187
vt 0.917645 0.082647
vt 0.901558 0.085685
vt 0.903954 0.085586
vt 0.892267 0.083741
vt 0.906307 0.085202
vt 0.888775 0.082971
vt 0.910512 0.076532
vt 0.913196 0.075823
vt 0.903796 0.077890
vt 0.905998 0.077628
vt 0.896150 0.076968
vt 0.898957 0.077582
vt 0.916476 0.075256
vt 0.908198 0.077177
vt 0.901432 0.077890
vt 0.889381 0.075934
vt 0.892881 0.076305
vt 0.903397 0.067871
vt 0.905557 0.067784
vt 0.896157 0.068099
vt 0.898880 0.068038
vt 0.912383 0.067492
vt 0.915583 0.067416
vt 0.907673 0.067692
vt 0.901182 0.067972
vt 0.889299 0.068199
vt 0.892895 0.068144
vt 0.909867 0.067599
vt 0.895852 0.058979
vt 0.898608 0.058700
vt 0.912401 0.058834
vt 0.915665 0.059011
vt 0.905213 0.058555
vt 0.907347 0.058652
vt 0.900967 0.058567
vt 0.889055 0.059807
vt 0.892576 0.059372
vt 0.909664 0.058761
vt 0.903120 0.058497
vt 0.912956 0.051917
vt 0.916401 0.052275
vt 0.905004 0.050812
vt 0.907456 0.051074
vt 0.897913 0.051305
vt 0.900446 0.050886
vt 0.887968 0.053426
vt 0.891511 0.052821
vt 0.910075 0.051478
vt 0.902714 0.050724
vt 0.894917 0.052014
vt 0.904845 0.044871
vt 0.907312 0.044932
vt 0.897576 0.044853
vt 0.900175 0.044775
vt 0.887290 0.046149
vt 0.890934 0.045576
vt 0.910084 0.044962
vt 0.902505 0.044799
vt 0.894476 0.045125
vt 0.913147 0.044888
vt 0.916531 0.044677
vt 0.902290 0.037875
vt 0.904782 0.037885
vt 0.894224 0.037728
vt 0.897178 0.037725
vt 0.912973 0.037236
vt 0.916373 0.036731
vt 0.907341 0.037801
vt 0.899795 0.037816
vt 0.887039 0.038273
vt 0.890714 0.037893
vt 0.910016 0.037602
vt 0.912151 0.029016
vt 0.915553 0.028713
vt 0.904321 0.029733
vt 0.906649 0.029609
vt 0.897300 0.029691
vt 0.899799 0.029764
vt 0.887153 0.030121
vt 0.890870 0.029817
vt 0.909189 0.029364
vt 0.902097 0.029780
vt 0.894374 0.029654
vt 0.886320 0.021201
vt 0.889859 0.020823
vt 0.906850 0.018400
vt 0.909568 0.018860
vt 0.898878 0.018673
vt 0.901541 0.018437
vt 0.893206 0.020104
vt 0.912549 0.019467
vt 0.904205 0.018203
vt 0.896171 0.019304
vt 0.915963 0.019960
vt 0.957301 0.602121
vt 0.954101 0.600867
vt 0.950754 0.600121
vt 0.947338 0.600097
vt 0.943995 0.600726
vt 0.940739 0.601685
vt 0.937443 0.602527
vt 0.970616 0.604652
vt 0.967182 0.604969
vt 0.963754 0.604537
vt 0.960464 0.603485
vt 0.910672 0.012991
vt 0.913606 0.013345
vt 0.901019 0.012427
vt 0.904406 0.012314
vt 0.891727 0.014044
vt 0.894647 0.013455
vt 0.916584 0.013602
vt 0.907632 0.012611
vt 0.897703 0.012827
vt 0.885853 0.014868
vt 0.888819 0.014514
vt 0.933917 0.116931
vt 0.930987 0.117815
vt 0.931120 0.114930
vt 0.932221 0.114535
vt 0.926579 0.114437
vt 0.926665 0.111436
vt 0.929409 0.112371
vt 0.929315 0.113543
vt 0.931255 0.108182
vt 0.934037 0.109098
vt 0.932375 0.111403
vt 0.931231 0.111066
vt 0.935751 0.114450
vt 0.932964 0.113608
vt 0.928235 0.116825
vt 0.929961 0.114568
vt 0.928401 0.108989
vt 0.930081 0.111389
vt 0.935751 0.111451
vt 0.933035 0.112418
vt 0.931729 0.112257
vt 0.930613 0.113717
vt 0.899261 0.337350
vt 0.959077 0.542265
vt 0.955903 0.542323
vt 0.955335 0.568678
vt 0.958706 0.568706
vt 0.952752 0.542158
vt 0.951980 0.568709
vt 0.949612 0.541895
vt 0.948638 0.568754
vt 0.946474 0.541606
vt 0.945298 0.568745
vt 0.943316 0.541351
vt 0.941955 0.568634
vt 0.940147 0.541345
vt 0.938615 0.568421
vt 0.971908 0.541874
vt 0.968648 0.542077
vt 0.968819 0.569232
vt 0.972218 0.569427
vt 0.965460 0.542270
vt 0.965452 0.569016
vt 0.962268 0.542235
vt 0.962083 0.568827
vt 0.896393 0.101718
vt 0.899909 0.101244
vt 0.901204 0.092927
vt 0.898301 0.092746
vt 0.903648 0.100649
vt 0.903992 0.092705
vt 0.907511 0.100210
vt 0.906774 0.092227
vt 0.911354 0.100000
vt 0.909634 0.091668
vt 0.915107 0.100070
vt 0.912628 0.091017
vt 0.918697 0.100357
vt 0.915713 0.090387
vt 0.922194 0.100180
vt 0.919139 0.089967
vt 0.886569 0.100305
vt 0.889923 0.101089
vt 0.891440 0.091079
vt 0.888034 0.090037
vt 0.893055 0.101860
vt 0.894998 0.092107
vt 0.917836 0.330522
vt 0.908202 0.329909
vt 0.908524 0.320415
vt 0.898550 0.329869
vt 0.896878 0.321177
vt 0.920091 0.321963
vt 0.908995 0.306486
vt 0.892447 0.310208
vt 0.925254 0.311319
vt 0.888124 0.395961
vt 0.917547 0.374526
vt 0.958740 0.364062
vt 0.956077 0.364461
vt 0.957260 0.420506
vt 0.960060 0.420130
vt 0.953429 0.364680
vt 0.954477 0.420820
vt 0.950781 0.364836
vt 0.951755 0.420880
vt 0.948144 0.365147
vt 0.949013 0.421096
vt 0.945472 0.365286
vt 0.946244 0.421274
vt 0.942831 0.365427
vt 0.943428 0.421237
vt 0.969410 0.363259
vt 0.966681 0.363421
vt 0.968353 0.419428
vt 0.971175 0.419303
vt 0.964045 0.363540
vt 0.965631 0.419495
vt 0.961387 0.363635
vt 0.962890 0.419908
vt 0.957321 0.479305
vt 0.960254 0.478926
vt 0.954396 0.479644
vt 0.951478 0.479692
vt 0.948580 0.479986
vt 0.945606 0.479996
vt 0.942576 0.479852
vt 0.969091 0.478447
vt 0.972066 0.478439
vt 0.966145 0.478380
vt 0.963207 0.478714
vt 0.893223 0.107832
vt 0.896826 0.106973
vt 0.889547 0.108103
vt 0.885868 0.107609
vt 0.918224 0.106625
vt 0.921766 0.107532
vt 0.914698 0.105500
vt 0.911172 0.104531
vt 0.907536 0.104186
vt 0.903866 0.104650
vt 0.900330 0.105748
vt 0.898826 0.085399
vt 0.895737 0.084694
vt 0.911333 0.083926
vt 0.908754 0.084626
vt 0.917660 0.082647
vt 0.914282 0.083187
vt 0.903970 0.085586
vt 0.901573 0.085685
vt 0.892283 0.083741
vt 0.906323 0.085202
vt 0.888791 0.082971
vt 0.913212 0.075823
vt 0.910527 0.076532
vt 0.906014 0.077628
vt 0.903811 0.077890
vt 0.898972 0.077582
vt 0.896165 0.076968
vt 0.916492 0.075256
vt 0.908213 0.077177
vt 0.901447 0.077890
vt 0.892897 0.076305
vt 0.889397 0.075934
vt 0.905572 0.067784
vt 0.903413 0.067871
vt 0.898896 0.068038
vt 0.896172 0.068099
vt 0.915599 0.067416
vt 0.912398 0.067492
vt 0.907688 0.067692
vt 0.901198 0.067972
vt 0.892911 0.068144
vt 0.889315 0.068200
vt 0.909882 0.067599
vt 0.898624 0.058700
vt 0.895868 0.058979
vt 0.915681 0.059011
vt 0.912417 0.058834
vt 0.907363 0.058652
vt 0.905229 0.058555
vt 0.900982 0.058567
vt 0.892592 0.059372
vt 0.889070 0.059807
vt 0.909679 0.058761
vt 0.903136 0.058497
vt 0.916417 0.052275
vt 0.912971 0.051917
vt 0.907471 0.051074
vt 0.905020 0.050812
vt 0.900462 0.050886
vt 0.897928 0.051305
vt 0.891527 0.052820
vt 0.887984 0.053426
vt 0.910090 0.051478
vt 0.902729 0.050724
vt 0.894933 0.052014
vt 0.907328 0.044932
vt 0.904861 0.044871
vt 0.900191 0.044775
vt 0.897591 0.044853
vt 0.890950 0.045576
vt 0.887306 0.046149
vt 0.910100 0.044962
vt 0.902520 0.044799
vt 0.894492 0.045125
vt 0.913162 0.044888
vt 0.916547 0.044677
vt 0.904797 0.037885
vt 0.902306 0.037875
vt 0.897194 0.037725
vt 0.894239 0.037728
vt 0.916389 0.036731
vt 0.912989 0.037236
vt 0.907356 0.037801
vt 0.899811 0.037816
vt 0.890730 0.037893
vt 0.887055 0.038273
vt 0.910031 0.037602
vt 0.915568 0.028713
vt 0.912167 0.029016
vt 0.906665 0.029609
vt 0.904336 0.029733
vt 0.899815 0.029764
vt 0.897316 0.029691
vt 0.890885 0.029817
vt 0.887169 0.030121
vt 0.909205 0.029364
vt 0.902113 0.029780
vt 0.894390 0.029654
vt 0.889875 0.020823
vt 0.886336 0.021201
vt 0.909584 0.018860
vt 0.906865 0.018400
vt 0.901557 0.018437
vt 0.898893 0.018673
vt 0.893221 0.020104
vt 0.912564 0.019467
vt 0.904220 0.018203
vt 0.896187 0.019304
vt 0.915978 0.019960
vt 0.954253 0.601372
vt 0.957493 0.602563
vt 0.950876 0.600696
vt 0.947446 0.600746
vt 0.944104 0.601453
vt 0.940856 0.602489
vt 0.937566 0.603406
vt 0.967481 0.605214
vt 0.970925 0.604820
vt 0.964027 0.604854
vt 0.960699 0.603867
vt 0.913621 0.013345
vt 0.910688 0.012991
vt 0.904422 0.012314
vt 0.901035 0.012427
vt 0.894663 0.013455
vt 0.891743 0.014044
vt 0.916600 0.013602
vt 0.907648 0.012611
vt 0.897718 0.012827
vt 0.888835 0.014514
vt 0.885868 0.014868
vt 0.928414 0.126643
vt 0.930109 0.124247
vt 0.931211 0.124642
vt 0.931343 0.127527
vt 0.935751 0.124149
vt 0.933015 0.123255
vt 0.932921 0.122083
vt 0.935665 0.121148
vt 0.931075 0.117894
vt 0.931099 0.120778
vt 0.929956 0.121115
vt 0.928293 0.118810
vt 0.926579 0.124162
vt 0.929366 0.123320
vt 0.934095 0.126537
vt 0.932370 0.124280
vt 0.933929 0.118701
vt 0.932249 0.121101
vt 0.926579 0.121164
vt 0.929295 0.122130
vt 0.930601 0.121969
vt 0.931718 0.123429
vt 0.956307 0.319661
vt 0.953311 0.319916
vt 0.952684 0.314198
vt 0.956387 0.313760
vt 0.927103 0.324912
vt 0.924423 0.331993
vt 0.922719 0.358031
vt 0.923798 0.365386
vt 0.955274 0.313939
vt 0.951657 0.314692
vt 0.952926 0.320137
vt 0.955794 0.319666
vt 0.950390 0.320584
vt 0.949282 0.315250
vt 0.884894 0.380371
vt 0.888106 0.372064
vt 0.893069 0.350253
vt 0.894063 0.344017
vt 0.948382 0.316159
vt 0.950158 0.321213
vt 0.947554 0.321482
vt 0.946164 0.316565
vt 0.931616 0.318067
vt 0.893201 0.337722
vt 0.891878 0.330891
vt 0.945469 0.317940
vt 0.947466 0.322619
vt 0.944799 0.322401
vt 0.943201 0.317896
vt 0.921925 0.351230
vt 0.890243 0.364250
vt 0.942767 0.319667
vt 0.944812 0.323958
vt 0.942139 0.323168
vt 0.940289 0.319134
vt 0.928044 0.381832
vt 0.931616 0.390604
vt 0.922641 0.338719
vt 0.921355 0.344941
vt 0.940114 0.321134
vt 0.942256 0.324842
vt 0.939687 0.323769
vt 0.937443 0.320391
vt 0.889683 0.323645
vt 0.891817 0.356985
vt 0.937566 0.322528
vt 0.939919 0.325494
vt 0.967517 0.323404
vt 0.964973 0.322218
vt 0.967378 0.317230
vt 0.970497 0.319474
vt 0.925402 0.373326
vt 0.885643 0.316511
vt 0.969152 0.317658
vt 0.966006 0.316011
vt 0.964429 0.320916
vt 0.966991 0.321687
vt 0.962190 0.320874
vt 0.963932 0.315366
vt 0.962595 0.314737
vt 0.961656 0.320174
vt 0.959277 0.319930
vt 0.960222 0.314141
vt 0.958985 0.313990
vt 0.958748 0.319700
vt 0.880737 0.388882
s 1
usemtl cauldron
f 893/346/846 903/347/847 904/348/848 894/349/849
f 894/349/849 904/348/848 905/350/850 895/351/851
f 895/351/851 905/350/850 906/352/852 896/353/853
f 896/353/853 906/352/852 907/354/854 897/355/855
f 897/355/855 907/354/854 908/356/856 898/357/857
f 898/357/857 908/356/856 909/358/858 899/359/859
f 899/360/859 909/361/858 910/362/860 900/363/861
f 900/363/861 910/362/860 911/364/862 901/365/863
f 901/365/863 911/364/862 912/366/864 902/367/865
f 902/367/865 912/366/864 903/347/847 893/346/846
f 953/368/866 913/369/867 914/370/868 954/371/869
f 954/371/869 914/370/868 915/372/870 955/373/871
f 955/373/871 915/372/870 916/374/872 956/375/873
f 956/375/873 916/374/872 917/376/874 957/377/875
f 957/377/875 917/376/874 918/378/876 958/379/877
f 958/379/877 918/378/876 919/380/878 959/381/879
f 959/381/879 919/380/878 920/382/880 960/383/881
f 960/384/881 920/385/880 921/386/882 961/387/883
f 961/387/883 921/386/882 922/388/884 962/389/885
f 962/389/885 922/388/884 913/369/867 953/368/866
f 1332/390/886 1335/391/887 1336/392/888 1333/393/889
f 1330/394/890 1333/393/889 1334/395/891 1331/396/892
f 1327/397/893 1330/394/890 1331/396/892 1328/398/894
f 1087/399/895 1327/397/893 1328/398/894 1086/400/896
f 1088/401/897 1085/402/898 1327/397/893 1087/399/895
f 1091/403/899 1087/399/895 1086/400/896 1089/404/900
f 1092/405/901 1091/403/899 1089/404/900 1090/406/902
f 1093/407/903 1094/408/904 1091/403/899 1092/405/901
f 1092/405/901 1345/409/905 1344/410/906 1093/407/903
f 923/411/907 933/412/908 934/413/909 924/414/910
f 924/414/910 934/413/909 935/415/911 925/416/912
f 925/416/912 935/415/911 936/417/913 926/418/914
f 926/418/914 936/417/913 937/419/915 927/420/916
f 927/420/916 937/419/915 938/421/917 928/422/918
f 928/422/918 938/421/917 939/423/919 929/424/920
f 929/425/920 939/426/919 940/427/921 930/428/922
f 930/428/922 940/427/921 941/429/923 931/430/924
f 931/430/924 941/429/923 942/431/925 932/432/926
f 932/432/926 942/431/925 933/412/908 923/411/907
f 933/412/908 943/433/927 944/434/928 934/413/909
f 934/413/909 944/434/928 945/435/929 935/415/911
f 935/415/911 945/435/929 946/436/930 936/417/913
f 936/417/913 946/436/930 947/437/931 937/419/915
f 937/419/915 947/437/931 948/438/932 938/421/917
f 938/421/917 948/438/932 949/439/933 939/423/919
f 939/426/919 949/440/933 950/441/934 940/427/921
f 940/427/921 950/441/934 951/442/935 941/429/923
f 941/429/923 951/442/935 952/443/936 942/431/925
f 942/431/925 952/443/936 943/433/927 933/412/908
f 943/433/927 893/346/846 894/349/849 944/434/928
f 944/434/928 894/349/849 895/351/851 945/435/929
f 945/435/929 895/351/851 896/353/853 946/436/930
f 946/436/930 896/353/853 897/355/855 947/437/931
f 947/437/931 897/355/855 898/357/857 948/438/932
f 948/438/932 898/357/857 899/359/859 949/439/933
f 949/440/933 899/360/859 900/363/861 950/441/934
f 950/441/934 900/363/861 901/365/863 951/442/935
f 951/442/935 901/365/863 902/367/865 952/443/936
f 952/443/936 902/367/865 893/346/846 943/433/927
f 1062/444/937 962/389/885 953/368/866 1053/445/938
f 1061/446/939 961/387/883 962/389/885 1062/444/937
f 1060/447/940 960/384/881 961/387/883 1061/446/939
f 1059/448/941 959/381/879 960/383/881 1060/449/940
f 1058/450/942 958/379/877 959/381/879 1059/448/941
f 1057/451/943 957/377/875 958/379/877 1058/450/942
f 1056/452/944 956/375/873 957/377/875 1057/451/943
f 1055/453/945 955/373/871 956/375/873 1056/452/944
f 1054/454/946 954/371/869 955/373/871 1055/453/945
f 1053/445/938 953/368/866 954/371/869 1054/454/946
f 913/369/867 922/388/884 972/455/947 963/456/948
f 918/378/876 917/376/874 967/457/949 968/458/950
f 920/382/880 919/380/878 969/459/951 970/460/952
f 915/372/870 914/370/868 964/461/953 965/462/954
f 922/388/884 921/386/882 971/463/955 972/455/947
f 917/376/874 916/374/872 966/464/956 967/457/949
f 919/380/878 918/378/876 968/458/950 969/459/951
f 914/370/868 913/369/867 963/456/948 964/461/953
f 921/386/882 920/385/880 970/465/952 971/463/955
f 916/374/872 915/372/870 965/462/954 966/464/956
f 969/459/951 968/458/950 978/466/957 979/467/958
f 966/464/956 965/462/954 975/468/959 976/469/960
f 963/456/948 972/455/947 982/470/961 973/471/962
f 970/460/952 969/459/951 979/467/958 980/472/963
f 967/457/949 966/464/956 976/469/960 977/473/964
f 964/461/953 963/456/948 973/471/962 974/474/965
f 971/463/955 970/465/952 980/475/963 981/476/966
f 968/458/950 967/457/949 977/473/964 978/466/957
f 965/462/954 964/461/953 974/474/965 975/468/959
f 972/455/947 971/463/955 981/476/966 982/470/961
f 976/469/960 975/468/959 985/477/967 986/478/968
f 973/471/962 982/470/961 992/479/969 983/480/970
f 980/472/963 979/467/958 989/481/971 990/482/972
f 977/473/964 976/469/960 986/478/968 987/483/973
f 974/474/965 973/471/962 983/480/970 984/484/974
f 981/476/966 980/475/963 990/485/972 991/486/975
f 978/466/957 977/473/964 987/483/973 988/487/976
f 975/468/959 974/474/965 984/484/974 985/477/967
f 982/470/961 981/476/966 991/486/975 992/479/969
f 979/467/958 978/466/957 988/487/976 989/481/971
f 983/480/970 992/479/969 1002/488/977 993/489/978
f 990/482/972 989/481/971 999/490/979 1000/491/980
f 987/483/973 986/478/968 996/492/981 997/493/982
f 984/484/974 983/480/970 993/489/978 994/494/983
f 991/486/975 990/485/972 1000/495/980 1001/496/984
f 988/487/976 987/483/973 997/493/982 998/497/985
f 985/477/967 984/484/974 994/494/983 995/498/986
f 992/479/969 991/486/975 1001/496/984 1002/488/977
f 989/481/971 988/487/976 998/497/985 999/490/979
f 986/478/968 985/477/967 995/498/986 996/492/981
f 1000/491/980 999/490/979 1009/499/987 1010/500/988
f 997/493/982 996/492/981 1006/501/989 1007/502/990
f 994/494/983 993/489/978 1003/503/991 1004/504/992
f 1001/496/984 1000/495/980 1010/505/988 1011/506/993
f 998/497/985 997/493/982 1007/502/990 1008/507/994
f 995/498/986 994/494/983 1004/504/992 1005/508/995
f 1002/488/977 1001/496/984 1011/506/993 1012/509/996
f 999/490/979 998/497/985 1008/507/994 1009/499/987
f 996/492/981 995/498/986 1005/508/995 1006/501/989
f 993/489/978 1002/488/977 1012/509/996 1003/503/991
f 1007/502/990 1006/501/989 1016/510/997 1017/511/998
f 1004/504/992 1003/503/991 1013/512/999 1014/513/1000
f 1011/506/993 1010/505/988 1020/514/1001 1021/515/1002
f 1008/507/994 1007/502/990 1017/511/998 1018/516/1003
f 1005/508/995 1004/504/992 1014/513/1000 1015/517/1004
f 1012/509/996 1011/506/993 1021/515/1002 1022/518/1005
f 1009/499/987 1008/507/994 1018/516/1003 1019/519/1006
f 1006/501/989 1005/508/995 1015/517/1004 1016/510/997
f 1003/503/991 1012/509/996 1022/518/1005 1013/512/999
f 1010/500/988 1009/499/987 1019/519/1006 1020/520/1001
f 1016/510/997 1015/517/1004 1025/521/1007 1026/522/1008
f 1013/512/999 1022/518/1005 1032/523/1009 1023/524/1010
f 1020/520/1001 1019/519/1006 1029/525/1011 1030/526/1012
f 1017/511/998 1016/510/997 1026/522/1008 1027/527/1013
f 1014/513/1000 1013/512/999 1023/524/1010 1024/528/1014
f 1021/515/1002 1020/514/1001 1030/529/1012 1031/530/1015
f 1018/516/1003 1017/511/998 1027/527/1013 1028/531/1016
f 1015/517/1004 1014/513/1000 1024/528/1014 1025/521/1007
f 1022/518/1005 1021/515/1002 1031/530/1015 1032/523/1009
f 1019/519/1006 1018/516/1003 1028/531/1016 1029/525/1011
f 1030/526/1012 1029/525/1011 1039/532/1017 1040/533/1018
f 1027/527/1013 1026/522/1008 1036/534/1019 1037/535/1020
f 1024/528/1014 1023/524/1010 1033/536/1021 1034/537/1022
f 1031/530/1015 1030/529/1012 1040/538/1018 1041/539/1023
f 1028/531/1016 1027/527/1013 1037/535/1020 1038/540/1024
f 1025/521/1007 1024/528/1014 1034/537/1022 1035/541/1025
f 1032/523/1009 1031/530/1015 1041/539/1023 1042/542/1026
f 1029/525/1011 1028/531/1016 1038/540/1024 1039/532/1017
f 1026/522/1008 1025/521/1007 1035/541/1025 1036/534/1019
f 1023/524/1010 1032/523/1009 1042/542/1026 1033/536/1021
f 1041/539/1023 1040/538/1018 1050/543/1027 1051/544/1028
f 1038/540/1024 1037/535/1020 1047/545/1029 1048/546/1030
f 1035/541/1025 1034/537/1022 1044/547/1031 1045/548/1032
f 1042/542/1026 1041/539/1023 1051/544/1028 1052/549/1033
f 1039/532/1017 1038/540/1024 1048/546/1030 1049/550/1034
f 1036/534/1019 1035/541/1025 1045/548/1032 1046/551/1035
f 1033/536/1021 1042/542/1026 1052/549/1033 1043/552/1036
f 1040/533/1018 1039/532/1017 1049/550/1034 1050/553/1027
f 1037/535/1020 1036/534/1019 1046/551/1035 1047/545/1029
f 1034/537/1022 1033/536/1021 1043/552/1036 1044/547/1031
f 903/347/847 1053/554/938 1054/555/946 904/348/848
f 904/348/848 1054/555/946 1055/556/945 905/350/850
f 905/350/850 1055/556/945 1056/557/944 906/352/852
f 906/352/852 1056/557/944 1057/558/943 907/354/854
f 907/354/854 1057/558/943 1058/559/942 908/356/856
f 908/356/856 1058/559/942 1059/560/941 909/358/858
f 909/361/858 1059/561/941 1060/562/940 910/362/860
f 910/362/860 1060/562/940 1061/563/939 911/364/862
f 911/364/862 1061/563/939 1062/564/937 912/366/864
f 912/366/864 1062/564/937 1053/554/938 903/347/847
f 1049/550/1034 1048/546/1030 1068/565/1037 1069/566/1038
f 1046/551/1035 1045/548/1032 1065/567/1039 1066/568/1040
f 1043/552/1036 1052/549/1033 1072/569/1041 1063/570/1042
f 1050/553/1027 1049/550/1034 1069/566/1038 1070/571/1043
f 1047/545/1029 1046/551/1035 1066/568/1040 1067/572/1044
f 1044/547/1031 1043/552/1036 1063/570/1042 1064/573/1045
f 1051/544/1028 1050/543/1027 1070/574/1043 1071/575/1046
f 1048/546/1030 1047/545/1029 1067/572/1044 1068/565/1037
f 1045/548/1032 1044/547/1031 1064/573/1045 1065/567/1039
f 1052/549/1033 1051/544/1028 1071/575/1046 1072/569/1041
f 1070/576/1043 1069/577/1038 1079/578/1047 1080/579/1048
f 1067/580/1044 1066/581/1040 1076/582/1049 1077/583/1050
f 1064/584/1045 1063/585/1042 1073/586/1051 1074/587/1052
f 1071/588/1046 1070/576/1043 1080/579/1048 1081/589/1053
f 1068/590/1037 1067/580/1044 1077/583/1050 1078/591/1054
f 1065/592/1039 1064/584/1045 1074/587/1052 1075/593/1055
f 1072/594/1041 1071/588/1046 1081/589/1053 1082/595/1056
f 1069/577/1038 1068/590/1037 1078/591/1054 1079/578/1047
f 1066/581/1040 1065/592/1039 1075/593/1055 1076/582/1049
f 1063/585/1042 1072/594/1041 1082/595/1056 1073/586/1051
f 1073/586/1051 1082/595/1056 1081/589/1053 1084/596/1057
f 1084/596/1057 1081/589/1053 1080/579/1048 1083/597/1058
f 1083/597/1058 1080/579/1048 1079/578/1047 1078/591/1054
f 1078/591/1054 1077/583/1050 1076/582/1049 1083/597/1058
f 1076/582/1049 1075/593/1055 1084/596/1057 1083/597/1058
f 1075/593/1055 1074/587/1052 1073/586/1051 1084/596/1057
f 1090/406/902 1346/598/1059 1345/409/905 1092/405/901
f 1095/599/1060 1096/600/1061 1106/601/1062 1105/602/1063
f 1096/600/1061 1097/603/1064 1107/604/1065 1106/601/1062
f 1097/603/1064 1098/605/1066 1108/606/1067 1107/604/1065
f 1098/605/1066 1099/607/1068 1109/608/1069 1108/606/1067
f 1099/607/1068 1100/609/1070 1110/610/1071 1109/608/1069
f 1100/609/1070 1101/611/1072 1111/612/1073 1110/610/1071
f 1101/613/1072 1102/614/1074 1112/615/1075 1111/616/1073
f 1102/614/1074 1103/617/1076 1113/618/1077 1112/615/1075
f 1103/617/1076 1104/619/1078 1114/620/1079 1113/618/1077
f 1104/619/1078 1095/599/1060 1105/602/1063 1114/620/1079
f 1155/621/1080 1156/622/1081 1116/623/1082 1115/624/1083
f 1156/622/1081 1157/625/1084 1117/626/1085 1116/623/1082
f 1157/625/1084 1158/627/1086 1118/628/1087 1117/626/1085
f 1158/627/1086 1159/629/1088 1119/630/1089 1118/628/1087
f 1159/629/1088 1160/631/1090 1120/632/1091 1119/630/1089
f 1160/631/1090 1161/633/1092 1121/634/1093 1120/632/1091
f 1161/633/1092 1162/635/1094 1122/636/1095 1121/634/1093
f 1162/637/1094 1163/638/1096 1123/639/1097 1122/640/1095
f 1163/638/1096 1164/641/1098 1124/642/1099 1123/639/1097
f 1164/641/1098 1155/621/1080 1115/624/1083 1124/642/1099
f 1341/643/1100 1344/410/906 1345/409/905 1342/644/1101
f 1339/645/1102 1342/644/1101 1343/646/1103 1340/647/1104
f 1338/648/1105 1341/643/1100 1342/644/1101 1339/645/1102
f 1336/649/888 1339/645/1102 1340/647/1104 1337/650/1106
f 1335/651/887 1338/648/1105 1339/645/1102 1336/649/888
f 1333/393/889 1336/392/888 1337/652/1106 1334/395/891
f 1085/402/898 1329/653/1107 1330/394/890 1327/397/893
f 1329/653/1107 1332/390/886 1333/393/889 1330/394/890
f 1342/644/1101 1345/409/905 1346/598/1059 1343/646/1103
f 1125/654/1108 1126/655/1109 1136/656/1110 1135/657/1111
f 1126/655/1109 1127/658/1112 1137/659/1113 1136/656/1110
f 1127/658/1112 1128/660/1114 1138/661/1115 1137/659/1113
f 1128/660/1114 1129/662/1116 1139/663/1117 1138/661/1115
f 1129/662/1116 1130/664/1118 1140/665/1119 1139/663/1117
f 1130/664/1118 1131/666/1120 1141/667/1121 1140/665/1119
f 1131/668/1120 1132/669/1122 1142/670/1123 1141/671/1121
f 1132/669/1122 1133/672/1124 1143/673/1125 1142/670/1123
f 1133/672/1124 1134/674/1126 1144/675/1127 1143/673/1125
f 1134/674/1126 1125/654/1108 1135/657/1111 1144/675/1127
f 1135/657/1111 1136/656/1110 1146/676/1128 1145/677/1129
f 1136/656/1110 1137/659/1113 1147/678/1130 1146/676/1128
f 1137/659/1113 1138/661/1115 1148/679/1131 1147/678/1130
f 1138/661/1115 1139/663/1117 1149/680/1132 1148/679/1131
f 1139/663/1117 1140/665/1119 1150/681/1133 1149/680/1132
f 1140/665/1119 1141/667/1121 1151/682/1134 1150/681/1133
f 1141/671/1121 1142/670/1123 1152/683/1135 1151/684/1134
f 1142/670/1123 1143/673/1125 1153/685/1136 1152/683/1135
f 1143/673/1125 1144/675/1127 1154/686/1137 1153/685/1136
f 1144/675/1127 1135/657/1111 1145/677/1129 1154/686/1137
f 1145/677/1129 1146/676/1128 1096/600/1061 1095/599/1060
f 1146/676/1128 1147/678/1130 1097/603/1064 1096/600/1061
f 1147/678/1130 1148/679/1131 1098/605/1066 1097/603/1064
f 1148/679/1131 1149/680/1132 1099/607/1068 1098/605/1066
f 1149/680/1132 1150/681/1133 1100/609/1070 1099/607/1068
f 1150/681/1133 1151/682/1134 1101/611/1072 1100/609/1070
f 1151/684/1134 1152/683/1135 1102/614/1074 1101/613/1072
f 1152/683/1135 1153/685/1136 1103/617/1076 1102/614/1074
f 1153/685/1136 1154/686/1137 1104/619/1078 1103/617/1076
f 1154/686/1137 1145/677/1129 1095/599/1060 1104/619/1078
f 1264/687/1138 1255/688/1139 1155/621/1080 1164/641/1098
f 1263/689/1140 1264/687/1138 1164/641/1098 1163/638/1096
f 1262/690/1141 1263/689/1140 1163/638/1096 1162/637/1094
f 1261/691/1142 1262/692/1141 1162/635/1094 1161/633/1092
f 1260/693/1143 1261/691/1142 1161/633/1092 1160/631/1090
f 1259/694/1144 1260/693/1143 1160/631/1090 1159/629/1088
f 1258/695/1145 1259/694/1144 1159/629/1088 1158/627/1086
f 1257/696/1146 1258/695/1145 1158/627/1086 1157/625/1084
f 1256/697/1147 1257/696/1146 1157/625/1084 1156/622/1081
f 1255/688/1139 1256/697/1147 1156/622/1081 1155/621/1080
f 1115/624/1083 1165/698/1148 1174/699/1149 1124/642/1099
f 1120/632/1091 1170/700/1150 1169/701/1151 1119/630/1089
f 1122/636/1095 1172/702/1152 1171/703/1153 1121/634/1093
f 1117/626/1085 1167/704/1154 1166/705/1155 1116/623/1082
f 1124/642/1099 1174/699/1149 1173/706/1156 1123/639/1097
f 1119/630/1089 1169/701/1151 1168/707/1157 1118/628/1087
f 1121/634/1093 1171/703/1153 1170/700/1150 1120/632/1091
f 1116/623/1082 1166/705/1155 1165/698/1148 1115/624/1083
f 1123/639/1097 1173/706/1156 1172/708/1152 1122/640/1095
f 1118/628/1087 1168/707/1157 1167/704/1154 1117/626/1085
f 1171/703/1153 1181/709/1158 1180/710/1159 1170/700/1150
f 1168/707/1157 1178/711/1160 1177/712/1161 1167/704/1154
f 1165/698/1148 1175/713/1162 1184/714/1163 1174/699/1149
f 1172/702/1152 1182/715/1164 1181/709/1158 1171/703/1153
f 1169/701/1151 1179/716/1165 1178/711/1160 1168/707/1157
f 1166/705/1155 1176/717/1166 1175/713/1162 1165/698/1148
f 1173/706/1156 1183/718/1167 1182/719/1164 1172/708/1152
f 1170/700/1150 1180/710/1159 1179/716/1165 1169/701/1151
f 1167/704/1154 1177/712/1161 1176/717/1166 1166/705/1155
f 1174/699/1149 1184/714/1163 1183/718/1167 1173/706/1156
f 1178/711/1160 1188/720/1168 1187/721/1169 1177/712/1161
f 1175/713/1162 1185/722/1170 1194/723/1171 1184/714/1163
f 1182/715/1164 1192/724/1172 1191/725/1173 1181/709/1158
f 1179/716/1165 1189/726/1174 1188/720/1168 1178/711/1160
f 1176/717/1166 1186/727/1175 1185/722/1170 1175/713/1162
f 1183/718/1167 1193/728/1176 1192/729/1172 1182/719/1164
f 1180/710/1159 1190/730/1177 1189/726/1174 1179/716/1165
f 1177/712/1161 1187/721/1169 1186/727/1175 1176/717/1166
f 1184/714/1163 1194/723/1171 1193/728/1176 1183/718/1167
f 1181/709/1158 1191/725/1173 1190/730/1177 1180/710/1159
f 1185/722/1170 1195/731/1178 1204/732/1179 1194/723/1171
f 1192/724/1172 1202/733/1180 1201/734/1181 1191/725/1173
f 1189/726/1174 1199/735/1182 1198/736/1183 1188/720/1168
f 1186/727/1175 1196/737/1184 1195/731/1178 1185/722/1170
f 1193/728/1176 1203/738/1185 1202/739/1180 1192/729/1172
f 1190/730/1177 1200/740/1186 1199/735/1182 1189/726/1174
f 1187/721/1169 1197/741/1187 1196/737/1184 1186/727/1175
f 1194/723/1171 1204/732/1179 1203/738/1185 1193/728/1176
f 1191/725/1173 1201/734/1181 1200/740/1186 1190/730/1177
f 1188/720/1168 1198/736/1183 1197/741/1187 1187/721/1169
f 1202/733/1180 1212/742/1188 1211/743/1189 1201/734/1181
f 1199/735/1182 1209/744/1190 1208/745/1191 1198/736/1183
f 1196/737/1184 1206/746/1192 1205/747/1193 1195/731/1178
f 1203/738/1185 1213/748/1194 1212/749/1188 1202/739/1180
f 1200/740/1186 1210/750/1195 1209/744/1190 1199/735/1182
f 1197/741/1187 1207/751/1196 1206/746/1192 1196/737/1184
f 1204/732/1179 1214/752/1197 1213/748/1194 1203/738/1185
f 1201/734/1181 1211/743/1189 1210/750/1195 1200/740/1186
f 1198/736/1183 1208/745/1191 1207/751/1196 1197/741/1187
f 1195/731/1178 1205/747/1193 1214/752/1197 1204/732/1179
f 1209/744/1190 1219/753/1198 1218/754/1199 1208/745/1191
f 1206/746/1192 1216/755/1200 1215/756/1201 1205/747/1193
f 1213/748/1194 1223/757/1202 1222/758/1203 1212/749/1188
f 1210/750/1195 1220/759/1204 1219/753/1198 1209/744/1190
f 1207/751/1196 1217/760/1205 1216/755/1200 1206/746/1192
f 1214/752/1197 1224/761/1206 1223/757/1202 1213/748/1194
f 1211/743/1189 1221/762/1207 1220/759/1204 1210/750/1195
f 1208/745/1191 1218/754/1199 1217/760/1205 1207/751/1196
f 1205/747/1193 1215/756/1201 1224/761/1206 1214/752/1197
f 1212/742/1188 1222/763/1203 1221/762/1207 1211/743/1189
f 1218/754/1199 1228/764/1208 1227/765/1209 1217/760/1205
f 1215/756/1201 1225/766/1210 1234/767/1211 1224/761/1206
f 1222/763/1203 1232/768/1212 1231/769/1213 1221/762/1207
f 1219/753/1198 1229/770/1214 1228/764/1208 1218/754/1199
f 1216/755/1200 1226/771/1215 1225/766/1210 1215/756/1201
f 1223/757/1202 1233/772/1216 1232/773/1212 1222/758/1203
f 1220/759/1204 1230/774/1217 1229/770/1214 1219/753/1198
f 1217/760/1205 1227/765/1209 1226/771/1215 1216/755/1200
f 1224/761/1206 1234/767/1211 1233/772/1216 1223/757/1202
f 1221/762/1207 1231/769/1213 1230/774/1217 1220/759/1204
f 1232/768/1212 1242/775/1218 1241/776/1219 1231/769/1213
f 1229/770/1214 1239/777/1220 1238/778/1221 1228/764/1208
f 1226/771/1215 1236/779/1222 1235/780/1223 1225/766/1210
f 1233/772/1216 1243/781/1224 1242/782/1218 1232/773/1212
f 1230/774/1217 1240/783/1225 1239/777/1220 1229/770/1214
f 1227/765/1209 1237/784/1226 1236/779/1222 1226/771/1215
f 1234/767/1211 1244/785/1227 1243/781/1224 1233/772/1216
f 1231/769/1213 1241/776/1219 1240/783/1225 1230/774/1217
f 1228/764/1208 1238/778/1221 1237/784/1226 1227/765/1209
f 1225/766/1210 1235/780/1223 1244/785/1227 1234/767/1211
f 1243/781/1224 1253/786/1228 1252/787/1229 1242/782/1218
f 1240/783/1225 1250/788/1230 1249/789/1231 1239/777/1220
f 1237/784/1226 1247/790/1232 1246/791/1233 1236/779/1222
f 1244/785/1227 1254/792/1234 1253/786/1228 1243/781/1224
f 1241/776/1219 1251/793/1235 1250/788/1230 1240/783/1225
f 1238/778/1221 1248/794/1236 1247/790/1232 1237/784/1226
f 1235/780/1223 1245/795/1237 1254/792/1234 1244/785/1227
f 1242/775/1218 1252/796/1229 1251/793/1235 1241/776/1219
f 1239/777/1220 1249/789/1231 1248/794/1236 1238/778/1221
f 1236/779/1222 1246/791/1233 1245/795/1237 1235/780/1223
f 1105/602/1063 1106/601/1062 1256/797/1147 1255/798/1139
f 1106/601/1062 1107/604/1065 1257/799/1146 1256/797/1147
f 1107/604/1065 1108/606/1067 1258/800/1145 1257/799/1146
f 1108/606/1067 1109/608/1069 1259/801/1144 1258/800/1145
f 1109/608/1069 1110/610/1071 1260/802/1143 1259/801/1144
f 1110/610/1071 1111/612/1073 1261/803/1142 1260/802/1143
f 1111/616/1073 1112/615/1075 1262/804/1141 1261/805/1142
f 1112/615/1075 1113/618/1077 1263/806/1140 1262/804/1141
f 1113/618/1077 1114/620/1079 1264/807/1138 1263/806/1140
f 1114/620/1079 1105/602/1063 1255/798/1139 1264/807/1138
f 1251/793/1235 1271/808/1238 1270/809/1239 1250/788/1230
f 1248/794/1236 1268/810/1240 1267/811/1241 1247/790/1232
f 1245/795/1237 1265/812/1242 1274/813/1243 1254/792/1234
f 1252/796/1229 1272/814/1244 1271/808/1238 1251/793/1235
f 1249/789/1231 1269/815/1245 1268/810/1240 1248/794/1236
f 1246/791/1233 1266/816/1246 1265/812/1242 1245/795/1237
f 1253/786/1228 1273/817/1247 1272/818/1244 1252/787/1229
f 1250/788/1230 1270/809/1239 1269/815/1245 1249/789/1231
f 1247/790/1232 1267/811/1241 1266/816/1246 1246/791/1233
f 1254/792/1234 1274/813/1243 1273/817/1247 1253/786/1228
f 1272/819/1244 1282/820/1248 1281/821/1249 1271/822/1238
f 1269/823/1245 1279/824/1250 1278/825/1251 1268/826/1240
f 1266/827/1246 1276/828/1252 1275/829/1253 1265/830/1242
f 1273/831/1247 1283/832/1254 1282/820/1248 1272/819/1244
f 1270/833/1239 1280/834/1255 1279/824/1250 1269/823/1245
f 1267/835/1241 1277/836/1256 1276/828/1252 1266/827/1246
f 1274/837/1243 1284/838/1257 1283/832/1254 1273/831/1247
f 1271/822/1238 1281/821/1249 1280/834/1255 1270/833/1239
f 1268/826/1240 1278/825/1251 1277/836/1256 1267/835/1241
f 1265/830/1242 1275/829/1253 1284/838/1257 1274/837/1243
f 1275/829/1253 1286/839/1258 1283/832/1254 1284/838/1257
f 1286/839/1258 1285/840/1259 1282/820/1248 1283/832/1254
f 1285/840/1259 1280/834/1255 1281/821/1249 1282/820/1248
f 1280/834/1255 1285/840/1259 1278/825/1251 1279/824/1250
f 1278/825/1251 1285/840/1259 1286/839/1258 1277/836/1256
f 1277/836/1256 1286/839/1258 1275/829/1253 1276/828/1252
f 1094/408/904 1088/401/897 1087/399/895 1091/403/899
f 1288/841/1260 1291/842/1261 1293/843/1262 1290/844/1263
f 1317/845/1264 1321/846/1265 1341/643/1266 1338/648/1267
f 1297/847/1268 1301/848/1269 1085/402/1270 1088/401/1271
f 1289/849/1272 1294/850/1273 1292/851/1274 1287/852/1275
f 1291/842/1261 1295/853/1276 1297/854/1277 1293/843/1262
f 1310/855/1278 1306/856/1279 1331/396/1279 1334/395/1278
f 1294/857/1280 1289/858/1281 1090/406/1282 1089/404/1283
f 1294/850/1273 1298/859/1284 1296/860/1285 1292/851/1274
f 1295/853/1276 1299/861/1286 1301/862/1287 1297/854/1277
f 1313/863/1288 1317/845/1264 1338/648/1267 1335/651/1289
f 1326/864/1290 1322/865/1291 1343/646/1292 1346/598/1293
f 1298/859/1284 1302/866/1294 1300/867/1295 1296/860/1285
f 1299/861/1286 1303/868/1296 1305/869/1297 1301/862/1287
f 1293/870/1298 1297/847/1268 1088/401/1271 1094/408/1299
f 1306/856/1279 1302/871/1300 1328/398/1301 1331/396/1279
f 1302/866/1294 1306/872/1302 1304/873/1303 1300/867/1295
f 1303/868/1296 1307/874/1304 1309/875/1305 1305/869/1297
f 1309/876/1306 1313/877/1288 1335/391/1289 1332/390/1306
f 1325/878/1307 1290/879/1308 1093/407/1309 1344/410/1310
f 1306/872/1302 1310/880/1311 1308/881/1312 1304/873/1303
f 1307/874/1304 1311/882/1313 1313/883/1314 1309/875/1305
f 1322/865/1291 1318/884/1315 1340/647/1316 1343/646/1292
f 1302/871/1300 1298/885/1317 1086/400/1318 1328/398/1301
f 1310/880/1311 1314/886/1319 1312/887/1320 1308/881/1312
f 1311/888/1313 1315/889/1321 1317/890/1322 1313/891/1314
f 1305/892/1323 1309/876/1306 1332/390/1306 1329/653/1323
f 1318/884/1315 1314/893/1324 1337/650/1325 1340/647/1316
f 1314/894/1319 1318/895/1326 1316/896/1327 1312/897/1320
f 1315/889/1321 1319/898/1328 1321/899/1329 1317/890/1322
f 1289/858/1281 1326/864/1290 1346/598/1293 1090/406/1282
f 1298/885/1317 1294/857/1280 1089/404/1283 1086/400/1318
f 1318/895/1326 1322/900/1330 1320/901/1331 1316/896/1327
f 1319/898/1328 1323/902/1332 1325/903/1333 1321/899/1329
f 1321/846/1265 1325/878/1307 1344/410/1310 1341/643/1266
f 1301/848/1269 1305/892/1323 1329/653/1323 1085/402/1270
f 1322/900/1330 1326/904/1334 1324/905/1335 1320/901/1331
f 1287/852/1275 1324/905/1335 1326/904/1334 1289/849/1272
f 1314/906/1324 1310/855/1278 1334/395/1278 1337/652/1325
f 1290/879/1308 1293/870/1298 1094/408/1299 1093/407/1309
f 1290/844/1263 1325/903/1333 1323/902/1332 1288/841/1260
f 1287/852/1275 1292/851/1274 1126/655/1109 1125/654/1108
f 1323/902/1332 932/432/926 923/411/907 1288/841/1260
f 1288/841/1260 923/411/907 924/414/910 1291/842/1261
f 1324/905/1335 1287/852/1275 1125/654/1108 1134/674/1126
f 1292/851/1274 1296/860/1285 1127/658/1112 1126/655/1109
f 1291/842/1261 924/414/910 925/416/912 1295/853/1276
f 1296/860/1285 1300/867/1295 1128/660/1114 1127/658/1112
f 1295/853/1276 925/416/912 926/418/914 1299/861/1286
f 1300/867/1295 1304/873/1303 1129/662/1116 1128/660/1114
f 1299/861/1286 926/418/914 927/420/916 1303/868/1296
f 1304/873/1303 1308/881/1312 1130/664/1118 1129/662/1116
f 1303/868/1296 927/420/916 928/422/918 1307/874/1304
f 1308/881/1312 1312/887/1320 1131/666/1120 1130/664/1118
f 1307/874/1304 928/422/918 929/424/920 1311/882/1313
f 1312/897/1320 1316/896/1327 1132/669/1122 1131/668/1120
f 1311/888/1313 929/425/920 930/428/922 1315/889/1321
f 1316/896/1327 1320/901/1331 1133/672/1124 1132/669/1122
f 1315/889/1321 930/428/922 931/430/924 1319/898/1328
f 1320/901/1331 1324/905/1335 1134/674/1126 1133/672/1124
f 1319/898/1328 931/430/924 932/432/926 1323/902/1332
o Torus.007
v 1.357289 2.560764 0.000000
v 1.333509 2.623719 0.000000
v 1.271254 2.662627 0.000000
v 1.194302 2.662627 0.000000
v 1.132047 2.623719 0.000000
v 1.108268 2.560764 0.000000
v 1.132047 2.497809 0.000000
v 1.271254 2.458901 0.000000
v 1.333509 2.497809 0.000000
v 0.000000 2.560764 1.357289
v 0.000000 2.623719 1.333509
v 0.000000 2.662627 1.271254
v 0.000000 2.662627 1.194302
v 0.000000 2.623719 1.132047
v 0.000000 2.560764 1.108268
v 0.000000 2.497809 1.132047
v 0.000000 2.458901 1.271254
v 0.000000 2.497809 1.333509
v 0.678644 2.560764 1.175447
v 0.666755 2.623719 1.154853
v 0.635627 2.662627 1.100938
v 0.597151 2.662627 1.034296
v 0.566024 2.623719 0.980382
v 0.554134 2.560764 0.959788
v 0.566024 2.497809 0.980382
v 0.635627 2.458901 1.100938
v 0.666755 2.497809 1.154853
v 1.175447 2.560764 0.678645
v 1.154853 2.623719 0.666755
v 1.100938 2.662627 0.635627
v 1.034296 2.662627 0.597151
v 0.980382 2.623719 0.566024
v 0.959788 2.560764 0.554134
v 0.980382 2.497809 0.566024
v 1.100938 2.458901 0.635627
v 1.154853 2.497809 0.666755
v 1.233806 2.412838 0.000000
v 0.000000 2.412838 1.233806
v 0.616903 2.412838 1.068508
v 1.068508 2.412838 0.616903
v 1.462257 2.033736 0.000000
v -0.000000 2.033736 1.462257
v 0.731129 2.033736 1.266352
v 1.266352 2.033736 0.731129
v 1.550217 1.759693 -0.000000
v -0.000000 1.759693 1.550217
v 0.775108 1.759693 1.342527
v 1.342527 1.759693 0.775109
v 1.535614 1.451945 -0.000000
v 0.000000 1.451945 1.535614
v 0.767807 1.451945 1.329881
v 1.329880 1.451945 0.767807
v 1.405597 1.076059 0.000000
v 0.000000 1.076059 1.405597
v 0.702799 1.076059 1.217283
v 1.217283 1.076059 0.702799
v 1.238739 2.343035 -0.000000
v 1.072779 2.343035 0.619370
v 0.619369 2.343035 1.072779
v 0.000000 2.343035 1.238739
v -1.357289 2.560764 0.000000
v -1.333509 2.623719 0.000000
v -1.271254 2.662627 0.000000
v -1.194302 2.662627 0.000000
v -1.132047 2.623719 0.000000
v -1.108268 2.560764 0.000000
v -1.132047 2.497809 0.000000
v -1.271254 2.458901 0.000000
v -1.333509 2.497809 0.000000
v -0.678644 2.560764 1.175447
v -0.666755 2.623719 1.154853
v -0.635627 2.662627 1.100938
v -0.597151 2.662627 1.034296
v -0.566024 2.623719 0.980382
v -0.554134 2.560764 0.959788
v -0.566024 2.497809 0.980382
v -0.635627 2.458901 1.100938
v -0.666755 2.497809 1.154853
v -1.175447 2.560764 0.678645
v -1.154853 2.623719 0.666755
v -1.100938 2.662627 0.635627
v -1.034296 2.662627 0.597151
v -0.980382 2.623719 0.566024
v -0.959788 2.560764 0.554134
v -0.980382 2.497809 0.566024
v -1.100938 2.458901 0.635627
v -1.154853 2.497809 0.666755
v -1.233806 2.412838 0.000000
v -0.616903 2.412838 1.068508
v -1.068508 2.412838 0.616903
v -1.462257 2.033736 0.000000
v -0.731129 2.033736 1.266352
v -1.266352 2.033736 0.731129
v -1.550217 1.759693 -0.000000
v -0.775108 1.759693 1.342527
v -1.342527 1.759693 0.775109
v -1.535614 1.451945 -0.000000
v -0.767807 1.451945 1.329881
v -1.329880 1.451945 0.767807
v -1.405597 1.076059 0.000000
v -0.702799 1.076059 1.217283
v -1.217283 1.076059 0.702799
v -1.238739 2.343035 -0.000000
v -1.072779 2.343035 0.619370
v -0.619369 2.343035 1.072779
v 0.000000 2.560764 -1.357289
v 0.000000 2.623719 -1.333509
v 0.000000 2.662627 -1.271254
v 0.000000 2.662627 -1.194302
v 0.000000 2.623719 -1.132047
v 0.000000 2.560764 -1.108268
v 0.000000 2.497809 -1.132047
v 0.000000 2.458901 -1.271254
v 0.000000 2.497809 -1.333509
v 0.678644 2.560764 -1.175447
v 0.666755 2.623719 -1.154853
v 0.635627 2.662627 -1.100938
v 0.597151 2.662627 -1.034296
v 0.566024 2.623719 -0.980382
v 0.554134 2.560764 -0.959788
v 0.566024 2.497809 -0.980382
v 0.635627 2.458901 -1.100938
v 0.666755 2.497809 -1.154853
v 1.175447 2.560764 -0.678645
v 1.154853 2.623719 -0.666755
v 1.100938 2.662627 -0.635627
v 1.034296 2.662627 -0.597151
v 0.980382 2.623719 -0.566024
v 0.959788 2.560764 -0.554134
v 0.980382 2.497809 -0.566024
v 1.100938 2.458901 -0.635627
v 1.154853 2.497809 -0.666755
v 0.000000 2.412838 -1.233806
v 0.616903 2.412838 -1.068508
v 1.068508 2.412838 -0.616903
v -0.000000 2.033736 -1.462257
v 0.731129 2.033736 -1.266352
v 1.266352 2.033736 -0.731129
v -0.000000 1.759693 -1.550217
v 0.775108 1.759693 -1.342527
v 1.342527 1.759693 -0.775109
v 0.000000 1.451945 -1.535614
v 0.767807 1.451945 -1.329881
v 1.329880 1.451945 -0.767807
v 0.000000 1.076059 -1.405597
v 0.702799 1.076059 -1.217283
v 1.217283 1.076059 -0.702799
v 1.072779 2.343035 -0.619370
v 0.619369 2.343035 -1.072779
v 0.000000 2.343035 -1.238739
v -0.678644 2.560764 -1.175447
v -0.666755 2.623719 -1.154853
v -0.635627 2.662627 -1.100938
v -0.597151 2.662627 -1.034296
v -0.566024 2.623719 -0.980382
v -0.554134 2.560764 -0.959788
v -0.566024 2.497809 -0.980382
v -0.635627 2.458901 -1.100938
v -0.666755 2.497809 -1.154853
v -1.175447 2.560764 -0.678645
v -1.154853 2.623719 -0.666755
v -1.100938 2.662627 -0.635627
v -1.034296 2.662627 -0.597151
v -0.980382 2.623719 -0.566024
v -0.959788 2.560764 -0.554134
v -0.980382 2.497809 -0.566024
v -1.100938 2.458901 -0.635627
v -1.154853 2.497809 -0.666755
v -0.616903 2.412838 -1.068508
v -1.068508 2.412838 -0.616903
v -0.731129 2.033736 -1.266352
v -1.266352 2.033736 -0.731129
v -0.775108 1.759693 -1.342527
v -1.342527 1.759693 -0.775109
v -0.767807 1.451945 -1.329881
v -1.329880 1.451945 -0.767807
v -0.702799 1.076059 -1.217283
v -1.217283 1.076059 -0.702799
v -1.072779 2.343035 -0.619370
v -0.619369 2.343035 -1.072779
v 1.129604 2.222468 0.652177
v 0.652177 2.222468 1.129604
v 0.000000 2.222468 1.304354
v 1.304354 2.222468 -0.000000
v -1.129604 2.222468 0.652177
v -0.652177 2.222468 1.129604
v -1.304354 2.222468 -0.000000
v 1.129604 2.222468 -0.652177
v 0.652177 2.222468 -1.129604
v 0.000000 2.222468 -1.304354
v -1.129604 2.222468 -0.652177
v -0.652177 2.222468 -1.129604
v 0.000000 1.075158 1.567271
v 0.783635 1.075158 1.357296
v 1.357296 1.075158 0.783635
v 1.567271 1.075158 0.000000
v -0.000000 0.406409 1.150331
v 0.000000 0.376985 1.013142
v 0.506554 0.376981 0.877376
v 0.575165 0.406409 0.996216
v -0.000000 0.481459 1.271022
v 0.635511 0.481459 1.100737
v 0.000000 0.577467 1.352700
v 0.676350 0.577467 1.171472
v 0.877449 0.376990 0.506599
v 0.996215 0.406409 0.575165
v 1.100737 0.481459 0.635511
v 1.171472 0.577467 0.676350
v 1.271022 0.481459 -0.000000
v 1.352700 0.577467 -0.000000
v 1.150331 0.406409 -0.000000
v 1.013205 0.376992 -0.000000
v 1.475401 0.825768 0.000000
v 1.277734 0.825768 0.737700
v 0.737700 0.825768 1.277734
v -0.000000 0.825768 1.475401
v 0.000000 0.378791 0.482322
v 0.000000 0.378790 0.000000
v -0.783635 1.075158 1.357296
v -1.357296 1.075158 0.783635
v -1.567271 1.075158 0.000000
v -0.506554 0.376981 0.877376
v -0.575165 0.406409 0.996216
v -0.635511 0.481459 1.100737
v -0.676350 0.577467 1.171472
v -0.877449 0.376990 0.506599
v -0.996215 0.406409 0.575165
v -1.100737 0.481459 0.635511
v -1.171472 0.577467 0.676350
v -1.271022 0.481459 -0.000000
v -1.352700 0.577467 -0.000000
v -1.150331 0.406409 -0.000000
v -1.013205 0.376992 -0.000000
v -1.475401 0.825768 0.000000
v -1.277734 0.825768 0.737700
v -0.737700 0.825768 1.277734
v 0.000000 1.075158 -1.567271
v 0.783635 1.075158 -1.357296
v 1.357296 1.075158 -0.783635
v 0.000000 0.406409 -1.150331
v 0.000000 0.376985 -1.013142
v 0.506554 0.376981 -0.877376
v 0.575165 0.406409 -0.996216
v 0.000000 0.481459 -1.271022
v 0.635511 0.481459 -1.100737
v 0.000000 0.577467 -1.352700
v 0.676350 0.577467 -1.171472
v 0.877449 0.376990 -0.506599
v 0.996215 0.406409 -0.575165
v 1.100737 0.481459 -0.635511
v 1.171472 0.577467 -0.676350
v 1.277734 0.825768 -0.737700
v 0.737700 0.825768 -1.277734
v -0.000000 0.825768 -1.475401
v 0.000000 0.378791 -0.482322
v -0.783635 1.075158 -1.357296
v -1.357296 1.075158 -0.783635
v -0.506554 0.376981 -0.877376
v -0.575165 0.406409 -0.996216
v -0.635511 0.481459 -1.100737
v -0.676350 0.577467 -1.171472
v -0.877449 0.376990 -0.506599
v -0.996215 0.406409 -0.575165
v -1.100737 0.481459 -0.635511
v -1.171472 0.577467 -0.676350
v -1.277734 0.825768 -0.737700
v -0.737700 0.825768 -1.277734
v 1.476449 1.225605 -0.000000
v 1.278642 1.225605 0.738225
v 0.738225 1.225605 1.278643
v -0.000000 1.225605 1.476449
v -1.476449 1.225605 -0.000000
v -1.278642 1.225605 0.738225
v -0.738225 1.225605 1.278643
v 1.278642 1.225605 -0.738225
v 0.738225 1.225605 -1.278643
v -0.000000 1.225605 -1.476449
v -1.278642 1.225605 -0.738225
v -0.738225 1.225605 -1.278643
v 1.554885 1.367067 0.000000
v -0.747165 1.282190 -1.294129
v -0.780146 1.338775 -1.351252
v -0.761987 1.395360 -1.319801
v -1.554885 1.367067 0.000000
v 1.346569 1.367067 0.777442
v -1.294128 1.282190 -0.747166
v -1.351252 1.338775 -0.780146
v -1.319800 1.395360 -0.761988
v 0.777442 1.367067 1.346569
v 0.000000 1.367067 1.554885
v -0.000000 1.282190 -1.494331
v 0.000000 1.338775 -1.560292
v 0.000000 1.395360 -1.523975
v -1.346569 1.367067 0.777442
v -0.777442 1.367067 1.346569
v 0.747165 1.282190 -1.294129
v 0.780146 1.338775 -1.351252
v 0.761987 1.395360 -1.319801
v 1.346569 1.367067 -0.777442
v 0.777442 1.367067 -1.346569
v 1.294128 1.282190 -0.747166
v 1.351252 1.338775 -0.780146
v 1.319800 1.395360 -0.761988
v 0.000000 1.367067 -1.554885
v -1.346569 1.367067 -0.777442
v -0.747165 1.282190 1.294129
v -0.780146 1.338775 1.351252
v -0.761987 1.395360 1.319801
v -0.777442 1.367067 -1.346569
v 1.544771 1.310482 0.000000
v -1.294128 1.282190 0.747166
v -1.351252 1.338775 0.780146
v -1.319800 1.395360 0.761988
v -1.544771 1.310482 0.000000
v 1.337811 1.310482 0.772386
v -0.000000 1.282190 1.494331
v 0.000000 1.338775 1.560292
v 0.000000 1.395360 1.523975
v 0.772385 1.310482 1.337811
v 0.000000 1.310482 1.544771
v 0.747165 1.282190 1.294129
v 0.780146 1.338775 1.351252
v 0.761987 1.395360 1.319801
v -1.337811 1.310482 0.772386
v -0.772385 1.310482 1.337811
v 1.294128 1.282190 0.747166
v 1.351252 1.338775 0.780146
v 1.319800 1.395360 0.761988
v 1.337811 1.310482 -0.772386
v 0.772385 1.310482 -1.337811
v -1.523975 1.395360 -0.000000
v -1.560292 1.338775 -0.000000
v -1.494331 1.282190 -0.000000
v 0.000000 1.310482 -1.544771
v -1.337811 1.310482 -0.772386
v 1.523975 1.395360 -0.000000
v 1.560292 1.338775 -0.000000
v 1.494331 1.282190 -0.000000
v -0.772385 1.310482 -1.337811
v 1.186438 2.374220 0.000000
v -0.000000 2.374220 1.186438
v 0.593219 2.374220 1.027486
v 1.027485 2.374220 0.593219
v -1.186438 2.374220 0.000000
v -0.593219 2.374220 1.027486
v -1.027485 2.374220 0.593219
v -0.000000 2.374220 -1.186438
v 0.593219 2.374220 -1.027486
v 1.027485 2.374220 -0.593219
v -0.593219 2.374220 -1.027486
v -1.027485 2.374220 -0.593219
v 1.186438 2.224559 0.000000
v -0.000000 2.224559 1.186438
v 0.593219 2.224559 1.027486
v 1.027485 2.224559 0.593219
v -1.186438 2.224559 0.000000
v -0.593219 2.224559 1.027486
v -1.027485 2.224559 0.593219
v -0.000000 2.224559 -1.186438
v 0.593219 2.224559 -1.027486
v 1.027485 2.224559 -0.593219
v -0.593219 2.224559 -1.027486
v -1.027485 2.224559 -0.593219
vn -0.0000 -0.0000 1.0000
vn 0.5000 -0.0000 0.8660
vn 0.3913 0.6225 0.6778
vn -0.0000 0.6225 0.7826
vn 0.1548 0.9509 0.2681
vn -0.0000 0.9509 0.3096
vn -0.1133 0.9740 -0.1962
vn -0.0000 0.9740 -0.2266
vn -0.3711 0.6701 -0.6428
vn -0.0000 0.6701 -0.7423
vn -0.5000 -0.0000 -0.8660
vn -0.0000 -0.0000 -1.0000
vn -0.4626 -0.3796 -0.8012
vn -0.0000 -0.3796 -0.9251
vn -0.0000 -0.7650 0.6441
vn 0.3220 -0.7650 0.5578
vn 0.3913 -0.6225 0.6778
vn -0.0000 -0.6225 0.7826
vn 0.8660 -0.0000 0.5000
vn 0.6778 0.6225 0.3913
vn 0.2681 0.9509 0.1548
vn -0.1962 0.9740 -0.1133
vn -0.6428 0.6701 -0.3711
vn -0.8660 -0.0000 -0.5000
vn -0.8012 -0.3796 -0.4626
vn 0.5578 -0.7650 0.3220
vn 0.6778 -0.6225 0.3913
vn 1.0000 -0.0000 -0.0000
vn 0.7826 0.6225 -0.0000
vn 0.3096 0.9509 -0.0000
vn -0.2266 0.9740 -0.0000
vn -0.7423 0.6701 -0.0000
vn -1.0000 -0.0000 -0.0000
vn -0.9251 -0.3796 -0.0000
vn 0.6441 -0.7650 -0.0000
vn 0.7826 -0.6225 -0.0000
vn 0.8180 -0.3285 0.4722
vn 0.9445 -0.3285 -0.0000
vn 0.4722 -0.3285 0.8180
vn -0.0000 -0.3285 0.9445
vn 0.8212 0.5706 -0.0000
vn 0.7112 0.5706 0.4106
vn 0.7622 0.4748 0.4400
vn 0.8801 0.4748 -0.0000
vn 0.4106 0.5706 0.7112
vn 0.4400 0.4748 0.7622
vn -0.0000 0.5706 0.8212
vn -0.0000 0.4748 0.8801
vn 0.8588 0.1291 0.4958
vn 0.9916 0.1291 -0.0000
vn 0.4958 0.1291 0.8588
vn -0.0000 0.1291 0.9916
vn -0.8594 -0.1237 -0.4962
vn -0.8588 0.1291 -0.4958
vn -0.4958 0.1291 -0.8588
vn -0.4962 -0.1237 -0.8594
vn 0.8594 -0.1237 0.4962
vn 0.4962 -0.1237 0.8594
vn 0.8071 -0.3627 0.4660
vn 0.7826 -0.4282 0.4519
vn 0.9037 -0.4282 -0.0000
vn 0.9319 -0.3627 -0.0000
vn 0.4660 -0.3627 0.8071
vn 0.4519 -0.4282 0.7826
vn -0.0000 0.2925 0.9563
vn 0.4781 0.2925 0.8282
vn 0.8282 0.2925 0.4781
vn 0.9563 0.2925 -0.0000
vn -0.0000 -0.3627 0.9319
vn -0.0000 -0.4282 0.9037
vn -0.3913 0.6225 0.6778
vn -0.5000 -0.0000 0.8660
vn -0.1548 0.9509 0.2681
vn 0.1133 0.9740 -0.1962
vn 0.3711 0.6701 -0.6428
vn 0.5000 -0.0000 -0.8660
vn 0.4626 -0.3796 -0.8012
vn -0.3913 -0.6225 0.6778
vn -0.3220 -0.7650 0.5578
vn -0.6778 0.6225 0.3913
vn -0.8660 -0.0000 0.5000
vn -0.2681 0.9509 0.1548
vn 0.1962 0.9740 -0.1133
vn 0.6428 0.6701 -0.3711
vn 0.8660 -0.0000 -0.5000
vn 0.8012 -0.3796 -0.4626
vn -0.6778 -0.6225 0.3913
vn -0.5578 -0.7650 0.3220
vn -0.7826 0.6225 -0.0000
vn -0.3096 0.9509 -0.0000
vn 0.2266 0.9740 -0.0000
vn 0.7423 0.6701 -0.0000
vn 0.9251 -0.3796 -0.0000
vn -0.7826 -0.6225 -0.0000
vn -0.6441 -0.7650 -0.0000
vn -0.9445 -0.3285 -0.0000
vn -0.8180 -0.3285 0.4722
vn -0.4722 -0.3285 0.8180
vn -0.8212 0.5706 -0.0000
vn -0.8801 0.4748 -0.0000
vn -0.7622 0.4748 0.4400
vn -0.7112 0.5706 0.4106
vn -0.4400 0.4748 0.7622
vn -0.4106 0.5706 0.7112
vn -0.9916 0.1291 -0.0000
vn -0.8588 0.1291 0.4958
vn -0.4958 0.1291 0.8588
vn -0.8071 -0.3627 0.4660
vn -0.9319 -0.3627 -0.0000
vn -0.9037 -0.4282 -0.0000
vn -0.7826 -0.4282 0.4519
vn -0.4660 -0.3627 0.8071
vn -0.4519 -0.4282 0.7826
vn -0.4781 0.2925 0.8282
vn -0.8282 0.2925 0.4781
vn -0.9563 0.2925 -0.0000
vn -0.0000 0.6225 -0.7826
vn 0.3913 0.6225 -0.6778
vn -0.0000 0.9509 -0.3096
vn 0.1548 0.9509 -0.2681
vn -0.0000 0.9740 0.2266
vn -0.1133 0.9740 0.1962
vn -0.0000 0.6701 0.7423
vn -0.3711 0.6701 0.6428
vn -0.0000 -0.3796 0.9251
vn -0.4626 -0.3796 0.8012
vn -0.0000 -0.7650 -0.6441
vn -0.0000 -0.6225 -0.7826
vn 0.3913 -0.6225 -0.6778
vn 0.3220 -0.7650 -0.5578
vn 0.6778 0.6225 -0.3913
vn 0.2681 0.9509 -0.1548
vn -0.1962 0.9740 0.1133
vn -0.6428 0.6701 0.3711
vn -0.8012 -0.3796 0.4626
vn 0.6778 -0.6225 -0.3913
vn 0.5578 -0.7650 -0.3220
vn 0.8180 -0.3285 -0.4722
vn 0.4722 -0.3285 -0.8180
vn -0.0000 -0.3285 -0.9445
vn 0.7622 0.4748 -0.4400
vn 0.7112 0.5706 -0.4106
vn 0.4400 0.4748 -0.7622
vn 0.4106 0.5706 -0.7112
vn -0.0000 0.4748 -0.8801
vn -0.0000 0.5706 -0.8212
vn 0.8588 0.1291 -0.4958
vn 0.4958 0.1291 -0.8588
vn -0.0000 0.1291 -0.9916
vn 0.8071 -0.3627 -0.4660
vn 0.7826 -0.4282 -0.4519
vn 0.4660 -0.3627 -0.8071
vn 0.4519 -0.4282 -0.7826
vn 0.4781 0.2925 -0.8282
vn -0.0000 0.2925 -0.9563
vn 0.8282 0.2925 -0.4781
vn -0.0000 -0.3627 -0.9319
vn -0.0000 -0.4282 -0.9037
vn -0.3913 0.6225 -0.6778
vn -0.1548 0.9509 -0.2681
vn 0.1133 0.9740 0.1962
vn 0.3711 0.6701 0.6428
vn 0.4626 -0.3796 0.8012
vn -0.3220 -0.7650 -0.5578
vn -0.3913 -0.6225 -0.6778
vn -0.6778 0.6225 -0.3913
vn -0.2681 0.9509 -0.1548
vn 0.1962 0.9740 0.1133
vn 0.6428 0.6701 0.3711
vn 0.8012 -0.3796 0.4626
vn -0.5578 -0.7650 -0.3220
vn -0.6778 -0.6225 -0.3913
vn -0.8180 -0.3285 -0.4722
vn -0.4722 -0.3285 -0.8180
vn -0.7112 0.5706 -0.4106
vn -0.7622 0.4748 -0.4400
vn -0.4106 0.5706 -0.7112
vn -0.4400 0.4748 -0.7622
vn -0.0000 -0.1237 -0.9923
vn -0.8071 -0.3627 -0.4660
vn -0.7826 -0.4282 -0.4519
vn -0.4660 -0.3627 -0.8071
vn -0.4519 -0.4282 -0.7826
vn -0.4781 0.2925 -0.8282
vn -0.8282 0.2925 -0.4781
vn -0.0048 1.0000 -0.0028
vn -0.0028 1.0000 -0.0048
vn -0.0000 1.0000 0.0056
vn -0.0028 1.0000 0.0048
vn -0.0000 1.0000 -0.0056
vn 0.0028 1.0000 -0.0048
vn 0.0056 1.0000 -0.0000
vn 0.0048 1.0000 0.0028
vn 0.0028 1.0000 0.0048
vn -0.0048 1.0000 0.0028
vn -0.0056 1.0000 -0.0000
vn 0.0048 1.0000 -0.0028
vn -0.0000 -0.9926 0.1212
vn 0.0605 -0.9927 0.1048
vn 0.1974 -0.9188 0.3418
vn -0.0000 -0.9188 0.3947
vn 0.3316 -0.7484 0.5744
vn -0.0000 -0.7484 0.6633
vn 0.4198 -0.5431 0.7272
vn -0.0000 -0.5431 0.8397
vn 0.1052 -0.9926 0.0607
vn 0.3418 -0.9188 0.1974
vn 0.5744 -0.7484 0.3316
vn 0.7272 -0.5431 0.4198
vn 0.8397 -0.5431 -0.0000
vn 0.6633 -0.7484 -0.0000
vn 0.3947 -0.9188 -0.0000
vn 0.1215 -0.9926 -0.0000
vn 0.9198 -0.3924 -0.0000
vn 0.7966 -0.3924 0.4599
vn 0.4599 -0.3924 0.7966
vn -0.0000 -0.3924 0.9198
vn -0.0000 -1.0000 -0.0014
vn -0.0000 -1.0000 -0.0000
vn 0.8126 -0.3457 0.4692
vn 0.4692 -0.3457 0.8126
vn -0.0000 -0.3457 0.9384
vn 0.9384 -0.3457 -0.0000
vn -0.1974 -0.9188 0.3418
vn -0.0605 -0.9927 0.1048
vn -0.3316 -0.7484 0.5744
vn -0.4198 -0.5431 0.7272
vn -0.3418 -0.9188 0.1974
vn -0.1052 -0.9926 0.0607
vn -0.5744 -0.7484 0.3316
vn -0.7272 -0.5431 0.4198
vn -0.8397 -0.5431 -0.0000
vn -0.6633 -0.7484 -0.0000
vn -0.3947 -0.9188 -0.0000
vn -0.1215 -0.9926 -0.0000
vn -0.9198 -0.3924 -0.0000
vn -0.7966 -0.3924 0.4599
vn -0.4599 -0.3924 0.7966
vn -0.8126 -0.3457 0.4692
vn -0.4692 -0.3457 0.8126
vn -0.9384 -0.3457 -0.0000
vn -0.0000 -0.9926 -0.1212
vn -0.0000 -0.9188 -0.3947
vn 0.1974 -0.9188 -0.3418
vn 0.0605 -0.9927 -0.1048
vn -0.0000 -0.7484 -0.6633
vn 0.3316 -0.7484 -0.5744
vn -0.0000 -0.5431 -0.8397
vn 0.4198 -0.5431 -0.7272
vn 0.3418 -0.9188 -0.1974
vn 0.1052 -0.9926 -0.0607
vn 0.5744 -0.7484 -0.3316
vn 0.7272 -0.5431 -0.4198
vn 0.7966 -0.3924 -0.4599
vn 0.4599 -0.3924 -0.7966
vn -0.0000 -0.3924 -0.9198
vn -0.0000 -1.0000 0.0014
vn 0.8126 -0.3457 -0.4692
vn 0.4692 -0.3457 -0.8126
vn -0.0000 -0.3457 -0.9384
vn -0.0605 -0.9927 -0.1048
vn -0.1974 -0.9188 -0.3418
vn -0.3316 -0.7484 -0.5744
vn -0.4198 -0.5431 -0.7272
vn -0.1052 -0.9926 -0.0607
vn -0.3418 -0.9188 -0.1974
vn -0.5744 -0.7484 -0.3316
vn -0.7272 -0.5431 -0.4198
vn -0.7966 -0.3924 -0.4599
vn -0.4599 -0.3924 -0.7966
vn -0.8126 -0.3457 -0.4692
vn -0.4692 -0.3457 -0.8126
vn 0.6257 -0.6914 0.3612
vn 0.4237 -0.8722 0.2446
vn 0.4892 -0.8722 -0.0000
vn 0.7225 -0.6914 -0.0000
vn -0.4897 -0.2015 -0.8483
vn -0.8483 -0.2015 -0.4897
vn -0.9795 -0.2015 -0.0000
vn -0.9923 -0.1237 -0.0000
vn 0.4962 -0.1237 -0.8594
vn 0.4897 -0.2015 -0.8483
vn -0.0000 -0.2015 -0.9795
vn 0.8594 -0.1237 -0.4962
vn 0.8483 -0.2015 -0.4897
vn 0.9923 -0.1237 -0.0000
vn 0.9795 -0.2015 -0.0000
vn -0.0000 -0.1237 0.9923
vn -0.4962 -0.1237 0.8594
vn -0.4897 -0.2015 0.8483
vn -0.0000 -0.2015 0.9795
vn -0.8594 -0.1237 0.4962
vn -0.8483 -0.2015 0.4897
vn 0.4897 -0.2015 0.8483
vn 0.8483 -0.2015 0.4897
vn 0.3612 -0.6914 0.6257
vn 0.2446 -0.8722 0.4237
vn 0.7603 0.4788 0.4390
vn 0.8558 -0.1533 0.4941
vn 0.9882 -0.1533 -0.0000
vn 0.8779 0.4788 -0.0000
vn 0.8258 -0.3013 0.4768
vn 0.9535 -0.3013 -0.0000
vn 0.5847 0.7376 0.3376
vn 0.6752 0.7376 -0.0000
vn 0.3376 0.7376 0.5847
vn 0.4390 0.4788 0.7603
vn -0.0000 -0.6914 0.7225
vn -0.0000 -0.8722 0.4892
vn 0.4941 -0.1533 0.8558
vn 0.4768 -0.3013 0.8258
vn -0.0000 0.7376 0.6752
vn -0.0000 0.4788 0.8779
vn -0.5847 0.7376 0.3376
vn -0.6752 0.7376 -0.0000
vn -0.8779 0.4788 -0.0000
vn -0.7603 0.4788 0.4390
vn -0.6257 -0.6914 0.3612
vn -0.7225 -0.6914 -0.0000
vn -0.4892 -0.8722 -0.0000
vn -0.4237 -0.8722 0.2446
vn -0.0000 -0.1533 0.9882
vn -0.0000 -0.3013 0.9535
vn -0.3376 0.7376 0.5847
vn -0.4390 0.4788 0.7603
vn -0.3612 -0.6914 0.6257
vn -0.2446 -0.8722 0.4237
vn -0.9882 -0.1533 -0.0000
vn -0.8558 -0.1533 0.4941
vn -0.8258 -0.3013 0.4768
vn -0.9535 -0.3013 -0.0000
vn 0.5847 0.7376 -0.3376
vn 0.7603 0.4788 -0.4390
vn 0.3376 0.7376 -0.5847
vn 0.4390 0.4788 -0.7603
vn -0.4941 -0.1533 0.8558
vn -0.4768 -0.3013 0.8258
vn -0.0000 0.7376 -0.6752
vn -0.0000 0.4788 -0.8779
vn -0.5847 0.7376 -0.3376
vn -0.7603 0.4788 -0.4390
vn 0.6257 -0.6914 -0.3612
vn 0.4237 -0.8722 -0.2446
vn -0.3376 0.7376 -0.5847
vn -0.4390 0.4788 -0.7603
vn 0.3612 -0.6914 -0.6257
vn 0.2446 -0.8722 -0.4237
vn 0.8558 -0.1533 -0.4941
vn 0.8258 -0.3013 -0.4768
vn -0.0000 -0.6914 -0.7225
vn -0.0000 -0.8722 -0.4892
vn 0.4941 -0.1533 -0.8558
vn 0.4768 -0.3013 -0.8258
vn -0.6257 -0.6914 -0.3612
vn -0.4237 -0.8722 -0.2446
vn -0.0000 -0.1533 -0.9882
vn -0.0000 -0.3013 -0.9535
vn -0.3612 -0.6914 -0.6257
vn -0.2446 -0.8722 -0.4237
vn -0.8558 -0.1533 -0.4941
vn -0.8258 -0.3013 -0.4768
vn -0.4941 -0.1533 -0.8558
vn -0.4768 -0.3013 -0.8258
vn -0.4897 -0.2023 -0.8481
vn -0.0000 -0.2023 -0.9793
vn -0.8481 -0.2023 -0.4897
vn -0.8481 -0.2023 0.4897
vn -0.9793 -0.2023 -0.0000
vn 0.4897 -0.2023 -0.8481
vn 0.8481 -0.2023 -0.4897
vn 0.8481 -0.2023 0.4897
vn 0.4897 -0.2023 0.8481
vn -0.0000 -0.2023 0.9793
vn 0.9793 -0.2023 -0.0000
vn -0.4897 -0.2023 0.8481
vt 0.291161 0.786845
vt 0.356817 0.765648
vt 0.358736 0.773258
vt 0.294080 0.794194
vt 0.360611 0.780793
vt 0.296878 0.801460
vt 0.362616 0.788509
vt 0.299816 0.808701
vt 0.364547 0.796268
vt 0.302780 0.816330
vt 0.366565 0.804207
vt 0.305765 0.824022
vt 0.368696 0.812409
vt 0.308655 0.831460
vt 0.285428 0.772157
vt 0.352922 0.750042
vt 0.354841 0.757886
vt 0.288262 0.779446
vt 0.424573 0.752699
vt 0.425583 0.760552
vt 0.426551 0.768106
vt 0.427443 0.775849
vt 0.428375 0.783811
vt 0.429421 0.791907
vt 0.430450 0.799823
vt 0.422507 0.736539
vt 0.423544 0.744774
vt 0.492931 0.748296
vt 0.492997 0.756152
vt 0.493059 0.763892
vt 0.493063 0.771461
vt 0.492978 0.779460
vt 0.493024 0.787648
vt 0.493027 0.796116
vt 0.492842 0.732551
vt 0.492869 0.740321
vt 0.478792 0.725489
vt 0.405761 0.728225
vt 0.405368 0.721088
vt 0.478830 0.718289
vt 0.332981 0.734885
vt 0.332220 0.727774
vt 0.260503 0.745164
vt 0.259447 0.738130
vt 0.478513 0.691962
vt 0.403576 0.695007
vt 0.402041 0.666525
vt 0.478250 0.664056
vt 0.329113 0.701807
vt 0.326143 0.673309
vt 0.255203 0.712480
vt 0.250488 0.683717
vt 0.399912 0.633416
vt 0.477980 0.630607
vt 0.322126 0.640338
vt 0.245006 0.651187
vt 0.888940 0.638777
vt 0.880244 0.675489
vt 0.799482 0.657991
vt 0.806681 0.620622
vt 0.397553 0.597905
vt 0.318311 0.604772
vt 0.593927 0.257677
vt 0.590605 0.277213
vt 0.514195 0.270614
vt 0.514230 0.250995
vt 0.671821 0.277599
vt 0.665293 0.296377
vt 0.258025 0.729190
vt 0.331230 0.718800
vt 0.404835 0.712080
vt 0.478786 0.709275
vt 0.745372 0.310162
vt 0.735812 0.327665
vt 0.232286 0.822780
vt 0.228486 0.815860
vt 0.236058 0.829735
vt 0.239862 0.836541
vt 0.243769 0.843551
vt 0.247745 0.850734
vt 0.251719 0.857953
vt 0.224656 0.808819
vt 0.220682 0.801494
vt 0.174572 0.858878
vt 0.170037 0.852551
vt 0.179029 0.865099
vt 0.183604 0.871355
vt 0.188278 0.877865
vt 0.193192 0.884638
vt 0.198129 0.891461
vt 0.165466 0.846061
vt 0.160978 0.839562
vt 0.119536 0.903736
vt 0.113621 0.897496
vt 0.126112 0.908910
vt 0.132776 0.913588
vt 0.139184 0.918605
vt 0.144661 0.924277
vt 0.149335 0.931080
vt 0.108888 0.890376
vt 0.105290 0.882946
vt 0.055332 0.791231
vt 0.054526 0.784893
vt 0.118576 0.766582
vt 0.120202 0.773129
vt 0.187792 0.750653
vt 0.189123 0.757523
vt 0.046138 0.763421
vt 0.033987 0.739804
vt 0.104220 0.716221
vt 0.111905 0.742403
vt 0.176258 0.698212
vt 0.182431 0.725598
vt 0.021191 0.708820
vt 0.095597 0.685212
vt 0.169411 0.666350
vt 0.870459 0.408545
vt 0.919252 0.472073
vt 0.902485 0.482493
vt 0.855944 0.421763
vt 0.812179 0.354265
vt 0.799998 0.369801
vt 0.185980 0.742002
vt 0.116344 0.758224
vt 0.052185 0.777319
vt 0.696204 0.786043
vt 0.693343 0.793490
vt 0.628000 0.772431
vt 0.629886 0.764692
vt 0.690447 0.800792
vt 0.626057 0.780170
vt 0.687671 0.808170
vt 0.624225 0.787812
vt 0.684645 0.815852
vt 0.622310 0.795662
vt 0.681586 0.823594
vt 0.620327 0.803681
vt 0.678634 0.831083
vt 0.618327 0.811727
vt 0.702000 0.771230
vt 0.699115 0.778573
vt 0.631852 0.756845
vt 0.633910 0.748686
vt 0.560560 0.760101
vt 0.561483 0.752246
vt 0.559657 0.767847
vt 0.558813 0.775622
vt 0.557867 0.783450
vt 0.556935 0.791644
vt 0.555980 0.799869
vt 0.562456 0.744193
vt 0.563483 0.736163
vt 0.553183 0.720534
vt 0.552711 0.727828
vt 0.628748 0.726826
vt 0.627932 0.734224
vt 0.705329 0.736148
vt 0.704188 0.743594
vt 0.555446 0.664583
vt 0.554403 0.693813
vt 0.634060 0.669458
vt 0.631244 0.699836
vt 0.713666 0.678944
vt 0.709106 0.708772
vt 0.556948 0.630604
vt 0.637309 0.635190
vt 0.718511 0.644133
vt 0.434902 0.257480
vt 0.438148 0.276885
vt 0.357709 0.277024
vt 0.364151 0.295684
vt 0.629644 0.717487
vt 0.706701 0.726650
vt 0.553642 0.711318
vt 0.284424 0.309220
vt 0.293942 0.326745
vt 0.759390 0.815238
vt 0.755632 0.822203
vt 0.751879 0.829081
vt 0.748087 0.836177
vt 0.744194 0.843254
vt 0.740232 0.850526
vt 0.736188 0.858079
vt 0.767162 0.801007
vt 0.763225 0.808132
vt 0.818668 0.851831
vt 0.814134 0.858287
vt 0.809695 0.864548
vt 0.805115 0.870895
vt 0.800353 0.877523
vt 0.795495 0.884433
vt 0.790757 0.891187
vt 0.827923 0.838494
vt 0.823210 0.845271
vt 0.876043 0.897188
vt 0.870062 0.903444
vt 0.863279 0.908800
vt 0.856507 0.913512
vt 0.850158 0.918468
vt 0.844569 0.924233
vt 0.839862 0.931080
vt 0.884526 0.882398
vt 0.880892 0.889945
vt 0.928758 0.791230
vt 0.855919 0.772709
vt 0.857734 0.765317
vt 0.929504 0.783805
vt 0.780425 0.756323
vt 0.781919 0.748918
vt 0.938194 0.759408
vt 0.864182 0.738361
vt 0.871773 0.709462
vt 0.950594 0.732670
vt 0.787043 0.721792
vt 0.793102 0.692304
vt 0.963020 0.697914
vt 0.723326 0.606868
vt 0.158186 0.407971
vt 0.172801 0.421351
vt 0.125650 0.482493
vt 0.108761 0.471927
vt 0.217175 0.353340
vt 0.229408 0.369009
vt 0.783776 0.739566
vt 0.860006 0.756066
vt 0.931851 0.775306
vt 0.149028 0.202826
vt 0.204764 0.145588
vt 0.216205 0.158921
vt 0.161056 0.214202
vt 0.752391 0.085967
vt 0.823604 0.136321
vt 0.812145 0.150499
vt 0.742592 0.103505
vt 0.269921 0.092729
vt 0.347688 0.056589
vt 0.353980 0.073368
vt 0.280268 0.109296
vt 0.507041 0.031178
vt 0.589077 0.032243
vt 0.586248 0.049882
vt 0.507705 0.047107
vt 0.672235 0.051523
vt 0.665944 0.068801
vt 0.881211 0.196629
vt 0.939237 0.257202
vt 0.929573 0.273140
vt 0.869026 0.208720
vt 0.427625 0.038675
vt 0.430932 0.055685
vt 0.095430 0.266197
vt 0.105950 0.281345
vt 0.688334 0.199616
vt 0.631044 0.173016
vt 0.636261 0.158321
vt 0.696449 0.185288
vt 0.641552 0.143147
vt 0.704278 0.171454
vt 0.646242 0.129650
vt 0.711373 0.158894
vt 0.570513 0.157958
vt 0.573272 0.142426
vt 0.575609 0.126907
vt 0.577755 0.112923
vt 0.508614 0.108355
vt 0.508823 0.122210
vt 0.509100 0.137666
vt 0.509191 0.153540
vt 0.507891 0.077685
vt 0.582029 0.082045
vt 0.656503 0.099332
vt 0.727171 0.130923
vt 0.669076 0.870835
vt 0.661230 0.866304
vt 0.656699 0.858458
vt 0.665557 0.856084
vt 0.678137 0.870835
vt 0.673606 0.853927
vt 0.750681 0.223111
vt 0.740635 0.235104
vt 0.761074 0.210752
vt 0.770322 0.199739
vt 0.796901 0.269914
vt 0.784094 0.279877
vt 0.809679 0.260019
vt 0.821270 0.250760
vt 0.864947 0.317248
vt 0.849664 0.324106
vt 0.832494 0.330195
vt 0.815850 0.334936
vt 0.898351 0.297127
vt 0.846141 0.229693
vt 0.790877 0.175474
vt 0.661228 0.841550
vt 0.656699 0.849397
vt 0.669075 0.837019
vt 0.335728 0.201831
vt 0.327522 0.188158
vt 0.385360 0.160267
vt 0.390795 0.174417
vt 0.319592 0.174999
vt 0.379849 0.145651
vt 0.312354 0.163036
vt 0.374975 0.132624
vt 0.446140 0.143242
vt 0.449089 0.158372
vt 0.443452 0.128354
vt 0.441027 0.114804
vt 0.435839 0.084607
vt 0.364493 0.103607
vt 0.296169 0.136361
vt 0.685984 0.866304
vt 0.681655 0.851770
vt 0.690514 0.849396
vt 0.690513 0.858457
vt 0.286035 0.237115
vt 0.276065 0.225806
vt 0.265729 0.214146
vt 0.256558 0.203773
vt 0.245550 0.281288
vt 0.232997 0.272075
vt 0.220348 0.262836
vt 0.208973 0.254248
vt 0.168870 0.319494
vt 0.183794 0.325616
vt 0.200474 0.330831
vt 0.216563 0.334936
vt 0.136028 0.301163
vt 0.184565 0.234686
vt 0.235924 0.181052
vt 0.678136 0.837019
vt 0.685983 0.841550
vt 0.591843 0.558321
vt 0.591477 0.564585
vt 0.508586 0.562390
vt 0.508591 0.555918
vt 0.808037 0.613588
vt 0.890549 0.631803
vt 0.973961 0.651868
vt 0.972564 0.659070
vt 0.639951 0.598213
vt 0.640471 0.591186
vt 0.724283 0.599726
vt 0.557955 0.594356
vt 0.558110 0.587499
vt 0.477300 0.594299
vt 0.477145 0.587437
vt 0.238952 0.615842
vt 0.161274 0.632168
vt 0.159731 0.625685
vt 0.237775 0.609114
vt 0.086256 0.651971
vt 0.084507 0.645648
vt 0.010855 0.673812
vt 0.009290 0.667305
vt 0.317552 0.598032
vt 0.397107 0.591203
vt 0.673378 0.565346
vt 0.672687 0.571354
vt 0.592266 0.550871
vt 0.592067 0.554451
vt 0.508594 0.552040
vt 0.508597 0.548436
vt 0.595132 0.250539
vt 0.514230 0.243828
vt 0.592542 0.546136
vt 0.508601 0.543529
vt 0.674763 0.553360
vt 0.674222 0.558005
vt 0.753480 0.576991
vt 0.752441 0.583036
vt 0.673821 0.561517
vt 0.674194 0.270776
vt 0.755538 0.565226
vt 0.754737 0.569792
vt 0.913894 0.601991
vt 0.994810 0.627621
vt 0.994152 0.632635
vt 0.912574 0.606540
vt 0.910529 0.613543
vt 0.991500 0.639908
vt 0.988085 0.645679
vt 0.908775 0.619552
vt 0.754129 0.573257
vt 0.748835 0.303842
vt 0.835000 0.581541
vt 0.833979 0.585935
vt 0.832324 0.593034
vt 0.830950 0.599009
vt 0.993161 0.636230
vt 0.911587 0.609905
vt 0.875757 0.403716
vt 0.925261 0.468074
vt 0.424656 0.545997
vt 0.424924 0.550731
vt 0.342437 0.553062
vt 0.342944 0.557601
vt 0.833179 0.589344
vt 0.816591 0.348657
vt 0.261070 0.564284
vt 0.261845 0.568913
vt 0.099006 0.601012
vt 0.100352 0.605679
vt 0.016670 0.632296
vt 0.016003 0.627154
vt 0.425334 0.558182
vt 0.425691 0.564448
vt 0.179950 0.580196
vt 0.180999 0.584813
vt 0.343758 0.564937
vt 0.344462 0.571105
vt 0.425117 0.554311
vt 0.433721 0.250428
vt 0.263073 0.576210
vt 0.264120 0.582332
vt 0.343330 0.561126
vt 0.355391 0.270276
vt 0.102436 0.612863
vt 0.104226 0.619024
vt 0.022868 0.645679
vt 0.019377 0.639757
vt 0.262434 0.572426
vt 0.280993 0.302883
vt 0.182669 0.592107
vt 0.184036 0.598075
vt 0.101358 0.609130
vt 0.017680 0.635983
vt 0.152845 0.403083
vt 0.102761 0.467911
vt 0.181801 0.588302
vt 0.212731 0.347646
vt 0.686514 0.918376
vt 0.623787 0.904471
vt 0.626600 0.888198
vt 0.690849 0.901729
vt 0.562169 0.896514
vt 0.563411 0.880706
vt 0.501122 0.894715
vt 0.440142 0.898444
vt 0.438435 0.882560
vt 0.500853 0.878748
vt 0.809278 0.962031
vt 0.748914 0.937443
vt 0.754612 0.921374
vt 0.816397 0.946652
vt 0.263172 0.941130
vt 0.209743 0.964312
vt 0.203079 0.950895
vt 0.257626 0.926674
vt 0.320347 0.922228
vt 0.315850 0.906745
vt 0.867573 0.992766
vt 0.876997 0.978287
vt 0.159156 0.992766
vt 0.150382 0.979917
vt 0.379736 0.907637
vt 0.376609 0.891963
vt 0.761025 0.903082
vt 0.824486 0.928875
vt 0.142110 0.964823
vt 0.195393 0.935623
vt 0.564660 0.862397
vt 0.629527 0.869646
vt 0.436434 0.864504
vt 0.500480 0.860579
vt 0.886242 0.960460
vt 0.251085 0.910338
vt 0.310689 0.889492
vt 0.372997 0.874165
vt 0.695544 0.883097
s 1
usemtl cauldron
f 1356/907/1336 1365/908/1337 1366/909/1338 1357/910/1339
f 1357/910/1339 1366/909/1338 1367/911/1340 1358/912/1341
f 1358/912/1341 1367/911/1340 1368/913/1342 1359/914/1343
f 1359/914/1343 1368/913/1342 1369/915/1344 1360/916/1345
f 1360/916/1345 1369/915/1344 1370/917/1346 1361/918/1347
f 1361/918/1347 1370/917/1346 1371/919/1348 1362/920/1349
f 1363/921/1350 1372/922/1351 1373/923/1352 1364/924/1353
f 1364/924/1353 1373/923/1352 1365/908/1337 1356/907/1336
f 1365/908/1337 1374/925/1354 1375/926/1355 1366/909/1338
f 1366/909/1338 1375/926/1355 1376/927/1356 1367/911/1340
f 1367/911/1340 1376/927/1356 1377/928/1357 1368/913/1342
f 1368/913/1342 1377/928/1357 1378/929/1358 1369/915/1344
f 1369/915/1344 1378/929/1358 1379/930/1359 1370/917/1346
f 1370/917/1346 1379/930/1359 1380/931/1360 1371/919/1348
f 1372/922/1351 1381/932/1361 1382/933/1362 1373/923/1352
f 1373/923/1352 1382/933/1362 1374/925/1354 1365/908/1337
f 1374/925/1354 1347/934/1363 1348/935/1364 1375/926/1355
f 1375/926/1355 1348/935/1364 1349/936/1365 1376/927/1356
f 1376/927/1356 1349/936/1365 1350/937/1366 1377/928/1357
f 1377/928/1357 1350/937/1366 1351/938/1367 1378/929/1358
f 1378/929/1358 1351/938/1367 1352/939/1368 1379/930/1359
f 1379/930/1359 1352/939/1368 1353/940/1369 1380/931/1360
f 1381/932/1361 1354/941/1370 1355/942/1371 1382/933/1362
f 1382/933/1362 1355/942/1371 1347/934/1363 1374/925/1354
f 1354/943/1370 1381/944/1361 1386/945/1372 1383/946/1373
f 1381/944/1361 1372/947/1351 1385/948/1374 1386/945/1372
f 1372/947/1351 1363/949/1350 1384/950/1375 1385/948/1374
f 1530/951/1376 1527/952/1377 1390/953/1378 1387/954/1379
f 1527/952/1377 1528/955/1380 1389/956/1381 1390/953/1378
f 1528/955/1380 1529/957/1382 1388/958/1383 1389/956/1381
f 1387/954/1379 1390/953/1378 1394/959/1384 1391/960/1385
f 1390/953/1378 1389/956/1381 1393/961/1386 1394/959/1384
f 1389/956/1381 1388/958/1383 1392/962/1387 1393/961/1386
f 1522/963/1388 1520/964/1389 1519/965/1390 1521/966/1391
f 1398/967/1392 1394/959/1384 1393/961/1386 1397/968/1393
f 1615/969/1394 1402/970/1395 1399/971/1396 1614/972/1397
f 1616/973/1398 1401/974/1399 1402/970/1395 1615/969/1394
f 1385/948/1374 1384/950/1375 1406/975/1400 1405/976/1401
f 1386/945/1372 1385/948/1374 1405/976/1401 1404/977/1402
f 1383/946/1373 1386/945/1372 1404/977/1402 1403/978/1403
f 1617/979/1404 1400/980/1405 1401/974/1399 1616/973/1398
f 1356/907/1336 1357/910/1339 1417/981/1406 1416/982/1407
f 1357/910/1339 1358/912/1341 1418/983/1408 1417/981/1406
f 1358/912/1341 1359/914/1343 1419/984/1409 1418/983/1408
f 1359/914/1343 1360/916/1345 1420/985/1410 1419/984/1409
f 1360/916/1345 1361/918/1347 1421/986/1411 1420/985/1410
f 1361/918/1347 1362/920/1349 1422/987/1412 1421/986/1411
f 1363/921/1350 1364/924/1353 1424/988/1413 1423/989/1414
f 1364/924/1353 1356/907/1336 1416/982/1407 1424/988/1413
f 1416/982/1407 1417/981/1406 1426/990/1415 1425/991/1416
f 1417/981/1406 1418/983/1408 1427/992/1417 1426/990/1415
f 1418/983/1408 1419/984/1409 1428/993/1418 1427/992/1417
f 1419/984/1409 1420/985/1410 1429/994/1419 1428/993/1418
f 1420/985/1410 1421/986/1411 1430/995/1420 1429/994/1419
f 1421/986/1411 1422/987/1412 1431/996/1421 1430/995/1420
f 1423/989/1414 1424/988/1413 1433/997/1422 1432/998/1423
f 1424/988/1413 1416/982/1407 1425/991/1416 1433/997/1422
f 1425/991/1416 1426/990/1415 1408/999/1424 1407/1000/1368
f 1426/990/1415 1427/992/1417 1409/1001/1425 1408/999/1424
f 1427/992/1417 1428/993/1418 1410/1002/1426 1409/1001/1425
f 1428/993/1418 1429/994/1419 1411/1003/1427 1410/1002/1426
f 1429/994/1419 1430/995/1420 1412/1004/1363 1411/1003/1427
f 1430/995/1420 1431/996/1421 1413/1005/1428 1412/1004/1363
f 1432/998/1423 1433/997/1422 1415/1006/1429 1414/1007/1430
f 1433/997/1422 1425/991/1416 1407/1000/1368 1415/1006/1429
f 1414/1008/1430 1434/1009/1431 1436/1010/1432 1432/1011/1423
f 1432/1011/1423 1436/1010/1432 1435/1012/1433 1423/1013/1414
f 1423/1013/1414 1435/1012/1433 1384/950/1375 1363/949/1350
f 1533/1014/1434 1437/1015/1435 1439/1016/1436 1531/1017/1437
f 1531/1017/1437 1439/1016/1436 1438/1018/1438 1532/1019/1439
f 1532/1019/1439 1438/1018/1438 1388/958/1383 1529/957/1382
f 1437/1015/1435 1440/1020/1440 1442/1021/1441 1439/1016/1436
f 1439/1016/1436 1442/1021/1441 1441/1022/1442 1438/1018/1438
f 1438/1018/1438 1441/1022/1442 1392/962/1387 1388/958/1383
f 1619/1023/1443 1618/1024/1444 1446/1025/1445 1448/1026/1446
f 1620/1027/1447 1619/1023/1443 1448/1026/1446 1447/1028/1448
f 1435/1012/1433 1451/1029/1449 1406/975/1400 1384/950/1375
f 1436/1010/1432 1450/1030/1450 1451/1029/1449 1435/1012/1433
f 1434/1009/1431 1449/1031/1451 1450/1030/1450 1436/1010/1432
f 1617/979/1404 1620/1027/1447 1447/1028/1448 1400/980/1405
f 1452/1032/1347 1453/1033/1452 1462/1034/1453 1461/1035/1411
f 1453/1033/1452 1454/1036/1454 1463/1037/1455 1462/1034/1453
f 1454/1036/1454 1455/1038/1456 1464/1039/1457 1463/1037/1455
f 1455/1038/1456 1456/1040/1458 1465/1041/1459 1464/1039/1457
f 1456/1040/1458 1457/1042/1336 1466/1043/1407 1465/1041/1459
f 1457/1042/1336 1458/1044/1460 1467/1045/1461 1466/1043/1407
f 1459/1046/1462 1460/1047/1463 1469/1048/1464 1468/1049/1465
f 1460/1047/1463 1452/1032/1347 1461/1035/1411 1469/1048/1464
f 1461/1035/1411 1462/1034/1453 1471/1050/1466 1470/1051/1420
f 1462/1034/1453 1463/1037/1455 1472/1052/1467 1471/1050/1466
f 1463/1037/1455 1464/1039/1457 1473/1053/1468 1472/1052/1467
f 1464/1039/1457 1465/1041/1459 1474/1054/1469 1473/1053/1468
f 1465/1041/1459 1466/1043/1407 1475/1055/1416 1474/1054/1469
f 1466/1043/1407 1467/1045/1461 1476/1056/1470 1475/1055/1416
f 1468/1049/1465 1469/1048/1464 1478/1057/1471 1477/1058/1472
f 1469/1048/1464 1461/1035/1411 1470/1051/1420 1478/1057/1471
f 1470/1051/1420 1471/1050/1466 1348/935/1364 1347/934/1363
f 1471/1050/1466 1472/1052/1467 1349/936/1365 1348/935/1364
f 1472/1052/1467 1473/1053/1468 1350/937/1366 1349/936/1365
f 1473/1053/1468 1474/1054/1469 1351/938/1367 1350/937/1366
f 1474/1054/1469 1475/1055/1416 1352/939/1368 1351/938/1367
f 1475/1055/1416 1476/1056/1470 1353/940/1369 1352/939/1368
f 1477/1058/1472 1478/1057/1471 1355/942/1371 1354/941/1370
f 1478/1057/1471 1470/1051/1420 1347/934/1363 1355/942/1371
f 1354/943/1370 1383/946/1373 1481/1059/1473 1477/1060/1472
f 1477/1060/1472 1481/1059/1473 1480/1061/1474 1468/1062/1465
f 1468/1062/1465 1480/1061/1474 1479/1063/1475 1459/1064/1462
f 1530/951/1376 1387/954/1379 1484/1065/1476 1534/1066/1477
f 1534/1066/1477 1484/1065/1476 1483/1067/1478 1535/1068/1479
f 1535/1068/1479 1483/1067/1478 1482/1069/1480 1536/1070/1481
f 1387/954/1379 1391/960/1385 1487/1071/1482 1484/1065/1476
f 1484/1065/1476 1487/1071/1482 1486/1072/1483 1483/1067/1478
f 1483/1067/1478 1486/1072/1483 1485/1073/1484 1482/1069/1480
f 1621/1074/1485 1614/972/1397 1399/971/1396 1493/1075/1486
f 1622/1076/1487 1621/1074/1485 1493/1075/1486 1492/1077/1488
f 1480/1061/1474 1495/1078/1489 1496/1079/1490 1479/1063/1475
f 1481/1059/1473 1494/1080/1491 1495/1078/1489 1480/1061/1474
f 1383/946/1373 1403/978/1403 1494/1080/1491 1481/1059/1473
f 1623/1081/1492 1622/1076/1487 1492/1077/1488 1491/1082/1493
f 1452/1032/1347 1497/1083/1346 1498/1084/1494 1453/1033/1452
f 1453/1033/1452 1498/1084/1494 1499/1085/1495 1454/1036/1454
f 1454/1036/1454 1499/1085/1495 1500/1086/1496 1455/1038/1456
f 1455/1038/1456 1500/1086/1496 1501/1087/1497 1456/1040/1458
f 1456/1040/1458 1501/1087/1497 1502/1088/1337 1457/1042/1336
f 1457/1042/1336 1502/1088/1337 1503/1089/1498 1458/1044/1460
f 1459/1046/1462 1504/1090/1499 1505/1091/1500 1460/1047/1463
f 1460/1047/1463 1505/1091/1500 1497/1083/1346 1452/1032/1347
f 1497/1083/1346 1506/1092/1359 1507/1093/1501 1498/1084/1494
f 1498/1084/1494 1507/1093/1501 1508/1094/1502 1499/1085/1495
f 1499/1085/1495 1508/1094/1502 1509/1095/1503 1500/1086/1496
f 1500/1086/1496 1509/1095/1503 1510/1096/1504 1501/1087/1497
f 1501/1087/1497 1510/1096/1504 1511/1097/1354 1502/1088/1337
f 1502/1088/1337 1511/1097/1354 1512/1098/1505 1503/1089/1498
f 1504/1090/1499 1513/1099/1506 1514/1100/1507 1505/1091/1500
f 1505/1091/1500 1514/1100/1507 1506/1092/1359 1497/1083/1346
f 1506/1092/1359 1407/1101/1368 1408/1102/1424 1507/1093/1501
f 1507/1093/1501 1408/1102/1424 1409/1103/1425 1508/1094/1502
f 1508/1094/1502 1409/1103/1425 1410/1104/1426 1509/1095/1503
f 1509/1095/1503 1410/1104/1426 1411/1105/1427 1510/1096/1504
f 1510/1096/1504 1411/1105/1427 1412/1106/1363 1511/1097/1354
f 1511/1097/1354 1412/1106/1363 1413/1107/1428 1512/1098/1505
f 1513/1099/1506 1414/1108/1430 1415/1109/1429 1514/1100/1507
f 1514/1100/1507 1415/1109/1429 1407/1101/1368 1506/1092/1359
f 1414/1110/1430 1513/1111/1506 1516/1112/1508 1434/1113/1431
f 1513/1111/1506 1504/1114/1499 1515/1115/1509 1516/1112/1508
f 1504/1114/1499 1459/1064/1462 1479/1063/1475 1515/1115/1509
f 1533/1116/1434 1537/1117/1510 1518/1118/1511 1437/1119/1435
f 1537/1117/1510 1538/1120/1512 1517/1121/1513 1518/1118/1511
f 1538/1120/1512 1536/1070/1481 1482/1069/1480 1517/1121/1513
f 1437/1119/1435 1518/1118/1511 1520/964/1389 1440/1122/1440
f 1518/1118/1511 1517/1121/1513 1519/965/1390 1520/964/1389
f 1517/1121/1513 1482/1069/1480 1485/1073/1484 1519/965/1390
f 1521/966/1391 1519/965/1390 1485/1073/1484 1488/1123/1514
f 1624/1124/1515 1524/1125/1516 1446/1126/1445 1618/1127/1444
f 1625/1128/1517 1523/1129/1518 1524/1125/1516 1624/1124/1515
f 1515/1115/1509 1479/1063/1475 1496/1079/1490 1526/1130/1519
f 1516/1112/1508 1515/1115/1509 1526/1130/1519 1525/1131/1520
f 1434/1113/1431 1516/1112/1508 1525/1131/1520 1449/1132/1451
f 1623/1081/1492 1491/1082/1493 1523/1129/1518 1625/1128/1517
f 1524/1133/1521 1523/1134/1522 1602/1135/1522 1603/1136/1521
f 1400/1137/1523 1447/1138/1524 1565/1139/1524 1539/1140/1523
f 1491/1141/1525 1492/1142/1526 1584/1143/1526 1583/1144/1525
f 1399/1145/1527 1402/1146/1528 1541/1147/1528 1542/1148/1527
f 1523/1134/1522 1491/1141/1525 1583/1144/1525 1602/1135/1522
f 1402/1146/1528 1401/1149/1529 1540/1150/1529 1541/1147/1528
f 1448/1151/1530 1446/1152/1531 1567/1153/1531 1566/1154/1530
f 1493/1155/1532 1399/1145/1527 1542/1148/1527 1585/1156/1532
f 1401/1149/1529 1400/1137/1523 1539/1140/1523 1540/1150/1529
f 1446/1157/1531 1524/1133/1521 1603/1136/1521 1567/1158/1531
f 1447/1138/1524 1448/1151/1530 1566/1154/1530 1565/1139/1524
f 1492/1142/1526 1493/1155/1532 1585/1156/1532 1584/1143/1526
f 1526/1130/1519 1496/1079/1490 1536/1070/1481 1538/1120/1512
f 1525/1131/1520 1526/1130/1519 1538/1120/1512 1537/1117/1510
f 1449/1132/1451 1525/1131/1520 1537/1117/1510 1533/1116/1434
f 1495/1078/1489 1535/1068/1479 1536/1070/1481 1496/1079/1490
f 1494/1080/1491 1534/1066/1477 1535/1068/1479 1495/1078/1489
f 1403/978/1403 1530/951/1376 1534/1066/1477 1494/1080/1491
f 1451/1029/1449 1532/1019/1439 1529/957/1382 1406/975/1400
f 1450/1030/1450 1531/1017/1437 1532/1019/1439 1451/1029/1449
f 1449/1031/1451 1533/1014/1434 1531/1017/1437 1450/1030/1450
f 1405/976/1401 1406/975/1400 1529/957/1382 1528/955/1380
f 1404/977/1402 1405/976/1401 1528/955/1380 1527/952/1377
f 1403/978/1403 1404/977/1402 1527/952/1377 1530/951/1376
f 1544/1159/1533 1545/1160/1534 1546/1161/1535 1543/1162/1536
f 1543/1162/1536 1546/1161/1535 1548/1163/1537 1547/1164/1538
f 1547/1164/1538 1548/1163/1537 1550/1165/1539 1549/1166/1540
f 1545/1160/1534 1551/1167/1541 1552/1168/1542 1546/1161/1535
f 1546/1161/1535 1552/1168/1542 1553/1169/1543 1548/1163/1537
f 1548/1163/1537 1553/1169/1543 1554/1170/1544 1550/1165/1539
f 1556/1171/1545 1554/1170/1544 1553/1169/1543 1555/1172/1546
f 1555/1172/1546 1553/1169/1543 1552/1168/1542 1557/1173/1547
f 1557/1173/1547 1552/1168/1542 1551/1167/1541 1558/1174/1548
f 1559/1175/1549 1560/1176/1550 1554/1170/1544 1556/1171/1545
f 1561/1177/1551 1562/1178/1552 1549/1166/1540 1550/1165/1539
f 1560/1176/1550 1561/1177/1551 1550/1165/1539 1554/1170/1544
f 1551/1179/1541 1545/1180/1534 1544/1181/1533 1563/1182/1553
f 1558/1183/1548 1551/1179/1541 1563/1182/1553 1564/1184/1554
f 1541/1147/1555 1540/1150/1556 1561/1177/1551 1560/1176/1550
f 1540/1150/1556 1539/1140/1557 1562/1178/1552 1561/1177/1551
f 1542/1148/1558 1541/1147/1555 1560/1176/1550 1559/1175/1549
f 1544/1159/1533 1543/1162/1536 1569/1185/1559 1568/1186/1560
f 1543/1162/1536 1547/1164/1538 1570/1187/1561 1569/1185/1559
f 1547/1164/1538 1549/1166/1540 1571/1188/1562 1570/1187/1561
f 1568/1186/1560 1569/1185/1559 1573/1189/1563 1572/1190/1564
f 1569/1185/1559 1570/1187/1561 1574/1191/1565 1573/1189/1563
f 1570/1187/1561 1571/1188/1562 1575/1192/1566 1574/1191/1565
f 1577/1193/1567 1576/1194/1568 1574/1191/1565 1575/1192/1566
f 1576/1194/1568 1578/1195/1569 1573/1189/1563 1574/1191/1565
f 1578/1195/1569 1579/1196/1570 1572/1190/1564 1573/1189/1563
f 1580/1197/1571 1577/1193/1567 1575/1192/1566 1581/1198/1572
f 1582/1199/1573 1571/1188/1562 1549/1166/1540 1562/1178/1552
f 1581/1198/1572 1575/1192/1566 1571/1188/1562 1582/1199/1573
f 1572/1200/1564 1563/1182/1553 1544/1181/1533 1568/1201/1560
f 1579/1202/1570 1564/1184/1554 1563/1182/1553 1572/1200/1564
f 1566/1154/1574 1581/1198/1572 1582/1199/1573 1565/1139/1575
f 1565/1139/1575 1582/1199/1573 1562/1178/1552 1539/1140/1557
f 1567/1153/1576 1580/1197/1571 1581/1198/1572 1566/1154/1574
f 1587/1203/1577 1586/1204/1578 1589/1205/1579 1588/1206/1580
f 1586/1204/1578 1590/1207/1581 1591/1208/1582 1589/1205/1579
f 1590/1207/1581 1592/1209/1583 1593/1210/1584 1591/1208/1582
f 1588/1206/1580 1589/1205/1579 1595/1211/1585 1594/1212/1586
f 1589/1205/1579 1591/1208/1582 1596/1213/1587 1595/1211/1585
f 1591/1208/1582 1593/1210/1584 1597/1214/1588 1596/1213/1587
f 1556/1171/1545 1555/1172/1546 1596/1213/1587 1597/1214/1588
f 1555/1172/1546 1557/1173/1547 1595/1211/1585 1596/1213/1587
f 1557/1173/1547 1558/1174/1548 1594/1212/1586 1595/1211/1585
f 1559/1175/1549 1556/1171/1545 1597/1214/1588 1598/1215/1589
f 1599/1216/1590 1593/1210/1584 1592/1209/1583 1600/1217/1591
f 1598/1215/1589 1597/1214/1588 1593/1210/1584 1599/1216/1590
f 1594/1218/1586 1601/1219/1592 1587/1220/1577 1588/1221/1580
f 1558/1183/1548 1564/1184/1554 1601/1219/1592 1594/1218/1586
f 1585/1156/1593 1598/1215/1589 1599/1216/1590 1584/1143/1594
f 1584/1143/1594 1599/1216/1590 1600/1217/1591 1583/1144/1595
f 1542/1148/1558 1559/1175/1549 1598/1215/1589 1585/1156/1593
f 1587/1203/1577 1604/1222/1596 1605/1223/1597 1586/1204/1578
f 1586/1204/1578 1605/1223/1597 1606/1224/1598 1590/1207/1581
f 1590/1207/1581 1606/1224/1598 1607/1225/1599 1592/1209/1583
f 1604/1222/1596 1608/1226/1600 1609/1227/1601 1605/1223/1597
f 1605/1223/1597 1609/1227/1601 1610/1228/1602 1606/1224/1598
f 1606/1224/1598 1610/1228/1602 1611/1229/1603 1607/1225/1599
f 1577/1230/1567 1611/1229/1603 1610/1228/1602 1576/1231/1568
f 1576/1231/1568 1610/1228/1602 1609/1227/1601 1578/1232/1569
f 1578/1232/1569 1609/1227/1601 1608/1226/1600 1579/1233/1570
f 1580/1234/1571 1612/1235/1604 1611/1229/1603 1577/1230/1567
f 1613/1236/1605 1600/1217/1591 1592/1209/1583 1607/1225/1599
f 1612/1235/1604 1613/1236/1605 1607/1225/1599 1611/1229/1603
f 1608/1237/1600 1604/1238/1596 1587/1220/1577 1601/1219/1592
f 1579/1202/1570 1608/1237/1600 1601/1219/1592 1564/1184/1554
f 1603/1136/1606 1602/1135/1607 1613/1236/1605 1612/1235/1604
f 1602/1135/1607 1583/1144/1595 1600/1217/1591 1613/1236/1605
f 1567/1158/1576 1603/1136/1606 1612/1235/1604 1580/1234/1571
f 1661/1239/1608 1672/1240/1609 1684/1241/1610 1656/1242/1611
f 1521/966/1391 1629/1243/1612 1634/1244/1613 1522/963/1388
f 1522/963/1388 1634/1244/1613 1677/1245/1614 1443/1246/1615
f 1488/1123/1514 1489/1247/1616 1644/1248/1617 1639/1249/1618
f 1489/1247/1616 1490/1250/1619 1649/1251/1620 1644/1248/1617
f 1490/1250/1619 1395/1252/1621 1682/1253/1622 1649/1251/1620
f 1396/1254/1623 1444/1255/1624 1654/1256/1625 1664/1257/1626
f 1444/1255/1624 1445/1258/1627 1659/1259/1628 1654/1256/1625
f 1445/1258/1627 1443/1260/1615 1677/1261/1614 1659/1259/1628
f 1396/1254/1623 1664/1257/1626 1669/1262/1629 1397/968/1393
f 1397/968/1393 1669/1262/1629 1674/1263/1630 1398/967/1392
f 1398/967/1392 1674/1263/1630 1682/1253/1622 1395/1252/1621
f 1486/1072/1483 1489/1247/1616 1488/1123/1514 1485/1073/1484
f 1395/1252/1621 1391/960/1385 1394/959/1384 1398/967/1392
f 1391/960/1385 1395/1252/1621 1490/1250/1619 1487/1071/1482
f 1442/1021/1441 1445/1258/1627 1444/1255/1624 1441/1022/1442
f 1392/962/1387 1396/1254/1623 1397/968/1393 1393/961/1386
f 1445/1258/1627 1442/1021/1441 1440/1020/1440 1443/1260/1615
f 1396/1254/1623 1392/962/1387 1441/1022/1442 1444/1255/1624
f 1489/1247/1616 1486/1072/1483 1487/1071/1482 1490/1250/1619
f 1443/1246/1615 1440/1122/1440 1520/964/1389 1522/963/1388
f 1665/1264/1631 1667/1265/1632 1672/1240/1609 1661/1239/1608
f 1631/1266/1633 1673/1267/1634 1683/1268/1635 1626/1269/1636
f 1672/1270/1637 1615/969/1394 1614/972/1397 1684/1271/1638
f 1674/1272/1639 1631/1266/1633 1626/1269/1636 1682/1273/1640
f 1669/1274/1641 1635/1275/1642 1631/1266/1633 1674/1272/1639
f 1666/1276/1643 1662/1277/1644 1667/1265/1632 1665/1264/1631
f 1635/1275/1642 1668/1278/1645 1673/1267/1634 1631/1266/1633
f 1667/1279/1646 1616/973/1398 1615/969/1394 1672/1270/1637
f 1664/1280/1647 1636/1281/1648 1635/1275/1642 1669/1274/1641
f 1659/1282/1649 1677/1283/1650 1630/1284/1651 1640/1285/1652
f 1670/1286/1653 1660/1287/1654 1679/1288/1655 1657/1289/1656
f 1636/1281/1648 1663/1290/1657 1668/1278/1645 1635/1275/1642
f 1662/1291/1658 1617/979/1404 1616/973/1398 1667/1279/1646
f 1654/1292/1659 1659/1282/1649 1640/1285/1652 1641/1293/1660
f 1664/1280/1647 1654/1292/1659 1641/1293/1660 1636/1281/1648
f 1671/1294/1661 1670/1286/1653 1657/1289/1656 1652/1295/1662
f 1640/1285/1652 1630/1284/1651 1678/1296/1663 1658/1297/1664
f 1657/1298/1665 1679/1299/1666 1618/1024/1444 1619/1023/1443
f 1649/1300/1667 1682/1273/1640 1626/1269/1636 1645/1301/1668
f 1644/1302/1669 1649/1300/1667 1645/1301/1668 1646/1303/1670
f 1666/1276/1643 1671/1294/1661 1652/1295/1662 1662/1277/1644
f 1641/1293/1660 1640/1285/1652 1658/1297/1664 1653/1304/1671
f 1652/1305/1672 1657/1298/1665 1619/1023/1443 1620/1027/1447
f 1639/1306/1673 1644/1302/1669 1646/1303/1670 1650/1307/1674
f 1634/1308/1675 1651/1309/1676 1630/1310/1651 1677/1311/1650
f 1675/1312/1677 1656/1242/1611 1684/1241/1610 1647/1313/1678
f 1636/1281/1648 1641/1293/1660 1653/1304/1671 1663/1290/1657
f 1662/1291/1658 1652/1305/1672 1620/1027/1447 1617/979/1404
f 1629/1314/1679 1655/1315/1680 1651/1309/1676 1634/1308/1675
f 1639/1306/1673 1650/1307/1674 1655/1315/1680 1629/1314/1679
f 1676/1316/1681 1675/1312/1677 1647/1313/1678 1642/1317/1682
f 1645/1301/1668 1626/1269/1636 1683/1268/1635 1648/1318/1683
f 1647/1319/1684 1684/1271/1638 1614/972/1397 1621/1074/1485
f 1673/1267/1634 1661/1239/1608 1656/1242/1611 1683/1268/1635
f 1668/1278/1645 1665/1264/1631 1661/1239/1608 1673/1267/1634
f 1680/1320/1685 1676/1316/1681 1642/1317/1682 1637/1321/1686
f 1646/1303/1670 1645/1301/1668 1648/1318/1683 1643/1322/1687
f 1642/1323/1688 1647/1319/1684 1621/1074/1485 1622/1076/1487
f 1663/1290/1657 1666/1276/1643 1665/1264/1631 1668/1278/1645
f 1658/1297/1664 1678/1296/1663 1660/1287/1654 1670/1286/1653
f 1681/1324/1689 1632/1325/1690 1679/1326/1655 1660/1327/1654
f 1650/1307/1674 1646/1303/1670 1643/1322/1687 1638/1328/1691
f 1637/1329/1692 1642/1323/1688 1622/1076/1487 1623/1081/1492
f 1653/1304/1671 1658/1297/1664 1670/1286/1653 1671/1294/1661
f 1663/1290/1657 1653/1304/1671 1671/1294/1661 1666/1276/1643
f 1685/1330/1693 1627/1331/1694 1632/1325/1690 1681/1324/1689
f 1651/1309/1676 1633/1332/1695 1678/1333/1663 1630/1310/1651
f 1632/1334/1696 1624/1124/1515 1618/1127/1444 1679/1335/1666
f 1648/1318/1683 1683/1268/1635 1656/1242/1611 1675/1312/1677
f 1643/1322/1687 1648/1318/1683 1675/1312/1677 1676/1316/1681
f 1680/1320/1685 1637/1321/1686 1627/1331/1694 1685/1330/1693
f 1655/1315/1680 1628/1336/1697 1633/1332/1695 1651/1309/1676
f 1627/1337/1698 1625/1128/1517 1624/1124/1515 1632/1334/1696
f 1638/1328/1691 1643/1322/1687 1676/1316/1681 1680/1320/1685
f 1633/1332/1695 1681/1324/1689 1660/1327/1654 1678/1333/1663
f 1488/1123/1514 1639/1249/1618 1629/1243/1612 1521/966/1391
f 1650/1307/1674 1638/1328/1691 1628/1336/1697 1655/1315/1680
f 1637/1329/1692 1623/1081/1492 1625/1128/1517 1627/1337/1698
f 1628/1336/1697 1685/1330/1693 1681/1324/1689 1633/1332/1695
f 1638/1328/1691 1680/1320/1685 1685/1330/1693 1628/1336/1697
f 1362/1338/1349 1371/1339/1348 1688/1340/1699 1687/1341/1700
f 1371/1339/1348 1380/1342/1360 1689/1343/1701 1688/1340/1699
f 1353/1344/1369 1476/1345/1470 1695/1346/1702 1686/1347/1703
f 1431/1348/1421 1422/1349/1412 1691/1350/1704 1692/1351/1705
f 1422/1349/1412 1362/1338/1349 1687/1341/1700 1691/1350/1704
f 1503/1352/1498 1512/1353/1505 1697/1354/1706 1696/1355/1707
f 1458/1356/1460 1503/1352/1498 1696/1355/1707 1693/1357/1708
f 1380/1342/1360 1353/1344/1369 1686/1347/1703 1689/1343/1701
f 1413/1358/1428 1431/1348/1421 1692/1351/1705 1690/1359/1709
f 1512/1353/1505 1413/1360/1428 1690/1361/1709 1697/1354/1706
f 1467/1362/1461 1458/1356/1460 1693/1357/1708 1694/1363/1710
f 1476/1345/1470 1467/1362/1461 1694/1363/1710 1695/1346/1702
f 1692/1351/1705 1691/1350/1704 1703/1364/1411 1704/1365/1420
f 1697/1354/1706 1690/1361/1709 1702/1366/1363 1709/1367/1354
f 1688/1340/1699 1689/1343/1701 1701/1368/1359 1700/1369/1346
f 1686/1347/1703 1695/1346/1702 1707/1370/1416 1698/1371/1368
f 1690/1359/1709 1692/1351/1705 1704/1365/1420 1702/1372/1363
f 1689/1343/1701 1686/1347/1703 1698/1371/1368 1701/1368/1359
f 1693/1357/1708 1696/1355/1707 1708/1373/1337 1705/1374/1336
f 1694/1363/1710 1693/1357/1708 1705/1374/1336 1706/1375/1407
f 1691/1350/1704 1687/1341/1700 1699/1376/1347 1703/1364/1411
f 1696/1355/1707 1697/1354/1706 1709/1367/1354 1708/1373/1337
f 1687/1341/1700 1688/1340/1699 1700/1369/1346 1699/1376/1347
f 1695/1346/1702 1694/1363/1710 1706/1375/1407 1707/1370/1416
o Torus.001
v 1.208017 2.284195 0.000000
v -0.000000 2.284195 1.208017
v 0.604009 2.284195 1.046174
v 1.046173 2.284195 0.604009
v -1.208017 2.284195 0.000000
v -0.604009 2.284195 1.046174
v -1.046173 2.284195 0.604009
v -0.000000 2.284195 -1.208017
v 0.604009 2.284195 -1.046174
v 1.046173 2.284195 -0.604009
v -0.604009 2.284195 -1.046174
v -1.046173 2.284195 -0.604009
v 0.000000 2.284196 -0.000000
vn -0.0000 1.0000 -0.0000
vt 0.606550 0.349918
vt 0.623103 0.411696
vt 0.499549 0.411696
vt 0.499549 0.535250
vt 0.437771 0.518697
vt 0.561326 0.518697
vt 0.437771 0.304694
vt 0.499549 0.288141
vt 0.392547 0.473473
vt 0.561326 0.304694
vt 0.606550 0.473473
vt 0.392547 0.349918
vt 0.375994 0.411696
s 1
usemtl cauldron
f 1713/1377/1711 1710/1378/1711 1722/1379/1711
f 1717/1380/1711 1720/1381/1711 1722/1379/1711
f 1718/1382/1711 1717/1380/1711 1722/1379/1711
f 1715/1383/1711 1711/1384/1711 1722/1379/1711
f 1720/1381/1711 1721/1385/1711 1722/1379/1711
f 1711/1384/1711 1712/1386/1711 1722/1379/1711
f 1719/1387/1711 1718/1382/1711 1722/1379/1711
f 1716/1388/1711 1715/1383/1711 1722/1379/1711
f 1721/1385/1711 1714/1389/1711 1722/1379/1711
f 1712/1386/1711 1713/1377/1711 1722/1379/1711
f 1710/1378/1711 1719/1387/1711 1722/1379/1711
f 1714/1389/1711 1716/1388/1711 1722/1379/1711
