# Blender 5.2.0 LTS
# www.blender.org
mtllib door_outside.mtl
o Cube.013
v -0.080510 0.000000 1.638645
v -0.087086 3.481897 1.667927
v -0.080510 0.000000 0.000000
v -0.087086 3.481897 -0.029282
v 0.080510 0.000000 1.638645
v 0.087086 3.481897 1.667927
v 0.080510 0.000000 0.000000
v 0.087086 3.481897 -0.029282
vn -1.0000 -0.0019 -0.0000
vn -0.0000 -0.0084 -1.0000
vn 1.0000 -0.0019 -0.0000
vn -0.0000 -0.0084 1.0000
vn -0.0000 -1.0000 -0.0000
vn -0.0000 1.0000 -0.0000
vt 0.970531 0.029274
vt 0.974448 0.495148
vt 0.747364 0.495148
vt 0.751282 0.029274
vt 0.724061 0.494908
vt 0.729739 0.029052
vt 0.992074 0.029052
vt 0.997751 0.494908
vt 0.751282 0.007730
vt 0.970531 0.007730
vt 0.747364 0.518452
vt 0.974448 0.518452
s 0
usemtl cabin_details
f 1/1/1 2/2/1 4/3/1 3/4/1
f 3/4/2 4/3/2 8/5/2 7/6/2
f 7/1/3 8/2/3 6/3/3 5/4/3
f 5/7/4 6/8/4 2/2/4 1/1/4
f 3/4/5 7/9/5 5/10/5 1/1/5
f 8/11/6 4/3/6 2/2/6 6/12/6
o Cube.016
v -0.089329 0.621381 0.159042
v -0.087545 0.628602 1.515644
v -0.089329 0.444606 0.159042
v -0.087545 0.437387 1.515644
v -0.133001 0.621381 0.159042
v -0.134785 0.628602 1.515644
v -0.133001 0.444606 0.159042
v -0.134785 0.437387 1.515644
v -0.085522 0.624385 0.837343
v -0.085522 0.416791 0.837343
v -0.136808 0.416791 0.837343
v -0.136808 0.624385 0.837343
v -0.133000 2.818053 0.159042
v -0.134783 2.810833 1.515644
v -0.133000 2.994828 0.159042
v -0.134783 3.002048 1.515644
v -0.089328 2.818053 0.159042
v -0.087544 2.810833 1.515644
v -0.089327 2.994828 0.159042
v -0.087544 3.002048 1.515644
v -0.136806 2.815050 0.837343
v -0.136806 3.022644 0.837343
v -0.085520 3.022644 0.837343
v -0.085521 2.815050 0.837343
v -0.123935 1.719784 1.363937
v -0.125719 1.727004 0.159042
v -0.123935 1.543009 1.363937
v -0.125719 1.535789 0.159042
v -0.080263 1.719784 1.363937
v -0.078479 1.727004 0.159042
v -0.080263 1.543009 1.363937
v -0.078479 1.535789 0.159042
v -0.127742 1.722787 0.837343
v -0.127742 1.515193 0.837343
v -0.076456 1.515193 0.837343
v -0.076456 1.722787 0.837343
v 0.089329 0.621381 0.159042
v 0.087545 0.628602 1.515644
v 0.089329 0.444606 0.159042
v 0.087545 0.437387 1.515644
v 0.133001 0.621381 0.159042
v 0.134785 0.628602 1.515644
v 0.133001 0.444606 0.159042
v 0.134785 0.437387 1.515644
v 0.085522 0.624385 0.837343
v 0.085522 0.416791 0.837343
v 0.136808 0.416791 0.837343
v 0.136808 0.624385 0.837343
v 0.133000 2.818053 0.159042
v 0.134783 2.810833 1.515644
v 0.133000 2.994828 0.159042
v 0.134783 3.002048 1.515644
v 0.089328 2.818053 0.159042
v 0.087544 2.810833 1.515644
v 0.089327 2.994828 0.159042
v 0.087544 3.002048 1.515644
v 0.136806 2.815050 0.837343
v 0.136806 3.022644 0.837343
v 0.085520 3.022644 0.837343
v 0.085521 2.815050 0.837343
v 0.123935 1.719784 1.363937
v 0.125719 1.727004 0.159042
v 0.123935 1.543009 1.363937
v 0.125719 1.535789 0.159042
v 0.080263 1.719784 1.363937
v 0.078479 1.727004 0.159042
v 0.080263 1.543009 1.363937
v 0.078479 1.535789 0.159042
v 0.127742 1.722787 0.837343
v 0.127742 1.515193 0.837343
v 0.076456 1.515193 0.837343
v 0.076456 1.722787 0.837343
vn 1.0000 -0.0000 0.0030
vn -0.0000 -0.9995 0.0304
vn -1.0000 -0.0000 0.0030
vn -0.0000 1.0000 -0.0062
vn -0.0000 -0.0000 -1.0000
vn -0.0000 -0.0000 1.0000
vn -0.0000 1.0000 -0.0044
vn -1.0000 -0.0000 -0.0056
vn -0.0000 -0.9992 -0.0410
vn 1.0000 -0.0000 -0.0056
vn -0.0000 0.9995 0.0303
vn -0.0000 -1.0000 -0.0062
vn -0.0000 -1.0000 -0.0044
vn -0.0000 0.9992 -0.0410
vn -1.0000 -0.0000 -0.0030
vn -0.0000 -0.9995 -0.0304
vn 1.0000 -0.0000 -0.0030
vn -0.0000 1.0000 0.0062
vn -0.0000 1.0000 0.0057
vn 1.0000 -0.0000 0.0072
vn -0.0000 -0.9986 0.0527
vn -1.0000 -0.0000 0.0072
vt 0.684104 0.717655
vt 0.584591 0.715982
vt 0.585351 0.685482
vt 0.684542 0.684961
vt 0.585216 0.672435
vt 0.684830 0.670842
vt 0.896082 0.685256
vt 0.996235 0.688860
vt 0.996139 0.719382
vt 0.895977 0.718392
vt 0.684032 0.731819
vt 0.584299 0.729073
vt 0.783765 0.689340
vt 0.795899 0.689378
vt 0.795810 0.717596
vt 0.783676 0.717557
vt 0.572236 0.685154
vt 0.571475 0.715655
vt 0.783811 0.729646
vt 0.784421 0.677130
vt 0.684104 0.575037
vt 0.584591 0.573364
vt 0.585351 0.542864
vt 0.684542 0.542343
vt 0.585216 0.529817
vt 0.684830 0.528224
vt 0.896082 0.542637
vt 0.996235 0.546242
vt 0.996139 0.576764
vt 0.895977 0.575774
vt 0.684032 0.589201
vt 0.584299 0.586455
vt 0.783765 0.546722
vt 0.795899 0.546760
vt 0.795810 0.574978
vt 0.783676 0.574939
vt 0.572236 0.542536
vt 0.571475 0.573037
vt 0.783811 0.587028
vt 0.784421 0.534512
vt 0.684104 0.644795
vt 0.584591 0.643123
vt 0.585351 0.612622
vt 0.684542 0.612102
vt 0.585216 0.599575
vt 0.684830 0.597983
vt 0.896082 0.612396
vt 0.996235 0.616001
vt 0.996139 0.646523
vt 0.895977 0.645533
vt 0.684032 0.658960
vt 0.584299 0.656214
vt 0.783765 0.616481
vt 0.795899 0.616519
vt 0.795810 0.644737
vt 0.783676 0.644698
vt 0.572236 0.612295
vt 0.571475 0.642796
vt 0.783811 0.656787
vt 0.784421 0.604271
s 0
usemtl cabin_details
f 17/13/7 10/14/7 12/15/7 18/16/7
f 18/16/8 12/15/8 16/17/8 19/18/8
f 19/19/9 16/20/9 14/21/9 20/22/9
f 20/23/10 14/24/10 10/14/10 17/13/10
f 11/25/11 15/26/11 13/27/11 9/28/11
f 16/29/12 12/15/12 10/14/12 14/30/12
f 13/31/13 20/23/13 17/13/13 9/28/13
f 15/26/14 19/19/14 20/22/14 13/27/14
f 11/25/15 18/16/15 19/18/15 15/32/15
f 9/28/16 17/13/16 18/16/16 11/25/16
f 29/33/9 22/34/9 24/35/9 30/36/9
f 30/36/17 24/35/17 28/37/17 31/38/17
f 31/39/7 28/40/7 26/41/7 32/42/7
f 32/43/18 26/44/18 22/34/18 29/33/18
f 23/45/11 27/46/11 25/47/11 21/48/11
f 28/49/12 24/35/12 22/34/12 26/50/12
f 25/51/19 32/43/19 29/33/19 21/48/19
f 27/46/16 31/39/16 32/42/16 25/47/16
f 23/45/20 30/36/20 31/38/20 27/52/20
f 21/48/14 29/33/14 30/36/14 23/45/14
f 41/53/21 34/54/21 36/55/21 42/56/21
f 42/56/22 36/55/22 40/57/22 43/58/22
f 43/59/23 40/60/23 38/61/23 44/62/23
f 44/63/24 38/64/24 34/54/24 41/53/24
f 35/65/12 39/66/12 37/67/12 33/68/12
f 40/69/11 36/55/11 34/54/11 38/70/11
f 37/71/25 44/63/25 41/53/25 33/68/25
f 39/66/26 43/59/26 44/62/26 37/67/26
f 35/65/27 42/56/27 43/58/27 39/72/27
f 33/68/28 41/53/28 42/56/28 35/65/28
f 53/13/9 54/16/9 48/15/9 46/14/9
f 54/16/8 55/18/8 52/17/8 48/15/8
f 55/19/7 56/22/7 50/21/7 52/20/7
f 56/23/10 53/13/10 46/14/10 50/24/10
f 47/25/11 45/28/11 49/27/11 51/26/11
f 52/29/12 50/30/12 46/14/12 48/15/12
f 49/31/13 45/28/13 53/13/13 56/23/13
f 51/26/16 49/27/16 56/22/16 55/19/16
f 47/25/15 51/32/15 55/18/15 54/16/15
f 45/28/14 47/25/14 54/16/14 53/13/14
f 65/33/7 66/36/7 60/35/7 58/34/7
f 66/36/17 67/38/17 64/37/17 60/35/17
f 67/39/9 68/42/9 62/41/9 64/40/9
f 68/43/18 65/33/18 58/34/18 62/44/18
f 59/45/11 57/48/11 61/47/11 63/46/11
f 64/49/12 62/50/12 58/34/12 60/35/12
f 61/51/19 57/48/19 65/33/19 68/43/19
f 63/46/14 61/47/14 68/42/14 67/39/14
f 59/45/20 63/52/20 67/38/20 66/36/20
f 57/48/16 59/45/16 66/36/16 65/33/16
f 77/53/23 78/56/23 72/55/23 70/54/23
f 78/56/22 79/58/22 76/57/22 72/55/22
f 79/59/21 80/62/21 74/61/21 76/60/21
f 80/63/24 77/53/24 70/54/24 74/64/24
f 71/65/12 69/68/12 73/67/12 75/66/12
f 76/69/11 74/70/11 70/54/11 72/55/11
f 73/71/25 69/68/25 77/53/25 80/63/25
f 75/66/28 73/67/28 80/62/28 79/59/28
f 71/65/27 75/72/27 79/58/27 78/56/27
f 69/68/26 71/65/26 78/56/26 77/53/26
o Cube.020
v -0.083784 1.875551 1.398894
v -0.083784 1.422186 1.411447
v -0.083784 1.868210 1.600297
v -0.083784 1.422186 1.598173
v -0.100240 1.870542 1.401176
v -0.100240 1.427128 1.413438
v -0.100240 1.863362 1.598158
v -0.100240 1.427128 1.596025
v -0.083784 1.468143 1.411617
v -0.083784 1.491952 1.425266
v -0.083784 1.805974 1.415321
v -0.083784 1.829937 1.400107
v -0.083784 1.823073 1.600885
v -0.083784 1.800253 1.586955
v -0.083784 1.491952 1.585338
v -0.083784 1.468143 1.598574
v -0.100240 1.819216 1.598733
v -0.100240 1.796897 1.585109
v -0.100240 1.495363 1.583486
v -0.100240 1.472077 1.596426
v -0.100240 1.825930 1.402363
v -0.100240 1.802492 1.417242
v -0.100240 1.495363 1.426954
v -0.100240 1.472077 1.413606
v -0.100240 1.779663 1.405376
v -0.100240 1.518979 1.413924
v -0.083784 1.516098 1.411937
v -0.083784 1.782632 1.403188
v -0.083784 1.516098 1.599609
v -0.083784 1.777211 1.601833
v -0.100240 1.518979 1.597449
v -0.100240 1.774361 1.599660
v -0.083784 1.879373 1.589083
v -0.083784 1.886235 1.409364
v -0.083784 1.411022 1.421680
v -0.083784 1.411022 1.587704
v -0.100240 1.874280 1.587190
v -0.100240 1.416210 1.585785
v -0.100240 1.880992 1.411416
v -0.100240 1.416210 1.423443
v 0.083784 1.875551 1.398894
v 0.083784 1.422186 1.411447
v 0.083784 1.868210 1.600297
v 0.083784 1.422186 1.598173
v 0.100240 1.870542 1.401176
v 0.100240 1.427128 1.413438
v 0.100240 1.863362 1.598158
v 0.100240 1.427128 1.596025
v 0.083784 1.468143 1.411617
v 0.083784 1.491952 1.425266
v 0.083784 1.805974 1.415321
v 0.083784 1.829937 1.400107
v 0.083784 1.823073 1.600885
v 0.083784 1.800253 1.586955
v 0.083784 1.491952 1.585338
v 0.083784 1.468143 1.598574
v 0.100240 1.819216 1.598733
v 0.100240 1.796897 1.585109
v 0.100240 1.495363 1.583486
v 0.100240 1.472077 1.596426
v 0.100240 1.825930 1.402363
v 0.100240 1.802492 1.417242
v 0.100240 1.495363 1.426954
v 0.100240 1.472077 1.413606
v 0.100240 1.779663 1.405376
v 0.100240 1.518979 1.413924
v 0.083784 1.516098 1.411937
v 0.083784 1.782632 1.403188
v 0.083784 1.516098 1.599609
v 0.083784 1.777211 1.601833
v 0.100240 1.518979 1.597449
v 0.100240 1.774361 1.599660
v 0.083784 1.879373 1.589083
v 0.083784 1.886235 1.409364
v 0.083784 1.411022 1.421680
v 0.083784 1.411022 1.587704
v 0.100240 1.874280 1.587190
v 0.100240 1.416210 1.585785
v 0.100240 1.880992 1.411416
v 0.100240 1.416210 1.423443
vn -1.0000 -0.0000 -0.0000
vn -0.2264 -0.3954 -0.8902
vn -0.3150 -0.8711 -0.3767
vn -0.3147 -0.8658 -0.3892
vn -0.2031 -0.3010 -0.9317
vn -0.0436 0.2993 -0.9532
vn 0.0140 0.4973 -0.8675
vn -0.0653 0.2188 -0.9736
vn -0.0719 -0.2485 -0.9660
vn 0.0148 -0.5359 -0.8441
vn -0.0474 -0.3348 -0.9411
vn -0.0782 0.2060 0.9754
vn 0.0022 0.4858 0.8741
vn -0.0562 0.2871 0.9562
vn -0.0522 -0.3075 0.9501
vn 0.0105 -0.5210 0.8535
vn -0.0754 -0.2210 0.9724
vn -0.1636 0.1952 -0.9670
vn -0.1972 0.4521 -0.8699
vn -0.1702 0.2395 -0.9559
vn -0.2204 0.3014 -0.9277
vn -0.2442 0.4000 -0.8834
vn -0.1756 0.2952 0.9392
vn -0.2007 0.5314 0.8230
vn -0.1700 0.2515 0.9528
vn -0.2376 0.4202 0.8758
vn -0.2167 0.3303 0.9187
vn -0.2146 -0.3127 0.9253
vn -0.2365 -0.4037 0.8838
vn -0.1982 -0.4988 0.8437
vn -0.1730 -0.2835 0.9432
vn -0.1674 -0.2427 0.9556
vn -0.1868 -0.4747 -0.8601
vn -0.1581 -0.2423 -0.9572
vn -0.1633 -0.2801 -0.9460
vn -0.3131 0.8721 0.3760
vn -0.3237 0.8793 -0.3494
vn -0.3237 0.8789 -0.3503
vn -0.3130 0.8691 0.3830
vn -0.3181 -0.8681 0.3811
vn -0.3182 -0.8714 0.3734
vn 1.0000 -0.0000 -0.0000
vn 0.2264 -0.3954 -0.8902
vn 0.2031 -0.3010 -0.9317
vn 0.3147 -0.8658 -0.3892
vn 0.3150 -0.8711 -0.3767
vn 0.0436 0.2993 -0.9532
vn 0.0653 0.2188 -0.9736
vn -0.0140 0.4973 -0.8675
vn 0.0719 -0.2485 -0.9660
vn 0.0474 -0.3348 -0.9411
vn -0.0148 -0.5359 -0.8441
vn 0.0782 0.2060 0.9754
vn 0.0562 0.2871 0.9562
vn -0.0022 0.4858 0.8741
vn 0.0522 -0.3075 0.9501
vn 0.0754 -0.2210 0.9724
vn -0.0105 -0.5210 0.8535
vn 0.1636 0.1952 -0.9670
vn 0.1702 0.2395 -0.9559
vn 0.1972 0.4521 -0.8699
vn 0.2204 0.3014 -0.9277
vn 0.2442 0.4000 -0.8834
vn 0.1756 0.2952 0.9392
vn 0.1700 0.2515 0.9528
vn 0.2007 0.5314 0.8230
vn 0.2376 0.4202 0.8758
vn 0.2167 0.3303 0.9187
vn 0.2365 -0.4037 0.8838
vn 0.2146 -0.3127 0.9253
vn 0.1982 -0.4988 0.8437
vn 0.1674 -0.2427 0.9556
vn 0.1730 -0.2835 0.9432
vn 0.1868 -0.4747 -0.8601
vn 0.1633 -0.2801 -0.9460
vn 0.1581 -0.2423 -0.9572
vn 0.3131 0.8721 0.3760
vn 0.3130 0.8691 0.3830
vn 0.3237 0.8789 -0.3503
vn 0.3237 0.8793 -0.3494
vn 0.3181 -0.8681 0.3811
vn 0.3182 -0.8714 0.3734
vt 0.248293 0.880639
vt 0.253434 0.876085
vt 0.254705 0.800814
vt 0.249722 0.795981
vt 0.483078 0.877243
vt 0.489584 0.869349
vt 0.480754 0.865454
vt 0.476134 0.870511
vt 0.455575 0.872001
vt 0.442615 0.868073
vt 0.443637 0.877481
vt 0.457413 0.880621
vt 0.288286 0.880440
vt 0.302519 0.878412
vt 0.304409 0.869405
vt 0.290745 0.872210
vt 0.228885 0.795443
vt 0.217986 0.801261
vt 0.216761 0.873838
vt 0.227454 0.880209
vt 0.063300 0.882652
vt 0.074283 0.875936
vt 0.078191 0.798148
vt 0.067950 0.791656
vt 0.457624 0.776856
vt 0.443536 0.778685
vt 0.441711 0.788051
vt 0.455012 0.785227
vt 0.295157 0.783645
vt 0.306970 0.787252
vt 0.305836 0.778310
vt 0.292988 0.775713
vt 0.316041 0.873931
vt 0.314048 0.880928
vt 0.270978 0.869201
vt 0.264637 0.875497
vt 0.317615 0.776012
vt 0.319383 0.782887
vt 0.269539 0.780777
vt 0.276089 0.787249
vt 0.475550 0.789144
vt 0.482229 0.782507
vt 0.088754 0.791577
vt 0.084775 0.881617
vt 0.047477 0.791577
vt 0.042605 0.882853
vt 0.207146 0.794602
vt 0.205710 0.879694
vt 0.430481 0.775713
vt 0.428462 0.783171
vt 0.429092 0.871924
vt 0.430872 0.879373
vt 0.263030 0.788099
vt 0.258871 0.868676
vt 0.266466 0.865063
vt 0.271013 0.792122
vt 0.480723 0.793670
vt 0.488633 0.789653
vt 0.042328 0.796577
vt 0.037840 0.878024
s 1
usemtl cabin_details
f 86/73/29 120/74/29 118/75/29 88/76/29
f 82/77/30 115/78/31 120/79/32 86/80/33
f 104/81/34 103/82/35 90/83/35 89/84/36
f 92/85/37 91/86/38 102/87/38 101/88/39
f 100/89/29 99/90/29 103/91/29 104/92/29
f 101/93/29 102/94/29 98/95/29 97/96/29
f 96/97/40 95/98/41 99/99/41 100/100/42
f 97/101/43 98/102/44 94/103/44 93/104/45
f 104/81/34 89/84/36 82/77/30 86/80/33
f 105/105/46 102/87/47 91/86/47 108/106/48
f 85/107/49 81/108/50 92/85/37 101/88/39
f 110/109/51 94/103/52 98/102/52 112/110/53
f 83/111/54 87/112/55 97/101/43 93/104/45
f 96/97/40 100/100/42 88/113/56 84/114/57
f 112/115/29 98/95/29 102/94/29 105/116/29
f 87/117/29 85/118/29 101/93/29 97/96/29
f 100/89/29 104/92/29 86/73/29 88/76/29
f 99/90/29 111/119/29 106/120/29 103/91/29
f 111/119/29 112/115/29 105/116/29 106/120/29
f 95/98/58 109/121/59 111/122/60 99/99/58
f 109/121/59 110/109/51 112/110/53 111/122/60
f 103/82/61 106/123/62 107/124/63 90/83/61
f 106/123/62 105/105/46 108/106/48 107/124/63
f 113/125/64 114/126/65 119/127/66 117/128/67
f 118/129/68 120/79/32 115/78/31 116/130/69
f 88/113/56 118/129/68 116/130/69 84/114/57
f 85/107/49 119/127/66 114/126/65 81/108/50
f 87/117/29 117/131/29 119/132/29 85/118/29
f 83/111/54 113/125/64 117/128/67 87/112/55
f 126/73/70 128/76/70 158/75/70 160/74/70
f 122/77/71 126/80/72 160/79/73 155/78/74
f 144/81/75 129/84/76 130/83/77 143/82/77
f 132/85/78 141/88/79 142/87/80 131/86/80
f 140/89/70 144/92/70 143/91/70 139/90/70
f 141/93/70 137/96/70 138/95/70 142/94/70
f 136/97/81 140/100/82 139/99/83 135/98/83
f 137/101/84 133/104/85 134/103/86 138/102/86
f 144/81/75 126/80/72 122/77/71 129/84/76
f 145/105/87 148/106/88 131/86/89 142/87/89
f 125/107/90 141/88/79 132/85/78 121/108/91
f 150/109/92 152/110/93 138/102/94 134/103/94
f 123/111/95 133/104/85 137/101/84 127/112/96
f 136/97/81 124/114/97 128/113/98 140/100/82
f 152/115/70 145/116/70 142/94/70 138/95/70
f 127/117/70 137/96/70 141/93/70 125/118/70
f 140/89/70 128/76/70 126/73/70 144/92/70
f 139/90/70 143/91/70 146/120/70 151/119/70
f 151/119/70 146/120/70 145/116/70 152/115/70
f 135/98/99 139/99/99 151/122/100 149/121/101
f 149/121/101 151/122/100 152/110/93 150/109/92
f 143/82/102 130/83/102 147/124/103 146/123/104
f 146/123/104 147/124/103 148/106/88 145/105/87
f 153/125/105 157/128/106 159/127/107 154/126/108
f 158/129/109 156/130/110 155/78/74 160/79/73
f 128/113/98 124/114/97 156/130/110 158/129/109
f 125/107/90 121/108/91 154/126/108 159/127/107
f 127/117/70 125/118/70 159/132/70 157/131/70
f 123/111/95 127/112/96 157/128/106 153/125/105
o Cylinder.005
v -0.179590 1.876434 1.158283
v -0.205530 1.870461 1.160304
v -0.217064 1.857696 1.164518
v -0.207225 1.847074 1.169596
v -0.179599 1.843787 1.172793
v -0.151971 1.847365 1.169177
v -0.142130 1.857828 1.164436
v -0.153655 1.870696 1.159923
v -0.179579 1.882681 1.235890
v -0.210877 1.877363 1.236235
v -0.223841 1.864526 1.237068
v -0.210893 1.852700 1.237290
v -0.179580 1.848903 1.237118
v -0.148264 1.852761 1.237217
v -0.135317 1.864526 1.237068
v -0.148281 1.877363 1.236235
v -0.179628 1.834255 1.095379
v -0.199748 1.832113 1.100281
v -0.208389 1.826479 1.109802
v -0.200163 1.819988 1.119473
v -0.179632 1.817625 1.123546
v -0.159102 1.820116 1.119170
v -0.150872 1.826625 1.109397
v -0.159508 1.832158 1.100114
v -0.179668 1.766501 1.072114
v -0.199631 1.765944 1.077266
v -0.208102 1.764992 1.089109
v -0.200083 1.764306 1.101063
v -0.179671 1.764153 1.106222
v -0.159262 1.764309 1.100785
v -0.151237 1.764950 1.088796
v -0.159703 1.765881 1.076969
v -0.179648 1.668074 1.152507
v -0.218265 1.673856 1.148803
v -0.233847 1.685373 1.146823
v -0.218629 1.692153 1.154365
v -0.179066 1.696504 1.154084
v -0.139727 1.691479 1.154036
v -0.124849 1.684582 1.146154
v -0.140847 1.673165 1.148517
v -0.179870 1.711794 1.085343
v -0.208110 1.712635 1.089629
v -0.220158 1.718207 1.099916
v -0.209032 1.720574 1.108043
v -0.179503 1.721832 1.111887
v -0.150099 1.720531 1.107333
v -0.139206 1.718162 1.098861
v -0.151531 1.712646 1.088855
v -0.179579 1.862994 1.304103
v -0.203397 1.857887 1.303364
v -0.213579 1.845260 1.301388
v -0.203710 1.831755 1.299556
v -0.179579 1.825955 1.298709
v -0.155447 1.831754 1.299555
v -0.145573 1.845171 1.301350
v -0.155760 1.857887 1.303364
v -0.179580 1.811557 1.347613
v -0.193157 1.807971 1.345705
v -0.198781 1.799176 1.341165
v -0.193157 1.790151 1.336743
v -0.179580 1.786333 1.334960
v -0.166003 1.790150 1.336749
v -0.160379 1.799176 1.341196
v -0.166003 1.807970 1.345712
v -0.179558 1.757942 1.394058
v -0.191815 1.754556 1.392833
v -0.196934 1.746301 1.390014
v -0.191855 1.737886 1.387156
v -0.179559 1.734347 1.386023
v -0.167265 1.737888 1.387192
v -0.162192 1.746271 1.390019
v -0.167303 1.754557 1.392873
v -0.179622 1.724118 1.452924
v -0.179651 1.731431 1.431361
v -0.198299 1.727998 1.430046
v -0.201556 1.720614 1.451859
v -0.205979 1.719683 1.427760
v -0.210353 1.712776 1.449578
v -0.198263 1.712059 1.424970
v -0.201161 1.705262 1.447703
v -0.179417 1.709018 1.423981
v -0.179308 1.702374 1.446643
v -0.160655 1.712563 1.424887
v -0.157544 1.705868 1.447595
v -0.153114 1.720426 1.427582
v -0.148574 1.713635 1.449370
v -0.160948 1.728525 1.429925
v -0.157591 1.721219 1.451707
v -0.179479 1.678715 1.186667
v -0.219550 1.680173 1.184355
v -0.231160 1.686757 1.180895
v -0.220682 1.699083 1.182396
v -0.178826 1.704463 1.181722
v -0.137249 1.698213 1.182203
v -0.127208 1.685777 1.180628
v -0.139139 1.679421 1.184230
v -0.179131 1.697691 1.215174
v -0.195034 1.699304 1.214877
v -0.201552 1.702859 1.214113
v -0.194865 1.706283 1.213328
v -0.178891 1.707370 1.212997
v -0.162988 1.706000 1.213278
v -0.156470 1.702463 1.214041
v -0.163157 1.699024 1.214826
v -0.179454 1.721328 1.495073
v -0.205539 1.717913 1.494908
v -0.216246 1.710215 1.494453
v -0.205284 1.702833 1.495404
v -0.179061 1.700003 1.495758
v -0.152954 1.703374 1.495141
v -0.142271 1.710980 1.494091
v -0.153255 1.718454 1.494663
v 0.179590 1.876434 1.158283
v 0.205530 1.870461 1.160304
v 0.217064 1.857696 1.164518
v 0.207225 1.847074 1.169596
v 0.179599 1.843787 1.172793
v 0.151971 1.847365 1.169178
v 0.142129 1.857828 1.164436
v 0.153655 1.870696 1.159923
v 0.179579 1.882681 1.235890
v 0.210877 1.877363 1.236235
v 0.223841 1.864527 1.237068
v 0.210893 1.852700 1.237290
v 0.179580 1.848904 1.237118
v 0.148264 1.852761 1.237217
v 0.135317 1.864526 1.237068
v 0.148281 1.877363 1.236235
v 0.179628 1.834255 1.095379
v 0.199748 1.832113 1.100281
v 0.208389 1.826479 1.109802
v 0.200163 1.819989 1.119474
v 0.179632 1.817625 1.123546
v 0.159102 1.820116 1.119170
v 0.150872 1.826625 1.109397
v 0.159508 1.832158 1.100114
v 0.179668 1.766501 1.072114
v 0.199631 1.765944 1.077266
v 0.208102 1.764993 1.089109
v 0.200083 1.764306 1.101063
v 0.179671 1.764153 1.106222
v 0.159262 1.764309 1.100785
v 0.151237 1.764950 1.088796
v 0.159703 1.765881 1.076969
v 0.179648 1.668074 1.152507
v 0.218265 1.673856 1.148803
v 0.233847 1.685373 1.146823
v 0.218629 1.692153 1.154365
v 0.179066 1.696505 1.154084
v 0.139727 1.691479 1.154036
v 0.124849 1.684582 1.146154
v 0.140847 1.673165 1.148517
v 0.179870 1.711794 1.085343
v 0.208110 1.712635 1.089629
v 0.220158 1.718207 1.099917
v 0.209032 1.720574 1.108044
v 0.179503 1.721832 1.111888
v 0.150099 1.720531 1.107333
v 0.139206 1.718162 1.098861
v 0.151531 1.712646 1.088855
v 0.179579 1.862994 1.304103
v 0.203397 1.857887 1.303364
v 0.213579 1.845260 1.301388
v 0.203710 1.831755 1.299556
v 0.179579 1.825955 1.298709
v 0.155447 1.831754 1.299555
v 0.145573 1.845171 1.301350
v 0.155760 1.857887 1.303364
v 0.179580 1.811557 1.347613
v 0.193157 1.807971 1.345705
v 0.198781 1.799176 1.341165
v 0.193157 1.790151 1.336743
v 0.179580 1.786333 1.334960
v 0.166003 1.790150 1.336749
v 0.160379 1.799176 1.341196
v 0.166003 1.807970 1.345712
v 0.179558 1.757942 1.394058
v 0.191815 1.754556 1.392833
v 0.196934 1.746301 1.390014
v 0.191855 1.737886 1.387156
v 0.179559 1.734347 1.386023
v 0.167265 1.737888 1.387192
v 0.162192 1.746272 1.390019
v 0.167303 1.754557 1.392873
v 0.179622 1.724118 1.452924
v 0.179651 1.731431 1.431361
v 0.198298 1.727998 1.430046
v 0.201556 1.720614 1.451859
v 0.205979 1.719683 1.427761
v 0.210353 1.712777 1.449578
v 0.198263 1.712059 1.424970
v 0.201161 1.705262 1.447703
v 0.179417 1.709018 1.423981
v 0.179308 1.702374 1.446643
v 0.160655 1.712563 1.424887
v 0.157544 1.705868 1.447595
v 0.153114 1.720426 1.427582
v 0.148574 1.713635 1.449370
v 0.160948 1.728525 1.429925
v 0.157591 1.721219 1.451707
v 0.179479 1.678715 1.186668
v 0.219549 1.680173 1.184355
v 0.231160 1.686757 1.180895
v 0.220682 1.699083 1.182396
v 0.178826 1.704463 1.181722
v 0.137249 1.698213 1.182203
v 0.127207 1.685777 1.180628
v 0.139139 1.679421 1.184230
v 0.179131 1.697691 1.215174
v 0.195034 1.699304 1.214877
v 0.201552 1.702859 1.214113
v 0.194865 1.706283 1.213329
v 0.178891 1.707370 1.212997
v 0.162988 1.706001 1.213278
v 0.156470 1.702463 1.214041
v 0.163157 1.699024 1.214826
v 0.179454 1.721328 1.495073
v 0.205539 1.717913 1.494908
v 0.216246 1.710215 1.494453
v 0.205284 1.702833 1.495404
v 0.179061 1.700003 1.495759
v 0.152954 1.703375 1.495141
v 0.142271 1.710980 1.494091
v 0.153255 1.718454 1.494663
vn -0.0038 0.9412 -0.3380
vn -0.4809 0.8180 -0.3157
vn -0.9926 0.0459 -0.1128
vn -0.4812 -0.8530 0.2023
vn 0.0051 -0.9650 0.2623
vn 0.4844 -0.8511 0.2025
vn 0.9928 0.0420 -0.1119
vn 0.4779 0.8187 -0.3184
vn -0.0011 0.9952 0.0981
vn -0.4760 0.8747 0.0913
vn -0.9976 0.0558 0.0420
vn -0.4781 -0.8737 -0.0900
vn 0.0018 -0.9916 -0.1291
vn 0.4775 -0.8739 -0.0912
vn 0.9978 0.0522 0.0416
vn 0.4760 0.8746 0.0923
vn -0.0052 0.5830 -0.8125
vn -0.4966 0.5202 -0.6948
vn -0.9828 0.0969 -0.1575
vn -0.5724 -0.5548 0.6038
vn 0.0078 -0.6491 0.7607
vn 0.5781 -0.5523 0.6006
vn 0.9824 0.0964 -0.1603
vn 0.4904 0.5210 -0.6986
vn -0.0075 0.0539 -0.9985
vn -0.4634 0.0647 -0.8838
vn -0.9827 0.1053 -0.1526
vn -0.5231 -0.0052 0.8523
vn 0.0083 -0.0764 0.9970
vn 0.5338 -0.0076 0.8456
vn 0.9817 0.1053 -0.1589
vn 0.4519 0.0654 -0.8897
vn -0.0092 -0.9893 -0.1457
vn -0.3448 -0.9152 -0.2089
vn -0.9905 -0.0836 -0.1088
vn -0.3670 0.9241 0.1065
vn 0.0095 0.9889 0.1482
vn 0.3852 0.9170 0.1034
vn 0.9866 -0.1037 -0.1263
vn 0.3258 -0.9210 -0.2134
vn -0.0106 -0.5382 -0.8427
vn -0.3974 -0.4850 -0.7790
vn -0.9766 -0.0026 -0.2152
vn -0.4249 0.5951 0.6822
vn 0.0103 0.5628 0.8266
vn 0.4434 0.5897 0.6750
vn 0.9714 -0.0151 -0.2369
vn 0.3795 -0.4851 -0.7879
vn -0.0000 0.8358 0.5490
vn -0.4565 0.7187 0.5245
vn -0.9652 0.0266 0.2603
vn -0.5508 -0.7436 -0.3791
vn 0.0002 -0.8301 -0.5576
vn 0.5499 -0.7440 -0.3796
vn 0.9656 0.0243 0.2588
vn 0.4570 0.7184 0.5245
vn -0.0003 0.6447 0.7644
vn -0.5054 0.5268 0.6834
vn -0.9914 -0.0552 0.1187
vn -0.5498 -0.6032 -0.5778
vn 0.0003 -0.6933 -0.7207
vn 0.5497 -0.6033 -0.5779
vn 0.9915 -0.0557 0.1177
vn 0.5056 0.5269 0.6832
vn -0.0031 0.7411 0.6714
vn -0.5605 0.6338 0.5330
vn -0.9957 0.0062 -0.0923
vn -0.5187 -0.6345 -0.5731
vn 0.0034 -0.7668 -0.6418
vn 0.5231 -0.6330 -0.5707
vn 0.9957 0.0084 -0.0926
vn 0.5568 0.6375 0.5326
vn -0.0123 0.9832 0.1823
vn -0.0097 0.8970 0.4420
vn -0.5126 0.7982 0.3163
vn -0.4359 0.8930 0.1118
vn -0.9830 -0.0168 -0.1828
vn -0.9895 -0.0621 -0.1304
vn -0.4595 -0.7747 -0.4344
vn -0.3954 -0.8962 -0.2009
vn 0.0090 -0.8992 -0.4375
vn 0.0119 -0.9838 -0.1790
vn 0.4741 -0.7672 -0.4320
vn 0.4169 -0.8859 -0.2037
vn 0.9838 0.0030 -0.1794
vn 0.9905 -0.0308 -0.1337
vn 0.4963 0.8079 0.3179
vn 0.4125 0.9039 0.1130
vn -0.0078 -0.9103 0.4139
vn -0.3456 -0.8235 0.4498
vn -0.9470 -0.0492 0.3174
vn -0.4314 0.9021 -0.0006
vn 0.0095 0.9821 -0.1883
vn 0.4509 0.8926 0.0014
vn 0.9473 -0.0747 0.3114
vn 0.3307 -0.8310 0.4473
vn -0.0020 -0.3630 0.9318
vn -0.1382 -0.3252 0.9355
vn -0.5626 0.1500 0.8130
vn -0.1935 0.7360 0.6487
vn 0.0086 0.7955 0.6059
vn 0.2103 0.7315 0.6486
vn 0.5672 0.1329 0.8128
vn 0.1339 -0.3279 0.9352
vn -0.0120 0.9982 0.0583
vn -0.3983 0.9171 0.0175
vn -0.9928 -0.0503 -0.1085
vn -0.3629 -0.9281 -0.0827
vn 0.0115 -0.9984 -0.0558
vn 0.3846 -0.9188 -0.0886
vn 0.9930 -0.0206 -0.1161
vn 0.3743 0.9272 0.0179
vn 0.0038 0.9412 -0.3380
vn 0.4809 0.8180 -0.3157
vn 0.9926 0.0459 -0.1128
vn 0.4812 -0.8530 0.2023
vn -0.0051 -0.9650 0.2623
vn -0.4844 -0.8511 0.2025
vn -0.9928 0.0420 -0.1119
vn -0.4779 0.8187 -0.3184
vn 0.0011 0.9952 0.0981
vn 0.4760 0.8747 0.0913
vn 0.9976 0.0558 0.0420
vn 0.4781 -0.8737 -0.0900
vn -0.0018 -0.9916 -0.1291
vn -0.4775 -0.8739 -0.0912
vn -0.9978 0.0522 0.0416
vn -0.4760 0.8746 0.0923
vn 0.0052 0.5830 -0.8125
vn 0.4966 0.5202 -0.6948
vn 0.9828 0.0969 -0.1575
vn 0.5724 -0.5548 0.6038
vn -0.0078 -0.6491 0.7607
vn -0.5781 -0.5523 0.6006
vn -0.9824 0.0964 -0.1603
vn -0.4904 0.5210 -0.6986
vn 0.0075 0.0539 -0.9985
vn 0.4634 0.0647 -0.8838
vn 0.9827 0.1053 -0.1526
vn 0.5231 -0.0052 0.8523
vn -0.0083 -0.0764 0.9970
vn -0.5338 -0.0076 0.8456
vn -0.9817 0.1053 -0.1589
vn -0.4519 0.0654 -0.8897
vn 0.0092 -0.9893 -0.1457
vn 0.3448 -0.9152 -0.2089
vn 0.9905 -0.0836 -0.1088
vn 0.3670 0.9241 0.1065
vn -0.0095 0.9889 0.1482
vn -0.3852 0.9170 0.1034
vn -0.9866 -0.1037 -0.1263
vn -0.3258 -0.9210 -0.2134
vn 0.0106 -0.5382 -0.8427
vn 0.3974 -0.4850 -0.7790
vn 0.9766 -0.0026 -0.2152
vn 0.4249 0.5951 0.6822
vn -0.0103 0.5628 0.8266
vn -0.4434 0.5897 0.6750
vn -0.9714 -0.0151 -0.2369
vn -0.3795 -0.4851 -0.7879
vn 0.4565 0.7187 0.5245
vn 0.9652 0.0266 0.2603
vn 0.5508 -0.7436 -0.3791
vn -0.0002 -0.8301 -0.5576
vn -0.5499 -0.7440 -0.3796
vn -0.9656 0.0243 0.2588
vn -0.4570 0.7184 0.5245
vn 0.0003 0.6447 0.7644
vn 0.5054 0.5268 0.6834
vn 0.9914 -0.0552 0.1187
vn 0.5498 -0.6032 -0.5778
vn -0.0003 -0.6933 -0.7207
vn -0.5497 -0.6033 -0.5779
vn -0.9915 -0.0557 0.1177
vn -0.5056 0.5269 0.6832
vn 0.0031 0.7411 0.6714
vn 0.5605 0.6338 0.5330
vn 0.9957 0.0062 -0.0923
vn 0.5187 -0.6345 -0.5731
vn -0.0034 -0.7668 -0.6418
vn -0.5231 -0.6330 -0.5707
vn -0.9957 0.0084 -0.0926
vn -0.5568 0.6375 0.5326
vn 0.0123 0.9832 0.1823
vn 0.0097 0.8970 0.4420
vn 0.5126 0.7982 0.3163
vn 0.4359 0.8930 0.1118
vn 0.9830 -0.0168 -0.1828
vn 0.9895 -0.0621 -0.1304
vn 0.4595 -0.7747 -0.4344
vn 0.3954 -0.8962 -0.2009
vn -0.0090 -0.8992 -0.4375
vn -0.0119 -0.9838 -0.1790
vn -0.4741 -0.7672 -0.4320
vn -0.4169 -0.8859 -0.2037
vn -0.9838 0.0030 -0.1794
vn -0.9905 -0.0309 -0.1337
vn -0.4963 0.8079 0.3179
vn -0.4125 0.9039 0.1130
vn 0.0078 -0.9103 0.4139
vn 0.3456 -0.8235 0.4498
vn 0.9470 -0.0492 0.3174
vn 0.4314 0.9021 -0.0006
vn -0.0095 0.9821 -0.1883
vn -0.4509 0.8926 0.0014
vn -0.9473 -0.0747 0.3114
vn -0.3307 -0.8310 0.4473
vn 0.0020 -0.3630 0.9318
vn 0.1382 -0.3252 0.9355
vn 0.5626 0.1500 0.8130
vn 0.1935 0.7360 0.6487
vn -0.0086 0.7955 0.6059
vn -0.2103 0.7315 0.6486
vn -0.5672 0.1329 0.8128
vn -0.1339 -0.3279 0.9352
vn 0.0120 0.9982 0.0583
vn 0.3983 0.9171 0.0175
vn 0.9928 -0.0503 -0.1085
vn 0.3629 -0.9281 -0.0827
vn -0.0115 -0.9984 -0.0558
vn -0.3846 -0.9188 -0.0886
vn -0.9930 -0.0206 -0.1161
vn -0.3743 0.9272 0.0179
vt 0.116103 0.749660
vt 0.116639 0.746841
vt 0.131359 0.747810
vt 0.130693 0.750860
vt 0.135394 0.783357
vt 0.117426 0.783957
vt 0.117736 0.778115
vt 0.135520 0.778463
vt 0.135202 0.786980
vt 0.116885 0.787609
vt 0.100158 0.748518
vt 0.100504 0.745393
vt 0.115380 0.754744
vt 0.099891 0.754070
vt 0.115575 0.759855
vt 0.099656 0.759624
vt 0.115927 0.762750
vt 0.099742 0.762775
vt 0.135516 0.773544
vt 0.117658 0.772271
vt 0.117264 0.768600
vt 0.135527 0.769946
vt 0.151424 0.775111
vt 0.150845 0.772277
vt 0.165187 0.772021
vt 0.165217 0.775353
vt 0.130310 0.755426
vt 0.130231 0.759985
vt 0.130595 0.763068
vt 0.151753 0.778773
vt 0.151310 0.782413
vt 0.150658 0.785183
vt 0.165133 0.782590
vt 0.164994 0.785918
vt 0.145261 0.751520
vt 0.145042 0.756156
vt 0.144800 0.760771
vt 0.144516 0.764144
vt 0.165120 0.778981
vt 0.145332 0.748132
vt 0.168482 0.768744
vt 0.169944 0.765357
vt 0.176842 0.764941
vt 0.176450 0.767872
vt 0.176249 0.770844
vt 0.190056 0.768600
vt 0.191040 0.772193
vt 0.175724 0.774231
vt 0.155619 0.763241
vt 0.154687 0.766264
vt 0.156389 0.756672
vt 0.170042 0.757394
vt 0.156232 0.750049
vt 0.170884 0.749499
vt 0.155576 0.746933
vt 0.169768 0.745975
vt 0.175560 0.783908
vt 0.191006 0.786128
vt 0.189932 0.789745
vt 0.175990 0.787289
vt 0.175269 0.779070
vt 0.191963 0.779160
vt 0.085013 0.748777
vt 0.073112 0.750471
vt 0.073509 0.748332
vt 0.086004 0.745782
vt 0.101853 0.782061
vt 0.102234 0.777807
vt 0.100806 0.785111
vt 0.084420 0.753391
vt 0.084605 0.758041
vt 0.085326 0.761126
vt 0.102022 0.773541
vt 0.101099 0.770468
vt 0.087213 0.774604
vt 0.069431 0.774460
vt 0.068953 0.772199
vt 0.086644 0.772103
vt 0.072817 0.752879
vt 0.072900 0.755303
vt 0.073111 0.757466
vt 0.087354 0.777515
vt 0.087099 0.780418
vt 0.086429 0.782891
vt 0.068756 0.782124
vt 0.069315 0.779875
vt 0.058424 0.752241
vt 0.058682 0.750148
vt 0.058874 0.756165
vt 0.058500 0.754348
vt 0.069594 0.777173
vt 0.059214 0.748379
vt 0.057536 0.776912
vt 0.051442 0.776813
vt 0.051606 0.772282
vt 0.057652 0.772929
vt 0.051935 0.769735
vt 0.057596 0.770431
vt 0.049423 0.756787
vt 0.044472 0.757179
vt 0.044691 0.755107
vt 0.049473 0.754791
vt 0.044980 0.751588
vt 0.049636 0.751825
vt 0.045069 0.748055
vt 0.049795 0.748852
vt 0.045084 0.745968
vt 0.049964 0.746854
vt 0.057469 0.783370
vt 0.051806 0.783897
vt 0.051519 0.781356
vt 0.057580 0.780888
vt 0.183900 0.761066
vt 0.183963 0.762411
vt 0.199386 0.771843
vt 0.200003 0.779171
vt 0.199365 0.786495
vt 0.177679 0.747814
vt 0.177709 0.750750
vt 0.176922 0.757813
vt 0.199114 0.768953
vt 0.199055 0.789403
vt 0.208016 0.779235
vt 0.210282 0.779302
vt 0.209643 0.782566
vt 0.208082 0.782251
vt 0.208100 0.776181
vt 0.184474 0.754208
vt 0.184244 0.755520
vt 0.184024 0.758287
vt 0.208566 0.774700
vt 0.208506 0.783722
vt 0.209745 0.775939
vt 0.040518 0.776770
vt 0.040474 0.771737
vt 0.040496 0.769070
vt 0.034766 0.757818
vt 0.034551 0.755530
vt 0.034612 0.751034
vt 0.035054 0.746567
vt 0.035522 0.744326
vt 0.040489 0.784452
vt 0.040485 0.781796
s 1
usemtl cabin_details
f 166/133/116 182/136/132 183/135/133 167/134/117
f 168/137/118 161/140/111 169/139/119 176/138/126
f 167/141/117 168/137/118 176/138/126 175/142/125
f 166/133/116 167/134/117 175/144/125 174/143/124
f 165/145/115 166/133/116 174/143/124 173/146/123
f 164/147/114 165/145/115 173/146/123 172/148/122
f 163/149/113 164/147/114 172/148/122 171/150/121
f 162/151/112 163/154/113 171/153/121 170/152/120
f 161/140/111 162/151/112 170/152/120 169/139/119
f 178/155/128 186/158/136 187/157/137 179/156/129
f 165/145/115 181/159/131 182/136/132 166/133/116
f 164/147/114 180/160/130 181/159/131 165/145/115
f 163/149/113 179/161/129 180/160/130 164/147/114
f 162/151/112 178/155/128 179/156/129 163/154/113
f 161/140/111 177/162/127 178/155/128 162/151/112
f 168/137/118 184/163/134 177/162/127 161/140/111
f 167/141/117 183/164/133 184/163/134 168/137/118
f 183/164/133 191/166/141 192/165/142 184/163/134
f 181/159/131 189/168/139 190/167/140 182/136/132
f 179/161/129 187/170/137 188/169/138 180/160/130
f 177/162/127 185/171/135 186/158/136 178/155/128
f 184/163/134 192/165/142 185/171/135 177/162/127
f 182/136/132 190/167/140 191/172/141 183/135/133
f 180/160/130 188/169/138 189/168/139 181/159/131
f 195/173/145 251/176/201 252/175/202 196/174/146
f 203/177/153 202/180/152 194/179/144 195/178/145
f 204/181/154 203/182/153 195/173/145 196/174/146
f 205/183/155 204/181/154 196/174/146 197/184/147
f 206/185/156 205/183/155 197/184/147 198/186/148
f 207/187/157 206/185/156 198/186/148 199/188/149
f 208/189/158 207/192/157 199/191/149 200/190/150
f 201/193/151 208/189/158 200/190/150 193/194/143
f 192/165/142 208/189/158 201/193/151 185/171/135
f 185/171/135 201/193/151 202/180/152 186/158/136
f 186/158/136 202/180/152 203/177/153 187/157/137
f 187/170/137 203/182/153 204/181/154 188/169/138
f 188/169/138 204/181/154 205/183/155 189/168/139
f 189/168/139 205/183/155 206/185/156 190/167/140
f 190/167/140 206/185/156 207/187/157 191/172/141
f 191/166/141 207/192/157 208/189/158 192/165/142
f 214/195/164 215/198/165 223/197/173 222/196/172
f 216/199/166 176/138/126 169/139/119 209/200/159
f 215/201/165 175/142/125 176/138/126 216/199/166
f 214/195/164 174/143/124 175/144/125 215/198/165
f 213/202/163 173/146/123 174/143/124 214/195/164
f 212/203/162 172/148/122 173/146/123 213/202/163
f 211/204/161 171/150/121 172/148/122 212/203/162
f 210/205/160 170/152/120 171/153/121 211/206/161
f 209/200/159 169/139/119 170/152/120 210/205/160
f 218/207/168 219/210/169 227/209/177 226/208/176
f 213/202/163 214/195/164 222/196/172 221/211/171
f 212/203/162 213/202/163 221/211/171 220/212/170
f 211/204/161 212/203/162 220/212/170 219/213/169
f 210/205/160 211/206/161 219/210/169 218/207/168
f 209/200/159 210/205/160 218/207/168 217/214/167
f 216/199/166 209/200/159 217/214/167 224/215/174
f 215/201/165 216/199/166 224/215/174 223/216/173
f 223/216/173 224/215/174 232/218/182 231/217/181
f 221/211/171 222/196/172 230/220/180 229/219/179
f 219/213/169 220/212/170 228/222/178 227/221/177
f 217/214/167 218/207/168 226/208/176 225/223/175
f 224/215/174 217/214/167 225/223/175 232/218/182
f 222/196/172 223/197/173 231/224/181 230/220/180
f 220/212/170 221/211/171 229/219/179 228/222/178
f 234/225/184 235/228/185 236/227/186 233/226/183
f 235/228/185 237/230/187 238/229/188 236/227/186
f 237/231/187 239/234/189 240/233/190 238/232/188
f 239/234/189 241/236/191 242/235/192 240/233/190
f 241/236/191 243/238/193 244/237/194 242/235/192
f 243/238/193 245/240/195 246/239/196 244/237/194
f 245/241/195 247/244/197 248/243/198 246/242/196
f 247/244/197 234/225/184 233/226/183 248/243/198
f 232/218/182 225/223/175 234/225/184 247/244/197
f 225/223/175 226/208/176 235/228/185 234/225/184
f 226/208/176 227/209/177 237/230/187 235/228/185
f 227/221/177 228/222/178 239/234/189 237/231/187
f 228/222/178 229/219/179 241/236/191 239/234/189
f 229/219/179 230/220/180 243/238/193 241/236/191
f 230/220/180 231/224/181 245/240/195 243/238/193
f 231/217/181 232/218/182 247/244/197 245/241/195
f 251/176/201 259/246/209 260/245/210 252/175/202
f 193/194/143 249/248/199 250/247/200 194/179/144
f 200/190/150 256/249/206 249/248/199 193/194/143
f 198/186/148 254/251/204 255/250/205 199/188/149
f 196/174/146 252/175/202 253/252/203 197/184/147
f 194/179/144 250/247/200 251/253/201 195/178/145
f 199/191/149 255/254/205 256/249/206 200/190/150
f 197/184/147 253/252/203 254/251/204 198/186/148
f 257/255/207 264/258/214 262/257/212 261/256/211
f 249/248/199 257/255/207 258/259/208 250/247/200
f 256/249/206 264/258/214 257/255/207 249/248/199
f 254/251/204 262/261/212 263/260/213 255/250/205
f 252/175/202 260/245/210 261/262/211 253/252/203
f 250/247/200 258/259/208 259/263/209 251/253/201
f 255/254/205 263/264/213 264/258/214 256/249/206
f 253/252/203 261/262/211 262/261/212 254/251/204
f 261/256/211 260/265/210 258/259/208 257/255/207
f 264/258/214 263/264/213 262/257/212
f 260/265/210 259/263/209 258/259/208
f 233/226/183 236/227/186 266/267/216 265/266/215
f 236/227/186 238/229/188 267/268/217 266/267/216
f 238/232/188 240/233/190 268/270/218 267/269/217
f 240/233/190 242/235/192 269/271/219 268/270/218
f 242/235/192 244/237/194 270/272/220 269/271/219
f 244/237/194 246/239/196 271/273/221 270/272/220
f 246/242/196 248/243/198 272/275/222 271/274/221
f 248/243/198 233/226/183 265/266/215 272/275/222
f 202/180/152 201/193/151 193/194/143 194/179/144
f 278/133/228 279/134/229 295/135/245 294/136/244
f 280/137/230 288/138/238 281/139/231 273/140/223
f 279/141/229 287/142/237 288/138/238 280/137/230
f 278/133/228 286/143/236 287/144/237 279/134/229
f 277/145/227 285/146/235 286/143/236 278/133/228
f 276/147/226 284/148/234 285/146/235 277/145/227
f 275/149/225 283/150/233 284/148/234 276/147/226
f 274/151/224 282/152/232 283/153/233 275/154/225
f 273/140/223 281/139/231 282/152/232 274/151/224
f 290/155/240 291/156/241 299/157/249 298/158/248
f 277/145/227 278/133/228 294/136/244 293/159/243
f 276/147/226 277/145/227 293/159/243 292/160/242
f 275/149/225 276/147/226 292/160/242 291/161/241
f 274/151/224 275/154/225 291/156/241 290/155/240
f 273/140/223 274/151/224 290/155/240 289/162/239
f 280/137/230 273/140/223 289/162/239 296/163/246
f 279/141/229 280/137/230 296/163/246 295/164/245
f 295/164/245 296/163/246 304/165/254 303/166/253
f 293/159/243 294/136/244 302/167/252 301/168/251
f 291/161/241 292/160/242 300/169/250 299/170/249
f 289/162/239 290/155/240 298/158/248 297/171/247
f 296/163/246 289/162/239 297/171/247 304/165/254
f 294/136/244 295/135/245 303/172/253 302/167/252
f 292/160/242 293/159/243 301/168/251 300/169/250
f 307/173/257 308/174/258 364/175/313 363/176/312
f 315/177/265 307/178/257 306/179/256 314/180/264
f 316/181/266 308/174/258 307/173/257 315/182/265
f 317/183/267 309/184/259 308/174/258 316/181/266
f 318/185/268 310/186/260 309/184/259 317/183/267
f 319/187/269 311/188/261 310/186/260 318/185/268
f 320/189/270 312/190/262 311/191/261 319/192/269
f 313/193/263 305/194/255 312/190/262 320/189/270
f 304/165/254 297/171/247 313/193/263 320/189/270
f 297/171/247 298/158/248 314/180/264 313/193/263
f 298/158/248 299/157/249 315/177/265 314/180/264
f 299/170/249 300/169/250 316/181/266 315/182/265
f 300/169/250 301/168/251 317/183/267 316/181/266
f 301/168/251 302/167/252 318/185/268 317/183/267
f 302/167/252 303/172/253 319/187/269 318/185/268
f 303/166/253 304/165/254 320/189/270 319/192/269
f 326/195/275 334/196/283 335/197/284 327/198/276
f 328/199/277 321/200/159 281/139/231 288/138/238
f 327/201/276 328/199/277 288/138/238 287/142/237
f 326/195/275 327/198/276 287/144/237 286/143/236
f 325/202/274 326/195/275 286/143/236 285/146/235
f 324/203/273 325/202/274 285/146/235 284/148/234
f 323/204/272 324/203/273 284/148/234 283/150/233
f 322/205/271 323/206/272 283/153/233 282/152/232
f 321/200/159 322/205/271 282/152/232 281/139/231
f 330/207/279 338/208/287 339/209/288 331/210/280
f 325/202/274 333/211/282 334/196/283 326/195/275
f 324/203/273 332/212/281 333/211/282 325/202/274
f 323/204/272 331/213/280 332/212/281 324/203/273
f 322/205/271 330/207/279 331/210/280 323/206/272
f 321/200/159 329/214/278 330/207/279 322/205/271
f 328/199/277 336/215/285 329/214/278 321/200/159
f 327/201/276 335/216/284 336/215/285 328/199/277
f 335/216/284 343/217/292 344/218/293 336/215/285
f 333/211/282 341/219/290 342/220/291 334/196/283
f 331/213/280 339/221/288 340/222/289 332/212/281
f 329/214/278 337/223/286 338/208/287 330/207/279
f 336/215/285 344/218/293 337/223/286 329/214/278
f 334/196/283 342/220/291 343/224/292 335/197/284
f 332/212/281 340/222/289 341/219/290 333/211/282
f 346/225/295 345/226/294 348/227/297 347/228/296
f 347/228/296 348/227/297 350/229/299 349/230/298
f 349/231/298 350/232/299 352/233/301 351/234/300
f 351/234/300 352/233/301 354/235/303 353/236/302
f 353/236/302 354/235/303 356/237/305 355/238/304
f 355/238/304 356/237/305 358/239/307 357/240/306
f 357/241/306 358/242/307 360/243/309 359/244/308
f 359/244/308 360/243/309 345/226/294 346/225/295
f 344/218/293 359/244/308 346/225/295 337/223/286
f 337/223/286 346/225/295 347/228/296 338/208/287
f 338/208/287 347/228/296 349/230/298 339/209/288
f 339/221/288 349/231/298 351/234/300 340/222/289
f 340/222/289 351/234/300 353/236/302 341/219/290
f 341/219/290 353/236/302 355/238/304 342/220/291
f 342/220/291 355/238/304 357/240/306 343/224/292
f 343/217/292 357/241/306 359/244/308 344/218/293
f 363/176/312 364/175/313 372/245/321 371/246/320
f 305/194/255 306/179/256 362/247/311 361/248/310
f 312/190/262 305/194/255 361/248/310 368/249/317
f 310/186/260 311/188/261 367/250/316 366/251/315
f 308/174/258 309/184/259 365/252/314 364/175/313
f 306/179/256 307/178/257 363/253/312 362/247/311
f 311/191/261 312/190/262 368/249/317 367/254/316
f 309/184/259 310/186/260 366/251/315 365/252/314
f 369/255/318 373/256/322 374/257/323 376/258/325
f 361/248/310 362/247/311 370/259/319 369/255/318
f 368/249/317 361/248/310 369/255/318 376/258/325
f 366/251/315 367/250/316 375/260/324 374/261/323
f 364/175/313 365/252/314 373/262/322 372/245/321
f 362/247/311 363/253/312 371/263/320 370/259/319
f 367/254/316 368/249/317 376/258/325 375/264/324
f 365/252/314 366/251/315 374/261/323 373/262/322
f 373/256/322 369/255/318 370/259/319 372/265/321
f 376/258/325 374/257/323 375/264/324
f 372/265/321 370/259/319 371/263/320
f 345/226/294 377/266/326 378/267/327 348/227/297
f 348/227/297 378/267/327 379/268/328 350/229/299
f 350/232/299 379/269/328 380/270/329 352/233/301
f 352/233/301 380/270/329 381/271/330 354/235/303
f 354/235/303 381/271/330 382/272/331 356/237/305
f 356/237/305 382/272/331 383/273/332 358/239/307
f 358/242/307 383/274/332 384/275/333 360/243/309
f 360/243/309 384/275/333 377/266/326 345/226/294
f 314/180/264 306/179/256 305/194/255 313/193/263
o Cylinder.006
v -0.142073 1.711917 1.476520
v -0.087863 1.711917 1.476520
v -0.142073 1.692751 1.484458
v -0.087863 1.692751 1.484458
v -0.142073 1.684812 1.503625
v -0.087863 1.684812 1.503625
v -0.142073 1.692751 1.522791
v -0.087863 1.692751 1.522791
v -0.142073 1.711917 1.530730
v -0.087863 1.711917 1.530730
v -0.142073 1.731083 1.522791
v -0.087863 1.731083 1.522791
v -0.142073 1.739022 1.503625
v -0.087863 1.739022 1.503625
v -0.142073 1.731083 1.484458
v -0.087863 1.731083 1.484458
v -0.216834 1.711917 1.465527
v -0.216834 1.684978 1.476686
v -0.216834 1.673819 1.503625
v -0.216834 1.684978 1.530564
v -0.216834 1.711917 1.541722
v -0.216834 1.738856 1.530564
v -0.216834 1.750014 1.503625
v -0.216834 1.738856 1.476686
v -0.196975 1.711917 1.557006
v -0.172925 1.711917 1.561013
v -0.172925 1.671337 1.544204
v -0.196975 1.674171 1.541371
v -0.196975 1.749663 1.465878
v -0.172925 1.752496 1.463045
v -0.172925 1.769305 1.503625
v -0.196975 1.765298 1.503625
v -0.196975 1.658536 1.503625
v -0.172925 1.654529 1.503625
v -0.172925 1.671337 1.463045
v -0.196975 1.674171 1.465878
v -0.196975 1.749663 1.541371
v -0.172925 1.752496 1.544204
v -0.196975 1.711917 1.450244
v -0.172925 1.711917 1.446237
v -0.221159 1.711917 1.480357
v -0.221159 1.695464 1.487172
v -0.221159 1.688649 1.503625
v -0.221159 1.695464 1.520078
v -0.221159 1.711917 1.526893
v -0.221159 1.728370 1.520078
v -0.221159 1.735185 1.503625
v -0.221159 1.728370 1.487172
v -0.221159 1.711917 1.503625
v 0.142073 1.711917 1.476520
v 0.087863 1.711917 1.476520
v 0.142073 1.692751 1.484458
v 0.087863 1.692751 1.484458
v 0.142073 1.684812 1.503625
v 0.087863 1.684812 1.503625
v 0.142073 1.692751 1.522791
v 0.087863 1.692751 1.522791
v 0.142073 1.711917 1.530730
v 0.087863 1.711917 1.530730
v 0.142073 1.731083 1.522791
v 0.087863 1.731083 1.522791
v 0.142073 1.739022 1.503625
v 0.087863 1.739022 1.503625
v 0.142073 1.731083 1.484458
v 0.087863 1.731083 1.484458
v 0.216834 1.711917 1.465527
v 0.216834 1.684978 1.476686
v 0.216834 1.673820 1.503625
v 0.216834 1.684978 1.530564
v 0.216834 1.711917 1.541722
v 0.216834 1.738856 1.530564
v 0.216834 1.750014 1.503625
v 0.216834 1.738856 1.476686
v 0.196975 1.711917 1.557006
v 0.172925 1.711917 1.561013
v 0.172925 1.671338 1.544204
v 0.196975 1.674171 1.541371
v 0.196975 1.749663 1.465878
v 0.172925 1.752496 1.463045
v 0.172925 1.769305 1.503625
v 0.196975 1.765298 1.503625
v 0.196975 1.658536 1.503625
v 0.172925 1.654529 1.503625
v 0.172925 1.671338 1.463045
v 0.196975 1.674171 1.465878
v 0.196975 1.749663 1.541371
v 0.172925 1.752496 1.544204
v 0.196975 1.711917 1.450244
v 0.172925 1.711917 1.446237
v 0.221159 1.711917 1.480357
v 0.221159 1.695464 1.487172
v 0.221159 1.688649 1.503625
v 0.221159 1.695464 1.520078
v 0.221159 1.711917 1.526893
v 0.221159 1.728370 1.520078
v 0.221159 1.735185 1.503625
v 0.221159 1.728370 1.487172
v 0.221159 1.711917 1.503625
vn -0.0000 -0.0000 -1.0000
vn -0.0000 -0.7071 -0.7071
vn -0.0000 -1.0000 -0.0000
vn -0.0000 -0.7071 0.7071
vn -0.0000 -0.0000 1.0000
vn -0.0000 0.7071 0.7071
vn -0.0000 1.0000 -0.0000
vn -0.0000 0.7071 -0.7071
vn -0.9536 -0.1152 0.2781
vn -0.3789 0.9255 -0.0000
vn -0.3789 0.6544 0.6544
vn 0.2732 0.6802 0.6802
vn 0.2731 0.9620 -0.0000
vn -0.3789 -0.6544 0.6544
vn -0.3789 -0.9255 -0.0000
vn 0.2732 -0.9620 -0.0000
vn 0.2732 -0.6802 0.6802
vn -0.3789 -0.6544 -0.6544
vn -0.3789 -0.0000 -0.9255
vn 0.2731 -0.0000 -0.9620
vn 0.2732 -0.6802 -0.6802
vn -0.3789 0.6544 -0.6544
vn 0.2731 0.6802 -0.6802
vn -0.3789 -0.0000 0.9255
vn 0.2732 -0.0000 0.9620
vn -0.6099 0.5604 0.5604
vn -0.6099 -0.0000 0.7925
vn 0.7005 -0.5046 0.5046
vn 0.7005 -0.0000 0.7137
vn -0.6099 -0.5604 0.5604
vn 0.7005 0.5046 0.5046
vn -0.6099 -0.7925 -0.0000
vn 0.7005 -0.7137 -0.0000
vn -0.6099 -0.0000 -0.7925
vn -0.6099 0.5604 -0.5604
vn 0.7005 0.7137 -0.0000
vn 0.7005 0.5046 -0.5046
vn -0.6099 0.7925 -0.0000
vn 0.7005 -0.0000 -0.7137
vn 0.7005 -0.5046 -0.5046
vn -0.6099 -0.5604 -0.5604
vn -1.0000 -0.0000 -0.0000
vn -0.9536 -0.2781 -0.1152
vn -0.9536 0.2781 -0.1152
vn -0.9536 0.1152 0.2781
vn -0.9536 -0.2781 0.1152
vn -0.9536 -0.1152 -0.2781
vn -0.9536 0.1152 -0.2781
vn -0.9536 0.2781 0.1152
vn 0.9536 -0.1152 0.2781
vn 0.3789 0.9255 -0.0000
vn -0.2731 0.9620 -0.0000
vn -0.2732 0.6802 0.6802
vn 0.3789 0.6544 0.6544
vn 0.3789 -0.6544 0.6544
vn -0.2732 -0.6802 0.6802
vn -0.2732 -0.9620 -0.0000
vn 0.3789 -0.9255 -0.0000
vn 0.3789 -0.6544 -0.6544
vn -0.2732 -0.6802 -0.6802
vn -0.2732 -0.0000 -0.9620
vn 0.3789 -0.0000 -0.9255
vn -0.2731 0.6802 -0.6802
vn 0.3789 0.6544 -0.6544
vn -0.2732 -0.0000 0.9620
vn 0.3789 -0.0000 0.9255
vn 0.6099 -0.0000 0.7925
vn 0.6099 0.5604 0.5604
vn -0.7005 -0.5046 0.5046
vn -0.7005 -0.0000 0.7137
vn 0.6099 -0.5604 0.5604
vn -0.7005 0.5046 0.5046
vn 0.6099 -0.7925 -0.0000
vn -0.7005 -0.7137 -0.0000
vn 0.6099 0.5604 -0.5604
vn 0.6099 -0.0000 -0.7925
vn -0.7005 0.7137 -0.0000
vn -0.7005 0.5046 -0.5046
vn 0.6099 0.7925 -0.0000
vn -0.7005 -0.0000 -0.7137
vn -0.7005 -0.5046 -0.5046
vn 0.6099 -0.5604 -0.5604
vn 1.0000 -0.0000 -0.0000
vn 0.9536 -0.2781 -0.1152
vn 0.9536 0.2781 -0.1152
vn 0.9536 0.1152 0.2781
vn 0.9536 -0.2781 0.1152
vn 0.9536 -0.1152 -0.2781
vn 0.9536 0.1152 -0.2781
vn 0.9536 0.2781 0.1152
vt 0.898505 0.777521
vt 0.864666 0.786582
vt 0.861121 0.776327
vt 0.892512 0.764228
vt 0.856665 0.765512
vt 0.884925 0.753867
vt 0.881198 0.858276
vt 0.856665 0.846166
vt 0.860823 0.837036
vt 0.889036 0.848587
vt 0.864221 0.827397
vt 0.894728 0.836259
vt 0.866547 0.817388
vt 0.899592 0.822723
vt 0.867509 0.807132
vt 0.902140 0.807834
vt 0.866900 0.796878
vt 0.902767 0.792289
vt 0.995885 0.781331
vt 0.995653 0.807441
vt 0.981770 0.801473
vt 0.981788 0.786770
vt 0.981400 0.907938
vt 0.977904 0.885399
vt 0.991857 0.880518
vt 0.996437 0.907757
vt 0.952062 0.848305
vt 0.931614 0.836655
vt 0.938206 0.823773
vt 0.960620 0.837085
vt 0.952988 0.967359
vt 0.968825 0.950594
vt 0.981028 0.958401
vt 0.962719 0.978809
vt 0.978538 0.930180
vt 0.992047 0.934259
vt 0.967711 0.864721
vt 0.979378 0.856080
vt 0.931467 0.979405
vt 0.938733 0.993674
vt 0.963548 0.890046
vt 0.955018 0.873494
vt 0.919151 0.848580
vt 0.907067 0.865701
vt 0.943014 0.859717
vt 0.927076 0.827984
vt 0.927611 0.851230
vt 0.890681 0.878109
vt 0.956268 0.941943
vt 0.964715 0.925936
vt 0.929437 0.788899
vt 0.929914 0.807755
vt 0.966758 0.908154
vt 0.925388 0.769864
vt 0.897192 0.731158
vt 0.916079 0.749351
vt 0.927611 0.964103
vt 0.943876 0.955584
vt 0.946252 0.786145
vt 0.964061 0.793843
vt 0.956477 0.811640
vt 0.946157 0.801015
vt 0.951386 0.761537
vt 0.977859 0.762138
vt 0.971646 0.776046
vt 0.956893 0.775800
vt 0.950655 0.825786
vt 0.932046 0.806864
vt 0.977039 0.825751
vt 0.971233 0.811686
vt 0.932046 0.780069
s 1
usemtl cabin_details
f 385/276/334 386/277/334 388/278/335 387/279/335
f 387/279/335 388/278/335 390/280/336 389/281/336
f 389/282/336 390/283/336 392/284/337 391/285/337
f 391/285/337 392/284/337 394/286/338 393/287/338
f 393/287/338 394/286/338 396/288/339 395/289/339
f 395/289/339 396/288/339 398/290/340 397/291/340
f 397/291/340 398/290/340 400/292/341 399/293/341
f 399/293/341 400/292/341 386/277/334 385/276/334
f 404/294/342 405/295/342 429/296/342 428/297/342
f 416/298/343 421/299/344 422/300/345 415/301/346
f 412/302/347 417/303/348 418/304/349 411/305/350
f 420/306/351 423/307/352 424/308/353 419/309/354
f 423/307/352 413/310/355 414/311/356 424/308/353
f 421/299/344 409/312/357 410/313/358 422/300/345
f 417/314/348 420/306/351 419/309/354 418/315/349
f 413/310/355 416/298/343 415/301/346 414/311/356
f 409/312/357 412/302/347 411/305/350 410/313/358
f 409/312/357 421/299/344 406/316/359 405/317/360
f 391/285/361 393/287/362 410/318/358 411/319/350
f 412/302/347 409/312/357 405/317/360 404/320/363
f 393/287/362 395/289/364 422/321/345 410/318/358
f 417/303/348 412/302/347 404/320/363 403/322/365
f 389/282/366 391/285/361 411/319/350 418/323/349
f 413/310/355 423/307/352 401/324/367 408/325/368
f 397/291/369 399/293/370 414/326/356 415/327/346
f 416/298/343 413/310/355 408/325/368 407/328/371
f 399/293/370 385/276/372 424/329/353 414/326/356
f 421/299/344 416/298/343 407/328/371 406/316/359
f 395/289/364 397/291/369 415/327/346 422/321/345
f 387/279/373 389/281/366 418/330/349 419/331/354
f 420/306/351 417/314/348 403/332/365 402/333/374
f 423/307/352 420/306/351 402/333/374 401/324/367
f 385/276/372 387/279/373 419/331/354 424/329/353
f 425/334/375 433/335/375 431/336/375 432/337/375
f 402/338/376 403/339/376 427/340/376 426/341/376
f 407/342/377 408/343/377 432/337/377 431/336/377
f 405/295/378 406/344/378 430/345/378 429/296/378
f 403/339/379 404/294/379 428/297/379 427/340/379
f 401/346/380 402/338/380 426/341/380 425/334/380
f 408/343/381 401/346/381 425/334/381 432/337/381
f 406/344/382 407/342/382 431/336/382 430/345/382
f 431/336/375 433/335/375 429/296/375 430/345/375
f 429/296/375 433/335/375 427/340/375 428/297/375
f 433/335/375 425/334/375 426/341/375 427/340/375
f 434/276/334 436/279/335 437/278/335 435/277/334
f 436/279/335 438/281/336 439/280/336 437/278/335
f 438/282/336 440/285/337 441/284/337 439/283/336
f 440/285/337 442/287/338 443/286/338 441/284/337
f 442/287/338 444/289/339 445/288/339 443/286/338
f 444/289/339 446/291/340 447/290/340 445/288/339
f 446/291/340 448/293/341 449/292/341 447/290/340
f 448/293/341 434/276/334 435/277/334 449/292/341
f 453/294/383 477/297/383 478/296/383 454/295/383
f 465/298/384 464/301/385 471/300/386 470/299/387
f 461/302/388 460/305/389 467/304/390 466/303/391
f 469/306/392 468/309/393 473/308/394 472/307/395
f 472/307/395 473/308/394 463/311/396 462/310/397
f 470/299/387 471/300/386 459/313/398 458/312/399
f 466/314/391 467/315/390 468/309/393 469/306/392
f 462/310/397 463/311/396 464/301/385 465/298/384
f 458/312/399 459/313/398 460/305/389 461/302/388
f 458/312/399 454/317/400 455/316/401 470/299/387
f 440/285/402 460/319/389 459/318/398 442/287/403
f 461/302/388 453/320/404 454/317/400 458/312/399
f 442/287/403 459/318/398 471/321/386 444/289/405
f 466/303/391 452/322/406 453/320/404 461/302/388
f 438/282/407 467/323/390 460/319/389 440/285/402
f 462/310/397 457/325/408 450/324/409 472/307/395
f 446/291/410 464/327/385 463/326/396 448/293/411
f 465/298/384 456/328/412 457/325/408 462/310/397
f 448/293/411 463/326/396 473/329/394 434/276/413
f 470/299/387 455/316/401 456/328/412 465/298/384
f 444/289/405 471/321/386 464/327/385 446/291/410
f 436/279/414 468/331/393 467/330/390 438/281/407
f 469/306/392 451/333/415 452/332/406 466/314/391
f 472/307/395 450/324/409 451/333/415 469/306/392
f 434/276/413 473/329/394 468/331/393 436/279/414
f 474/334/416 481/337/416 480/336/416 482/335/416
f 451/338/417 475/341/417 476/340/417 452/339/417
f 456/342/418 480/336/418 481/337/418 457/343/418
f 454/295/419 478/296/419 479/345/419 455/344/419
f 452/339/420 476/340/420 477/297/420 453/294/420
f 450/346/421 474/334/421 475/341/421 451/338/421
f 457/343/422 481/337/422 474/334/422 450/346/422
f 455/344/423 479/345/423 480/336/423 456/342/423
f 480/336/416 479/345/416 478/296/416 482/335/416
f 478/296/416 477/297/416 476/340/416 482/335/416
f 482/335/416 476/340/416 475/341/416 474/334/416
o Cube.021
v -0.078721 2.000582 1.579896
v -0.078721 2.214702 1.584524
v -0.080411 2.006375 1.046124
v -0.080411 2.200263 1.032859
v -0.115230 2.000582 1.579896
v -0.115230 2.214702 1.584524
v -0.113540 2.006375 1.046124
v -0.113540 2.200263 1.032859
v 0.078721 2.000582 1.579896
v 0.078721 2.214702 1.584524
v 0.080412 2.006375 1.046124
v 0.080412 2.200263 1.032859
v 0.115230 2.000582 1.579896
v 0.115230 2.214702 1.584524
v 0.113540 2.006375 1.046124
v 0.113540 2.200263 1.032859
vn -0.0000 -0.0683 -0.9977
vn -1.0000 -0.0001 -0.0031
vn -0.0000 -0.0216 0.9998
vn -0.0000 -0.9999 -0.0109
vn -0.0000 0.9997 -0.0262
vn 1.0000 -0.0001 -0.0031
vt 0.550014 0.700324
vt 0.549680 0.691052
vt 0.495284 0.693011
vt 0.495618 0.702284
vt 0.556129 0.541682
vt 0.496231 0.538450
vt 0.556680 0.531471
vt 0.496782 0.528239
vt 0.558949 0.691481
vt 0.566343 0.542155
vt 0.486006 0.538418
vt 0.486006 0.692983
s 0
usemtl cabin_details
f 485/347/424 489/348/424 490/349/424 486/350/424
f 489/348/425 487/351/425 488/352/425 490/349/425
f 487/351/426 483/353/426 484/354/426 488/352/426
f 485/355/427 483/356/427 487/351/427 489/348/427
f 490/349/428 488/352/428 484/357/428 486/358/428
f 493/347/424 494/350/424 498/349/424 497/348/424
f 497/348/429 498/349/429 496/352/429 495/351/429
f 495/351/426 496/352/426 492/354/426 491/353/426
f 493/355/427 497/348/427 495/351/427 491/356/427
f 498/349/428 494/358/428 492/357/428 496/352/428
o Cylinder.007
v -0.153727 2.120421 1.123551
v -0.153727 2.120421 1.839158
v -0.136748 2.113389 1.123551
v -0.136748 2.113389 1.839158
v -0.129716 2.096410 1.123551
v -0.129716 2.096410 1.839158
v -0.136748 2.079432 1.123551
v -0.136748 2.079432 1.839158
v -0.153727 2.072399 1.123551
v -0.153727 2.072399 1.839158
v -0.170705 2.079432 1.123551
v -0.170705 2.079432 1.839158
v -0.177738 2.096410 1.123551
v -0.177738 2.096410 1.839158
v -0.170705 2.113389 1.123551
v -0.170705 2.113389 1.839158
v -0.180742 2.069396 1.450822
v -0.180742 2.069396 1.385616
v -0.191932 2.096410 1.450822
v -0.191932 2.096410 1.385616
v -0.153727 2.134615 1.385616
v -0.153727 2.134615 1.450822
v -0.180742 2.123425 1.450822
v -0.180742 2.123425 1.385616
v -0.126713 2.123425 1.199505
v -0.126713 2.123425 1.134299
v -0.115523 2.096410 1.199505
v -0.115523 2.096410 1.134299
v -0.126713 2.069396 1.199505
v -0.126713 2.069396 1.134299
v -0.153727 2.058206 1.199505
v -0.153727 2.058206 1.134299
v -0.180742 2.069396 1.199505
v -0.180742 2.069396 1.134299
v -0.191932 2.096410 1.199505
v -0.191932 2.096410 1.134299
v -0.153727 2.134615 1.134299
v -0.153727 2.134615 1.199505
v -0.180742 2.123425 1.199505
v -0.180742 2.123425 1.134299
v -0.153727 2.120421 1.199505
v -0.153727 2.120421 1.134299
v -0.136748 2.113389 1.134299
v -0.136748 2.113389 1.199505
v -0.129716 2.096410 1.134299
v -0.129716 2.096410 1.199505
v -0.136748 2.079432 1.134299
v -0.136748 2.079432 1.199505
v -0.153727 2.072399 1.134299
v -0.153727 2.072399 1.199505
v -0.170705 2.079432 1.134299
v -0.170705 2.079432 1.199505
v -0.177738 2.096410 1.134299
v -0.177738 2.096410 1.199505
v -0.170705 2.113389 1.134299
v -0.170705 2.113389 1.199505
v -0.153727 2.120421 1.450822
v -0.153727 2.120421 1.385616
v -0.136748 2.113389 1.385616
v -0.136748 2.113389 1.450822
v -0.129716 2.096410 1.385616
v -0.129716 2.096410 1.450822
v -0.136748 2.079432 1.385616
v -0.136748 2.079432 1.450822
v -0.153727 2.072399 1.385616
v -0.153727 2.072399 1.450822
v -0.170705 2.079432 1.385616
v -0.170705 2.079432 1.450822
v -0.177738 2.096410 1.385616
v -0.177738 2.096410 1.450822
v -0.170705 2.113389 1.385616
v -0.170705 2.113389 1.450822
v -0.153727 2.120421 1.832299
v -0.153727 2.120421 1.767092
v -0.136748 2.113389 1.767092
v -0.136748 2.113389 1.832299
v -0.129716 2.096410 1.767092
v -0.129716 2.096410 1.832299
v -0.136748 2.079432 1.767092
v -0.136748 2.079432 1.832299
v -0.153727 2.072399 1.767092
v -0.153727 2.072399 1.832299
v -0.170705 2.079432 1.767092
v -0.170705 2.079432 1.832299
v -0.177738 2.096410 1.767092
v -0.177738 2.096410 1.832299
v -0.170705 2.113389 1.767092
v -0.170705 2.113389 1.832299
v -0.153727 2.058206 1.385616
v -0.153727 2.058206 1.450822
v -0.126713 2.069396 1.385616
v -0.126713 2.069396 1.450822
v -0.115523 2.096410 1.385616
v -0.115523 2.096410 1.450822
v -0.126713 2.123425 1.385616
v -0.126713 2.123425 1.450822
v -0.180742 2.123425 1.767092
v -0.180742 2.123425 1.832299
v -0.153727 2.134615 1.832299
v -0.153727 2.134615 1.767092
v -0.191932 2.096410 1.767092
v -0.191932 2.096410 1.832299
v -0.180742 2.069396 1.767092
v -0.180742 2.069396 1.832299
v -0.153727 2.058206 1.767092
v -0.153727 2.058206 1.832299
v -0.126713 2.069396 1.767092
v -0.126713 2.069396 1.832299
v -0.115523 2.096410 1.767092
v -0.115523 2.096410 1.832299
v -0.126713 2.123425 1.767092
v -0.126713 2.123425 1.832299
v -0.141389 2.108748 1.850837
v -0.153727 2.113859 1.850837
v -0.136278 2.096410 1.850837
v -0.141389 2.084072 1.850837
v -0.153727 2.078962 1.850837
v -0.166065 2.084072 1.850837
v -0.171175 2.096410 1.850837
v -0.166065 2.108748 1.850837
v -0.153727 2.096410 1.123551
v -0.153728 2.096410 1.853732
v 0.153727 2.120421 1.123551
v 0.153727 2.120421 1.839158
v 0.136748 2.113389 1.123551
v 0.136748 2.113389 1.839158
v 0.129716 2.096410 1.123551
v 0.129716 2.096410 1.839158
v 0.136748 2.079432 1.123551
v 0.136748 2.079432 1.839158
v 0.153727 2.072399 1.123551
v 0.153727 2.072400 1.839158
v 0.170705 2.079432 1.123551
v 0.170705 2.079432 1.839158
v 0.177738 2.096410 1.123551
v 0.177738 2.096410 1.839158
v 0.170705 2.113389 1.123551
v 0.170705 2.113389 1.839158
v 0.180742 2.069396 1.450822
v 0.180742 2.069396 1.385616
v 0.191932 2.096410 1.450822
v 0.191932 2.096410 1.385616
v 0.153727 2.134615 1.385616
v 0.153727 2.134615 1.450822
v 0.180742 2.123425 1.450822
v 0.180742 2.123425 1.385616
v 0.126713 2.123425 1.199505
v 0.126713 2.123425 1.134299
v 0.115523 2.096410 1.199505
v 0.115523 2.096410 1.134299
v 0.126713 2.069396 1.199505
v 0.126713 2.069396 1.134299
v 0.153727 2.058206 1.199505
v 0.153727 2.058206 1.134299
v 0.180742 2.069396 1.199505
v 0.180742 2.069396 1.134299
v 0.191932 2.096410 1.199505
v 0.191932 2.096410 1.134299
v 0.153727 2.134615 1.134299
v 0.153727 2.134615 1.199505
v 0.180742 2.123425 1.199505
v 0.180742 2.123425 1.134299
v 0.153727 2.120421 1.199505
v 0.153727 2.120421 1.134299
v 0.136748 2.113389 1.134299
v 0.136748 2.113389 1.199505
v 0.129716 2.096410 1.134299
v 0.129716 2.096410 1.199505
v 0.136748 2.079432 1.134299
v 0.136748 2.079432 1.199505
v 0.153727 2.072399 1.134299
v 0.153727 2.072399 1.199505
v 0.170705 2.079432 1.134299
v 0.170705 2.079432 1.199505
v 0.177738 2.096410 1.134299
v 0.177738 2.096410 1.199505
v 0.170705 2.113389 1.134299
v 0.170705 2.113389 1.199505
v 0.153727 2.120421 1.450822
v 0.153727 2.120421 1.385616
v 0.136748 2.113389 1.385616
v 0.136748 2.113389 1.450822
v 0.129716 2.096410 1.385616
v 0.129716 2.096410 1.450822
v 0.136748 2.079432 1.385616
v 0.136748 2.079432 1.450822
v 0.153727 2.072399 1.385616
v 0.153727 2.072399 1.450822
v 0.170705 2.079432 1.385616
v 0.170705 2.079432 1.450822
v 0.177738 2.096410 1.385616
v 0.177738 2.096410 1.450822
v 0.170705 2.113389 1.385616
v 0.170705 2.113389 1.450822
v 0.153727 2.120421 1.832299
v 0.153727 2.120421 1.767092
v 0.136748 2.113389 1.767092
v 0.136748 2.113389 1.832299
v 0.129716 2.096410 1.767092
v 0.129716 2.096410 1.832299
v 0.136748 2.079432 1.767092
v 0.136748 2.079432 1.832299
v 0.153727 2.072399 1.767092
v 0.153727 2.072400 1.832299
v 0.170705 2.079432 1.767092
v 0.170705 2.079432 1.832299
v 0.177738 2.096410 1.767092
v 0.177738 2.096410 1.832299
v 0.170705 2.113389 1.767092
v 0.170705 2.113389 1.832299
v 0.153727 2.058206 1.385616
v 0.153727 2.058206 1.450822
v 0.126713 2.069396 1.385616
v 0.126713 2.069396 1.450822
v 0.115523 2.096410 1.385616
v 0.115523 2.096410 1.450822
v 0.126713 2.123425 1.385616
v 0.126713 2.123425 1.450822
v 0.180742 2.123425 1.767092
v 0.180742 2.123425 1.832299
v 0.153727 2.134615 1.832299
v 0.153727 2.134615 1.767092
v 0.191932 2.096411 1.767092
v 0.191932 2.096411 1.832299
v 0.180742 2.069396 1.767092
v 0.180742 2.069396 1.832299
v 0.153727 2.058206 1.767092
v 0.153727 2.058206 1.832299
v 0.126713 2.069396 1.767092
v 0.126713 2.069396 1.832299
v 0.115523 2.096411 1.767092
v 0.115523 2.096411 1.832299
v 0.126713 2.123425 1.767092
v 0.126713 2.123425 1.832299
v 0.141389 2.108748 1.850837
v 0.153727 2.113859 1.850837
v 0.136278 2.096410 1.850837
v 0.141389 2.084072 1.850837
v 0.153727 2.078962 1.850837
v 0.166065 2.084072 1.850837
v 0.171175 2.096410 1.850837
v 0.166065 2.108748 1.850837
v 0.153727 2.096410 1.123551
v 0.153728 2.096410 1.853732
vn -0.7071 0.7071 -0.0000
vn -0.0000 1.0000 -0.0000
vn 0.7071 0.7071 -0.0000
vn 1.0000 -0.0000 -0.0000
vn 0.7071 -0.7071 -0.0000
vn -0.0000 -1.0000 -0.0000
vn -0.7071 -0.7071 -0.0000
vn -1.0000 -0.0000 -0.0000
vn -0.0000 -0.0000 -1.0000
vn 0.6866 -0.6866 0.2393
vn 0.9710 -0.0000 0.2393
vn 0.6240 -0.0000 0.7815
vn 0.4513 -0.4513 0.7699
vn -0.0000 -0.0000 1.0000
vn -0.6866 0.6866 0.2393
vn -0.0000 0.9710 0.2393
vn 0.6866 0.6866 0.2393
vn -0.0000 -0.9710 0.2393
vn -0.6866 -0.6866 0.2393
vn -0.9710 -0.0000 0.2393
vn 0.4513 0.4513 0.7699
vn -0.0000 0.6240 0.7815
vn -0.4513 -0.4513 0.7699
vn -0.6240 -0.0000 0.7815
vn -0.0000 -0.6240 0.7815
vn -0.4513 0.4513 0.7699
vt 0.786722 0.788576
vt 0.786722 0.773802
vt 0.816348 0.773802
vt 0.816348 0.788576
vt 0.757097 0.759029
vt 0.757097 0.744255
vt 0.786722 0.744255
vt 0.786722 0.759029
vt 0.757097 0.847670
vt 0.757097 0.832896
vt 0.786722 0.832896
vt 0.786722 0.847670
vt 0.757097 0.818123
vt 0.757097 0.803349
vt 0.786722 0.803349
vt 0.786722 0.818123
vt 0.757097 0.788576
vt 0.757097 0.773802
vt 0.786722 0.773802
vt 0.786722 0.788576
vt 0.456496 0.849739
vt 0.465781 0.849739
vt 0.468525 0.856365
vt 0.453752 0.856365
vt 0.451842 0.800834
vt 0.451935 0.810902
vt 0.446250 0.808679
vt 0.446457 0.803485
vt 0.465781 0.827323
vt 0.456496 0.827323
vt 0.453752 0.820698
vt 0.468525 0.820698
vt 0.456496 0.827324
vt 0.449930 0.833889
vt 0.443305 0.831145
vt 0.439074 0.844438
vt 0.434431 0.855646
vt 0.423223 0.851004
vt 0.429789 0.844438
vt 0.816347 0.759029
vt 0.816347 0.744255
vt 0.845973 0.744255
vt 0.845973 0.759029
vt 0.816348 0.847670
vt 0.816347 0.832897
vt 0.845973 0.832897
vt 0.845973 0.847670
vt 0.816347 0.818123
vt 0.816347 0.803349
vt 0.845973 0.803349
vt 0.845973 0.818123
vt 0.816347 0.788576
vt 0.816347 0.773803
vt 0.845973 0.773802
vt 0.845973 0.788576
vt 0.786722 0.759029
vt 0.816348 0.744255
vt 0.816348 0.759029
vt 0.786722 0.847670
vt 0.786722 0.832897
vt 0.816348 0.832897
vt 0.786722 0.818123
vt 0.816348 0.818123
vt 0.786722 0.803349
vt 0.816348 0.803349
vt 0.757097 0.862444
vt 0.786722 0.862444
vt 0.465781 0.827323
vt 0.456496 0.827323
vt 0.453752 0.820698
vt 0.468525 0.820698
vt 0.449930 0.833889
vt 0.449930 0.843174
vt 0.443305 0.845918
vt 0.443305 0.831145
vt 0.449931 0.833889
vt 0.449931 0.843174
vt 0.443305 0.845918
vt 0.443305 0.831145
vt 0.472346 0.843174
vt 0.472346 0.833889
vt 0.478971 0.831145
vt 0.478971 0.845918
vt 0.449931 0.833889
vt 0.449931 0.843174
vt 0.443305 0.845918
vt 0.816348 0.862444
vt 0.845973 0.862444
vt 0.472347 0.843174
vt 0.472347 0.833889
vt 0.478972 0.831145
vt 0.478972 0.845918
vt 0.472346 0.843174
vt 0.472346 0.833889
vt 0.449931 0.833889
vt 0.443305 0.845919
vt 0.465781 0.849740
vt 0.472346 0.843174
vt 0.468525 0.856365
vt 0.478972 0.831145
vt 0.465781 0.849739
vt 0.465781 0.827324
vt 0.468525 0.820698
vt 0.456496 0.849740
vt 0.472347 0.843174
vt 0.465781 0.827324
vt 0.465781 0.827324
vt 0.449931 0.843174
vt 0.456496 0.849740
vt 0.453752 0.856365
vt 0.472347 0.833889
vt 0.478972 0.845919
vt 0.456496 0.849739
vt 0.472346 0.833889
vt 0.456496 0.849740
vt 0.456496 0.827324
vt 0.456496 0.827324
vt 0.453752 0.820698
vt 0.456496 0.849739
vt 0.850856 0.762825
vt 0.845973 0.762825
vt 0.845973 0.753541
vt 0.850856 0.753541
vt 0.365191 0.785481
vt 0.365191 0.870037
vt 0.355906 0.870037
vt 0.355906 0.785481
vt 0.850856 0.772110
vt 0.845973 0.772110
vt 0.374476 0.785481
vt 0.374476 0.870037
vt 0.346622 0.870037
vt 0.346622 0.785481
vt 0.850856 0.744255
vt 0.420901 0.785481
vt 0.420901 0.870037
vt 0.411616 0.870037
vt 0.411616 0.785481
vt 0.850856 0.818535
vt 0.845973 0.818535
vt 0.845973 0.809250
vt 0.850856 0.809250
vt 0.402331 0.870037
vt 0.402331 0.785481
vt 0.845973 0.799965
vt 0.850856 0.799965
vt 0.393046 0.870037
vt 0.393046 0.785481
vt 0.845973 0.790680
vt 0.850856 0.790680
vt 0.383761 0.870037
vt 0.383761 0.785481
vt 0.845973 0.781395
vt 0.850856 0.781395
vt 0.696737 0.739605
vt 0.696737 0.883296
vt 0.687452 0.883296
vt 0.687452 0.739605
vt 0.706022 0.739605
vt 0.706022 0.883296
vt 0.678167 0.883296
vt 0.678167 0.739605
vt 0.752446 0.739605
vt 0.752446 0.883296
vt 0.743161 0.883296
vt 0.743161 0.739605
vt 0.733876 0.883296
vt 0.733876 0.739605
vt 0.724591 0.883296
vt 0.724591 0.739605
vt 0.715307 0.883296
vt 0.715307 0.739605
vt 0.424087 0.812812
vt 0.428125 0.811293
vt 0.435266 0.818240
vt 0.433502 0.822147
vt 0.445120 0.818141
vt 0.446671 0.822142
vt 0.455880 0.812631
vt 0.455880 0.799315
vt 0.444701 0.793887
vt 0.446466 0.789980
vt 0.434847 0.793986
vt 0.433296 0.789985
vt 0.428032 0.801225
vt 0.424087 0.799496
vt 0.465781 0.849740
vt 0.465781 0.849740
vt 0.449930 0.843174
vt 0.443305 0.831145
vt 0.442715 0.812704
vt 0.437205 0.812535
vt 0.439983 0.806063
vt 0.437252 0.799423
vt 0.433717 0.803448
vt 0.442762 0.799592
vt 0.433510 0.808642
vt 0.429789 0.866854
vt 0.445639 0.860289
vt 0.439074 0.866854
vt 0.423223 0.860289
vt 0.445639 0.851004
s 1
usemtl cabin_details
f 521/359/430 520/360/431 519/361/431 522/362/430
f 523/363/432 525/364/433 526/365/433 524/366/432
f 527/367/434 529/368/435 530/369/435 528/370/434
f 531/371/436 533/372/437 534/373/437 532/374/436
f 537/375/430 536/376/431 535/377/431 538/378/430
f 585/379/438 583/380/438 599/381/438 595/382/438
f 506/383/439 504/384/440 613/385/441 614/386/442
f 577/387/438 575/388/438 607/389/438 605/390/438
f 549/391/438 547/392/438 530/393/438 532/389/438
f 499/394/438 619/395/438 511/396/438 513/397/438
f 610/398/432 608/399/433 607/400/433 609/401/432
f 606/402/434 604/403/435 603/404/435 605/405/434
f 602/406/436 600/407/437 599/408/437 601/409/436
f 596/410/430 597/411/431 598/412/431 595/413/430
f 594/414/432 592/365/433 591/415/433 593/416/432
f 590/417/434 588/418/435 587/419/435 589/402/434
f 588/418/435 515/420/436 516/421/436 587/419/435
f 515/420/436 517/422/437 518/423/437 516/421/436
f 517/422/437 521/359/430 522/362/430 518/423/437
f 536/376/431 523/363/432 524/366/432 535/377/431
f 525/424/433 527/367/434 528/370/434 526/425/433
f 529/368/435 531/371/436 532/374/436 530/369/435
f 533/372/437 537/375/430 538/378/430 534/373/437
f 546/426/443 548/427/443 529/428/443 527/429/443
f 556/430/438 569/431/438 522/432/438 519/433/438
f 584/434/443 586/435/443 596/436/443 600/437/443
f 563/438/438 561/439/438 589/440/438 587/441/438
f 570/442/443 555/443/443 520/444/443 521/393/443
f 597/411/431 610/398/432 609/401/432 598/412/431
f 608/445/433 606/402/434 605/405/434 607/446/433
f 604/403/435 602/406/436 601/409/436 603/404/435
f 600/407/437 596/410/430 595/413/430 599/408/437
f 520/360/431 594/414/432 593/416/432 519/361/431
f 592/425/433 590/417/434 589/402/434 591/445/433
f 576/447/443 578/448/443 606/449/443 608/450/443
f 562/451/443 564/452/443 588/440/443 590/441/443
f 548/427/443 550/453/443 531/433/443 529/428/443
f 572/431/438 585/379/438 595/382/438 598/454/438
f 541/455/438 540/456/438 535/450/438 524/457/438
f 579/439/438 577/387/438 605/390/438 603/458/438
f 565/459/438 563/438/438 587/441/438 516/381/438
f 551/460/438 549/391/438 532/389/438 534/461/438
f 586/435/443 571/462/443 597/382/443 596/436/443
f 539/459/443 542/463/443 523/441/443 536/381/443
f 578/448/443 580/464/443 604/461/443 606/449/443
f 564/452/443 566/465/443 515/390/443 588/440/443
f 550/453/443 552/466/443 533/432/443 531/433/443
f 543/467/438 541/455/438 524/457/438 526/468/438
f 557/388/438 556/430/438 519/433/438 593/428/438
f 542/463/443 544/469/443 525/440/443 523/441/443
f 581/438/438 579/439/438 603/458/438 601/470/438
f 567/471/438 565/459/438 516/381/438 518/468/438
f 553/472/438 551/460/438 534/461/438 538/449/438
f 555/443/443 558/473/443 594/468/443 520/444/443
f 580/464/443 582/474/443 602/389/443 604/461/443
f 566/465/443 568/475/443 517/476/443 515/390/443
f 552/466/443 554/477/443 537/468/443 533/432/443
f 559/426/438 557/388/438 593/428/438 591/429/438
f 499/478/431 540/479/431 541/480/432 501/481/432
f 539/482/431 556/483/431 557/484/432 542/485/432
f 513/486/430 553/487/430 540/479/431 499/478/431
f 554/488/430 569/489/430 556/483/431 539/482/431
f 542/485/432 557/484/432 559/490/433 544/491/433
f 501/481/432 541/480/432 543/400/433 503/492/433
f 544/493/433 559/494/433 561/495/434 546/496/434
f 503/497/433 543/498/433 545/499/434 505/500/434
f 546/496/434 561/495/434 563/501/435 548/502/435
f 505/500/434 545/499/434 547/503/435 507/504/435
f 548/502/435 563/501/435 565/505/436 550/506/436
f 507/504/435 547/503/435 549/507/436 509/508/436
f 550/506/436 565/505/436 567/509/437 552/510/437
f 509/508/436 549/507/436 551/511/437 511/512/437
f 552/510/437 567/509/437 569/489/430 554/488/430
f 511/512/437 551/511/437 553/487/430 513/486/430
f 555/513/431 572/514/431 573/515/432 558/516/432
f 570/517/430 585/518/430 572/514/431 555/513/431
f 558/516/432 573/515/432 575/519/433 560/520/433
f 560/521/433 575/522/433 577/523/434 562/524/434
f 562/524/434 577/523/434 579/525/435 564/526/435
f 564/526/435 579/525/435 581/527/436 566/528/436
f 566/528/436 581/527/436 583/529/437 568/530/437
f 568/530/437 583/529/437 585/518/430 570/517/430
f 586/531/430 514/532/444 500/533/445 571/534/431
f 571/534/431 500/533/445 502/535/446 574/536/432
f 574/536/432 502/535/446 504/384/440 576/537/433
f 576/537/433 504/384/440 506/383/439 578/538/434
f 578/538/434 506/383/439 508/539/447 580/540/435
f 580/540/435 508/539/447 510/541/448 582/542/436
f 582/542/436 510/541/448 512/543/449 584/544/437
f 584/544/437 512/543/449 514/532/444 586/531/430
f 560/545/443 562/451/443 590/441/443 592/381/443
f 574/546/443 576/447/443 608/450/443 610/457/443
f 554/477/443 539/459/443 536/381/443 537/468/443
f 547/392/438 545/547/438 528/444/438 530/393/438
f 561/439/438 559/426/438 591/429/438 589/440/438
f 575/388/438 573/430/438 609/548/438 607/389/438
f 568/475/443 570/442/443 521/393/443 517/476/443
f 582/474/443 584/434/443 600/437/443 602/389/443
f 571/462/443 574/546/443 610/457/443 597/382/443
f 540/456/438 553/472/438 538/449/438 535/450/438
f 569/431/438 567/471/438 518/468/438 522/432/438
f 583/380/438 581/438/438 601/470/438 599/381/438
f 544/469/443 546/426/443 527/429/443 525/440/443
f 558/473/443 560/545/443 592/381/443 594/468/443
f 573/430/438 572/431/438 598/454/438 609/548/438
f 545/547/438 543/467/438 526/468/438 528/444/438
f 611/549/450 612/550/451 620/551/443 613/385/441
f 512/543/449 510/541/448 616/552/452 617/553/453
f 508/539/447 506/383/439 614/386/442 615/554/454
f 514/532/444 512/543/449 617/553/453 618/555/455
f 504/384/440 502/535/446 611/549/450 613/385/441
f 510/541/448 508/539/447 615/554/454 616/552/452
f 500/533/445 514/532/444 618/555/455 612/550/451
f 502/535/446 500/533/445 612/550/451 611/549/450
f 507/556/438 619/395/438 503/557/438 505/558/438
f 511/396/438 619/395/438 507/556/438 509/559/438
f 503/557/438 619/395/438 499/394/438 501/560/438
f 613/385/441 620/551/443 615/554/454 614/386/442
f 620/551/443 612/550/451 618/555/455 617/553/453
f 615/554/454 620/551/443 617/553/453 616/552/452
f 643/359/432 644/362/432 641/361/431 642/360/431
f 645/363/430 646/366/430 648/365/437 647/364/437
f 649/367/436 650/370/436 652/369/435 651/368/435
f 653/371/434 654/374/434 656/373/433 655/372/433
f 659/375/432 660/378/432 657/377/431 658/376/431
f 707/379/438 717/382/438 721/381/438 705/380/438
f 628/383/448 736/386/452 735/385/453 626/384/449
f 699/387/438 727/390/438 729/389/438 697/388/438
f 671/391/438 654/389/438 652/393/438 669/392/438
f 621/394/438 635/397/438 633/396/438 741/395/438
f 732/398/430 731/401/430 729/400/437 730/399/437
f 728/402/436 727/405/436 725/404/435 726/403/435
f 724/406/434 723/409/434 721/408/433 722/407/433
f 718/410/432 717/413/432 720/412/431 719/411/431
f 716/414/430 715/416/430 713/415/437 714/365/437
f 712/417/436 711/402/436 709/419/435 710/418/435
f 710/418/435 709/419/435 638/421/434 637/420/434
f 637/420/434 638/421/434 640/423/433 639/422/433
f 639/422/433 640/423/433 644/362/432 643/359/432
f 658/376/431 657/377/431 646/366/430 645/363/430
f 647/424/437 648/425/437 650/370/436 649/367/436
f 651/368/435 652/369/435 654/374/434 653/371/434
f 655/372/433 656/373/433 660/378/432 659/375/432
f 668/426/443 649/429/443 651/428/443 670/427/443
f 678/430/438 641/433/438 644/432/438 691/431/438
f 706/434/443 722/437/443 718/436/443 708/435/443
f 685/438/438 709/441/438 711/440/438 683/439/438
f 692/442/443 643/393/443 642/444/443 677/443/443
f 719/411/431 720/412/431 731/401/430 732/398/430
f 730/445/437 729/446/437 727/405/436 728/402/436
f 726/403/435 725/404/435 723/409/434 724/406/434
f 722/407/433 721/408/433 717/413/432 718/410/432
f 642/360/431 641/361/431 715/416/430 716/414/430
f 714/425/437 713/445/437 711/402/436 712/417/436
f 698/447/443 730/450/443 728/449/443 700/448/443
f 684/451/443 712/441/443 710/440/443 686/452/443
f 670/427/443 651/428/443 653/433/443 672/453/443
f 694/431/438 720/454/438 717/382/438 707/379/438
f 663/455/438 646/457/438 657/450/438 662/456/438
f 701/439/438 725/458/438 727/390/438 699/387/438
f 687/459/438 638/381/438 709/441/438 685/438/438
f 673/460/438 656/461/438 654/389/438 671/391/438
f 708/435/443 718/436/443 719/382/443 693/462/443
f 661/459/443 658/381/443 645/441/443 664/463/443
f 700/448/443 728/449/443 726/461/443 702/464/443
f 686/452/443 710/440/443 637/390/443 688/465/443
f 672/453/443 653/433/443 655/432/443 674/466/443
f 665/467/438 648/468/438 646/457/438 663/455/438
f 679/388/438 715/428/438 641/433/438 678/430/438
f 664/463/443 645/441/443 647/440/443 666/469/443
f 703/438/438 723/470/438 725/458/438 701/439/438
f 689/471/438 640/468/438 638/381/438 687/459/438
f 675/472/438 660/449/438 656/461/438 673/460/438
f 677/443/443 642/444/443 716/468/443 680/473/443
f 702/464/443 726/461/443 724/389/443 704/474/443
f 688/465/443 637/390/443 639/476/443 690/475/443
f 674/466/443 655/432/443 659/468/443 676/477/443
f 681/426/438 713/429/438 715/428/438 679/388/438
f 621/478/431 623/481/430 663/480/430 662/479/431
f 661/482/431 664/485/430 679/484/430 678/483/431
f 635/486/432 621/478/431 662/479/431 675/487/432
f 676/488/432 661/482/431 678/483/431 691/489/432
f 664/485/430 666/491/437 681/490/437 679/484/430
f 623/481/430 625/492/437 665/400/437 663/480/430
f 666/493/437 668/496/436 683/495/436 681/494/437
f 625/497/437 627/500/436 667/499/436 665/498/437
f 668/496/436 670/502/435 685/501/435 683/495/436
f 627/500/436 629/504/435 669/503/435 667/499/436
f 670/502/435 672/506/434 687/505/434 685/501/435
f 629/504/435 631/508/434 671/507/434 669/503/435
f 672/506/434 674/510/433 689/509/433 687/505/434
f 631/508/434 633/512/433 673/511/433 671/507/434
f 674/510/433 676/488/432 691/489/432 689/509/433
f 633/512/433 635/486/432 675/487/432 673/511/433
f 677/513/431 680/516/430 695/515/430 694/514/431
f 692/517/432 677/513/431 694/514/431 707/518/432
f 680/516/430 682/520/437 697/519/437 695/515/430
f 682/521/437 684/524/436 699/523/436 697/522/437
f 684/524/436 686/526/435 701/525/435 699/523/436
f 686/526/435 688/528/434 703/527/434 701/525/435
f 688/528/434 690/530/433 705/529/433 703/527/434
f 690/530/433 692/517/432 707/518/432 705/529/433
f 708/531/432 693/534/431 622/533/445 636/532/446
f 693/534/431 696/536/430 624/535/444 622/533/445
f 696/536/430 698/537/437 626/384/449 624/535/444
f 698/537/437 700/538/436 628/383/448 626/384/449
f 700/538/436 702/540/435 630/539/447 628/383/448
f 702/540/435 704/542/434 632/541/439 630/539/447
f 704/542/434 706/544/433 634/543/440 632/541/439
f 706/544/433 708/531/432 636/532/446 634/543/440
f 682/545/443 714/381/443 712/441/443 684/451/443
f 696/546/443 732/457/443 730/450/443 698/447/443
f 676/477/443 659/468/443 658/381/443 661/459/443
f 669/392/438 652/393/438 650/444/438 667/547/438
f 683/439/438 711/440/438 713/429/438 681/426/438
f 697/388/438 729/389/438 731/548/438 695/430/438
f 690/475/443 639/476/443 643/393/443 692/442/443
f 704/474/443 724/389/443 722/437/443 706/434/443
f 693/462/443 719/382/443 732/457/443 696/546/443
f 662/456/438 657/450/438 660/449/438 675/472/438
f 691/431/438 644/432/438 640/468/438 689/471/438
f 705/380/438 721/381/438 723/470/438 703/438/438
f 666/469/443 647/440/443 649/429/443 668/426/443
f 680/473/443 716/468/443 714/381/443 682/545/443
f 695/430/438 731/548/438 720/454/438 694/431/438
f 667/547/438 650/444/438 648/468/438 665/467/438
f 733/549/455 735/385/453 742/551/443 734/550/451
f 634/543/440 739/553/441 738/552/442 632/541/439
f 630/539/447 737/554/454 736/386/452 628/383/448
f 636/532/446 740/555/450 739/553/441 634/543/440
f 626/384/449 735/385/453 733/549/455 624/535/444
f 632/541/439 738/552/442 737/554/454 630/539/447
f 622/533/445 734/550/451 740/555/450 636/532/446
f 624/535/444 733/549/455 734/550/451 622/533/445
f 629/556/438 627/558/438 625/557/438 741/395/438
f 633/396/438 631/559/438 629/556/438 741/395/438
f 625/557/438 623/560/438 621/394/438 741/395/438
f 735/385/453 736/386/452 737/554/454 742/551/443
f 742/551/443 739/553/441 740/555/450 734/550/451
f 737/554/454 738/552/442 739/553/441 742/551/443
o Cube.014
v -0.078721 2.005478 1.856020
v -0.078721 2.191768 1.859253
v -0.080411 2.006375 1.742915
v -0.080411 2.200263 1.733649
v -0.115230 2.005478 1.856020
v -0.115230 2.191768 1.859253
v -0.113540 2.006375 1.742915
v -0.113540 2.200263 1.733649
v 0.078721 2.005478 1.856020
v 0.078721 2.191768 1.859253
v 0.080412 2.006375 1.742915
v 0.080412 2.200263 1.733649
v 0.115230 2.005478 1.856020
v 0.115230 2.191768 1.859253
v 0.113540 2.006375 1.742915
v 0.113540 2.200263 1.733649
vn -0.0000 -0.0477 -0.9989
vn -0.9999 -0.0002 -0.0142
vn -0.0000 -0.0174 0.9998
vn -0.0000 -1.0000 -0.0079
vn -0.0000 0.9977 0.0675
vn 0.9999 -0.0002 -0.0142
vt 0.333343 0.856310
vt 0.332808 0.848106
vt 0.284735 0.851240
vt 0.285270 0.859444
vt 0.332543 0.820032
vt 0.286303 0.820032
vt 0.332543 0.810972
vt 0.286303 0.810972
vt 0.341030 0.848151
vt 0.341604 0.820082
vt 0.277248 0.819699
vt 0.276519 0.850937
s 0
usemtl cabin_details
f 745/561/456 749/562/456 750/563/456 746/564/456
f 749/562/457 747/565/457 748/566/457 750/563/457
f 747/565/458 743/567/458 744/568/458 748/566/458
f 745/569/459 743/570/459 747/565/459 749/562/459
f 750/563/460 748/566/460 744/571/460 746/572/460
f 753/561/456 754/564/456 758/563/456 757/562/456
f 757/562/461 758/563/461 756/566/461 755/565/461
f 755/565/458 756/566/458 752/568/458 751/567/458
f 753/569/459 757/562/459 755/565/459 751/570/459
f 758/563/460 754/572/460 752/571/460 756/566/460
o Cylinder.008
v -0.089991 2.520770 1.763124
v -0.089991 2.514856 1.802113
v -0.102105 2.515809 1.762372
v -0.102105 2.509894 1.801360
v -0.122600 2.525240 1.803688
v -0.122600 2.531155 1.764699
v -0.105621 2.524202 1.763645
v -0.105621 2.518287 1.802633
v -0.098589 2.507416 1.761098
v -0.098589 2.501501 1.800087
v -0.105621 2.490629 1.758552
v -0.105621 2.484715 1.797540
v -0.122600 2.483676 1.757497
v -0.122600 2.477762 1.796486
v -0.139578 2.490629 1.758552
v -0.139578 2.484715 1.797540
v -0.146610 2.507416 1.761098
v -0.146610 2.501501 1.800087
v -0.139578 2.524202 1.763645
v -0.139578 2.518287 1.802633
v -0.149615 2.534124 1.765150
v -0.149615 2.528210 1.804138
v -0.122600 2.539273 1.805817
v -0.122600 2.545188 1.766828
v -0.160804 2.507416 1.761098
v -0.160804 2.501501 1.800087
v -0.149615 2.480706 1.757047
v -0.149615 2.474792 1.796035
v -0.122600 2.469643 1.755368
v -0.122600 2.463729 1.794357
v -0.095586 2.480706 1.757047
v -0.095586 2.474792 1.796035
v -0.052361 2.507416 1.761098
v -0.052361 2.501501 1.800087
v -0.095586 2.534124 1.765150
v -0.095586 2.528210 1.804138
v -0.089991 2.494061 1.759072
v -0.089991 2.488147 1.798061
v -0.102105 2.499022 1.759825
v -0.102105 2.493108 1.798814
v 0.089991 2.520770 1.763124
v 0.089991 2.514856 1.802113
v 0.102105 2.515809 1.762372
v 0.102105 2.509894 1.801360
v 0.122600 2.525240 1.803688
v 0.122600 2.531155 1.764699
v 0.105621 2.524202 1.763645
v 0.105621 2.518287 1.802633
v 0.098589 2.507416 1.761098
v 0.098589 2.501501 1.800087
v 0.105621 2.490629 1.758552
v 0.105621 2.484715 1.797540
v 0.122600 2.483676 1.757497
v 0.122600 2.477762 1.796486
v 0.139578 2.490629 1.758552
v 0.139578 2.484715 1.797540
v 0.146610 2.507416 1.761098
v 0.146610 2.501501 1.800087
v 0.139578 2.524202 1.763645
v 0.139578 2.518287 1.802633
v 0.149615 2.534125 1.765150
v 0.149615 2.528210 1.804138
v 0.122600 2.539273 1.805817
v 0.122600 2.545188 1.766828
v 0.160804 2.507416 1.761098
v 0.160804 2.501501 1.800087
v 0.149615 2.480707 1.757047
v 0.149615 2.474792 1.796035
v 0.122600 2.469643 1.755368
v 0.122600 2.463729 1.794357
v 0.095586 2.480707 1.757047
v 0.095586 2.474792 1.796035
v 0.052361 2.507416 1.761098
v 0.052361 2.501501 1.800087
v 0.095586 2.534125 1.765150
v 0.095586 2.528210 1.804138
v 0.089991 2.494061 1.759072
v 0.089991 2.488147 1.798061
v 0.102105 2.499022 1.759825
v 0.102105 2.493108 1.798814
vn -0.0000 0.1500 -0.9887
vn 0.6899 0.7157 0.1086
vn 1.0000 -0.0000 -0.0000
vn 0.7071 -0.6991 -0.1061
vn -0.0000 -0.9887 -0.1500
vn -0.7071 -0.6991 -0.1061
vn -1.0000 -0.0000 -0.0000
vn -0.7071 0.6991 0.1061
vn -0.0000 0.9887 0.1500
vn -0.0000 -0.1500 0.9887
vn 0.7071 0.6991 0.1061
vn 0.6899 -0.7157 -0.1086
vn -0.9239 0.3784 0.0574
vn -0.9239 -0.3784 -0.0574
vn -0.6899 0.7157 0.1086
vn -0.6899 -0.7157 -0.1086
vn 0.9239 0.3784 0.0574
vn 0.9239 -0.3784 -0.0574
vt 0.633309 0.876023
vt 0.629597 0.867061
vt 0.622106 0.867061
vt 0.628011 0.881320
vt 0.653088 0.862581
vt 0.654944 0.867061
vt 0.670760 0.867061
vt 0.659482 0.859932
vt 0.648658 0.747663
vt 0.648658 0.741369
vt 0.673900 0.741369
vt 0.673900 0.747663
vt 0.648658 0.829483
vt 0.648658 0.816896
vt 0.673900 0.816896
vt 0.673900 0.829483
vt 0.648658 0.804308
vt 0.648658 0.791720
vt 0.673900 0.791720
vt 0.673900 0.804308
vt 0.648658 0.779132
vt 0.648658 0.766545
vt 0.673900 0.766544
vt 0.673900 0.779132
vt 0.648658 0.753956
vt 0.673900 0.753956
vt 0.648658 0.835777
vt 0.673900 0.835777
vt 0.651232 0.858100
vt 0.656529 0.852803
vt 0.642271 0.879735
vt 0.642270 0.887226
vt 0.642271 0.854388
vt 0.642270 0.846897
vt 0.633309 0.858100
vt 0.628011 0.852803
vt 0.653088 0.871542
vt 0.659482 0.874191
vt 0.651232 0.876023
vt 0.656529 0.881320
vt 0.648658 0.842071
vt 0.673900 0.842071
vt 0.593990 0.815773
vt 0.593990 0.827706
vt 0.568385 0.827706
vt 0.568385 0.815773
vt 0.568385 0.803841
vt 0.593990 0.803841
vt 0.568385 0.791909
vt 0.593990 0.791909
vt 0.568385 0.779977
vt 0.593990 0.779977
vt 0.568385 0.768045
vt 0.593990 0.768045
vt 0.568385 0.756113
vt 0.593990 0.756113
vt 0.568385 0.750147
vt 0.593990 0.750147
vt 0.568385 0.744180
vt 0.593990 0.744180
vt 0.593990 0.839638
vt 0.568385 0.839638
vt 0.568385 0.833672
vt 0.593990 0.833672
s 1
usemtl cabin_details
f 777/573/462 775/574/462 783/575/462 779/576/462
f 797/577/462 767/578/462 791/579/462 795/580/462
f 760/581/463 792/582/464 791/583/464 759/584/463
f 790/585/465 788/586/466 787/587/466 789/588/465
f 786/589/467 784/590/468 783/591/468 785/592/467
f 780/593/469 781/594/470 782/595/470 779/596/469
f 776/574/471 778/573/471 780/576/471 784/575/471
f 781/594/470 794/597/472 793/598/472 782/595/470
f 796/599/473 790/585/465 789/588/465 795/600/473
f 788/586/466 786/589/467 785/592/467 787/587/466
f 784/590/468 780/593/469 779/596/469 783/591/468
f 798/577/471 770/601/471 790/602/471 796/580/471
f 764/603/462 777/573/462 779/576/462 782/604/462
f 771/605/462 769/601/462 789/602/462 787/606/462
f 778/573/471 763/603/471 781/604/471 780/576/471
f 770/601/471 772/605/471 788/606/471 790/602/471
f 773/607/462 771/605/462 787/606/462 785/608/462
f 772/605/471 774/607/471 786/608/471 788/606/471
f 762/609/471 768/578/471 792/579/471 760/610/471
f 761/609/462 765/611/462 793/612/462 759/610/462
f 774/607/471 776/574/471 784/575/471 786/608/471
f 763/603/471 766/611/471 794/612/471 781/604/471
f 775/574/462 773/607/462 785/608/462 783/575/462
f 767/578/462 761/609/462 759/610/462 791/579/462
f 765/611/462 764/603/462 782/604/462 793/612/462
f 769/601/462 797/577/462 795/580/462 789/602/462
f 792/613/464 796/599/473 795/600/473 791/614/464
f 768/578/471 798/577/471 796/580/471 792/579/471
f 794/597/472 760/581/463 759/584/463 793/598/472
f 766/611/471 762/609/471 760/610/471 794/612/471
f 764/615/466 765/616/467 766/617/467 763/618/466
f 778/619/465 777/620/465 764/615/466 763/618/466
f 776/621/464 775/622/464 777/620/465 778/619/465
f 774/623/472 773/624/472 775/622/464 776/621/464
f 772/625/470 771/626/470 773/624/472 774/623/472
f 770/627/469 769/628/469 771/626/470 772/625/470
f 798/629/474 797/630/474 769/628/469 770/627/469
f 797/630/474 798/629/474 768/631/468 767/632/468
f 767/633/468 768/634/468 762/635/475 761/636/475
f 761/636/475 762/635/475 766/617/467 765/616/467
f 817/573/462 819/576/462 823/575/462 815/574/462
f 837/577/462 835/580/462 831/579/462 807/578/462
f 800/581/476 799/584/476 831/583/468 832/582/468
f 830/585/467 829/588/467 827/587/466 828/586/466
f 826/589/465 825/592/465 823/591/464 824/590/464
f 820/593/472 819/596/472 822/595/470 821/594/470
f 816/574/471 824/575/471 820/576/471 818/573/471
f 821/594/470 822/595/470 833/598/469 834/597/469
f 836/599/477 835/600/477 829/588/467 830/585/467
f 828/586/466 827/587/466 825/592/465 826/589/465
f 824/590/464 823/591/464 819/596/472 820/593/472
f 838/577/471 836/580/471 830/602/471 810/601/471
f 804/603/462 822/604/462 819/576/462 817/573/462
f 811/605/462 827/606/462 829/602/462 809/601/462
f 818/573/471 820/576/471 821/604/471 803/603/471
f 810/601/471 830/602/471 828/606/471 812/605/471
f 813/607/462 825/608/462 827/606/462 811/605/462
f 812/605/471 828/606/471 826/608/471 814/607/471
f 802/609/471 800/610/471 832/579/471 808/578/471
f 801/609/462 799/610/462 833/612/462 805/611/462
f 814/607/471 826/608/471 824/575/471 816/574/471
f 803/603/471 821/604/471 834/612/471 806/611/471
f 815/574/462 823/575/462 825/608/462 813/607/462
f 807/578/462 831/579/462 799/610/462 801/609/462
f 805/611/462 833/612/462 822/604/462 804/603/462
f 809/601/462 829/602/462 835/580/462 837/577/462
f 832/613/468 831/614/468 835/600/477 836/599/477
f 808/578/471 832/579/471 836/580/471 838/577/471
f 834/597/469 833/598/469 799/584/476 800/581/476
f 806/611/471 834/612/471 800/610/471 802/609/471
f 804/615/466 803/618/466 806/617/465 805/616/465
f 818/619/467 803/618/466 804/615/466 817/620/467
f 816/621/468 818/619/467 817/620/467 815/622/468
f 814/623/469 816/621/468 815/622/468 813/624/469
f 812/625/470 814/623/469 813/624/469 811/626/470
f 810/627/472 812/625/470 811/626/470 809/628/472
f 838/629/478 810/627/472 809/628/472 837/630/478
f 837/630/478 807/632/464 808/631/464 838/629/478
f 807/633/464 801/636/479 802/635/479 808/634/464
f 801/636/479 805/616/465 806/617/465 802/635/479
o Torus
v -0.155709 2.342749 1.553935
v -0.148118 2.344744 1.553935
v -0.146050 2.352316 1.553935
v -0.151574 2.357893 1.553935
v -0.159165 2.355897 1.553935
v -0.161233 2.348325 1.553935
v -0.151916 2.356639 1.519174
v -0.144628 2.357525 1.521949
v -0.143166 2.362879 1.527499
v -0.148992 2.367347 1.530274
v -0.156280 2.366461 1.527499
v -0.157743 2.361107 1.521949
v -0.142759 2.390172 1.504775
v -0.136201 2.388381 1.508700
v -0.136201 2.388381 1.516549
v -0.142759 2.390172 1.520473
v -0.149316 2.391963 1.516549
v -0.149316 2.391963 1.508700
v -0.133602 2.423706 1.519174
v -0.127775 2.419238 1.521949
v -0.129237 2.413884 1.527499
v -0.136526 2.412997 1.530274
v -0.142352 2.417465 1.527499
v -0.140890 2.422819 1.521949
v -0.129808 2.437596 1.553935
v -0.124285 2.432019 1.553935
v -0.126353 2.424447 1.553935
v -0.133944 2.422452 1.553935
v -0.139467 2.428029 1.553935
v -0.137400 2.435600 1.553935
v -0.133602 2.423706 1.588696
v -0.127775 2.419238 1.585921
v -0.129237 2.413884 1.580371
v -0.136526 2.412997 1.577596
v -0.142352 2.417465 1.580371
v -0.140890 2.422819 1.585921
v -0.142759 2.390172 1.603095
v -0.136201 2.388381 1.599170
v -0.136201 2.388381 1.591321
v -0.142759 2.390172 1.587397
v -0.149316 2.391963 1.591321
v -0.149316 2.391963 1.599170
v -0.151916 2.356639 1.588696
v -0.144628 2.357525 1.585921
v -0.143166 2.362879 1.580371
v -0.148992 2.367347 1.577596
v -0.156280 2.366461 1.580371
v -0.157742 2.361107 1.585921
v 0.155709 2.342748 1.553935
v 0.148118 2.344744 1.553935
v 0.146050 2.352315 1.553935
v 0.151574 2.357892 1.553935
v 0.159165 2.355897 1.553935
v 0.161233 2.348325 1.553935
v 0.151916 2.356638 1.519174
v 0.144628 2.357525 1.521949
v 0.143166 2.362879 1.527499
v 0.148992 2.367347 1.530274
v 0.156280 2.366460 1.527499
v 0.157742 2.361106 1.521949
v 0.142759 2.390172 1.504775
v 0.136201 2.388381 1.508700
v 0.136201 2.388381 1.516549
v 0.142759 2.390172 1.520473
v 0.149316 2.391963 1.516549
v 0.149316 2.391963 1.508700
v 0.133601 2.423705 1.519174
v 0.127775 2.419238 1.521949
v 0.129237 2.413883 1.527499
v 0.136526 2.412997 1.530274
v 0.142352 2.417465 1.527499
v 0.140890 2.422819 1.521949
v 0.129808 2.437595 1.553935
v 0.124285 2.432019 1.553935
v 0.126353 2.424447 1.553935
v 0.133944 2.422452 1.553935
v 0.139467 2.428028 1.553935
v 0.137400 2.435600 1.553935
v 0.133601 2.423705 1.588696
v 0.127775 2.419238 1.585921
v 0.129237 2.413883 1.580371
v 0.136526 2.412997 1.577596
v 0.142352 2.417465 1.580371
v 0.140890 2.422819 1.585921
v 0.142759 2.390172 1.603095
v 0.136201 2.388381 1.599170
v 0.136201 2.388381 1.591321
v 0.142759 2.390172 1.587397
v 0.149316 2.391963 1.591321
v 0.149316 2.391963 1.599170
v 0.151916 2.356638 1.588696
v 0.144628 2.357525 1.585921
v 0.143166 2.362879 1.580371
v 0.148992 2.367347 1.577596
v 0.156280 2.366460 1.580371
v 0.157742 2.361106 1.585921
vn -0.2634 -0.9647 -0.0000
vn 0.6311 -0.7757 -0.0000
vn 0.9903 0.1392 -0.0000
vn 0.2634 0.9647 -0.0000
vn -0.7821 0.6232 -0.0000
vn -0.9377 -0.3473 -0.0000
vn -0.1863 -0.6821 -0.7071
vn 0.6760 -0.6113 -0.4116
vn 0.9598 0.0275 0.2794
vn 0.1863 0.6821 0.7071
vn -0.8126 0.5115 0.2794
vn -0.8928 -0.1829 -0.4116
vn -0.0000 -0.0000 -1.0000
vn 0.7844 -0.2142 -0.5821
vn 0.8862 -0.2420 0.3951
vn -0.0000 -0.0000 1.0000
vn -0.8862 0.2420 0.3951
vn -0.7844 0.2142 -0.5821
vn 0.1863 0.6821 -0.7071
vn 0.8928 0.1829 -0.4116
vn 0.8126 -0.5115 0.2794
vn -0.1863 -0.6821 0.7071
vn -0.9598 -0.0275 0.2794
vn -0.6760 0.6113 -0.4116
vn 0.9377 0.3473 -0.0000
vn 0.7821 -0.6232 -0.0000
vn -0.9903 -0.1392 -0.0000
vn -0.6311 0.7757 -0.0000
vn 0.8928 0.1829 0.4116
vn 0.8126 -0.5115 -0.2794
vn -0.9598 -0.0275 -0.2794
vn -0.6760 0.6113 0.4116
vn 0.7844 -0.2142 0.5821
vn 0.8862 -0.2420 -0.3951
vn -0.8862 0.2420 -0.3951
vn -0.7844 0.2142 0.5821
vn 0.6760 -0.6113 0.4116
vn 0.9598 0.0275 -0.2794
vn -0.8126 0.5115 -0.2794
vn -0.8928 -0.1829 0.4116
vn 0.2634 -0.9647 -0.0000
vn -0.6311 -0.7757 -0.0000
vn -0.9903 0.1392 -0.0000
vn -0.2634 0.9647 -0.0000
vn 0.7821 0.6232 -0.0000
vn 0.9377 -0.3473 -0.0000
vn 0.1863 -0.6821 -0.7071
vn -0.6760 -0.6113 -0.4116
vn -0.9598 0.0275 0.2794
vn -0.1863 0.6821 0.7071
vn 0.8126 0.5115 0.2794
vn 0.8928 -0.1829 -0.4116
vn -0.7844 -0.2142 -0.5821
vn -0.8862 -0.2420 0.3951
vn 0.8862 0.2420 0.3951
vn 0.7844 0.2142 -0.5821
vn -0.1863 0.6821 -0.7071
vn -0.8928 0.1829 -0.4116
vn -0.8126 -0.5115 0.2794
vn 0.1863 -0.6821 0.7071
vn 0.9598 -0.0275 0.2794
vn 0.6760 0.6113 -0.4116
vn -0.9377 0.3473 -0.0000
vn -0.7821 -0.6232 -0.0000
vn 0.9903 -0.1392 -0.0000
vn 0.6311 0.7757 -0.0000
vn -0.8928 0.1829 0.4116
vn -0.8126 -0.5115 -0.2794
vn 0.9598 -0.0275 -0.2794
vn 0.6760 0.6113 0.4116
vn -0.7844 -0.2142 0.5821
vn -0.8862 -0.2420 -0.3951
vn 0.8862 0.2420 -0.3951
vn 0.7844 0.2142 0.5821
vn -0.6760 -0.6113 0.4116
vn -0.9598 0.0275 -0.2794
vn 0.8126 0.5115 -0.2794
vn 0.8928 -0.1829 0.4116
vt 0.552428 0.829665
vt 0.552401 0.819272
vt 0.554766 0.819249
vt 0.554907 0.829632
vt 0.557269 0.819339
vt 0.557335 0.829716
vt 0.560206 0.819320
vt 0.560217 0.829708
vt 0.544738 0.829763
vt 0.544417 0.819328
vt 0.547390 0.819268
vt 0.547620 0.829682
vt 0.549929 0.819333
vt 0.550053 0.829734
vt 0.552317 0.808741
vt 0.554807 0.808755
vt 0.557237 0.808861
vt 0.560117 0.808857
vt 0.544234 0.808663
vt 0.547131 0.808704
vt 0.549811 0.808725
vt 0.552451 0.798281
vt 0.554852 0.798330
vt 0.557198 0.798490
vt 0.560116 0.798697
vt 0.544771 0.798312
vt 0.547707 0.798301
vt 0.550082 0.798258
vt 0.552887 0.785460
vt 0.555992 0.786315
vt 0.558793 0.787870
vt 0.561648 0.788905
vt 0.543819 0.788302
vt 0.546649 0.787468
vt 0.549574 0.786057
vt 0.552108 0.871842
vt 0.552459 0.859749
vt 0.554762 0.859746
vt 0.555247 0.871277
vt 0.556970 0.859701
vt 0.558016 0.869929
vt 0.559734 0.859634
vt 0.560697 0.869123
vt 0.543819 0.868560
vt 0.545309 0.859291
vt 0.548060 0.859547
vt 0.546520 0.869551
vt 0.550238 0.859702
vt 0.549167 0.871029
vt 0.552706 0.849903
vt 0.554926 0.849924
vt 0.557495 0.849956
vt 0.560255 0.850008
vt 0.545328 0.849848
vt 0.548053 0.849830
vt 0.550396 0.849925
vt 0.552613 0.839847
vt 0.554970 0.839846
vt 0.557386 0.839926
vt 0.560241 0.839977
vt 0.545044 0.839987
vt 0.547866 0.839853
vt 0.550263 0.839911
s 1
usemtl cabin_details
f 839/637/480 845/638/486 846/639/487 840/640/481
f 840/640/481 846/639/487 847/641/488 841/642/482
f 841/642/482 847/641/488 848/643/489 842/644/483
f 842/645/483 848/646/489 849/647/490 843/648/484
f 843/648/484 849/647/490 850/649/491 844/650/485
f 844/650/485 850/649/491 845/638/486 839/637/480
f 845/638/486 851/651/492 852/652/493 846/639/487
f 846/639/487 852/652/493 853/653/494 847/641/488
f 847/641/488 853/653/494 854/654/495 848/643/489
f 848/646/489 854/655/495 855/656/496 849/647/490
f 849/647/490 855/656/496 856/657/497 850/649/491
f 850/649/491 856/657/497 851/651/492 845/638/486
f 851/651/492 857/658/498 858/659/499 852/652/493
f 852/652/493 858/659/499 859/660/500 853/653/494
f 853/653/494 859/660/500 860/661/501 854/654/495
f 854/655/495 860/662/501 861/663/502 855/656/496
f 855/656/496 861/663/502 862/664/503 856/657/497
f 856/657/497 862/664/503 857/658/498 851/651/492
f 857/658/498 863/665/483 864/666/504 858/659/499
f 858/659/499 864/666/504 865/667/505 859/660/500
f 859/660/500 865/667/505 866/668/480 860/661/501
f 860/662/501 866/669/480 867/670/506 861/663/502
f 861/663/502 867/670/506 868/671/507 862/664/503
f 862/664/503 868/671/507 863/665/483 857/658/498
f 863/672/483 869/673/489 870/674/508 864/675/504
f 864/675/504 870/674/508 871/676/509 865/677/505
f 865/677/505 871/676/509 872/678/486 866/679/480
f 866/680/480 872/681/486 873/682/510 867/683/506
f 867/683/506 873/682/510 874/684/511 868/685/507
f 868/685/507 874/684/511 869/673/489 863/672/483
f 869/673/489 875/686/495 876/687/512 870/674/508
f 870/674/508 876/687/512 877/688/513 871/676/509
f 871/676/509 877/688/513 878/689/492 872/678/486
f 872/681/486 878/690/492 879/691/514 873/682/510
f 873/682/510 879/691/514 880/692/515 874/684/511
f 874/684/511 880/692/515 875/686/495 869/673/489
f 875/686/495 881/693/501 882/694/516 876/687/512
f 876/687/512 882/694/516 883/695/517 877/688/513
f 877/688/513 883/695/517 884/696/498 878/689/492
f 878/690/492 884/697/498 885/698/518 879/691/514
f 879/691/514 885/698/518 886/699/519 880/692/515
f 880/692/515 886/699/519 881/693/501 875/686/495
f 881/693/501 839/637/480 840/640/481 882/694/516
f 882/694/516 840/640/481 841/642/482 883/695/517
f 883/695/517 841/642/482 842/644/483 884/696/498
f 884/697/498 842/645/483 843/648/484 885/698/518
f 885/698/518 843/648/484 844/650/485 886/699/519
f 886/699/519 844/650/485 839/637/480 881/693/501
f 887/637/520 888/640/521 894/639/527 893/638/526
f 888/640/521 889/642/522 895/641/528 894/639/527
f 889/642/522 890/644/523 896/643/529 895/641/528
f 890/645/523 891/648/524 897/647/530 896/646/529
f 891/648/524 892/650/525 898/649/531 897/647/530
f 892/650/525 887/637/520 893/638/526 898/649/531
f 893/638/526 894/639/527 900/652/532 899/651/492
f 894/639/527 895/641/528 901/653/533 900/652/532
f 895/641/528 896/643/529 902/654/495 901/653/533
f 896/646/529 897/647/530 903/656/534 902/655/495
f 897/647/530 898/649/531 904/657/535 903/656/534
f 898/649/531 893/638/526 899/651/492 904/657/535
f 899/651/492 900/652/532 906/659/537 905/658/536
f 900/652/532 901/653/533 907/660/538 906/659/537
f 901/653/533 902/654/495 908/661/539 907/660/538
f 902/655/495 903/656/534 909/663/540 908/662/539
f 903/656/534 904/657/535 910/664/541 909/663/540
f 904/657/535 899/651/492 905/658/536 910/664/541
f 905/658/536 906/659/537 912/666/542 911/665/523
f 906/659/537 907/660/538 913/667/543 912/666/542
f 907/660/538 908/661/539 914/668/520 913/667/543
f 908/662/539 909/663/540 915/670/544 914/669/520
f 909/663/540 910/664/541 916/671/545 915/670/544
f 910/664/541 905/658/536 911/665/523 916/671/545
f 911/672/523 912/675/542 918/674/546 917/673/529
f 912/675/542 913/677/543 919/676/547 918/674/546
f 913/677/543 914/679/520 920/678/526 919/676/547
f 914/680/520 915/683/544 921/682/548 920/681/526
f 915/683/544 916/685/545 922/684/549 921/682/548
f 916/685/545 911/672/523 917/673/529 922/684/549
f 917/673/529 918/674/546 924/687/550 923/686/495
f 918/674/546 919/676/547 925/688/551 924/687/550
f 919/676/547 920/678/526 926/689/492 925/688/551
f 920/681/526 921/682/548 927/691/552 926/690/492
f 921/682/548 922/684/549 928/692/553 927/691/552
f 922/684/549 917/673/529 923/686/495 928/692/553
f 923/686/495 924/687/550 930/694/554 929/693/539
f 924/687/550 925/688/551 931/695/555 930/694/554
f 925/688/551 926/689/492 932/696/536 931/695/555
f 926/690/492 927/691/552 933/698/556 932/697/536
f 927/691/552 928/692/553 934/699/557 933/698/556
f 928/692/553 923/686/495 929/693/539 934/699/557
f 929/693/539 930/694/554 888/640/521 887/637/520
f 930/694/554 931/695/555 889/642/522 888/640/521
f 931/695/555 932/696/536 890/644/523 889/642/522
f 932/697/536 933/698/556 891/648/524 890/645/523
f 933/698/556 934/699/557 892/650/525 891/648/524
f 934/699/557 929/693/539 887/637/520 892/650/525
o Cylinder.009
v -0.150744 2.415226 1.566752
v -0.150814 2.407757 1.528031
v -0.160639 2.442246 1.561558
v -0.160709 2.434777 1.522837
v -0.120735 2.470454 1.515883
v -0.120664 2.477922 1.554603
v -0.148179 2.468216 1.556526
v -0.148250 2.460747 1.517805
v -0.102479 2.423696 1.524869
v -0.102409 2.431165 1.563590
v -0.121337 2.464002 1.557290
v -0.121408 2.456533 1.518569
v -0.104782 2.448838 1.520023
v -0.104712 2.456307 1.558744
v -0.098564 2.431856 1.523288
v -0.098493 2.439325 1.562008
v -0.106394 2.415535 1.526450
v -0.106324 2.423004 1.565171
v -0.123687 2.409434 1.527658
v -0.123617 2.416903 1.566379
v -0.140312 2.417129 1.526204
v -0.140242 2.424598 1.564925
v -0.146531 2.434111 1.522940
v -0.146461 2.441580 1.561661
v -0.138701 2.450433 1.519777
v -0.138630 2.457901 1.558498
v -0.124362 2.395514 1.530345
v -0.124291 2.402983 1.569065
v -0.096846 2.405220 1.528422
v -0.096776 2.412689 1.567143
v -0.068631 2.430449 1.523504
v -0.068561 2.437918 1.562225
v -0.094282 2.458211 1.518196
v -0.094211 2.465680 1.556917
v -0.090546 2.425674 1.564627
v -0.090617 2.418205 1.525906
v -0.101673 2.440347 1.521655
v -0.101603 2.447816 1.560376
v -0.089264 2.452169 1.559514
v -0.089334 2.444700 1.520793
v 0.150744 2.415226 1.566752
v 0.150814 2.407757 1.528031
v 0.160639 2.442246 1.561558
v 0.160709 2.434777 1.522837
v 0.120735 2.470454 1.515883
v 0.120664 2.477923 1.554604
v 0.148179 2.468216 1.556526
v 0.148250 2.460747 1.517805
v 0.102479 2.423696 1.524869
v 0.102409 2.431165 1.563590
v 0.121337 2.464002 1.557290
v 0.121408 2.456533 1.518569
v 0.104782 2.448839 1.520023
v 0.104712 2.456308 1.558744
v 0.098564 2.431857 1.523288
v 0.098493 2.439326 1.562008
v 0.106394 2.415535 1.526450
v 0.106324 2.423004 1.565171
v 0.123687 2.409435 1.527658
v 0.123617 2.416903 1.566379
v 0.140312 2.417129 1.526204
v 0.140242 2.424598 1.564925
v 0.146531 2.434111 1.522940
v 0.146461 2.441580 1.561661
v 0.138701 2.450433 1.519778
v 0.138630 2.457902 1.558498
v 0.124362 2.395514 1.530345
v 0.124291 2.402983 1.569066
v 0.096846 2.405221 1.528422
v 0.096776 2.412689 1.567143
v 0.068631 2.430450 1.523505
v 0.068561 2.437919 1.562225
v 0.094282 2.458211 1.518196
v 0.094211 2.465680 1.556917
v 0.090546 2.425674 1.564627
v 0.090617 2.418205 1.525906
v 0.101673 2.440348 1.521655
v 0.101603 2.447817 1.560376
v 0.089264 2.452170 1.559514
v 0.089334 2.444700 1.520793
vn -0.6727 0.7267 -0.1390
vn 0.0475 0.9808 -0.1893
vn 0.7946 0.5958 -0.1164
vn 0.9989 -0.0469 0.0072
vn 0.6727 -0.7267 0.1390
vn -0.0475 -0.9808 0.1893
vn -0.7399 -0.6603 0.1287
vn -0.9989 0.0469 -0.0072
vn -0.0018 -0.1894 -0.9819
vn 0.0018 0.1894 0.9819
vn 0.7399 0.6603 -0.1287
vn 0.7335 -0.6677 0.1275
vn -0.9047 0.4187 -0.0791
vn -0.9410 -0.3320 0.0657
vn 0.6727 0.7267 -0.1390
vn -0.0475 0.9808 -0.1893
vn -0.7946 0.5958 -0.1164
vn -0.9989 -0.0469 0.0072
vn -0.6727 -0.7267 0.1390
vn 0.0475 -0.9808 0.1893
vn 0.7399 -0.6603 0.1287
vn 0.9989 0.0469 -0.0072
vn 0.0018 -0.1894 -0.9819
vn -0.0018 0.1894 0.9819
vn -0.7399 0.6603 -0.1287
vn -0.7335 -0.6677 0.1275
vn 0.9047 0.4187 -0.0791
vn 0.9410 -0.3320 0.0657
vt 0.623415 0.779132
vt 0.623415 0.766544
vt 0.648658 0.766544
vt 0.648658 0.779132
vt 0.623415 0.747663
vt 0.623415 0.741369
vt 0.648658 0.741369
vt 0.648658 0.747663
vt 0.623415 0.829483
vt 0.623415 0.816896
vt 0.648658 0.816896
vt 0.648658 0.829483
vt 0.623415 0.804308
vt 0.648658 0.804308
vt 0.623415 0.791720
vt 0.648658 0.791720
vt 0.642271 0.879735
vt 0.633309 0.876023
vt 0.628011 0.881320
vt 0.642270 0.887226
vt 0.642271 0.854388
vt 0.651232 0.858100
vt 0.656529 0.852803
vt 0.642270 0.846897
vt 0.623415 0.753956
vt 0.648658 0.753956
vt 0.623415 0.835777
vt 0.648658 0.835777
vt 0.633309 0.858100
vt 0.628011 0.852803
vt 0.651232 0.876023
vt 0.656529 0.881320
vt 0.629597 0.867061
vt 0.622106 0.867061
vt 0.653088 0.871542
vt 0.659482 0.874191
vt 0.653088 0.862581
vt 0.659482 0.859932
vt 0.654944 0.867061
vt 0.670760 0.867061
vt 0.623415 0.842071
vt 0.648658 0.842071
vt 0.619594 0.815773
vt 0.619594 0.827706
vt 0.593990 0.827706
vt 0.593990 0.815773
vt 0.593990 0.803841
vt 0.619594 0.803841
vt 0.593990 0.791909
vt 0.619594 0.791909
vt 0.593990 0.779977
vt 0.619594 0.779977
vt 0.593990 0.768045
vt 0.619594 0.768045
vt 0.593990 0.756113
vt 0.619594 0.756113
vt 0.593990 0.750147
vt 0.619594 0.750147
vt 0.593990 0.744180
vt 0.619594 0.744180
vt 0.593990 0.833672
vt 0.619594 0.833672
vt 0.619594 0.839638
vt 0.593990 0.839638
s 1
usemtl cabin_details
f 941/700/558 940/701/559 939/702/559 942/703/558
f 973/704/560 966/705/561 965/706/561 974/707/560
f 964/708/562 962/709/563 961/710/563 963/711/562
f 962/709/563 935/712/564 936/713/564 961/710/563
f 935/712/564 937/714/565 938/715/565 936/713/564
f 937/714/565 941/700/558 942/703/558 938/715/565
f 946/716/566 959/717/566 942/718/566 939/719/566
f 953/720/566 951/721/566 963/722/566 961/723/566
f 960/717/567 945/716/567 940/719/567 941/718/567
f 940/701/559 968/724/568 967/725/568 939/702/559
f 969/726/569 964/708/562 963/711/562 970/727/569
f 952/721/567 954/720/567 962/723/567 964/722/567
f 955/728/566 953/720/566 961/723/566 936/729/566
f 954/720/567 956/728/567 935/729/567 962/723/567
f 947/730/566 946/716/566 939/719/566 967/731/566
f 957/732/566 955/728/566 936/729/566 938/733/566
f 945/716/567 948/730/567 968/731/567 940/719/567
f 956/728/567 958/732/567 937/733/567 935/729/567
f 971/734/566 947/730/566 967/731/566 974/735/566
f 944/736/567 952/721/567 964/722/567 969/737/567
f 943/736/566 949/738/566 965/739/566 970/737/566
f 958/732/567 960/717/567 941/718/567 937/733/567
f 959/717/566 957/732/566 938/733/566 942/718/566
f 972/734/567 950/738/567 966/739/567 973/735/567
f 966/740/561 969/726/569 970/727/569 965/741/561
f 950/738/567 944/736/567 969/737/567 966/739/567
f 951/721/566 943/736/566 970/737/566 963/722/566
f 968/724/568 973/704/560 974/707/560 967/725/568
f 949/738/566 971/734/566 974/735/566 965/739/566
f 948/730/567 972/734/567 973/735/567 968/731/567
f 946/742/563 947/743/564 948/744/564 945/745/563
f 960/746/562 959/747/562 946/742/563 945/745/563
f 958/748/561 957/749/561 959/747/562 960/746/562
f 956/750/568 955/751/568 957/749/561 958/748/561
f 954/752/559 953/753/559 955/751/568 956/750/568
f 952/754/558 951/755/558 953/753/559 954/752/559
f 944/756/570 943/757/570 951/755/558 952/754/558
f 943/757/570 944/756/570 950/758/565 949/759/565
f 972/760/571 971/761/571 949/762/565 950/763/565
f 971/761/571 972/760/571 948/744/564 947/743/564
f 981/700/572 982/703/572 979/702/573 980/701/573
f 1013/704/574 1014/707/574 1005/706/575 1006/705/575
f 1004/708/576 1003/711/576 1001/710/577 1002/709/577
f 1002/709/577 1001/710/577 976/713/578 975/712/578
f 975/712/578 976/713/578 978/715/579 977/714/579
f 977/714/579 978/715/579 982/703/572 981/700/572
f 986/716/580 979/719/580 982/718/580 999/717/580
f 993/720/580 1001/723/580 1003/722/580 991/721/580
f 1000/717/581 981/718/581 980/719/581 985/716/581
f 980/701/573 979/702/573 1007/725/582 1008/724/582
f 1009/726/583 1010/727/583 1003/711/576 1004/708/576
f 992/721/581 1004/722/581 1002/723/581 994/720/581
f 995/728/580 976/729/580 1001/723/580 993/720/580
f 994/720/581 1002/723/581 975/729/581 996/728/581
f 987/730/580 1007/731/580 979/719/580 986/716/580
f 997/732/580 978/733/580 976/729/580 995/728/580
f 985/716/581 980/719/581 1008/731/581 988/730/581
f 996/728/581 975/729/581 977/733/581 998/732/581
f 1011/734/580 1014/735/580 1007/731/580 987/730/580
f 984/736/581 1009/737/581 1004/722/581 992/721/581
f 983/736/580 1010/737/580 1005/739/580 989/738/580
f 998/732/581 977/733/581 981/718/581 1000/717/581
f 999/717/580 982/718/580 978/733/580 997/732/580
f 1012/734/581 1013/735/581 1006/739/581 990/738/581
f 1006/740/575 1005/741/575 1010/727/583 1009/726/583
f 990/738/581 1006/739/581 1009/737/581 984/736/581
f 991/721/580 1003/722/580 1010/737/580 983/736/580
f 1008/724/582 1007/725/582 1014/707/574 1013/704/574
f 989/738/580 1005/739/580 1014/735/580 1011/734/580
f 988/730/581 1008/731/581 1013/735/581 1012/734/581
f 986/742/577 985/745/577 988/744/578 987/743/578
f 1000/746/576 985/745/577 986/742/577 999/747/576
f 998/748/575 1000/746/576 999/747/576 997/749/575
f 996/750/582 998/748/575 997/749/575 995/751/582
f 994/752/573 996/750/582 995/751/582 993/753/573
f 992/754/572 994/752/573 993/753/573 991/755/572
f 984/756/584 992/754/572 991/755/572 983/757/584
f 983/757/584 989/759/579 990/758/579 984/756/584
f 1012/760/585 990/763/579 989/762/579 1011/761/585
f 1011/761/585 987/743/578 988/744/578 1012/760/585
o Torus.001
v -0.118210 2.406387 1.764496
v -0.111413 2.410056 1.765889
v -0.111413 2.417394 1.768674
v -0.118210 2.421063 1.770067
v -0.125008 2.417394 1.768674
v -0.125008 2.410056 1.765889
v -0.118210 2.432183 1.737106
v -0.111413 2.433793 1.740685
v -0.111413 2.437012 1.747844
v -0.118210 2.438622 1.751423
v -0.125008 2.437012 1.747844
v -0.125008 2.433793 1.740685
v -0.118210 2.469791 1.735979
v -0.111413 2.468399 1.739649
v -0.111413 2.465614 1.746987
v -0.118210 2.464221 1.750656
v -0.125008 2.465614 1.746987
v -0.125008 2.468399 1.739649
v -0.118210 2.497181 1.761776
v -0.111413 2.493602 1.763386
v -0.111413 2.486444 1.766605
v -0.118210 2.482865 1.768215
v -0.125008 2.486444 1.766605
v -0.125008 2.493602 1.763386
v -0.118210 2.498308 1.799384
v -0.111413 2.494639 1.797992
v -0.111413 2.487301 1.795206
v -0.118210 2.483632 1.793814
v -0.125008 2.487301 1.795206
v -0.125008 2.494639 1.797992
v -0.118210 2.472512 1.826774
v -0.111413 2.470902 1.823195
v -0.111413 2.467683 1.816037
v -0.118210 2.466073 1.812457
v -0.125008 2.467683 1.816037
v -0.125008 2.470902 1.823195
v -0.118210 2.434904 1.827901
v -0.111413 2.436296 1.824232
v -0.111413 2.439081 1.816894
v -0.118210 2.440474 1.813224
v -0.125008 2.439081 1.816894
v -0.125008 2.436296 1.824232
v -0.118210 2.407514 1.802105
v -0.111413 2.411093 1.800495
v -0.111413 2.418251 1.797275
v -0.118210 2.421830 1.795666
v -0.125008 2.418251 1.797275
v -0.125008 2.411093 1.800495
v 0.118210 2.406387 1.764496
v 0.111413 2.410056 1.765889
v 0.111413 2.417394 1.768674
v 0.118210 2.421064 1.770067
v 0.125008 2.417394 1.768674
v 0.125008 2.410056 1.765889
v 0.118210 2.432184 1.737106
v 0.111413 2.433793 1.740686
v 0.111413 2.437013 1.747844
v 0.118210 2.438622 1.751423
v 0.125008 2.437013 1.747844
v 0.125008 2.433793 1.740686
v 0.118210 2.469792 1.735980
v 0.111413 2.468399 1.739649
v 0.111413 2.465614 1.746987
v 0.118210 2.464221 1.750656
v 0.125008 2.465614 1.746987
v 0.125008 2.468399 1.739649
v 0.118210 2.497182 1.761776
v 0.111413 2.493603 1.763386
v 0.111413 2.486444 1.766605
v 0.118210 2.482865 1.768215
v 0.125008 2.486444 1.766605
v 0.125008 2.493603 1.763386
v 0.118210 2.498309 1.799384
v 0.111413 2.494639 1.797992
v 0.111413 2.487301 1.795207
v 0.118210 2.483632 1.793814
v 0.125008 2.487301 1.795207
v 0.125008 2.494639 1.797992
v 0.118210 2.472512 1.826774
v 0.111413 2.470902 1.823195
v 0.111413 2.467683 1.816037
v 0.118210 2.466073 1.812458
v 0.125008 2.467683 1.816037
v 0.125008 2.470902 1.823195
v 0.118210 2.434904 1.827901
v 0.111413 2.436296 1.824232
v 0.111413 2.439082 1.816894
v 0.118210 2.440474 1.813225
v 0.125008 2.439082 1.816894
v 0.125008 2.436296 1.824232
v 0.118210 2.407514 1.802105
v 0.111413 2.411093 1.800495
v 0.111413 2.418252 1.797276
v 0.118210 2.421831 1.795666
v 0.125008 2.418252 1.797276
v 0.125008 2.411093 1.800495
vn -0.0000 -0.9349 -0.3548
vn 0.8131 -0.5442 -0.2065
vn 0.9186 0.3694 0.1402
vn -0.0000 0.9349 0.3548
vn -0.9186 0.3694 0.1402
vn -0.8131 -0.5442 -0.2065
vn -0.0000 -0.4102 -0.9120
vn 0.8131 -0.2388 -0.5309
vn 0.9186 0.1621 0.3603
vn -0.0000 0.4102 0.9120
vn -0.9186 0.1621 0.3603
vn -0.8131 -0.2388 -0.5309
vn -0.0000 0.3548 -0.9349
vn 0.8131 0.2065 -0.5442
vn 0.9186 -0.1402 0.3694
vn -0.0000 -0.3548 0.9349
vn -0.9186 -0.1402 0.3694
vn -0.8131 0.2065 -0.5442
vn -0.0000 0.9120 -0.4102
vn 0.8131 0.5309 -0.2388
vn 0.9186 -0.3603 0.1621
vn -0.0000 -0.9120 0.4102
vn -0.9186 -0.3603 0.1621
vn -0.8131 0.5309 -0.2388
vn 0.8131 0.5442 0.2065
vn 0.9186 -0.3694 -0.1402
vn -0.9186 -0.3694 -0.1402
vn -0.8131 0.5442 0.2065
vn 0.8131 0.2388 0.5309
vn 0.9186 -0.1621 -0.3603
vn -0.9186 -0.1621 -0.3603
vn -0.8131 0.2388 0.5309
vn 0.8131 -0.2065 0.5442
vn 0.9186 0.1402 -0.3694
vn -0.9186 0.1402 -0.3694
vn -0.8131 -0.2065 0.5442
vn 0.8131 -0.5309 0.2388
vn 0.9186 0.3603 -0.1621
vn -0.9186 0.3603 -0.1621
vn -0.8131 -0.5309 0.2388
vt 0.534599 0.829665
vt 0.534572 0.819272
vt 0.536937 0.819249
vt 0.537078 0.829632
vt 0.539440 0.819339
vt 0.539506 0.829716
vt 0.542377 0.819320
vt 0.542388 0.829708
vt 0.526909 0.829763
vt 0.526588 0.819328
vt 0.529561 0.819268
vt 0.529791 0.829682
vt 0.532100 0.819333
vt 0.532224 0.829734
vt 0.534488 0.808741
vt 0.536978 0.808755
vt 0.539407 0.808861
vt 0.542288 0.808857
vt 0.526405 0.808663
vt 0.529302 0.808704
vt 0.531981 0.808725
vt 0.534622 0.798281
vt 0.537023 0.798330
vt 0.539369 0.798490
vt 0.542287 0.798697
vt 0.526942 0.798312
vt 0.529877 0.798301
vt 0.532252 0.798258
vt 0.535058 0.785460
vt 0.538163 0.786315
vt 0.540963 0.787870
vt 0.543819 0.788905
vt 0.525990 0.788302
vt 0.528820 0.787468
vt 0.531744 0.786057
vt 0.534279 0.871842
vt 0.534630 0.859749
vt 0.536933 0.859746
vt 0.537418 0.871277
vt 0.539141 0.859701
vt 0.540187 0.869929
vt 0.541904 0.859634
vt 0.542868 0.869123
vt 0.525990 0.868560
vt 0.527480 0.859291
vt 0.530230 0.859547
vt 0.528691 0.869551
vt 0.532409 0.859702
vt 0.531338 0.871029
vt 0.534877 0.849903
vt 0.537097 0.849924
vt 0.539666 0.849956
vt 0.542426 0.850008
vt 0.527499 0.849848
vt 0.530224 0.849830
vt 0.532567 0.849925
vt 0.534783 0.839847
vt 0.537141 0.839846
vt 0.539557 0.839926
vt 0.542412 0.839977
vt 0.527215 0.839987
vt 0.530037 0.839853
vt 0.532434 0.839911
s 1
usemtl cabin_details
f 1015/764/586 1021/765/592 1022/766/593 1016/767/587
f 1016/767/587 1022/766/593 1023/768/594 1017/769/588
f 1017/769/588 1023/768/594 1024/770/595 1018/771/589
f 1018/772/589 1024/773/595 1025/774/596 1019/775/590
f 1019/775/590 1025/774/596 1026/776/597 1020/777/591
f 1020/777/591 1026/776/597 1021/765/592 1015/764/586
f 1021/765/592 1027/778/598 1028/779/599 1022/766/593
f 1022/766/593 1028/779/599 1029/780/600 1023/768/594
f 1023/768/594 1029/780/600 1030/781/601 1024/770/595
f 1024/773/595 1030/782/601 1031/783/602 1025/774/596
f 1025/774/596 1031/783/602 1032/784/603 1026/776/597
f 1026/776/597 1032/784/603 1027/778/598 1021/765/592
f 1027/778/598 1033/785/604 1034/786/605 1028/779/599
f 1028/779/599 1034/786/605 1035/787/606 1029/780/600
f 1029/780/600 1035/787/606 1036/788/607 1030/781/601
f 1030/782/601 1036/789/607 1037/790/608 1031/783/602
f 1031/783/602 1037/790/608 1038/791/609 1032/784/603
f 1032/784/603 1038/791/609 1033/785/604 1027/778/598
f 1033/785/604 1039/792/589 1040/793/610 1034/786/605
f 1034/786/605 1040/793/610 1041/794/611 1035/787/606
f 1035/787/606 1041/794/611 1042/795/586 1036/788/607
f 1036/789/607 1042/796/586 1043/797/612 1037/790/608
f 1037/790/608 1043/797/612 1044/798/613 1038/791/609
f 1038/791/609 1044/798/613 1039/792/589 1033/785/604
f 1039/799/589 1045/800/595 1046/801/614 1040/802/610
f 1040/802/610 1046/801/614 1047/803/615 1041/804/611
f 1041/804/611 1047/803/615 1048/805/592 1042/806/586
f 1042/807/586 1048/808/592 1049/809/616 1043/810/612
f 1043/810/612 1049/809/616 1050/811/617 1044/812/613
f 1044/812/613 1050/811/617 1045/800/595 1039/799/589
f 1045/800/595 1051/813/601 1052/814/618 1046/801/614
f 1046/801/614 1052/814/618 1053/815/619 1047/803/615
f 1047/803/615 1053/815/619 1054/816/598 1048/805/592
f 1048/808/592 1054/817/598 1055/818/620 1049/809/616
f 1049/809/616 1055/818/620 1056/819/621 1050/811/617
f 1050/811/617 1056/819/621 1051/813/601 1045/800/595
f 1051/813/601 1057/820/607 1058/821/622 1052/814/618
f 1052/814/618 1058/821/622 1059/822/623 1053/815/619
f 1053/815/619 1059/822/623 1060/823/604 1054/816/598
f 1054/817/598 1060/824/604 1061/825/624 1055/818/620
f 1055/818/620 1061/825/624 1062/826/625 1056/819/621
f 1056/819/621 1062/826/625 1057/820/607 1051/813/601
f 1057/820/607 1015/764/586 1016/767/587 1058/821/622
f 1058/821/622 1016/767/587 1017/769/588 1059/822/623
f 1059/822/623 1017/769/588 1018/771/589 1060/823/604
f 1060/824/604 1018/772/589 1019/775/590 1061/825/624
f 1061/825/624 1019/775/590 1020/777/591 1062/826/625
f 1062/826/625 1020/777/591 1015/764/586 1057/820/607
f 1063/764/586 1064/767/591 1070/766/597 1069/765/592
f 1064/767/591 1065/769/590 1071/768/596 1070/766/597
f 1065/769/590 1066/771/589 1072/770/595 1071/768/596
f 1066/772/589 1067/775/588 1073/774/594 1072/773/595
f 1067/775/588 1068/777/587 1074/776/593 1073/774/594
f 1068/777/587 1063/764/586 1069/765/592 1074/776/593
f 1069/765/592 1070/766/597 1076/779/603 1075/778/598
f 1070/766/597 1071/768/596 1077/780/602 1076/779/603
f 1071/768/596 1072/770/595 1078/781/601 1077/780/602
f 1072/773/595 1073/774/594 1079/783/600 1078/782/601
f 1073/774/594 1074/776/593 1080/784/599 1079/783/600
f 1074/776/593 1069/765/592 1075/778/598 1080/784/599
f 1075/778/598 1076/779/603 1082/786/609 1081/785/604
f 1076/779/603 1077/780/602 1083/787/608 1082/786/609
f 1077/780/602 1078/781/601 1084/788/607 1083/787/608
f 1078/782/601 1079/783/600 1085/790/606 1084/789/607
f 1079/783/600 1080/784/599 1086/791/605 1085/790/606
f 1080/784/599 1075/778/598 1081/785/604 1086/791/605
f 1081/785/604 1082/786/609 1088/793/613 1087/792/589
f 1082/786/609 1083/787/608 1089/794/612 1088/793/613
f 1083/787/608 1084/788/607 1090/795/586 1089/794/612
f 1084/789/607 1085/790/606 1091/797/611 1090/796/586
f 1085/790/606 1086/791/605 1092/798/610 1091/797/611
f 1086/791/605 1081/785/604 1087/792/589 1092/798/610
f 1087/799/589 1088/802/613 1094/801/617 1093/800/595
f 1088/802/613 1089/804/612 1095/803/616 1094/801/617
f 1089/804/612 1090/806/586 1096/805/592 1095/803/616
f 1090/807/586 1091/810/611 1097/809/615 1096/808/592
f 1091/810/611 1092/812/610 1098/811/614 1097/809/615
f 1092/812/610 1087/799/589 1093/800/595 1098/811/614
f 1093/800/595 1094/801/617 1100/814/621 1099/813/601
f 1094/801/617 1095/803/616 1101/815/620 1100/814/621
f 1095/803/616 1096/805/592 1102/816/598 1101/815/620
f 1096/808/592 1097/809/615 1103/818/619 1102/817/598
f 1097/809/615 1098/811/614 1104/819/618 1103/818/619
f 1098/811/614 1093/800/595 1099/813/601 1104/819/618
f 1099/813/601 1100/814/621 1106/821/625 1105/820/607
f 1100/814/621 1101/815/620 1107/822/624 1106/821/625
f 1101/815/620 1102/816/598 1108/823/604 1107/822/624
f 1102/817/598 1103/818/619 1109/825/623 1108/824/604
f 1103/818/619 1104/819/618 1110/826/622 1109/825/623
f 1104/819/618 1099/813/601 1105/820/607 1110/826/622
f 1105/820/607 1106/821/625 1064/767/591 1063/764/586
f 1106/821/625 1107/822/624 1065/769/590 1064/767/591
f 1107/822/624 1108/823/604 1066/771/589 1065/769/590
f 1108/824/604 1109/825/623 1067/775/588 1066/772/589
f 1109/825/623 1110/826/622 1068/777/587 1067/775/588
f 1110/826/622 1105/820/607 1063/764/586 1068/777/587
o Cube.015
v -0.174447 2.130762 1.556989
v -0.124359 2.260549 1.593907
v -0.176019 2.164038 1.431857
v -0.123889 2.302692 1.456269
v -0.237650 2.153504 1.562788
v -0.187562 2.283291 1.599706
v -0.235595 2.185475 1.437323
v -0.183465 2.324129 1.461736
v 0.174447 2.130762 1.556989
v 0.124359 2.260549 1.593906
v 0.176019 2.164039 1.431856
v 0.123889 2.302693 1.456269
v 0.237650 2.153504 1.562788
v 0.187562 2.283291 1.599706
v 0.235595 2.185475 1.437323
v 0.183465 2.324129 1.461736
vn -0.0246 0.1823 -0.9829
vn -0.9375 0.3405 0.0722
vn -0.0090 -0.2704 0.9627
vn -0.3481 -0.9070 -0.2368
vn 0.3477 0.8962 0.2756
vn 0.9372 -0.3341 -0.0998
vn 0.0246 0.1823 -0.9829
vn 0.9375 0.3405 0.0722
vn 0.0090 -0.2704 0.9627
vn 0.3481 -0.9070 -0.2368
vn -0.3477 0.8962 0.2756
vn -0.9372 -0.3341 -0.0998
vt 0.375395 0.672365
vt 0.348293 0.674987
vt 0.354485 0.739012
vt 0.381588 0.736391
vt 0.292822 0.676117
vt 0.292822 0.737786
vt 0.263936 0.676117
vt 0.263936 0.737786
vt 0.348145 0.647758
vt 0.292666 0.647230
vt 0.292636 0.766672
vt 0.354310 0.766241
vt 0.466071 0.757196
vt 0.474452 0.670538
vt 0.390991 0.672198
vt 0.390992 0.755667
s 0
usemtl cabin_details
f 1113/827/626 1117/828/626 1118/829/626 1114/830/626
f 1117/828/627 1115/831/627 1116/832/627 1118/829/627
f 1115/831/628 1111/833/628 1112/834/628 1116/832/628
f 1113/835/629 1111/836/629 1115/831/629 1117/828/629
f 1118/829/630 1116/832/630 1112/837/630 1114/838/630
f 1113/839/631 1114/840/631 1112/841/631 1111/842/631
f 1121/827/632 1122/830/632 1126/829/632 1125/828/632
f 1125/828/633 1126/829/633 1124/832/633 1123/831/633
f 1123/831/634 1124/832/634 1120/834/634 1119/833/634
f 1121/835/635 1125/828/635 1123/831/635 1119/836/635
f 1126/829/636 1122/838/636 1120/837/636 1124/832/636
f 1121/839/637 1119/842/637 1120/841/637 1122/840/637
o Torus.002
v -0.181704 2.226590 1.480789
v -0.168877 2.230516 1.484265
v -0.162528 2.245898 1.493146
v -0.169003 2.257360 1.498552
v -0.182029 2.252915 1.494935
v -0.188379 2.237534 1.486055
v -0.161485 2.289271 1.455351
v -0.150047 2.288779 1.461017
v -0.146585 2.295038 1.474201
v -0.154559 2.301795 1.481720
v -0.166086 2.302056 1.475991
v -0.169548 2.295796 1.462807
v -0.134017 2.360764 1.474347
v -0.124603 2.355001 1.478620
v -0.125360 2.350281 1.488890
v -0.135450 2.351527 1.494947
v -0.144861 2.357298 1.490679
v -0.144105 2.362018 1.480409
v -0.115648 2.398517 1.526496
v -0.107833 2.389397 1.526507
v -0.111705 2.378173 1.528319
v -0.123392 2.376070 1.530119
v -0.131207 2.385190 1.530108
v -0.127334 2.396414 1.528297
v -0.115769 2.383975 1.582202
v -0.107944 2.376015 1.577766
v -0.111797 2.367114 1.570683
v -0.123474 2.366171 1.568037
v -0.131299 2.374131 1.572473
v -0.127446 2.383032 1.579555
v -0.134287 2.325713 1.608847
v -0.124855 2.322741 1.602381
v -0.125571 2.323608 1.591174
v -0.135642 2.327649 1.586493
v -0.145073 2.330625 1.592963
v -0.144356 2.329758 1.604170
v -0.161738 2.254264 1.589863
v -0.150282 2.256561 1.584789
v -0.146784 2.268398 1.576493
v -0.154740 2.277944 1.573272
v -0.166285 2.275414 1.578282
v -0.169783 2.263577 1.586578
v -0.181818 2.212066 1.536499
v -0.168983 2.217149 1.535527
v -0.162618 2.234844 1.535511
v -0.169085 2.247461 1.536469
v -0.182119 2.241861 1.537301
v -0.188485 2.224166 1.537317
v 0.181704 2.226590 1.480789
v 0.168877 2.230517 1.484265
v 0.162528 2.245898 1.493146
v 0.169003 2.257360 1.498552
v 0.182029 2.252915 1.494935
v 0.188379 2.237534 1.486055
v 0.161485 2.289271 1.455351
v 0.150047 2.288779 1.461017
v 0.146584 2.295039 1.474201
v 0.154558 2.301795 1.481720
v 0.166086 2.302056 1.475990
v 0.169548 2.295796 1.462807
v 0.134017 2.360764 1.474347
v 0.124603 2.355001 1.478620
v 0.125360 2.350281 1.488890
v 0.135450 2.351527 1.494947
v 0.144861 2.357298 1.490679
v 0.144105 2.362018 1.480409
v 0.115647 2.398517 1.526496
v 0.107833 2.389397 1.526507
v 0.111705 2.378173 1.528319
v 0.123392 2.376070 1.530119
v 0.131207 2.385190 1.530108
v 0.127334 2.396414 1.528297
v 0.115769 2.383975 1.582202
v 0.107944 2.376016 1.577766
v 0.111797 2.367114 1.570683
v 0.123474 2.366171 1.568037
v 0.131299 2.374131 1.572473
v 0.127446 2.383033 1.579555
v 0.134287 2.325713 1.608847
v 0.124855 2.322741 1.602381
v 0.125571 2.323608 1.591174
v 0.135642 2.327649 1.586493
v 0.145073 2.330625 1.592963
v 0.144356 2.329758 1.604170
v 0.161738 2.254264 1.589863
v 0.150282 2.256561 1.584789
v 0.146784 2.268398 1.576493
v 0.154740 2.277944 1.573272
v 0.166285 2.275415 1.578282
v 0.169783 2.263578 1.586578
v 0.181818 2.212067 1.536499
v 0.168983 2.217149 1.535527
v 0.162618 2.234844 1.535511
v 0.169085 2.247461 1.536469
v 0.182119 2.241861 1.537301
v 0.188485 2.224166 1.537317
vn -0.3132 -0.7094 -0.6313
vn 0.6531 -0.6216 -0.4325
vn 0.9877 -0.1198 0.1001
vn 0.2939 0.6346 0.7147
vn -0.8079 0.5264 0.2649
vn -0.9577 -0.0420 -0.2847
vn -0.1151 -0.0670 -0.9911
vn 0.7371 -0.2706 -0.6192
vn 0.9050 -0.2851 0.3157
vn 0.0799 -0.0319 0.9963
vn -0.8151 0.3338 0.4736
vn -0.8295 0.2931 -0.4754
vn 0.1103 0.5221 -0.8457
vn 0.8324 0.0448 -0.5523
vn 0.8021 -0.5283 0.2786
vn -0.1233 -0.5527 0.8242
vn -0.8969 0.0830 0.4345
vn -0.6914 0.5931 -0.4125
vn 0.3144 0.9265 -0.2067
vn 0.9385 0.2792 -0.2030
vn 0.7476 -0.6642 -0.0030
vn -0.3127 -0.9245 0.2179
vn -0.9869 -0.0401 0.1562
vn -0.5673 0.8210 -0.0648
vn 0.3124 0.7060 0.6356
vn 0.9371 0.1429 0.3186
vn 0.7487 -0.5811 -0.3192
vn -0.3105 -0.6985 -0.6448
vn -0.9862 0.0431 -0.1600
vn -0.5682 0.6845 0.4567
vn 0.1048 0.0379 0.9938
vn 0.8283 -0.2347 0.5087
vn 0.8043 -0.3237 -0.4983
vn -0.1173 -0.0735 -0.9904
vn -0.8945 0.2875 -0.3425
vn -0.6940 0.3130 0.6484
vn -0.1207 -0.5467 0.8286
vn 0.7328 -0.5427 0.4105
vn 0.9068 -0.0924 -0.4114
vn 0.0863 0.4645 -0.8813
vn -0.8118 0.5260 -0.2537
vn -0.8322 0.0204 0.5541
vn -0.3154 -0.9276 0.2000
vn 0.6511 -0.7551 0.0763
vn 0.9885 -0.0550 -0.1412
vn 0.2963 0.9029 -0.3113
vn -0.8064 0.5909 0.0235
vn -0.9586 -0.1760 0.2240
vn 0.3132 -0.7094 -0.6313
vn -0.6531 -0.6216 -0.4325
vn -0.9877 -0.1198 0.1001
vn -0.2939 0.6346 0.7147
vn 0.8079 0.5264 0.2649
vn 0.9577 -0.0420 -0.2847
vn 0.1151 -0.0670 -0.9911
vn -0.7371 -0.2706 -0.6192
vn -0.9050 -0.2851 0.3157
vn -0.0799 -0.0319 0.9963
vn 0.8151 0.3338 0.4736
vn 0.8295 0.2931 -0.4754
vn -0.1103 0.5221 -0.8457
vn -0.8324 0.0448 -0.5523
vn -0.8021 -0.5283 0.2786
vn 0.1233 -0.5527 0.8242
vn 0.8969 0.0830 0.4345
vn 0.6914 0.5931 -0.4125
vn -0.3144 0.9265 -0.2067
vn -0.9385 0.2792 -0.2030
vn -0.7476 -0.6642 -0.0030
vn 0.3127 -0.9245 0.2179
vn 0.9869 -0.0401 0.1562
vn 0.5673 0.8210 -0.0648
vn -0.3124 0.7060 0.6356
vn -0.9371 0.1429 0.3186
vn -0.7487 -0.5811 -0.3192
vn 0.3105 -0.6985 -0.6448
vn 0.9862 0.0431 -0.1600
vn 0.5682 0.6845 0.4567
vn -0.1048 0.0379 0.9938
vn -0.8283 -0.2347 0.5087
vn -0.8043 -0.3237 -0.4983
vn 0.1173 -0.0735 -0.9904
vn 0.8945 0.2875 -0.3425
vn 0.6940 0.3130 0.6484
vn 0.1207 -0.5467 0.8286
vn -0.7328 -0.5427 0.4105
vn -0.9068 -0.0924 -0.4114
vn -0.0863 0.4645 -0.8813
vn 0.8118 0.5260 -0.2537
vn 0.8322 0.0204 0.5541
vn 0.3154 -0.9276 0.2000
vn -0.6511 -0.7551 0.0763
vn -0.9885 -0.0550 -0.1412
vn -0.2963 0.9029 -0.3113
vn 0.8064 0.5909 0.0235
vn 0.9586 -0.1760 0.2240
vt 0.534599 0.829665
vt 0.534572 0.819272
vt 0.536937 0.819249
vt 0.537078 0.829632
vt 0.539440 0.819339
vt 0.539506 0.829716
vt 0.542377 0.819320
vt 0.542388 0.829708
vt 0.526909 0.829763
vt 0.526588 0.819328
vt 0.529561 0.819268
vt 0.529791 0.829682
vt 0.532100 0.819333
vt 0.532224 0.829734
vt 0.534488 0.808741
vt 0.536978 0.808755
vt 0.539407 0.808861
vt 0.542288 0.808857
vt 0.526405 0.808663
vt 0.529302 0.808704
vt 0.531981 0.808725
vt 0.534622 0.798281
vt 0.537023 0.798330
vt 0.539369 0.798490
vt 0.542287 0.798697
vt 0.526942 0.798312
vt 0.529877 0.798301
vt 0.532252 0.798258
vt 0.535058 0.785460
vt 0.538163 0.786315
vt 0.540963 0.787870
vt 0.543819 0.788905
vt 0.525990 0.788302
vt 0.528820 0.787468
vt 0.531744 0.786057
vt 0.534279 0.871842
vt 0.534630 0.859749
vt 0.536933 0.859746
vt 0.537418 0.871277
vt 0.539141 0.859701
vt 0.540187 0.869929
vt 0.541904 0.859634
vt 0.542868 0.869123
vt 0.525990 0.868560
vt 0.527480 0.859291
vt 0.530230 0.859547
vt 0.528691 0.869551
vt 0.532409 0.859702
vt 0.531338 0.871029
vt 0.534877 0.849903
vt 0.537097 0.849924
vt 0.539666 0.849956
vt 0.542426 0.850008
vt 0.527499 0.849848
vt 0.530224 0.849830
vt 0.532567 0.849925
vt 0.534783 0.839847
vt 0.537141 0.839846
vt 0.539557 0.839926
vt 0.542412 0.839977
vt 0.527215 0.839987
vt 0.530037 0.839853
vt 0.532434 0.839911
s 1
usemtl cabin_details
f 1127/843/638 1133/844/644 1134/845/645 1128/846/639
f 1128/846/639 1134/845/645 1135/847/646 1129/848/640
f 1129/848/640 1135/847/646 1136/849/647 1130/850/641
f 1130/851/641 1136/852/647 1137/853/648 1131/854/642
f 1131/854/642 1137/853/648 1138/855/649 1132/856/643
f 1132/856/643 1138/855/649 1133/844/644 1127/843/638
f 1133/844/644 1139/857/650 1140/858/651 1134/845/645
f 1134/845/645 1140/858/651 1141/859/652 1135/847/646
f 1135/847/646 1141/859/652 1142/860/653 1136/849/647
f 1136/852/647 1142/861/653 1143/862/654 1137/853/648
f 1137/853/648 1143/862/654 1144/863/655 1138/855/649
f 1138/855/649 1144/863/655 1139/857/650 1133/844/644
f 1139/857/650 1145/864/656 1146/865/657 1140/858/651
f 1140/858/651 1146/865/657 1147/866/658 1141/859/652
f 1141/859/652 1147/866/658 1148/867/659 1142/860/653
f 1142/861/653 1148/868/659 1149/869/660 1143/862/654
f 1143/862/654 1149/869/660 1150/870/661 1144/863/655
f 1144/863/655 1150/870/661 1145/864/656 1139/857/650
f 1145/864/656 1151/871/662 1152/872/663 1146/865/657
f 1146/865/657 1152/872/663 1153/873/664 1147/866/658
f 1147/866/658 1153/873/664 1154/874/665 1148/867/659
f 1148/868/659 1154/875/665 1155/876/666 1149/869/660
f 1149/869/660 1155/876/666 1156/877/667 1150/870/661
f 1150/870/661 1156/877/667 1151/871/662 1145/864/656
f 1151/878/662 1157/879/668 1158/880/669 1152/881/663
f 1152/881/663 1158/880/669 1159/882/670 1153/883/664
f 1153/883/664 1159/882/670 1160/884/671 1154/885/665
f 1154/886/665 1160/887/671 1161/888/672 1155/889/666
f 1155/889/666 1161/888/672 1162/890/673 1156/891/667
f 1156/891/667 1162/890/673 1157/879/668 1151/878/662
f 1157/879/668 1163/892/674 1164/893/675 1158/880/669
f 1158/880/669 1164/893/675 1165/894/676 1159/882/670
f 1159/882/670 1165/894/676 1166/895/677 1160/884/671
f 1160/887/671 1166/896/677 1167/897/678 1161/888/672
f 1161/888/672 1167/897/678 1168/898/679 1162/890/673
f 1162/890/673 1168/898/679 1163/892/674 1157/879/668
f 1163/892/674 1169/899/680 1170/900/681 1164/893/675
f 1164/893/675 1170/900/681 1171/901/682 1165/894/676
f 1165/894/676 1171/901/682 1172/902/683 1166/895/677
f 1166/896/677 1172/903/683 1173/904/684 1167/897/678
f 1167/897/678 1173/904/684 1174/905/685 1168/898/679
f 1168/898/679 1174/905/685 1169/899/680 1163/892/674
f 1169/899/680 1127/843/638 1128/846/639 1170/900/681
f 1170/900/681 1128/846/639 1129/848/640 1171/901/682
f 1171/901/682 1129/848/640 1130/850/641 1172/902/683
f 1172/903/683 1130/851/641 1131/854/642 1173/904/684
f 1173/904/684 1131/854/642 1132/856/643 1174/905/685
f 1174/905/685 1132/856/643 1127/843/638 1169/899/680
f 1175/843/686 1176/846/687 1182/845/693 1181/844/692
f 1176/846/687 1177/848/688 1183/847/694 1182/845/693
f 1177/848/688 1178/850/689 1184/849/695 1183/847/694
f 1178/851/689 1179/854/690 1185/853/696 1184/852/695
f 1179/854/690 1180/856/691 1186/855/697 1185/853/696
f 1180/856/691 1175/843/686 1181/844/692 1186/855/697
f 1181/844/692 1182/845/693 1188/858/699 1187/857/698
f 1182/845/693 1183/847/694 1189/859/700 1188/858/699
f 1183/847/694 1184/849/695 1190/860/701 1189/859/700
f 1184/852/695 1185/853/696 1191/862/702 1190/861/701
f 1185/853/696 1186/855/697 1192/863/703 1191/862/702
f 1186/855/697 1181/844/692 1187/857/698 1192/863/703
f 1187/857/698 1188/858/699 1194/865/705 1193/864/704
f 1188/858/699 1189/859/700 1195/866/706 1194/865/705
f 1189/859/700 1190/860/701 1196/867/707 1195/866/706
f 1190/861/701 1191/862/702 1197/869/708 1196/868/707
f 1191/862/702 1192/863/703 1198/870/709 1197/869/708
f 1192/863/703 1187/857/698 1193/864/704 1198/870/709
f 1193/864/704 1194/865/705 1200/872/711 1199/871/710
f 1194/865/705 1195/866/706 1201/873/712 1200/872/711
f 1195/866/706 1196/867/707 1202/874/713 1201/873/712
f 1196/868/707 1197/869/708 1203/876/714 1202/875/713
f 1197/869/708 1198/870/709 1204/877/715 1203/876/714
f 1198/870/709 1193/864/704 1199/871/710 1204/877/715
f 1199/878/710 1200/881/711 1206/880/717 1205/879/716
f 1200/881/711 1201/883/712 1207/882/718 1206/880/717
f 1201/883/712 1202/885/713 1208/884/719 1207/882/718
f 1202/886/713 1203/889/714 1209/888/720 1208/887/719
f 1203/889/714 1204/891/715 1210/890/721 1209/888/720
f 1204/891/715 1199/878/710 1205/879/716 1210/890/721
f 1205/879/716 1206/880/717 1212/893/723 1211/892/722
f 1206/880/717 1207/882/718 1213/894/724 1212/893/723
f 1207/882/718 1208/884/719 1214/895/725 1213/894/724
f 1208/887/719 1209/888/720 1215/897/726 1214/896/725
f 1209/888/720 1210/890/721 1216/898/727 1215/897/726
f 1210/890/721 1205/879/716 1211/892/722 1216/898/727
f 1211/892/722 1212/893/723 1218/900/729 1217/899/728
f 1212/893/723 1213/894/724 1219/901/730 1218/900/729
f 1213/894/724 1214/895/725 1220/902/731 1219/901/730
f 1214/896/725 1215/897/726 1221/904/732 1220/903/731
f 1215/897/726 1216/898/727 1222/905/733 1221/904/732
f 1216/898/727 1211/892/722 1217/899/728 1222/905/733
f 1217/899/728 1218/900/729 1176/846/687 1175/843/686
f 1218/900/729 1219/901/730 1177/848/688 1176/846/687
f 1219/901/730 1220/902/731 1178/850/689 1177/848/688
f 1220/903/731 1221/904/732 1179/854/690 1178/851/689
f 1221/904/732 1222/905/733 1180/856/691 1179/854/690
f 1222/905/733 1217/899/728 1175/843/686 1180/856/691
o Cube.022
v -0.188723 2.301517 1.920750
v -0.174523 2.399972 1.865789
v -0.092264 2.274080 1.900826
v -0.066674 2.373508 1.841574
v -0.203867 2.278324 1.875290
v -0.189667 2.376779 1.820329
v -0.106539 2.252218 1.857975
v -0.080949 2.351646 1.798723
v 0.188723 2.301517 1.920750
v 0.174523 2.399972 1.865789
v 0.092264 2.274080 1.900826
v 0.066674 2.373508 1.841574
v 0.203867 2.278324 1.875290
v 0.189667 2.376779 1.820329
v 0.106539 2.252217 1.857975
v 0.080949 2.351646 1.798723
vn 0.9341 -0.3266 -0.1446
vn -0.2711 -0.4397 -0.8563
vn -0.9505 0.2443 0.1920
vn -0.1443 -0.8612 0.4874
vn 0.1060 0.8710 -0.4797
vn 0.2978 0.4316 0.8515
vn -0.9341 -0.3266 -0.1446
vn 0.2711 -0.4397 -0.8563
vn 0.9505 0.2443 0.1920
vn 0.1443 -0.8612 0.4874
vn -0.1060 0.8710 -0.4797
vn -0.2978 0.4316 0.8515
vt 0.375395 0.672365
vt 0.348293 0.674987
vt 0.354485 0.739012
vt 0.381588 0.736391
vt 0.292822 0.676117
vt 0.292822 0.737786
vt 0.263936 0.676117
vt 0.263936 0.737786
vt 0.348145 0.647758
vt 0.292666 0.647230
vt 0.292636 0.766672
vt 0.354310 0.766241
vt 0.466071 0.757196
vt 0.474452 0.670538
vt 0.390991 0.672198
vt 0.390992 0.755667
s 0
usemtl cabin_details
f 1225/906/734 1229/907/734 1230/908/734 1226/909/734
f 1229/907/735 1227/910/735 1228/911/735 1230/908/735
f 1227/910/736 1223/912/736 1224/913/736 1228/911/736
f 1225/914/737 1223/915/737 1227/910/737 1229/907/737
f 1230/908/738 1228/911/738 1224/916/738 1226/917/738
f 1225/918/739 1226/919/739 1224/920/739 1223/921/739
f 1233/906/740 1234/909/740 1238/908/740 1237/907/740
f 1237/907/741 1238/908/741 1236/911/741 1235/910/741
f 1235/910/742 1236/911/742 1232/913/742 1231/912/742
f 1233/914/743 1237/907/743 1235/910/743 1231/915/743
f 1238/908/744 1234/917/744 1232/916/744 1236/911/744
f 1233/918/745 1231/921/745 1232/920/745 1234/919/745
o Torus.003
v -0.115238 2.315188 1.859177
v -0.113653 2.325270 1.863122
v -0.115094 2.338663 1.856769
v -0.118120 2.341979 1.846468
v -0.119767 2.331506 1.842742
v -0.118326 2.318113 1.849095
v -0.078377 2.346173 1.831089
v -0.079665 2.354223 1.837028
v -0.086888 2.363336 1.834785
v -0.092822 2.364405 1.826599
v -0.091561 2.356180 1.820758
v -0.084338 2.347066 1.823002
v -0.069626 2.399894 1.800766
v -0.071564 2.403985 1.808941
v -0.080133 2.404850 1.811354
v -0.086743 2.401779 1.805506
v -0.084806 2.397694 1.797328
v -0.076236 2.396829 1.794914
v -0.094211 2.444386 1.786256
v -0.094224 2.444664 1.795735
v -0.098922 2.438066 1.800667
v -0.103607 2.431189 1.796119
v -0.103595 2.430910 1.786640
v -0.098896 2.437508 1.781709
v -0.137300 2.456263 1.794551
v -0.133873 2.455594 1.803368
v -0.131691 2.447099 1.806975
v -0.132937 2.439273 1.801765
v -0.136364 2.439943 1.792948
v -0.138545 2.448437 1.789341
v -0.173644 2.428611 1.820766
v -0.167279 2.430405 1.827348
v -0.159242 2.426678 1.826572
v -0.157548 2.421311 1.819128
v -0.163914 2.419521 1.812545
v -0.171952 2.423249 1.813321
v -0.182390 2.374923 1.851070
v -0.175375 2.380673 1.855417
v -0.165992 2.385188 1.849988
v -0.163623 2.383957 1.840210
v -0.170665 2.378031 1.835961
v -0.180048 2.373517 1.841390
v -0.158325 2.327079 1.867463
v -0.153300 2.336210 1.870748
v -0.147863 2.347699 1.863075
v -0.147450 2.350063 1.852114
v -0.152536 2.340543 1.849048
v -0.157973 2.329053 1.856722
v 0.115238 2.315188 1.859177
v 0.113653 2.325270 1.863122
v 0.115094 2.338663 1.856769
v 0.118120 2.341979 1.846468
v 0.119767 2.331507 1.842742
v 0.118326 2.318114 1.849095
v 0.078377 2.346173 1.831089
v 0.079665 2.354223 1.837028
v 0.086888 2.363337 1.834784
v 0.092822 2.364405 1.826599
v 0.091561 2.356180 1.820758
v 0.084338 2.347066 1.823001
v 0.069626 2.399894 1.800765
v 0.071564 2.403986 1.808941
v 0.080133 2.404850 1.811354
v 0.086743 2.401779 1.805506
v 0.084806 2.397694 1.797328
v 0.076236 2.396829 1.794914
v 0.094211 2.444386 1.786256
v 0.094224 2.444665 1.795735
v 0.098922 2.438066 1.800667
v 0.103607 2.431189 1.796119
v 0.103595 2.430910 1.786640
v 0.098896 2.437508 1.781709
v 0.137300 2.456263 1.794551
v 0.133873 2.455594 1.803368
v 0.131691 2.447099 1.806975
v 0.132937 2.439274 1.801765
v 0.136364 2.439943 1.792948
v 0.138545 2.448437 1.789341
v 0.173644 2.428611 1.820766
v 0.167279 2.430405 1.827347
v 0.159242 2.426678 1.826571
v 0.157548 2.421311 1.819128
v 0.163914 2.419522 1.812545
v 0.171952 2.423249 1.813321
v 0.182390 2.374923 1.851070
v 0.175375 2.380673 1.855417
v 0.165992 2.385188 1.849988
v 0.163623 2.383957 1.840210
v 0.170665 2.378031 1.835961
v 0.180048 2.373517 1.841390
v 0.158325 2.327079 1.867463
v 0.153300 2.336210 1.870748
v 0.147863 2.347699 1.863075
v 0.147450 2.350064 1.852114
v 0.152536 2.340543 1.849048
v 0.157973 2.329053 1.856722
vn 0.2789 -0.8898 0.3611
vn 0.4305 -0.0726 0.8997
vn 0.1911 0.6730 0.7145
vn -0.3812 0.8687 -0.3162
vn -0.3538 -0.1615 -0.9213
vn -0.0584 -0.8212 -0.5676
vn 0.8444 -0.5357 -0.0080
vn 0.7227 0.1079 0.6827
vn -0.0762 0.6110 0.7879
vn -0.8874 0.4568 0.0626
vn -0.5981 -0.1884 -0.7789
vn 0.2473 -0.6202 -0.7445
vn 0.9455 0.0196 -0.3250
vn 0.7788 0.3827 0.4971
vn -0.1418 0.3845 0.9122
vn -0.9385 -0.0552 0.3408
vn -0.6573 -0.4051 -0.6354
vn 0.3163 -0.3255 -0.8910
vn 0.5413 0.6622 -0.5182
vn 0.5597 0.7376 0.3777
vn 0.0592 0.1505 0.9868
vn -0.5505 -0.6551 0.5176
vn -0.4672 -0.6556 -0.5932
vn 0.1028 0.0378 -0.9940
vn -0.2841 0.8891 -0.3590
vn 0.0486 0.8781 0.4759
vn 0.3692 0.0657 0.9270
vn 0.2950 -0.8873 0.3544
vn -0.1573 -0.7406 -0.6533
vn -0.4082 0.1786 -0.8953
vn -0.8581 0.5130 0.0241
vn -0.2619 0.6665 0.6980
vn 0.6199 0.1760 0.7647
vn 0.8412 -0.5407 -0.0044
vn 0.1044 -0.6135 -0.7828
vn -0.7239 -0.0410 -0.6887
vn -0.9400 -0.0481 0.3377
vn -0.2876 0.3826 0.8780
vn 0.6370 0.4165 0.6487
vn 0.9544 -0.0451 -0.2950
vn 0.1155 -0.3822 -0.9168
vn -0.7625 -0.3447 -0.5476
vn -0.5359 -0.6663 0.5185
vn -0.0684 0.0638 0.9956
vn 0.4281 0.6090 0.6677
vn 0.6241 0.5920 -0.5099
vn -0.1166 -0.2251 -0.9673
vn -0.5569 -0.6843 -0.4707
vn -0.2789 -0.8898 0.3611
vn -0.4305 -0.0726 0.8997
vn -0.1911 0.6730 0.7145
vn 0.3812 0.8687 -0.3162
vn 0.3538 -0.1615 -0.9213
vn 0.0584 -0.8212 -0.5676
vn -0.8444 -0.5357 -0.0080
vn -0.7227 0.1079 0.6827
vn 0.0762 0.6110 0.7879
vn 0.8874 0.4568 0.0626
vn 0.5981 -0.1884 -0.7789
vn -0.2473 -0.6202 -0.7445
vn -0.9455 0.0196 -0.3250
vn -0.7788 0.3827 0.4971
vn 0.1418 0.3845 0.9122
vn 0.9385 -0.0552 0.3408
vn 0.6573 -0.4051 -0.6354
vn -0.3163 -0.3255 -0.8910
vn -0.5413 0.6622 -0.5182
vn -0.5597 0.7376 0.3777
vn -0.0592 0.1505 0.9868
vn 0.5505 -0.6551 0.5176
vn 0.4672 -0.6556 -0.5932
vn -0.1028 0.0378 -0.9940
vn 0.2841 0.8891 -0.3590
vn -0.0486 0.8781 0.4759
vn -0.3692 0.0657 0.9270
vn -0.2950 -0.8873 0.3544
vn 0.1573 -0.7406 -0.6533
vn 0.4082 0.1786 -0.8953
vn 0.8581 0.5130 0.0241
vn 0.2619 0.6665 0.6980
vn -0.6199 0.1760 0.7647
vn -0.8412 -0.5407 -0.0044
vn -0.1044 -0.6135 -0.7828
vn 0.7239 -0.0410 -0.6887
vn 0.9400 -0.0481 0.3377
vn 0.2876 0.3826 0.8780
vn -0.6370 0.4165 0.6487
vn -0.9544 -0.0451 -0.2950
vn -0.1155 -0.3822 -0.9168
vn 0.7625 -0.3447 -0.5476
vn 0.5359 -0.6663 0.5185
vn 0.0684 0.0638 0.9956
vn -0.4281 0.6090 0.6677
vn -0.6241 0.5920 -0.5099
vn 0.1166 -0.2251 -0.9673
vn 0.5569 -0.6843 -0.4707
vt 0.534599 0.829665
vt 0.534572 0.819272
vt 0.536937 0.819249
vt 0.537078 0.829632
vt 0.539440 0.819339
vt 0.539506 0.829716
vt 0.542377 0.819320
vt 0.542388 0.829708
vt 0.526909 0.829763
vt 0.526588 0.819328
vt 0.529561 0.819268
vt 0.529791 0.829682
vt 0.532100 0.819333
vt 0.532224 0.829734
vt 0.534488 0.808741
vt 0.536978 0.808755
vt 0.539407 0.808861
vt 0.542288 0.808857
vt 0.526405 0.808663
vt 0.529302 0.808704
vt 0.531981 0.808725
vt 0.534622 0.798281
vt 0.537023 0.798330
vt 0.539369 0.798490
vt 0.542287 0.798697
vt 0.526942 0.798312
vt 0.529877 0.798301
vt 0.532252 0.798258
vt 0.535058 0.785460
vt 0.538163 0.786315
vt 0.540963 0.787870
vt 0.543819 0.788905
vt 0.525990 0.788302
vt 0.528820 0.787468
vt 0.531744 0.786057
vt 0.534279 0.871842
vt 0.534630 0.859749
vt 0.536933 0.859746
vt 0.537418 0.871277
vt 0.539141 0.859701
vt 0.540187 0.869929
vt 0.541904 0.859634
vt 0.542868 0.869123
vt 0.525990 0.868560
vt 0.527480 0.859291
vt 0.530230 0.859547
vt 0.528691 0.869551
vt 0.532409 0.859702
vt 0.531338 0.871029
vt 0.534877 0.849903
vt 0.537097 0.849924
vt 0.539666 0.849956
vt 0.542426 0.850008
vt 0.527499 0.849848
vt 0.530224 0.849830
vt 0.532567 0.849925
vt 0.534783 0.839847
vt 0.537141 0.839846
vt 0.539557 0.839926
vt 0.542412 0.839977
vt 0.527215 0.839987
vt 0.530037 0.839853
vt 0.532434 0.839911
s 1
usemtl cabin_details
f 1239/922/746 1245/923/752 1246/924/753 1240/925/747
f 1240/925/747 1246/924/753 1247/926/754 1241/927/748
f 1241/927/748 1247/926/754 1248/928/755 1242/929/749
f 1242/930/749 1248/931/755 1249/932/756 1243/933/750
f 1243/933/750 1249/932/756 1250/934/757 1244/935/751
f 1244/935/751 1250/934/757 1245/923/752 1239/922/746
f 1245/923/752 1251/936/758 1252/937/759 1246/924/753
f 1246/924/753 1252/937/759 1253/938/760 1247/926/754
f 1247/926/754 1253/938/760 1254/939/761 1248/928/755
f 1248/931/755 1254/940/761 1255/941/762 1249/932/756
f 1249/932/756 1255/941/762 1256/942/763 1250/934/757
f 1250/934/757 1256/942/763 1251/936/758 1245/923/752
f 1251/936/758 1257/943/764 1258/944/765 1252/937/759
f 1252/937/759 1258/944/765 1259/945/766 1253/938/760
f 1253/938/760 1259/945/766 1260/946/767 1254/939/761
f 1254/940/761 1260/947/767 1261/948/768 1255/941/762
f 1255/941/762 1261/948/768 1262/949/769 1256/942/763
f 1256/942/763 1262/949/769 1257/943/764 1251/936/758
f 1257/943/764 1263/950/770 1264/951/771 1258/944/765
f 1258/944/765 1264/951/771 1265/952/772 1259/945/766
f 1259/945/766 1265/952/772 1266/953/773 1260/946/767
f 1260/947/767 1266/954/773 1267/955/774 1261/948/768
f 1261/948/768 1267/955/774 1268/956/775 1262/949/769
f 1262/949/769 1268/956/775 1263/950/770 1257/943/764
f 1263/957/770 1269/958/776 1270/959/777 1264/960/771
f 1264/960/771 1270/959/777 1271/961/778 1265/962/772
f 1265/962/772 1271/961/778 1272/963/779 1266/964/773
f 1266/965/773 1272/966/779 1273/967/780 1267/968/774
f 1267/968/774 1273/967/780 1274/969/781 1268/970/775
f 1268/970/775 1274/969/781 1269/958/776 1263/957/770
f 1269/958/776 1275/971/782 1276/972/783 1270/959/777
f 1270/959/777 1276/972/783 1277/973/784 1271/961/778
f 1271/961/778 1277/973/784 1278/974/785 1272/963/779
f 1272/966/779 1278/975/785 1279/976/786 1273/967/780
f 1273/967/780 1279/976/786 1280/977/787 1274/969/781
f 1274/969/781 1280/977/787 1275/971/782 1269/958/776
f 1275/971/782 1281/978/788 1282/979/789 1276/972/783
f 1276/972/783 1282/979/789 1283/980/790 1277/973/784
f 1277/973/784 1283/980/790 1284/981/791 1278/974/785
f 1278/975/785 1284/982/791 1285/983/792 1279/976/786
f 1279/976/786 1285/983/792 1286/984/793 1280/977/787
f 1280/977/787 1286/984/793 1281/978/788 1275/971/782
f 1281/978/788 1239/922/746 1240/925/747 1282/979/789
f 1282/979/789 1240/925/747 1241/927/748 1283/980/790
f 1283/980/790 1241/927/748 1242/929/749 1284/981/791
f 1284/982/791 1242/930/749 1243/933/750 1285/983/792
f 1285/983/792 1243/933/750 1244/935/751 1286/984/793
f 1286/984/793 1244/935/751 1239/922/746 1281/978/788
f 1287/922/794 1288/925/795 1294/924/801 1293/923/800
f 1288/925/795 1289/927/796 1295/926/802 1294/924/801
f 1289/927/796 1290/929/797 1296/928/803 1295/926/802
f 1290/930/797 1291/933/798 1297/932/804 1296/931/803
f 1291/933/798 1292/935/799 1298/934/805 1297/932/804
f 1292/935/799 1287/922/794 1293/923/800 1298/934/805
f 1293/923/800 1294/924/801 1300/937/807 1299/936/806
f 1294/924/801 1295/926/802 1301/938/808 1300/937/807
f 1295/926/802 1296/928/803 1302/939/809 1301/938/808
f 1296/931/803 1297/932/804 1303/941/810 1302/940/809
f 1297/932/804 1298/934/805 1304/942/811 1303/941/810
f 1298/934/805 1293/923/800 1299/936/806 1304/942/811
f 1299/936/806 1300/937/807 1306/944/813 1305/943/812
f 1300/937/807 1301/938/808 1307/945/814 1306/944/813
f 1301/938/808 1302/939/809 1308/946/815 1307/945/814
f 1302/940/809 1303/941/810 1309/948/816 1308/947/815
f 1303/941/810 1304/942/811 1310/949/817 1309/948/816
f 1304/942/811 1299/936/806 1305/943/812 1310/949/817
f 1305/943/812 1306/944/813 1312/951/819 1311/950/818
f 1306/944/813 1307/945/814 1313/952/820 1312/951/819
f 1307/945/814 1308/946/815 1314/953/821 1313/952/820
f 1308/947/815 1309/948/816 1315/955/822 1314/954/821
f 1309/948/816 1310/949/817 1316/956/823 1315/955/822
f 1310/949/817 1305/943/812 1311/950/818 1316/956/823
f 1311/957/818 1312/960/819 1318/959/825 1317/958/824
f 1312/960/819 1313/962/820 1319/961/826 1318/959/825
f 1313/962/820 1314/964/821 1320/963/827 1319/961/826
f 1314/965/821 1315/968/822 1321/967/828 1320/966/827
f 1315/968/822 1316/970/823 1322/969/829 1321/967/828
f 1316/970/823 1311/957/818 1317/958/824 1322/969/829
f 1317/958/824 1318/959/825 1324/972/831 1323/971/830
f 1318/959/825 1319/961/826 1325/973/832 1324/972/831
f 1319/961/826 1320/963/827 1326/974/833 1325/973/832
f 1320/966/827 1321/967/828 1327/976/834 1326/975/833
f 1321/967/828 1322/969/829 1328/977/835 1327/976/834
f 1322/969/829 1317/958/824 1323/971/830 1328/977/835
f 1323/971/830 1324/972/831 1330/979/837 1329/978/836
f 1324/972/831 1325/973/832 1331/980/838 1330/979/837
f 1325/973/832 1326/974/833 1332/981/839 1331/980/838
f 1326/975/833 1327/976/834 1333/983/840 1332/982/839
f 1327/976/834 1328/977/835 1334/984/841 1333/983/840
f 1328/977/835 1323/971/830 1329/978/836 1334/984/841
f 1329/978/836 1330/979/837 1288/925/795 1287/922/794
f 1330/979/837 1331/980/838 1289/927/796 1288/925/795
f 1331/980/838 1332/981/839 1290/929/797 1289/927/796
f 1332/982/839 1333/983/840 1291/933/798 1290/930/797
f 1333/983/840 1334/984/841 1292/935/799 1291/933/798
f 1334/984/841 1329/978/836 1287/922/794 1292/935/799
o Plane.001
v -0.154592 2.396030 1.582666
v -0.095504 2.396030 1.555704
v -0.165954 2.367793 1.557766
v -0.106866 2.367793 1.530804
v -0.177773 2.340065 1.592446
v -0.137539 2.388201 1.575641
v -0.196628 2.343849 1.558145
v -0.156394 2.391986 1.541340
v -0.196719 2.319043 1.621564
v -0.186149 2.361665 1.573710
v -0.169070 2.295407 1.606619
v -0.158501 2.338030 1.558765
v -0.212666 2.282467 1.633824
v -0.188110 2.312531 1.581752
v -0.187854 2.302321 1.656988
v -0.163297 2.332386 1.604916
v -0.200920 2.313009 1.693145
v -0.206515 2.313590 1.628440
v -0.174643 2.283862 1.690611
v -0.180238 2.284443 1.625906
v -0.177221 2.335936 1.722530
v -0.185382 2.305957 1.665495
v -0.202753 2.311121 1.739227
v -0.210914 2.281142 1.682192
v -0.180544 2.325169 1.777638
v -0.189224 2.298490 1.719061
v -0.188544 2.360642 1.762668
v -0.197223 2.333963 1.704091
v -0.155922 2.380256 1.787673
v -0.173435 2.335153 1.744343
v -0.191989 2.379236 1.803311
v -0.209502 2.334133 1.759982
v -0.131466 2.406616 1.783102
v -0.182197 2.369124 1.767640
v -0.139675 2.401979 1.821280
v -0.190406 2.364487 1.805818
v -0.092527 2.408238 1.804210
v -0.151582 2.381869 1.810169
v -0.108648 2.444090 1.803109
v -0.167702 2.417720 1.809068
v 0.154592 2.396030 1.582666
v 0.095504 2.396030 1.555704
v 0.165954 2.367793 1.557766
v 0.106866 2.367793 1.530805
v 0.177773 2.340065 1.592446
v 0.137539 2.388202 1.575641
v 0.196628 2.343850 1.558145
v 0.156394 2.391986 1.541340
v 0.196719 2.319043 1.621564
v 0.186149 2.361665 1.573710
v 0.169070 2.295408 1.606619
v 0.158501 2.338030 1.558765
v 0.212666 2.282467 1.633824
v 0.188110 2.312531 1.581752
v 0.187854 2.302321 1.656988
v 0.163297 2.332386 1.604916
v 0.200920 2.313009 1.693145
v 0.206515 2.313590 1.628440
v 0.174643 2.283862 1.690611
v 0.180238 2.284443 1.625906
v 0.177221 2.335936 1.722530
v 0.185382 2.305957 1.665495
v 0.202753 2.311121 1.739227
v 0.210914 2.281142 1.682192
v 0.180544 2.325169 1.777638
v 0.189224 2.298491 1.719061
v 0.188544 2.360642 1.762668
v 0.197223 2.333963 1.704091
v 0.155922 2.380256 1.787673
v 0.173435 2.335153 1.744343
v 0.191989 2.379236 1.803312
v 0.209502 2.334133 1.759982
v 0.131466 2.406616 1.783102
v 0.182197 2.369124 1.767640
v 0.139675 2.401979 1.821280
v 0.190406 2.364487 1.805818
v 0.092527 2.408239 1.804210
v 0.151582 2.381869 1.810169
v 0.108648 2.444090 1.803109
v 0.167702 2.417720 1.809068
vn -0.2981 0.6960 -0.6533
vn -0.6216 0.6644 0.4150
vn -0.6922 -0.4562 -0.5592
vn 0.6774 -0.7286 -0.1012
vn -0.7390 -0.6712 0.0579
vn -0.7501 0.6235 -0.2204
vn 0.9699 0.1326 -0.2041
vn -0.2935 0.7191 -0.6299
vn -0.5885 0.8080 -0.0284
vn -0.0723 -0.0631 -0.9954
vn 0.2981 0.6960 -0.6533
vn 0.6216 0.6644 0.4150
vn 0.6922 -0.4562 -0.5592
vn -0.6774 -0.7286 -0.1012
vn 0.7390 -0.6712 0.0579
vn 0.7501 0.6235 -0.2204
vn -0.9699 0.1326 -0.2041
vn 0.2935 0.7191 -0.6299
vn 0.5885 0.8080 -0.0284
vn 0.0723 -0.0631 -0.9954
vt 0.397769 0.654329
vt 0.397769 0.537151
vt 0.468718 0.537151
vt 0.468718 0.654329
s 0
usemtl cabin_details
f 1335/985/842 1336/986/842 1338/987/842 1337/988/842
f 1339/985/843 1340/986/843 1342/987/843 1341/988/843
f 1343/985/844 1344/986/844 1346/987/844 1345/988/844
f 1347/985/845 1348/986/845 1350/987/845 1349/988/845
f 1351/985/846 1352/986/846 1354/987/846 1353/988/846
f 1355/985/847 1356/986/847 1358/987/847 1357/988/847
f 1359/985/848 1360/986/848 1362/987/848 1361/988/848
f 1363/985/849 1364/986/849 1366/987/849 1365/988/849
f 1367/985/850 1368/986/850 1370/987/850 1369/988/850
f 1371/985/851 1372/986/851 1374/987/851 1373/988/851
f 1375/985/852 1377/988/852 1378/987/852 1376/986/852
f 1379/985/853 1381/988/853 1382/987/853 1380/986/853
f 1383/985/854 1385/988/854 1386/987/854 1384/986/854
f 1387/985/855 1389/988/855 1390/987/855 1388/986/855
f 1391/985/856 1393/988/856 1394/987/856 1392/986/856
f 1395/985/857 1397/988/857 1398/987/857 1396/986/857
f 1399/985/858 1401/988/858 1402/987/858 1400/986/858
f 1403/985/859 1405/988/859 1406/987/859 1404/986/859
f 1407/985/860 1409/988/860 1410/987/860 1408/986/860
f 1411/985/861 1413/988/861 1414/987/861 1412/986/861
