# Blender 5.2.0 LTS
# www.blender.org
mtllib tree_basic3.mtl
o Tree_0.032
v -0.162302 0.626762 0.563181
v -0.313429 0.628293 0.518798
v -0.427180 -0.003160 0.625169
v -0.268430 -0.003168 0.754514
v -0.006396 0.627051 0.506113
v -0.054920 -0.003189 0.708746
v 0.114091 0.628381 0.495618
v 0.114756 -0.003199 0.627643
v 0.263526 0.629003 0.551833
v 0.289610 -0.003200 0.643479
v 0.423805 0.628190 0.529629
v 0.509159 -0.003197 0.650065
v 0.488221 0.626432 0.380637
v 0.654314 -0.003198 0.508075
v 0.476913 0.626970 0.222439
v 0.652578 -0.003202 0.288441
v 0.522962 0.628683 0.110354
v 0.640603 -0.003203 0.113298
v 0.622246 0.628944 -0.023633
v 0.725419 -0.003196 -0.054499
v 0.619412 0.627665 -0.180676
v 0.775817 -0.003176 -0.266880
v 0.477788 0.625768 -0.269726
v 0.649972 -0.003168 -0.428401
v 0.334406 0.626813 -0.306180
v 0.438202 -0.003176 -0.476926
v 0.247018 0.623140 -0.402707
v 0.282053 -0.003173 -0.534054
v 0.134204 0.613959 -0.536256
v 0.142704 -0.003147 -0.678831
v -0.027438 0.596070 -0.552129
v -0.053892 -0.003118 -0.764340
v -0.150417 0.580978 -0.431171
v -0.233344 -0.003122 -0.657676
v -0.228841 0.581546 -0.319266
v -0.332286 -0.003143 -0.471453
v -0.354935 0.593540 -0.274692
v -0.448611 -0.003144 -0.357636
v -0.493959 0.617736 -0.192486
v -0.637038 -0.003122 -0.262760
v -0.516162 0.625007 -0.038626
v -0.747715 -0.003111 -0.085748
v -0.420415 0.626963 0.101687
v -0.666478 -0.003139 0.112576
v -0.354261 0.627544 0.210006
v -0.524728 -0.003164 0.254989
v -0.360999 0.628927 0.359201
v -0.471030 -0.003167 0.412353
v -0.313429 0.628293 0.518798
v -0.427180 -0.003160 0.625169
v -0.259684 1.750071 0.468738
v -0.117300 1.749762 0.512809
v 0.022193 1.749557 0.480940
v 0.138729 1.749367 0.473809
v 0.268499 1.749083 0.505523
v 0.398518 1.748877 0.478835
v 0.460546 1.748933 0.361493
v 0.465173 1.749117 0.232941
v 0.502109 1.749195 0.133190
v 0.569339 1.749239 0.018065
v 0.562176 1.749452 -0.112210
v 0.455187 1.749779 -0.194650
v 0.340270 1.750057 -0.236631
v 0.261245 1.750327 -0.313035
v 0.164341 1.750671 -0.408772
v 0.035288 1.750941 -0.419013
v -0.080024 1.750994 -0.329637
v -0.175786 1.750997 -0.241951
v -0.299331 1.751137 -0.195920
v -0.431617 1.751258 -0.123272
v -0.478130 1.751115 0.002285
v -0.423796 1.750793 0.121664
v -0.365408 1.750544 0.219133
v -0.337985 1.750351 0.341900
v -0.259684 1.750071 0.468738
v -0.117625 3.065904 0.471932
v -0.008050 3.067809 0.519133
v 0.110048 3.069389 0.512008
v 0.212696 3.069417 0.509605
v 0.323757 3.068797 0.520924
v 0.433821 3.069139 0.487023
v 0.494423 3.069421 0.387124
v 0.519920 3.074983 0.264842
v 0.562276 3.084046 0.154852
v 0.616743 3.093172 0.034231
v 0.622632 3.107377 -0.102755
v 0.566299 3.126781 -0.216366
v 0.492278 3.140047 -0.293086
v 0.422873 3.143936 -0.370242
v 0.329879 3.141942 -0.440801
v 0.207603 3.136339 -0.438916
v 0.092829 3.125105 -0.353400
v -0.008816 3.109966 -0.251175
v -0.127895 3.090637 -0.164592
v -0.238693 3.072396 -0.064480
v -0.273153 3.065509 0.057861
v -0.234825 3.065751 0.169232
v -0.194416 3.066747 0.263273
v -0.172537 3.066114 0.369007
v -0.117625 3.065904 0.471932
v 0.409944 5.344687 0.801891
v 0.501385 5.346854 0.850045
v 0.600742 5.347417 0.863968
v 0.695427 5.346329 0.864570
v 0.791781 5.345095 0.856133
v 0.880861 5.343701 0.816268
v 0.942734 5.344595 0.740582
v 0.975929 5.342041 0.650202
v 0.999826 5.335902 0.559173
v 1.014940 5.332237 0.463519
v 0.996123 5.333848 0.367214
v 0.937509 5.335990 0.288405
v 0.862459 5.337175 0.229326
v 0.784050 5.337471 0.175774
v 0.694165 5.338125 0.133839
v 0.594489 5.339055 0.129321
v 0.503381 5.339722 0.165885
v 0.425545 5.340422 0.218761
v 0.351657 5.340876 0.276633
v 0.290317 5.340705 0.352171
v 0.266444 5.341699 0.447402
v 0.281808 5.343524 0.544090
v 0.310934 5.343413 0.632855
v 0.347632 5.343489 0.721540
v 0.409944 5.344687 0.801891
v 1.382044 12.696071 0.869831
v 1.419953 12.689932 0.899676
v 1.449248 12.688386 0.939145
v 1.457916 12.694246 0.986898
v 1.449383 12.699331 1.034198
v 1.435900 12.702833 1.078751
v 1.418186 12.704941 1.123323
v 1.386620 12.705736 1.160948
v 1.341722 12.705872 1.180844
v 1.294093 12.706074 1.185681
v 1.247565 12.706286 1.186184
v 1.199591 12.706526 1.180704
v 1.155870 12.706808 1.158249
v 1.155870 12.706808 1.158249
v 1.126199 12.707089 1.119171
v 1.108419 12.707335 1.075143
v 1.093929 12.707565 1.030671
v 1.086720 12.707777 0.982508
v 1.098879 12.707902 0.934812
v 1.129540 12.707908 0.896759
v 1.166347 12.707838 0.867455
v 1.204917 12.707752 0.840489
v 1.249957 12.706832 0.821563
v 1.298971 12.704367 0.823011
v 1.343127 12.700765 0.843297
v 1.595555 11.339130 1.399252
v 1.806852 9.839918 1.591004
v 1.544433 8.122090 1.443295
v 1.621670 8.121581 1.409969
v 1.870434 9.839751 1.562745
v 1.648415 11.338978 1.375812
v 1.387903 11.341833 1.029311
v 1.557950 9.842944 1.146507
v 1.165251 8.122717 0.877630
v 1.107888 8.122566 0.929418
v 1.506018 9.842983 1.188242
v 1.345142 11.341715 1.064278
v 1.706413 11.334929 1.278984
v 1.940830 9.833647 1.446635
v 1.696808 8.109521 1.267965
v 1.713195 8.102561 1.189571
v 1.960253 9.826519 1.383715
v 1.722700 11.329931 1.226835
v 1.634402 8.108562 0.948924
v 1.918035 9.808023 1.192620
v 1.688368 11.316817 1.068673
v 1.643187 11.325349 1.033106
v 1.864539 9.819757 1.150507
v 1.559183 8.115709 0.894140
v 1.482538 8.121130 0.844426
v 1.809329 9.828855 1.112862
v 1.596851 11.331924 1.001463
v 1.228833 8.122657 0.830967
v 1.612413 9.842859 1.108110
v 1.432977 11.341869 0.997282
v 1.672625 8.116018 1.345632
v 1.915259 9.838114 1.509464
v 1.685316 11.337968 1.331289
v 1.213150 8.123084 1.398591
v 1.543293 9.841306 1.558903
v 1.376408 11.340329 1.372423
v 1.544212 11.337074 0.977070
v 1.746356 9.836009 1.083809
v 1.398424 8.122784 0.805829
v 1.308104 8.122854 0.800073
v 1.676427 9.841002 1.081407
v 1.486034 11.340612 0.975006
v 1.309160 11.341667 1.109190
v 1.462598 9.842920 1.242223
v 1.064232 8.122644 0.997402
v 1.053566 8.122749 1.082496
v 1.445357 9.842721 1.309835
v 1.294800 11.341525 1.165326
v 1.733140 11.322787 1.171440
v 1.972311 9.816475 1.316629
v 1.719798 8.095835 1.105423
v 1.695466 8.101441 1.020267
v 1.959643 9.805077 1.248634
v 1.723207 11.314633 1.115420
v 1.303289 11.341274 1.222044
v 1.455492 9.842423 1.378044
v 1.076050 8.123230 1.168745
v 1.110742 8.123268 1.248474
v 1.475972 9.842096 1.441042
v 1.320392 11.340994 1.274446
v 1.152154 8.123140 1.327824
v 1.501200 9.841727 1.503478
v 1.341377 11.340692 1.326333
v 1.376408 11.340329 1.372423
v 1.543293 9.841306 1.558903
v 1.213150 8.123084 1.398591
v 1.293979 8.122986 1.439510
v 1.605335 9.840881 1.590783
v 1.428010 11.339963 1.398957
v 1.484538 11.339666 1.405436
v 1.673360 9.840530 1.598564
v 1.378411 8.122847 1.450057
v 1.460160 8.122472 1.450236
v 1.739352 9.840218 1.597876
v 1.539364 11.339407 1.404869
v 0.471607 4.134741 0.700860
v 0.640311 4.105068 0.016259
v -0.060374 4.100129 0.087256
v 0.574921 4.133789 0.701991
v 0.561415 4.107897 -0.049536
v -0.082326 4.102395 0.192789
v 0.668671 4.131666 0.660538
v 0.489162 4.109266 -0.117038
v -0.043283 4.108679 0.304431
v 0.717004 4.129593 0.563152
v 0.399093 4.107577 -0.175851
v 0.007033 4.114238 0.407855
v 0.726386 4.123917 0.449608
v 0.291098 4.106873 -0.181140
v 0.050859 4.117694 0.516475
v 0.126241 4.122867 0.621277
v 0.734241 4.114228 0.340733
v 0.190425 4.105416 -0.122717
v 0.126241 4.122867 0.621277
v 0.368352 4.133680 0.698158
v 0.711609 4.102711 0.106409
v 0.016110 4.101127 0.011284
v 0.245676 4.129282 0.683811
v 0.741301 4.105399 0.223063
v 0.104781 4.103014 -0.050301
v 0.405188 2.350277 0.474309
v 0.294073 2.360992 -0.298168
v -0.299388 2.352759 0.142495
v 0.467742 2.350349 0.367196
v 0.198794 2.361261 -0.380188
v -0.250872 2.352459 0.238028
v 0.480256 2.350582 0.248236
v 0.074421 2.359765 -0.385061
v -0.230806 2.352168 0.352108
v -0.173272 2.351776 0.466533
v 0.514822 2.350683 0.150849
v -0.029448 2.357248 -0.302716
v -0.173272 2.351776 0.466533
v -0.057498 2.351403 0.510486
v 0.569964 2.351032 0.039764
v -0.109208 2.354624 -0.217292
v 0.063975 2.351164 0.489000
v 0.562826 2.353175 -0.086202
v -0.212951 2.353183 -0.164447
v 0.284857 2.350546 0.504377
v 0.372339 2.360283 -0.226743
v -0.350628 2.353096 0.028273
v 0.167155 2.350917 0.483097
v 0.473536 2.357363 -0.175419
v -0.319774 2.353264 -0.090457
v 0.457596 1.164949 0.359177
v 0.139481 1.147943 -0.452885
v -0.315442 1.166010 0.209896
v -0.254049 1.165705 0.477122
v -0.120383 1.165498 0.519965
v 0.573107 1.165151 0.000058
v -0.188571 1.121035 -0.271671
v 0.454509 1.165076 0.221457
v -0.005045 1.130119 -0.468473
v -0.308302 1.165888 0.339963
v 0.016716 1.165362 0.477257
v 0.568808 1.165293 -0.137883
v -0.301309 1.127293 -0.226991
v 0.125541 1.165238 0.468182
v 0.450398 1.165509 -0.220820
v -0.421790 1.148478 -0.150498
v 0.256894 1.165048 0.509683
v 0.326106 1.165690 -0.258495
v -0.447291 1.162624 -0.014476
v 0.493704 1.165125 0.119550
v -0.114564 1.121296 -0.368091
v -0.254049 1.165705 0.477122
v 0.396175 1.164909 0.486338
v 0.244381 1.160539 -0.341460
v -0.373170 1.166047 0.111044
v 1.282738 6.997923 1.231465
v 0.927330 7.000474 0.639048
v 1.455720 6.987889 1.044401
v 1.336594 6.988987 0.650086
v 1.175652 6.996100 0.559641
v 0.809027 7.000728 0.765769
v 1.488178 6.975173 0.870436
v 0.807717 7.001390 0.946115
v 0.933750 7.000766 1.186494
v 1.105902 7.000649 1.239509
v 1.367066 6.994471 1.195928
v 0.862033 7.000655 0.694189
v 1.477500 6.982840 0.960760
v 1.409848 6.984524 0.706113
v 1.261092 6.992445 0.599399
v 0.997235 7.000225 0.588697
v 1.424946 6.991488 1.126984
v 0.933750 7.000766 1.186494
v 1.081690 6.999611 0.554704
v 0.790452 7.000873 0.855367
v 1.467904 6.979283 0.780312
v 0.838087 7.001168 1.029721
v 0.875047 7.000881 1.112662
v 1.016704 7.000753 1.229034
v 1.192373 7.000216 1.238832
v 0.472908 0.895691 0.369907
v 0.127558 0.862342 -0.498387
v -0.334852 0.896777 0.209951
v -0.283739 0.896999 0.497960
v -0.141343 0.896130 0.541573
v 0.597676 0.897047 -0.011788
v -0.226022 0.816585 -0.302585
v 0.465711 0.896023 0.221948
v -0.030265 0.834988 -0.516064
v -0.334650 0.897408 0.349582
v 0.005160 0.896207 0.491685
v 0.594110 0.896479 -0.159280
v -0.342892 0.830814 -0.256912
v 0.119816 0.896810 0.481900
v 0.464093 0.895639 -0.245273
v -0.466427 0.865966 -0.175007
v 0.260210 0.897026 0.530758
v 0.329010 0.893755 -0.282850
v -0.485667 0.885917 -0.028171
v 0.508333 0.896904 0.114952
v -0.149934 0.816176 -0.406800
v -0.283739 0.896999 0.497960
v 0.409990 0.896550 0.507984
v 0.240187 0.880791 -0.374349
v -0.398379 0.893326 0.105714
v 0.459071 1.456941 0.360335
v 0.156442 1.458387 -0.428967
v -0.340425 1.458277 0.214515
v -0.256866 1.457888 0.472930
v -0.118841 1.457630 0.516387
v 0.571223 1.457195 0.009062
v -0.171244 1.457930 -0.252318
v 0.459841 1.457096 0.227199
v 0.024111 1.458547 -0.440049
v -0.323143 1.458119 0.340932
v 0.019455 1.457459 0.479099
v 0.565492 1.457373 -0.125047
v -0.290629 1.458637 -0.207473
v 0.132135 1.457302 0.470996
v 0.452793 1.457644 -0.207735
v -0.422208 1.458878 -0.135037
v 0.262696 1.457066 0.507604
v 0.333188 1.457873 -0.247563
v -0.461768 1.458758 -0.005708
v 0.497906 1.457160 0.126370
v -0.086382 1.458014 -0.344380
v -0.256866 1.457888 0.472930
v 0.397346 1.456893 0.482586
v 0.254142 1.458098 -0.326701
v -0.398451 1.458485 0.116367
v 0.401853 2.049575 0.476572
v 0.277659 2.055660 -0.305601
v -0.361592 2.051776 0.132080
v 0.464144 2.049641 0.364345
v 0.181568 2.055966 -0.394480
v -0.308140 2.051502 0.228581
v 0.472714 2.049850 0.240589
v 0.054855 2.055353 -0.402037
v -0.284396 2.051260 0.347004
v -0.216478 2.050923 0.467636
v 0.508465 2.049939 0.142019
v -0.054736 2.054121 -0.316177
v -0.216478 2.050923 0.467636
v -0.087399 2.050582 0.511647
v 0.569651 2.050136 0.028915
v -0.142497 2.052811 -0.229621
v 0.043084 2.050359 0.484970
v 0.562501 2.051314 -0.099206
v -0.256141 2.052160 -0.180184
v 0.276678 2.049812 0.504950
v 0.356305 2.055170 -0.231687
v -0.414379 2.052105 0.015279
v 0.152942 2.050140 0.478453
v 0.464362 2.053571 -0.185035
v -0.375696 2.052261 -0.106864
v 0.412994 2.677355 0.475555
v 0.344333 2.716325 -0.332849
v -0.272643 2.676356 0.151518
v 0.474466 2.677369 0.371966
v 0.249935 2.715342 -0.408313
v -0.228269 2.676815 0.246235
v 0.493273 2.679699 0.251190
v 0.126872 2.711471 -0.409609
v -0.207300 2.676465 0.356140
v -0.151106 2.676243 0.464792
v 0.531484 2.683730 0.147305
v 0.018343 2.704740 -0.326068
v -0.151106 2.676243 0.464792
v -0.038636 2.677063 0.510208
v 0.586083 2.687865 0.031291
v -0.069250 2.696427 -0.235322
v 0.080884 2.677849 0.495694
v 0.585157 2.695377 -0.100346
v -0.177097 2.687081 -0.168774
v 0.297923 2.677416 0.507639
v 0.419940 2.714231 -0.260911
v -0.317326 2.676149 0.038800
v 0.183642 2.677837 0.491419
v 0.510337 2.706484 -0.199973
v -0.284806 2.679111 -0.081842
v 0.322002 3.569415 0.589417
v 0.592400 3.587556 -0.121825
v -0.168491 3.554810 -0.003664
v 0.429245 3.568765 0.595685
v 0.520026 3.595804 -0.197719
v -0.197111 3.551955 0.110119
v 0.531294 3.568383 0.558120
v 0.452295 3.598044 -0.274024
v -0.158614 3.555113 0.221478
v 0.585810 3.567587 0.459515
v 0.362461 3.595665 -0.341060
v -0.113371 3.558450 0.320117
v 0.603591 3.567948 0.341870
v 0.247281 3.592620 -0.342811
v -0.080693 3.559490 0.427157
v -0.015756 3.561785 0.530856
v 0.629158 3.567191 0.232801
v 0.137311 3.586534 -0.268172
v -0.015756 3.561785 0.530856
v 0.219054 3.568961 0.589270
v 0.651046 3.576189 -0.014357
v -0.069562 3.565701 -0.096738
v 0.098699 3.566017 0.585684
v 0.660727 3.569972 0.114287
v 0.039510 3.577477 -0.176145
v 0.566208 4.723932 0.769129
v 0.769696 4.703233 0.139361
v 0.096084 4.702437 0.204889
v 0.666065 4.723158 0.765494
v 0.690602 4.705450 0.079814
v 0.073262 4.704197 0.305342
v 0.757404 4.721305 0.724776
v 0.613203 4.706559 0.022088
v 0.100716 4.708548 0.409703
v 0.812437 4.720711 0.638184
v 0.521962 4.706015 -0.026882
v 0.140695 4.711581 0.506000
v 0.833567 4.716330 0.536098
v 0.417973 4.705781 -0.031913
v 0.181066 4.713418 0.604738
v 0.250088 4.716769 0.697452
v 0.849231 4.708096 0.435980
v 0.323652 4.705003 0.013284
v 0.250088 4.716769 0.697452
v 0.467166 4.723717 0.767420
v 0.835664 4.700876 0.222525
v 0.164536 4.703135 0.129633
v 0.355524 4.721263 0.752794
v 0.860077 4.701541 0.329129
v 0.244288 4.703965 0.072686
v 1.057853 6.245258 1.059963
v 0.695964 6.244284 0.444231
v 1.236844 6.239871 0.863800
v 1.120140 6.237488 0.455886
v 0.955161 6.240740 0.362636
v 0.569536 6.244414 0.574562
v 1.272199 6.228062 0.683179
v 0.564859 6.246596 0.760877
v 0.691982 6.246677 1.009997
v 0.873151 6.248363 1.067302
v 1.144671 6.243055 1.022352
v 0.626718 6.244471 0.501010
v 1.259519 6.234046 0.776337
v 1.194352 6.234791 0.513487
v 1.043031 6.239044 0.403646
v 0.769868 6.243728 0.392644
v 1.204645 6.242148 0.950113
v 0.691982 6.246677 1.009997
v 0.858176 6.242609 0.357779
v 0.548372 6.245055 0.667024
v 1.252675 6.231028 0.589981
v 0.594532 6.246135 0.847003
v 0.631369 6.246015 0.932822
v 0.779237 6.247812 1.055389
v 0.964296 6.247159 1.067710
v -0.215366 0.311797 0.658847
v 0.114424 0.312591 0.561631
v 0.563880 0.311300 -0.349064
v -0.562823 0.324150 -0.226524
v 0.571267 0.311617 0.444356
v 0.142142 0.312798 -0.606028
v -0.439495 0.312190 0.232498
v -0.370305 0.312567 0.571983
v 0.673832 0.312874 -0.039066
v -0.269269 0.311838 -0.390718
v 0.276568 0.312902 0.597656
v 0.386304 0.311819 -0.391553
v -0.631665 0.322978 -0.062074
v 0.564746 0.311884 0.255440
v -0.033023 0.311792 -0.655094
v -0.416014 0.312880 0.385777
v -0.030658 0.311931 0.607430
v 0.697614 0.312245 -0.223778
v -0.392987 0.312830 -0.312553
v 0.466482 0.312496 0.589847
v 0.265913 0.312744 -0.467815
v -0.543446 0.311932 0.107131
v 0.581783 0.312740 0.111826
v -0.180650 0.311436 -0.539808
v -0.370305 0.312567 0.571983
v 0.611993 15.170217 0.467682
v 0.617150 15.170066 0.471742
v 0.621188 15.170004 0.477191
v 0.622475 15.170090 0.483866
v 0.621344 15.170173 0.490448
v 0.619475 15.170229 0.496608
v 0.616988 15.170262 0.502745
v 0.612607 15.170280 0.507939
v 0.606396 15.170299 0.510691
v 0.599809 15.170326 0.511361
v 0.593373 15.170357 0.511431
v 0.586736 15.170390 0.510674
v 0.580689 15.170428 0.507568
v 0.580689 15.170428 0.507568
v 0.576585 15.170465 0.502163
v 0.574126 15.170501 0.496073
v 0.572122 15.170531 0.489921
v 0.571125 15.170562 0.483258
v 0.572807 15.170578 0.476660
v 0.577049 15.170578 0.471396
v 0.582141 15.170569 0.467343
v 0.587477 15.170556 0.463612
v 0.593724 15.170522 0.461007
v 0.600530 15.170444 0.461228
v 0.606648 15.170340 0.464042
v 0.878048 13.955378 0.753984
v 0.867561 13.955273 0.794821
v 0.873502 13.955091 0.835919
v 0.901332 13.954686 0.911916
v 0.927038 13.954448 0.945628
v 1.152654 13.952921 0.916277
v 1.168563 13.951307 0.878636
v 1.183957 13.940938 0.762063
v 1.158282 13.942086 0.727786
v 1.124307 13.946494 0.701043
v 1.089950 13.949922 0.677515
v 1.008237 13.954524 0.657436
v 0.968922 13.955248 0.673107
v 0.885858 13.954893 0.873991
v 1.005491 13.954002 0.969455
v 1.045426 13.953819 0.969064
v 1.086606 13.953648 0.965192
v 1.125347 13.953534 0.948336
v 1.181247 13.948729 0.841327
v 1.051181 13.952630 0.659406
v 0.935644 13.955322 0.696054
v 0.904166 13.955380 0.721232
v 1.190084 13.945081 0.801975
v 0.964514 13.954205 0.964874
v 0.927038 13.954448 0.945628
v 0.596210 15.303473 0.487769
vn 0.0013 0.3337 0.9427
vn -0.2064 0.0900 0.9743
vn 0.1370 0.0707 0.9880
vn 0.1433 0.2747 0.9508
vn 0.9602 0.1692 0.2224
vn 0.8216 0.5028 -0.2685
vn 0.6728 0.1098 -0.7316
vn 0.9656 0.1061 0.2376
vn 0.4312 0.3726 -0.8218
vn 0.3825 0.4666 -0.7975
vn 0.6583 0.1014 -0.7459
vn 0.3104 0.1598 -0.9371
vn 0.9505 0.1685 0.2611
vn 0.9972 0.0747 0.0093
vn 0.7108 0.1425 0.6888
vn 0.6158 0.2582 0.7444
vn 0.6270 0.2778 -0.7278
vn 0.7688 0.1229 -0.6276
vn 0.3198 0.2351 -0.9179
vn -0.1658 0.4697 -0.8671
vn -0.4750 0.1750 -0.8624
vn 0.2247 0.1639 -0.9605
vn 0.8181 0.0553 0.5724
vn 0.8679 0.2654 0.4199
vn -0.6455 0.3479 -0.6799
vn -0.7921 0.0988 -0.6023
vn -0.5535 0.3567 -0.7526
vn -0.4756 0.2569 -0.8413
vn -0.4199 0.1140 -0.9004
vn -0.5349 0.1288 -0.8350
vn -0.8077 0.2748 -0.5217
vn -0.8613 0.5041 0.0633
vn -0.8772 0.1335 0.4611
vn -0.8637 0.1828 -0.4697
vn -0.8167 0.3286 0.4744
vn -0.8128 0.1335 0.5670
vn -0.9074 0.3741 0.1914
vn -0.9494 0.2519 0.1876
vn -0.9817 0.1322 0.1373
vn -0.9923 0.1055 0.0644
vn -0.8679 0.3165 0.3827
vn -0.3998 0.1449 0.9051
vn -0.0896 0.2644 0.9602
vn 0.0227 0.0924 0.9955
vn -0.0112 0.2369 0.9715
vn 0.1580 0.1357 0.9781
vn -0.3601 0.1486 0.9210
vn -0.4917 0.2321 0.8393
vn 0.9338 0.3492 0.0780
vn 0.9767 0.1001 0.1896
vn 0.4064 -0.0776 -0.9104
vn 0.6728 0.0734 -0.7362
vn 0.9556 -0.0849 0.2823
vn 0.9912 0.0096 0.1324
vn 0.8912 -0.0094 0.4535
vn 0.8836 -0.0749 0.4621
vn 0.4824 -0.0281 -0.8755
vn 0.4305 0.0318 -0.9020
vn 0.7536 0.0415 -0.6561
vn 0.9054 0.2369 -0.3525
vn -0.4497 0.0743 -0.8901
vn -0.4984 0.0855 -0.8627
vn 0.7106 -0.0139 -0.7034
vn 0.6938 0.0082 -0.7201
vn 0.6273 0.0109 -0.7787
vn 0.6343 -0.0269 -0.7726
vn -0.8789 0.0840 0.4695
vn -0.8981 0.1323 -0.4193
vn -0.5105 0.1004 -0.8540
vn -0.9647 0.2251 0.1367
vn -0.8231 0.0894 0.5609
vn -0.6387 0.0621 -0.7670
vn -0.5277 0.1392 -0.8380
vn -0.6761 0.0737 -0.7332
vn -0.6798 0.1141 -0.7245
vn -0.3506 0.0860 0.9326
vn -0.9748 0.0968 0.2010
vn -0.6804 0.0081 -0.7328
vn -0.7886 -0.0497 -0.6128
vn -0.4088 0.1243 -0.9041
vn -0.3656 0.0542 -0.9292
vn 0.9624 -0.0779 0.2601
vn 0.9288 -0.0692 0.3640
vn 0.9357 -0.1084 0.3358
vn 0.9542 -0.1315 0.2687
vn -0.8776 -0.0901 0.4708
vn -0.8826 0.0383 0.4686
vn -0.9715 0.2327 0.0442
vn -0.9918 -0.0424 -0.1206
vn -0.1058 0.0836 0.9909
vn 0.1168 -0.0268 0.9928
vn 0.0086 -0.0935 0.9956
vn -0.0880 -0.0435 0.9952
vn -0.0671 -0.0609 0.9959
vn 0.1339 -0.1298 0.9825
vn 0.2224 -0.0758 0.9720
vn -0.0713 -0.0899 0.9934
vn 0.9542 -0.1342 0.2673
vn 0.9499 0.0222 0.3117
vn 0.9285 -0.0511 0.3678
vn 0.6564 -0.1303 0.7430
vn 0.7304 0.0142 0.6829
vn 0.9620 0.0770 0.2620
vn -0.4688 0.0238 0.8830
vn -0.4496 0.0411 0.8923
vn 0.5348 -0.0891 -0.8402
vn 0.3140 0.1189 -0.9419
vn 0.6972 -0.0423 -0.7156
vn 0.9735 0.0901 0.2104
vn 0.4886 -0.0054 0.8725
vn 0.6206 -0.2575 0.7406
vn -0.7743 0.0383 -0.6317
vn -0.3666 -0.1228 -0.9222
vn -0.4202 0.1076 -0.9010
vn 0.1454 0.0768 -0.9864
vn 0.4110 0.0160 -0.9115
vn 0.8978 -0.3006 0.3219
vn 0.7116 -0.2151 0.6689
vn -0.2520 -0.1084 0.9616
vn -0.3316 -0.0487 0.9422
vn -0.5882 -0.0409 0.8077
vn -0.5885 -0.0313 0.8079
vn -0.9512 0.1779 0.2520
vn -0.8764 0.1684 0.4512
vn -0.9136 0.1381 0.3825
vn -0.9225 0.0657 0.3803
vn -0.9249 0.0735 0.3731
vn -0.9759 0.1288 0.1761
vn -0.9770 0.2124 -0.0174
vn -0.6690 0.0389 -0.7422
vn -0.6633 0.1351 -0.7360
vn 0.0150 -0.1898 0.9817
vn 0.1057 -0.1946 0.9752
vn -0.0772 -0.1706 0.9823
vn -0.0630 -0.1255 0.9901
vn 0.9654 -0.0024 0.2608
vn 0.9308 -0.2493 -0.2673
vn 0.8987 -0.0217 -0.4379
vn 0.9919 -0.0849 0.0940
vn 0.0716 0.0865 0.9937
vn 0.1201 -0.0591 0.9910
vn 0.1421 -0.0633 0.9878
vn -0.0380 -0.0905 0.9952
vn -0.1823 0.2147 -0.9595
vn -0.4712 0.3149 -0.8239
vn -0.4342 0.3139 -0.8444
vn -0.1034 0.2646 -0.9588
vn 0.2027 0.1043 -0.9737
vn 0.1750 0.2284 -0.9577
vn 0.9748 -0.1534 -0.1622
vn 0.9324 -0.0892 -0.3502
vn 0.9224 -0.1521 -0.3551
vn 0.9316 -0.3533 -0.0852
vn 0.5326 0.1451 0.8338
vn -0.1662 -0.0160 0.9860
vn -0.0896 -0.1105 0.9898
vn -0.1624 0.0448 0.9857
vn -0.0836 0.0502 0.9952
vn -0.3976 0.0491 0.9162
vn -0.3963 0.0267 0.9177
vn -0.9266 0.1634 0.3386
vn -0.9123 0.1212 0.3911
vn -0.9332 0.1274 0.3361
vn -0.6200 0.2849 -0.7311
vn -0.6398 0.2544 -0.7252
vn -0.6166 0.1353 -0.7756
vn -0.6814 0.1541 -0.7155
vn 0.9829 -0.0153 0.1834
vn 0.9920 0.1257 0.0099
vn 0.9663 0.2004 0.1613
vn 0.9578 0.2845 -0.0403
vn 0.9704 0.2138 0.1125
vn 0.9554 0.1923 0.2240
vn 0.1287 0.1512 0.9801
vn 0.2247 0.2409 0.9442
vn 0.1707 0.2080 0.9631
vn 0.0679 0.1199 0.9905
vn 0.9107 0.2293 0.3434
vn 0.9267 0.1950 0.3214
vn -0.6197 -0.1596 -0.7684
vn -0.7051 -0.1091 -0.7006
vn -0.6430 -0.2094 -0.7367
vn -0.5826 -0.2281 -0.7801
vn 0.5799 0.2627 0.7712
vn 0.5277 0.2468 0.8128
vn -0.0548 0.1433 0.9882
vn -0.0469 0.1436 0.9885
vn -0.5536 0.0030 0.8327
vn -0.3401 0.0710 0.9377
vn -0.3493 0.1090 0.9306
vn -0.5502 0.0020 0.8350
vn -0.9291 -0.0774 0.3615
vn -0.8818 0.0628 0.4674
vn -0.9234 -0.0677 0.3779
vn -0.9314 -0.1191 0.3440
vn -0.9538 -0.0791 0.2897
vn -0.9523 -0.1888 0.2398
vn 0.8953 0.1712 -0.4113
vn 0.9285 0.1396 -0.3442
vn -0.9275 -0.1193 -0.3543
vn -0.9938 -0.0968 -0.0538
vn -0.9812 -0.1698 -0.0914
vn -0.8586 -0.2910 -0.4221
vn 0.1456 -0.0490 -0.9881
vn -0.1397 -0.0844 -0.9866
vn -0.1291 -0.1545 -0.9795
vn 0.2462 -0.1434 -0.9585
vn -0.0391 -0.1575 0.9867
vn -0.1676 -0.0424 0.9849
vn 0.5943 0.0467 -0.8029
vn 0.5751 0.0690 -0.8151
vn 0.5933 0.0241 -0.8046
vn 0.6068 0.0143 -0.7947
vn 0.9452 0.0799 0.3164
vn 0.6610 0.0291 -0.7498
vn 0.7276 0.0404 -0.6848
vn -0.8248 -0.0031 -0.5654
vn -0.8987 0.1521 -0.4114
vn -0.5724 -0.0025 -0.8200
vn -0.5438 0.3030 -0.7826
vn -0.5591 0.3192 -0.7652
vn -0.5911 0.0404 -0.8056
vn -0.3003 0.0716 0.9511
vn -0.9062 0.1628 0.3902
vn -0.9388 0.0983 0.3301
vn -0.2736 0.0403 0.9610
vn 0.5076 0.0676 -0.8589
vn 0.5639 0.0585 -0.8238
vn -0.9969 0.0786 0.0100
vn -0.7827 0.2792 -0.5562
vn -0.8983 0.0442 0.4371
vn -0.7784 0.1635 0.6061
vn -0.9082 0.1917 0.3720
vn -0.9246 0.1677 0.3419
vn -0.9575 0.0612 0.2819
vn -0.9308 0.0627 0.3601
vn -0.9308 0.0520 0.3617
vn 0.2024 -0.0220 -0.9791
vn 0.6890 -0.0161 -0.7246
vn 0.3616 -0.1408 -0.9216
vn -0.9439 0.2006 0.2623
vn -0.9518 0.1800 0.2483
vn -0.9642 0.2650 -0.0133
vn -0.9504 0.3060 0.0556
vn 0.3629 0.0931 -0.9272
vn 0.6733 0.1447 -0.7251
vn 0.6628 -0.0300 -0.7482
vn 0.6504 -0.1639 -0.7417
vn 0.7041 0.0208 -0.7098
vn 0.6771 -0.1709 -0.7158
vn -0.8553 0.3878 -0.3436
vn -0.7729 0.3675 -0.5173
vn -0.5974 0.3726 -0.7101
vn -0.6350 0.2632 -0.7263
vn -0.4186 -0.0184 0.9080
vn -0.8730 0.1559 0.4620
vn -0.4506 0.0187 0.8925
vn 0.2158 -0.1135 0.9698
vn -0.0668 -0.1408 0.9878
vn 0.6872 0.1421 -0.7125
vn 0.8279 0.0602 -0.5576
vn 0.7661 -0.0814 -0.6375
vn 0.6383 -0.1307 -0.7586
vn 0.9231 -0.3394 0.1809
vn 0.9611 -0.2581 0.0982
vn -0.9664 0.1379 0.2171
vn -0.8286 0.2469 -0.5024
vn 0.9578 -0.1676 0.2335
vn 0.9530 -0.2245 0.2033
vn 0.5996 -0.2716 0.7528
vn 0.6325 -0.2860 0.7198
vn 0.1877 -0.2894 0.9386
vn 0.2623 -0.2303 0.9371
vn 0.8606 0.1557 0.4848
vn 0.9634 -0.1987 0.1800
vn 0.9068 -0.2899 0.3060
vn 0.8329 -0.3441 0.4335
vn 0.9235 -0.2028 0.3256
vn 0.7725 0.0397 -0.6337
vn 0.7719 0.0536 -0.6334
vn 0.5673 0.0788 -0.8197
vn 0.5956 0.0348 -0.8025
vn -0.4158 0.3322 -0.8466
vn -0.0959 0.3138 -0.9446
vn 0.7813 -0.3499 0.5168
vn 0.6050 -0.3141 0.7316
vn 0.8384 0.2256 0.4962
vn 0.8619 0.2129 0.4602
vn 0.6001 0.0235 -0.7995
vn 0.5970 0.0150 -0.8021
vn -0.4697 -0.2087 -0.8578
vn -0.5043 -0.1511 -0.8502
vn -0.5886 -0.1600 0.7924
vn -0.7696 0.1783 0.6132
vn -0.5832 -0.1485 0.7987
vn 0.5138 -0.0999 -0.8521
vn 0.4101 0.0049 -0.9120
vn 0.2716 0.2384 -0.9324
vn 0.3275 0.1347 -0.9352
vn 0.4643 -0.0088 -0.8856
vn 0.4123 0.0885 -0.9067
vn 0.3445 0.0280 -0.9384
vn 0.4784 -0.0531 -0.8765
vn -0.5182 -0.0943 0.8501
vn -0.4972 -0.0983 0.8621
vn -0.7727 0.0407 0.6335
vn -0.5224 -0.1302 0.8427
vn -0.7564 0.1092 0.6449
vn -0.5438 -0.1543 0.8249
vn -0.9405 0.2439 0.2365
vn -0.9614 0.1534 0.2285
vn -0.9822 0.1869 0.0170
vn -0.9622 0.2680 0.0480
vn -0.9777 0.0342 0.2073
vn -0.9996 0.0267 -0.0091
vn -0.8974 0.2317 -0.3754
vn -0.8600 0.2266 -0.4573
vn -0.7241 0.2213 -0.6533
vn -0.6637 0.3848 -0.6414
vn -0.8689 0.0257 -0.4943
vn -0.7233 0.0137 -0.6905
vn -0.0549 -0.1944 0.9794
vn -0.0516 -0.1312 0.9900
vn -0.2238 -0.0750 0.9718
vn -0.3456 -0.1341 0.9288
vn -0.0425 0.0144 0.9990
vn -0.2051 0.0284 0.9783
vn -0.5697 0.3501 -0.7435
vn -0.5727 0.2709 -0.7737
vn -0.4709 0.2360 -0.8500
vn -0.4800 0.3159 -0.8185
vn -0.5850 0.0631 -0.8086
vn -0.4794 0.0365 -0.8768
vn 0.5771 0.0448 -0.8154
vn 0.5783 0.0338 -0.8151
vn 0.6542 0.0499 -0.7547
vn 0.7513 -0.0339 -0.6590
vn 0.5902 0.0156 -0.8071
vn 0.6744 0.0655 -0.7354
vn 0.9195 -0.3021 0.2515
vn 0.9368 -0.2349 0.2594
vn 0.8380 -0.2549 0.4824
vn 0.8429 -0.3147 0.4365
vn 0.9595 -0.0160 0.2812
vn 0.8631 -0.0233 0.5045
vn 0.6611 0.0142 0.7502
vn 0.6327 -0.2191 0.7428
vn -0.1754 0.0880 -0.9806
vn -0.1808 0.2583 -0.9490
vn 0.8610 -0.1169 -0.4950
vn 0.8790 -0.1357 -0.4571
vn 0.9091 -0.0489 -0.4138
vn -0.1431 0.2136 -0.9664
vn 0.9553 -0.2280 -0.1881
vn 0.9577 -0.2751 -0.0845
vn 0.9931 -0.1100 -0.0394
vn -0.9026 0.1919 0.3854
vn -0.9154 0.1458 0.3753
vn -0.9349 0.0451 0.3522
vn -0.8755 0.2063 0.4370
vn -0.5699 -0.0527 0.8200
vn -0.5690 -0.0357 0.8216
vn -0.5664 0.0006 0.8241
vn -0.0130 -0.1663 0.9860
vn -0.0302 -0.1434 0.9892
vn -0.0193 0.0210 0.9996
vn 0.1510 -0.2445 0.9578
vn 0.5202 -0.2847 0.8052
vn 0.2346 -0.2431 0.9412
vn 0.2675 -0.0520 0.9622
vn 0.9300 -0.3246 0.1724
vn 0.9486 -0.2042 0.2418
vn 0.9637 0.0041 0.2668
vn 0.9685 -0.1956 0.1543
vn 0.9332 -0.2589 0.2492
vn 0.7020 -0.2815 0.6542
vn 0.0886 -0.1526 0.9843
vn 0.9768 -0.1897 0.0998
vn 0.9757 -0.1345 0.1731
vn 0.9699 -0.2413 0.0337
vn 0.7250 -0.0124 -0.6886
vn 0.6410 0.0873 -0.7626
vn -0.0590 -0.1800 0.9819
vn -0.3504 -0.0389 0.9358
vn -0.9067 0.1652 0.3881
vn -0.3794 -0.0316 0.9247
vn -0.8170 0.3737 -0.4391
vn -0.5687 0.2770 -0.7745
vn 0.6423 0.1266 -0.7559
vn 0.4076 0.2579 -0.8760
vn -0.9252 0.1201 0.3599
vn -0.9789 0.1695 0.1143
vn -0.9171 0.1693 0.3609
vn -0.6186 0.2512 -0.7445
vn -0.5817 0.2951 -0.7580
vn -0.5950 0.2467 -0.7650
vn 0.8664 -0.0224 -0.4989
vn 0.9808 0.0508 -0.1883
vn -0.3490 -0.1013 0.9316
vn -0.0449 -0.1276 0.9908
vn -0.3421 0.1770 -0.9228
vn -0.3060 0.3515 -0.8848
vn -0.5795 -0.0359 0.8142
vn -0.5541 -0.0411 0.8314
vn -0.6194 0.0772 -0.7813
vn -0.6296 0.1074 -0.7695
vn -0.6798 0.0828 -0.7287
vn -0.6489 0.1061 -0.7534
vn -0.7253 0.1964 -0.6598
vn -0.9981 0.0507 -0.0339
vn 0.5681 -0.0092 -0.8229
vn 0.8614 0.1019 -0.4977
vn 0.9266 0.1765 -0.3321
vn 0.6668 -0.0816 -0.7408
vn 0.6199 -0.0252 -0.7843
vn 0.4391 -0.1950 -0.8770
vn -0.9383 0.0720 0.3381
vn -0.9538 0.0554 0.2952
vn -0.3329 0.0355 0.9423
vn -0.3387 0.0597 0.9390
vn 0.9676 -0.0980 0.2328
vn 0.9881 -0.0748 0.1346
vn 0.9094 -0.0211 0.4154
vn 0.9043 -0.0511 0.4238
vn -0.5094 0.0714 -0.8576
vn -0.5416 0.1385 -0.8292
vn -0.1504 0.0489 -0.9874
vn -0.2927 0.1468 -0.9449
vn -0.8959 0.1053 0.4316
vn 0.5188 -0.1193 0.8466
vn -0.0842 0.0645 0.9944
vn -0.0236 -0.1211 0.9924
vn -0.0586 -0.0553 0.9968
vn -0.0257 0.0155 0.9995
vn 0.0853 0.0116 0.9963
vn 0.0831 0.0015 0.9965
vn -0.1063 0.1014 0.9891
vn -0.1596 -0.0663 0.9850
vn -0.4256 0.0586 0.9030
vn -0.3970 0.0688 0.9152
vn 0.9263 0.0298 0.3757
vn 0.9800 -0.0633 0.1886
vn 0.9806 -0.0081 0.1961
vn 0.9888 0.0259 0.1466
vn 0.9785 0.0687 0.1945
vn 0.9298 0.0029 0.3680
vn -0.2227 0.1101 0.9687
vn -0.0959 -0.0562 0.9938
vn 0.1523 0.0998 0.9833
vn 0.1899 -0.0528 0.9804
vn 0.6499 0.2391 0.7214
vn 0.9643 -0.1053 0.2431
vn 0.6954 -0.0695 0.7153
vn -0.1202 0.0084 0.9927
vn -0.0082 -0.0801 0.9968
vn -0.3926 0.0767 0.9165
vn -0.3840 0.1262 0.9147
vn -0.0544 -0.0362 0.9979
vn 0.0304 0.1203 0.9923
vn -0.2695 0.2307 -0.9350
vn -0.1459 0.1380 -0.9796
vn -0.6816 0.1134 -0.7229
vn 0.9379 0.0919 0.3346
vn 0.9541 -0.1136 -0.2770
vn 0.4844 0.1291 -0.8652
vn 0.5993 -0.0701 -0.7974
vn -0.9498 -0.0869 0.3004
vn -0.9445 -0.1902 0.2678
vn -0.9050 -0.0967 0.4143
vn -0.9830 0.0287 0.1814
vn -0.8503 -0.0247 0.5258
vn -0.9482 0.2417 0.2059
vn -0.8143 -0.0275 -0.5798
vn -0.4626 0.1457 -0.8745
vn -0.2297 -0.0195 0.9731
vn -0.3300 0.0324 0.9434
vn -0.5583 0.2066 -0.8035
vn 0.3766 0.2331 -0.8966
vn 0.5586 0.2337 -0.7958
vn 0.6957 0.0044 -0.7183
vn 0.9073 -0.3673 0.2045
vn 0.9871 -0.1598 0.0058
vn 0.0030 -0.1728 0.9850
vn 0.2923 -0.3077 0.9055
vn 0.8903 -0.3612 0.2773
vn -0.5734 0.3786 -0.7266
vn -0.6770 0.3133 -0.6660
vn -0.0646 -0.2084 0.9759
vn -0.5737 -0.0509 0.8175
vn -0.2564 -0.1636 0.9526
vn -0.9042 0.2212 0.3654
vn -0.9233 0.2845 0.2581
vn 0.9116 -0.0988 -0.3989
vn -0.8785 0.2687 -0.3949
vn -0.9408 0.3387 -0.0142
vn 0.1527 0.1783 -0.9721
vn 0.6506 -0.0239 -0.7591
vn -0.5684 -0.1750 0.8040
vn -0.4447 0.0844 -0.8917
vn 0.9901 -0.0231 0.1386
vn -0.2535 0.3182 0.9135
vn 0.4203 0.2576 0.8700
vn 0.9504 0.2486 -0.1869
vn 0.9716 0.1763 0.1576
vn -0.7244 0.2484 0.6431
vn -0.7409 0.3077 0.5969
vn 0.8824 0.3049 0.3583
vn -0.9240 0.2078 0.3209
vn -0.1590 0.1354 0.9779
vn 0.2278 0.2160 0.9495
vn -0.5517 0.2240 -0.8034
vn -0.5174 0.2066 -0.8304
vn 0.2801 0.1983 0.9393
vn -0.9672 0.1825 0.1768
vn -0.8789 0.2275 0.4193
vn -0.8635 0.2830 -0.4175
vn -0.7167 0.3513 -0.6024
vn -0.9282 0.3452 -0.1387
vn 0.6514 0.1837 -0.7362
vn 0.5530 0.1932 -0.8105
vn 0.4730 0.3357 -0.8146
vn 0.9588 0.2656 -0.1007
vn 0.0240 0.3372 -0.9411
vn 0.8888 0.1299 0.4394
vn 0.1012 0.2751 -0.9561
vn -0.9034 -0.2701 -0.3331
vn -0.9823 -0.1791 -0.0554
vn -0.6678 -0.4839 -0.5656
vn -0.4629 -0.8785 -0.1185
vn -0.9747 -0.0926 0.2035
vn -0.8087 -0.4177 -0.4142
vn -0.7900 -0.0647 0.6097
vn -0.5125 -0.0589 0.8566
vn -0.6058 -0.3190 0.7288
vn -0.3202 -0.6944 0.6444
vn 0.8123 0.3686 0.4520
vn 0.8676 0.4006 0.2945
vn 0.6201 -0.0864 0.7797
vn 0.7049 -0.5131 0.4897
vn 0.8675 0.2252 -0.4434
vn 0.6855 0.1786 -0.7058
vn 0.9443 -0.2561 -0.2065
vn 0.8575 -0.5144 -0.0093
vn 0.5946 0.0611 -0.8017
vn 0.9172 -0.2801 -0.2833
vn 0.4546 0.1007 -0.8850
vn 0.8650 -0.3125 -0.3927
vn -0.2102 -0.1843 -0.9601
vn -0.4653 -0.2294 -0.8549
vn 0.1715 -0.4787 -0.8610
vn 0.2379 -0.8127 -0.5319
vn -0.9361 -0.1065 0.3353
vn -0.8647 -0.3852 -0.3225
vn -0.0311 0.2505 0.9676
vn 0.0287 0.3279 0.9443
vn -0.5007 -0.1448 0.8534
vn 0.3068 -0.5988 0.7398
vn 0.2127 0.3805 0.9000
vn -0.2822 -0.1194 0.9519
vn 0.5387 0.4173 0.7319
vn 0.1341 -0.0733 0.9883
vn 0.9002 0.3835 0.2063
vn 0.7034 -0.0919 0.7048
vn 0.2099 -0.0039 -0.9777
vn 0.6562 -0.3974 -0.6414
vn -0.6004 -0.2626 -0.7554
vn -0.6919 -0.2167 -0.6887
vn -0.0580 -0.4881 -0.8709
vn -0.0560 -0.9438 -0.3258
vn 0.9422 0.3049 -0.1391
vn 0.8681 -0.4448 0.2202
vn -0.2118 0.1894 0.9588
vn 0.1680 -0.6107 0.7738
vn -0.5455 0.0663 0.8355
vn -0.3410 -0.2173 0.9146
vn -0.2908 -0.9485 0.1257
vt 0.394390 0.509315
vt 0.389302 0.478353
vt 0.403320 0.476996
vt 0.411940 0.508509
vt 0.276880 0.514144
vt 0.255764 0.515288
vt 0.260774 0.482221
vt 0.279611 0.482457
vt 0.235377 0.511352
vt 0.215891 0.504020
vt 0.225010 0.473109
vt 0.241399 0.478163
vt 0.334635 0.517371
vt 0.332322 0.483781
vt 0.351789 0.484128
vt 0.354788 0.517032
vt 0.199943 0.499981
vt 0.210134 0.470855
vt 0.032103 0.043453
vt 0.051744 0.037003
vt 0.058778 0.067243
vt 0.040328 0.072970
vt 0.299373 0.481683
vt 0.297011 0.512975
vt 0.073064 0.037046
vt 0.079389 0.065852
vt 0.092861 0.039032
vt 0.109548 0.037699
vt 0.111323 0.065851
vt 0.095492 0.066445
vt 0.131069 0.035514
vt 0.151244 0.035248
vt 0.149550 0.068526
vt 0.130896 0.066430
vt 0.021777 0.081073
vt 0.012709 0.051942
vt 0.172319 0.040026
vt 0.169048 0.073536
vt 0.190071 0.045695
vt 0.207810 0.048202
vt 0.200641 0.078789
vt 0.183423 0.076859
vt 0.229704 0.051554
vt 0.219671 0.082000
vt 0.375792 0.512846
vt 0.370900 0.481588
vt 0.433982 0.507529
vt 0.422729 0.475867
vt 0.440676 0.472035
vt 0.453553 0.501535
vt 0.313506 0.514148
vt 0.313618 0.481854
vt 0.045933 0.097137
vt 0.028035 0.104496
vt 0.287600 0.399619
vt 0.289126 0.370568
vt 0.304450 0.370815
vt 0.303644 0.399931
vt 0.256083 0.397839
vt 0.258665 0.369577
vt 0.274149 0.370297
vt 0.272117 0.399132
vt 0.112588 0.089309
vt 0.097631 0.089191
vt 0.228810 0.395179
vt 0.232011 0.368122
vt 0.244638 0.368795
vt 0.241644 0.396352
vt 0.147213 0.095311
vt 0.130213 0.091735
vt 0.063401 0.091080
vt 0.179571 0.102289
vt 0.165474 0.099508
vt 0.097153 0.152840
vt 0.098338 0.181849
vt 0.083695 0.182303
vt 0.082729 0.153143
vt 0.213683 0.107240
vt 0.195759 0.104353
vt 0.129154 0.152048
vt 0.129531 0.180396
vt 0.113012 0.181019
vt 0.111838 0.152238
vt 0.318047 0.278348
vt 0.305278 0.277966
vt 0.304441 0.238009
vt 0.318127 0.238750
vt 0.160578 0.154508
vt 0.158211 0.182854
vt 0.143986 0.181098
vt 0.144779 0.153070
vt 0.398659 0.279989
vt 0.384818 0.279492
vt 0.384791 0.240815
vt 0.398392 0.241715
vt 0.372987 0.279140
vt 0.359711 0.278757
vt 0.359938 0.239414
vt 0.372917 0.240167
vt 0.332743 0.238894
vt 0.332131 0.278427
vt 0.331487 0.340819
vt 0.346214 0.340807
vt 0.346760 0.370739
vt 0.331486 0.370827
vt 0.412032 0.242861
vt 0.412623 0.280455
vt 0.231542 0.448656
vt 0.247572 0.452069
vt 0.265382 0.455193
vt 0.282648 0.455658
vt 0.345983 0.278458
vt 0.346465 0.238818
vt 0.082306 0.089022
vt 0.064208 0.278866
vt 0.058536 0.321090
vt 0.044888 0.322868
vt 0.049900 0.280059
vt 0.332595 0.187672
vt 0.345574 0.187355
vt 0.392164 0.067788
vt 0.391034 0.000277
vt 0.402818 0.000148
vt 0.405692 0.067826
vt 0.169488 0.214796
vt 0.157037 0.212827
vt 0.170770 0.184542
vt 0.153971 0.274648
vt 0.152604 0.313372
vt 0.139140 0.312099
vt 0.139962 0.273042
vt 0.080063 0.277217
vt 0.074617 0.319215
vt 0.368238 0.067796
vt 0.368680 0.000649
vt 0.379557 0.000399
vt 0.379492 0.067682
vt 0.290498 0.277436
vt 0.275323 0.276681
vt 0.273415 0.236095
vt 0.289186 0.237208
vt 0.408627 0.396763
vt 0.392108 0.397762
vt 0.390813 0.369543
vt 0.407270 0.368902
vt 0.079489 0.484480
vt 0.091405 0.484000
vt 0.092742 0.552655
vt 0.081439 0.552900
vt 0.070097 0.553402
vt 0.067754 0.485390
vt 0.297461 0.069308
vt 0.284969 0.069254
vt 0.289107 0.000902
vt 0.300589 0.001230
vt 0.347511 0.399942
vt 0.362024 0.370446
vt 0.363357 0.399371
vt 0.379042 0.398532
vt 0.377384 0.370009
vt 0.424475 0.368116
vt 0.425276 0.395568
vt 0.164415 0.364626
vt 0.152096 0.363255
vt 0.164303 0.314612
vt 0.109724 0.363135
vt 0.094362 0.364789
vt 0.090888 0.317154
vt 0.107528 0.314562
vt 0.314643 0.455662
vt 0.332188 0.456569
vt 0.085035 0.831610
vt 0.087897 0.831488
vt 0.084903 0.886820
vt 0.082472 0.886888
vt 0.070838 0.831734
vt 0.073659 0.831661
vt 0.072795 0.886839
vt 0.070394 0.886864
vt 0.082282 0.831673
vt 0.080132 0.886915
vt 0.041552 0.728687
vt 0.038787 0.728621
vt 0.040053 0.673637
vt 0.042401 0.673692
vt 0.076555 0.831644
vt 0.075260 0.886852
vt 0.068098 0.831818
vt 0.068062 0.886898
vt 0.062366 0.832085
vt 0.065256 0.831925
vt 0.065645 0.886946
vt 0.063187 0.887027
vt 0.027410 0.728373
vt 0.024617 0.728308
vt 0.028019 0.673350
vt 0.030390 0.673410
vt 0.030161 0.728435
vt 0.032725 0.673468
vt 0.090815 0.831392
vt 0.087379 0.886768
vt 0.035914 0.728556
vt 0.033022 0.728496
vt 0.035157 0.673526
vt 0.037613 0.673581
vt 0.050086 0.729071
vt 0.047195 0.728872
vt 0.047193 0.673839
vt 0.049650 0.673987
vt 0.382035 0.189645
vt 0.395666 0.190884
vt 0.250561 0.068027
vt 0.256000 0.000149
vt 0.266750 0.000276
vt 0.261522 0.068372
vt 0.331628 0.400066
vt 0.272832 0.068836
vt 0.277715 0.000535
vt 0.125425 0.272763
vt 0.124529 0.312290
vt 0.109357 0.274138
vt 0.102734 0.483640
vt 0.103646 0.552518
vt 0.094675 0.275757
vt 0.199013 0.218715
vt 0.183321 0.216170
vt 0.184862 0.186234
vt 0.201790 0.188576
vt 0.247229 0.339820
vt 0.260764 0.340117
vt 0.138724 0.361890
vt 0.125251 0.361735
vt 0.173496 0.486119
vt 0.170581 0.553678
vt 0.159482 0.553385
vt 0.161333 0.485402
vt 0.178897 0.277347
vt 0.176706 0.315579
vt 0.166020 0.276105
vt 0.053417 0.214707
vt 0.038501 0.216198
vt 0.036858 0.186594
vt 0.052400 0.184561
vt 0.149525 0.484515
vt 0.148651 0.553064
vt 0.137359 0.552513
vt 0.137360 0.483461
vt 0.050791 0.368749
vt 0.038555 0.372011
vt 0.031683 0.324350
vt 0.236266 0.276508
vt 0.234569 0.233106
vt 0.246474 0.233265
vt 0.248283 0.276160
vt 0.125587 0.482999
vt 0.125929 0.552272
vt 0.114568 0.552365
vt 0.113918 0.483244
vt 0.191169 0.367299
vt 0.177224 0.365709
vt 0.190080 0.316919
vt 0.358041 0.187944
vt 0.370308 0.188829
vt 0.250640 0.186535
vt 0.262772 0.187568
vt 0.258789 0.234392
vt 0.260882 0.276035
vt 0.311938 0.001055
vt 0.309725 0.068772
vt 0.142576 0.210553
vt 0.127906 0.209975
vt 0.306028 0.188689
vt 0.318903 0.188241
vt 0.345287 0.068335
vt 0.346009 0.001106
vt 0.357454 0.000950
vt 0.356809 0.068090
vt 0.300966 0.455408
vt 0.321334 0.068143
vt 0.323013 0.000689
vt 0.334432 0.000796
vt 0.333396 0.068060
vt 0.093681 0.831774
vt 0.089819 0.887063
vt 0.118101 0.607908
vt 0.113558 0.607604
vt 0.116349 0.565291
vt 0.121001 0.565676
vt 0.042990 0.955007
vt 0.047669 0.955049
vt 0.047473 0.997750
vt 0.042575 0.997764
vt 0.085734 0.606853
vt 0.081071 0.606758
vt 0.081988 0.564103
vt 0.087002 0.564226
vt 0.077727 0.886894
vt 0.079453 0.831671
vt 0.096419 0.832433
vt 0.092158 0.887556
vt 0.044751 0.673747
vt 0.044319 0.728754
vt 0.006053 0.952927
vt 0.010894 0.953361
vt 0.008970 0.996009
vt 0.003951 0.995488
vt 0.052082 0.674164
vt 0.052947 0.729311
vt 0.052640 0.919366
vt 0.051508 0.866484
vt 0.056023 0.866148
vt 0.057239 0.919466
vt 0.051296 0.789886
vt 0.054757 0.789892
vt 0.025568 0.673279
vt 0.021732 0.728229
vt 0.020432 0.788896
vt 0.016974 0.788506
vt 0.013992 0.865124
vt 0.009403 0.864547
vt 0.021142 0.918223
vt 0.022646 0.866085
vt 0.026976 0.866545
vt 0.025751 0.918491
vt 0.027110 0.789524
vt 0.030573 0.789801
vt 0.030357 0.918703
vt 0.031187 0.866843
vt 0.035174 0.866954
vt 0.034849 0.918864
vt 0.034087 0.789968
vt 0.037583 0.790004
vt 0.067066 0.642333
vt 0.066421 0.694510
vt 0.062179 0.694321
vt 0.062607 0.642232
vt 0.067495 0.770520
vt 0.064082 0.770454
vt 0.039154 0.918995
vt 0.038989 0.866952
vt 0.042889 0.866926
vt 0.043489 0.919117
vt 0.040945 0.789978
vt 0.044303 0.789937
vt 0.111627 0.643006
vt 0.109365 0.695277
vt 0.104747 0.694910
vt 0.107073 0.642607
vt 0.101388 0.770729
vt 0.098057 0.770113
vt 0.089099 0.642315
vt 0.087261 0.694721
vt 0.083137 0.694903
vt 0.084728 0.642380
vt 0.084439 0.770736
vt 0.081067 0.770813
vt 0.077610 0.770770
vt 0.078993 0.694994
vt 0.047791 0.789902
vt 0.047085 0.866783
vt 0.094463 0.887996
vt 0.099121 0.833020
vt 0.104677 0.771238
vt 0.113816 0.695552
vt 0.102390 0.642195
vt 0.100014 0.694550
vt 0.094605 0.769873
vt 0.048030 0.919216
vt 0.097803 0.641891
vt 0.095524 0.694259
vt 0.091131 0.770240
vt 0.016690 0.917991
vt 0.018392 0.865617
vt 0.023794 0.789220
vt 0.012147 0.917757
vt 0.057985 0.642125
vt 0.057684 0.694127
vt 0.060600 0.770423
vt 0.071362 0.642408
vt 0.070522 0.694675
vt 0.070779 0.770591
vt 0.075788 0.642432
vt 0.080276 0.642401
vt 0.074770 0.694844
vt 0.074152 0.770671
vt 0.093363 0.642168
vt 0.091298 0.694495
vt 0.087722 0.770547
vt 0.319807 0.130653
vt 0.332502 0.129951
vt 0.344635 0.129820
vt 0.356021 0.129819
vt 0.307662 0.131792
vt 0.291903 0.188761
vt 0.294463 0.132866
vt 0.267739 0.132816
vt 0.255985 0.132114
vt 0.367523 0.130014
vt 0.186620 0.487052
vt 0.177543 0.423592
vt 0.192147 0.425266
vt 0.125563 0.418721
vt 0.113150 0.419010
vt 0.056158 0.486664
vt 0.050225 0.424704
vt 0.062131 0.422139
vt 0.151243 0.420866
vt 0.137917 0.419334
vt 0.164220 0.422345
vt 0.100766 0.419560
vt 0.087838 0.420058
vt 0.078988 0.365935
vt 0.280859 0.133254
vt 0.277010 0.188583
vt 0.238948 0.186236
vt 0.244721 0.131648
vt 0.392769 0.131303
vt 0.379021 0.130440
vt 0.063803 0.366941
vt 0.074410 0.420671
vt 0.407886 0.132349
vt 0.409960 0.192641
vt 0.097870 0.212083
vt 0.097613 0.242023
vt 0.083938 0.242752
vt 0.083776 0.212603
vt 0.126541 0.240228
vt 0.141059 0.240893
vt 0.261976 0.310439
vt 0.276687 0.310539
vt 0.275712 0.340503
vt 0.234796 0.339550
vt 0.236604 0.310930
vt 0.248823 0.310742
vt 0.035820 0.279694
vt 0.039197 0.245166
vt 0.053828 0.244845
vt 0.181398 0.245967
vt 0.168029 0.244628
vt 0.192928 0.278969
vt 0.196035 0.248041
vt 0.290422 0.340653
vt 0.291429 0.310763
vt 0.305856 0.310961
vt 0.305189 0.340834
vt 0.111963 0.211021
vt 0.111237 0.241047
vt 0.067862 0.213323
vt 0.068407 0.243719
vt 0.155657 0.242906
vt 0.345957 0.310949
vt 0.360244 0.311055
vt 0.360934 0.340736
vt 0.375455 0.340615
vt 0.374005 0.311193
vt 0.385893 0.311271
vt 0.388094 0.340448
vt 0.403403 0.340185
vt 0.400089 0.311334
vt 0.414353 0.311309
vt 0.419095 0.339801
vt 0.331649 0.310933
vt 0.317239 0.340904
vt 0.317828 0.311014
vt 0.316174 0.400079
vt 0.315442 0.429103
vt 0.302523 0.428937
vt 0.385012 0.452749
vt 0.381592 0.426855
vt 0.394305 0.425836
vt 0.398445 0.451500
vt 0.350024 0.456805
vt 0.331822 0.429453
vt 0.348621 0.429407
vt 0.416401 0.450085
vt 0.410976 0.424551
vt 0.427014 0.422702
vt 0.433329 0.447336
vt 0.367710 0.455029
vt 0.365387 0.428340
vt 0.065931 0.153866
vt 0.065566 0.120924
vt 0.083027 0.119659
vt 0.285514 0.428779
vt 0.269178 0.428125
vt 0.252252 0.425958
vt 0.237361 0.423556
vt 0.188248 0.158013
vt 0.173650 0.155925
vt 0.176610 0.127915
vt 0.191691 0.129968
vt 0.163210 0.126114
vt 0.145795 0.123578
vt 0.129114 0.120954
vt 0.111867 0.119398
vt 0.205118 0.159992
vt 0.208602 0.132356
vt 0.097387 0.119658
vt 0.050779 0.155831
vt 0.049031 0.125349
vt 0.216759 0.447282
vt 0.223970 0.422214
vt 0.034681 0.158457
vt 0.031947 0.130399
vt 0.094793 0.606695
vt 0.099419 0.606553
vt 0.071823 0.606720
vt 0.076414 0.606753
vt 0.090324 0.606850
vt 0.038512 0.954924
vt 0.034055 0.954826
vt 0.067359 0.606684
vt 0.057820 0.606499
vt 0.062673 0.606601
vt 0.015526 0.953707
vt 0.020042 0.954016
vt 0.104153 0.606851
vt 0.029419 0.954682
vt 0.024718 0.954409
vt 0.052413 0.955029
vt 0.108929 0.607246
vt 0.057129 0.954936
vt 0.007453 0.917499
vt 0.116073 0.643346
vt 0.067137 0.182977
vt 0.316686 0.370909
vt 0.058922 0.554092
vt 0.182231 0.554092
vt 0.052390 0.997660
vt 0.057239 0.997484
vt 0.018420 0.996775
vt 0.023287 0.997203
vt 0.028219 0.997501
vt 0.033129 0.997635
vt 0.067454 0.564095
vt 0.062478 0.564086
vt 0.037855 0.997716
vt 0.111598 0.564888
vt 0.091952 0.564254
vt 0.106660 0.564516
vt 0.101678 0.564189
vt 0.013753 0.996413
vt 0.057368 0.564054
vt 0.072171 0.564065
vt 0.077036 0.564054
vt 0.096754 0.564143
vt 0.444009 0.539391
vt 0.419621 0.540603
vt 0.313179 0.546728
vt 0.294875 0.544153
vt 0.196330 0.014135
vt 0.175861 0.006265
vt 0.336085 0.550670
vt 0.465967 0.531499
vt 0.380475 0.543964
vt 0.357697 0.549398
vt 0.130945 0.001907
vt 0.108737 0.005754
vt 0.398997 0.540453
vt 0.214570 0.017294
vt 0.239097 0.020617
vt 0.091437 0.006469
vt 0.069017 0.002996
vt 0.153435 0.000148
vt 0.024069 0.012380
vt 0.003318 0.021580
vt 0.229526 0.544539
vt 0.251710 0.547938
vt 0.046193 0.003772
vt 0.275099 0.545711
vt 0.207086 0.535581
vt 0.188997 0.529914
vt 0.039017 0.622100
vt 0.036906 0.622005
vt 0.039957 0.570187
vt 0.040923 0.570289
vt 0.034821 0.621856
vt 0.038422 0.570019
vt 0.030781 0.621638
vt 0.028681 0.621506
vt 0.034581 0.569461
vt 0.035555 0.569552
vt 0.075874 0.938588
vt 0.077926 0.938600
vt 0.075826 0.990540
vt 0.074041 0.990483
vt 0.084107 0.938453
vt 0.086197 0.938676
vt 0.080907 0.990908
vt 0.079873 0.990745
vt 0.088202 0.939067
vt 0.081964 0.991249
vt 0.090181 0.939417
vt 0.083176 0.991571
vt 0.047253 0.622183
vt 0.045153 0.622147
vt 0.044487 0.570250
vt 0.045376 0.570132
vt 0.032815 0.621736
vt 0.037294 0.569963
vt 0.067621 0.938596
vt 0.069616 0.938552
vt 0.071152 0.990553
vt 0.070159 0.990739
vt 0.071667 0.938509
vt 0.072116 0.990523
vt 0.073771 0.938521
vt 0.073048 0.990463
vt 0.079922 0.938573
vt 0.076757 0.990562
vt 0.051456 0.622279
vt 0.049366 0.622245
vt 0.046911 0.569996
vt 0.048160 0.569829
vt 0.043133 0.622126
vt 0.041114 0.622129
vt 0.042135 0.570302
vt 0.043260 0.570232
vt 0.081996 0.938518
vt 0.077813 0.990647
vt 0.065551 0.938608
vt 0.068693 0.990873
vt 0.063446 0.938674
vt 0.067439 0.991048
vt 0.075079 0.996759
vt 0.041490 0.564054
s 1
usemtl Trunk
f 502/1/1 7/2/2 5/3/3 517/4/4
f 509/5/5 518/6/6 21/7/7 19/8/8
f 503/9/9 512/10/10 25/11/11 23/12/12
f 505/13/13 13/14/14 11/15/15 520/16/16
f 512/10/10 521/17/17 27/18/18 25/11/11
f 506/19/19 515/20/20 31/21/21 29/22/22
f 509/5/5 19/8/8 17/23/23 523/24/24
f 515/20/20 524/25/25 33/26/26 31/21/21
f 503/9/9 23/12/12 21/7/7 518/6/6
f 510/27/27 519/28/28 37/29/29 35/30/30
f 504/31/31 513/32/32 41/33/33 39/34/34
f 506/19/19 29/22/22 27/35/18 521/36/17
f 513/32/32 522/37/35 43/38/36 41/33/33
f 507/39/37 516/40/38 47/41/39 45/42/40
f 510/27/27 35/30/30 33/26/26 524/25/25
f 516/40/38 525/43/41 49/44/42 47/41/39
f 502/1/1 511/45/43 9/46/44 7/2/2
f 504/31/31 39/34/34 37/29/29 519/28/28
f 511/45/43 520/16/16 11/15/15 9/46/44
f 501/47/45 1/48/46 2/49/47 508/50/48
f 505/13/13 514/51/49 15/52/50 13/14/14
f 507/39/37 45/42/40 43/38/36 522/37/35
f 514/51/49 523/24/24 17/23/23 15/52/50
f 501/47/45 517/4/4 5/3/3 1/48/46
f 327/53/51 349/54/52 27/35/18 29/22/22
f 356/55/53 60/56/54 59/57/55 370/58/56
f 365/59/57 62/60/58 61/61/59 362/62/60
f 338/63/61 332/64/62 35/30/30 37/29/29
f 374/65/63 64/66/64 63/67/65 368/68/66
f 344/69/67 341/70/68 39/34/34 41/33/33
f 334/71/69 327/53/51 29/22/22 31/21/21
f 328/72/70 350/73/71 43/38/36 45/42/40
f 357/74/72 68/75/73 67/76/74 371/77/75
f 347/78/76 335/79/77 47/41/39 49/44/42
f 366/80/78 70/81/79 69/82/80 363/83/81
f 407/84/82 411/85/83 84/86/84 83/87/85
f 375/88/86 72/89/87 71/90/88 369/91/89
f 414/92/90 417/93/91 78/94/92 77/95/93
f 335/79/77 328/72/70 45/42/40 47/41/39
f 423/96/94 420/97/95 80/98/96 79/99/97
f 407/84/82 83/87/85 82/100/98 404/101/99
f 379/102/100 376/103/101 56/104/102 57/105/103
f 414/92/90 77/95/93 76/106/104 410/107/105
f 343/108/106 340/109/107 23/12/12 25/11/11
f 423/96/94 79/99/97 78/94/92 417/93/91
f 337/110/108 331/111/109 19/8/8 21/7/7
f 401/112/110 81/113/111 80/98/96 420/97/95
f 346/114/112 334/71/69 31/21/21 33/26/26
f 408/115/113 91/116/114 90/117/115 405/118/116
f 435/119/117 432/120/118 81/113/111 82/100/98
f 473/121/119 102/122/120 101/123/121 466/124/122
f 381/125/123 378/126/124 72/89/87 73/127/125
f 403/128/126 97/129/127 96/130/128 422/131/129
f 408/115/113 412/132/130 92/133/131 91/116/114
f 451/134/132 104/135/133 103/136/134 470/137/135
f 415/138/136 418/139/137 86/140/138 85/141/139
f 355/142/140 361/143/141 53/144/142 52/145/143
f 464/146/144 468/147/145 117/148/146 116/149/147
f 464/146/144 116/149/147 115/150/148 461/151/149
f 474/152/150 471/153/151 111/154/152 110/155/153
f 373/156/154 56/104/102 55/157/155 367/158/156
f 364/159/157 367/158/156 55/157/155 54/160/158
f 355/142/140 52/145/143 51/161/159 354/162/160
f 437/163/161 434/164/162 97/129/127 98/165/163
f 447/166/164 450/167/165 93/168/166 94/169/167
f 333/170/168 326/171/169 13/14/14 15/52/50
f 168/172/170 199/173/171 129/174/172 130/175/173
f 225/176/174 151/177/175 134/178/176 135/179/177
f 163/180/178 168/172/170 130/175/173 131/181/179
f 157/182/180 162/183/181 145/184/182 146/185/183
f 151/177/175 156/186/184 133/187/185 134/178/176
f 220/188/186 225/176/174 135/179/177 136/189/187
f 214/190/188 219/191/189 137/192/190 138/193/191
f 210/194/192 213/195/193 140/196/194 141/197/195
f 205/198/196 210/194/192 141/197/195 142/199/197
f 199/173/171 204/200/198 128/201/199 129/174/172
f 193/202/200 198/203/201 143/204/202 144/205/203
f 187/206/204 192/207/205 148/208/206 149/209/207
f 445/210/208 448/211/209 77/95/93 78/94/92
f 458/212/210 114/213/211 113/214/212 455/215/213
f 373/156/154 351/216/214 57/105/103 56/104/102
f 452/217/215 112/218/216 111/154/152 471/153/151
f 425/219/217 95/220/218 94/169/167 419/221/219
f 475/222/220 118/223/221 117/148/146 468/147/145
f 416/224/222 419/221/219 94/169/167 93/168/166
f 415/138/136 85/141/139 84/86/84 411/85/83
f 388/225/223 384/226/224 74/227/225 75/228/226
f 396/229/227 399/230/228 62/60/58 63/67/65
f 431/231/229 428/232/230 95/220/218 96/130/128
f 465/233/231 124/234/232 123/235/233 462/236/234
f 409/237/235 99/238/236 98/165/163 406/239/237
f 380/240/238 377/241/239 64/242/64 65/243/240
f 459/244/241 122/245/242 121/246/243 456/247/244
f 436/248/245 433/249/246 89/250/247 90/117/115
f 402/251/248 89/252/247 88/253/249 421/254/250
f 364/159/157 54/160/158 53/144/142 361/143/141
f 453/255/251 120/256/252 119/257/253 472/258/254
f 444/259/255 440/260/256 99/238/236 100/261/257
f 429/262/258 426/263/259 79/99/97 80/98/96
f 430/264/260 427/265/261 87/266/262 88/253/249
f 424/267/263 87/266/262 86/140/138 418/139/137
f 474/152/150 110/155/153 109/268/264 467/269/265
f 397/270/266 400/271/267 70/81/79 71/90/88
f 442/272/268 438/273/269 83/87/85 84/86/84
f 457/274/270 106/275/271 105/276/272 454/277/273
f 333/170/168 15/52/50 17/23/23 345/278/274
f 416/224/222 93/168/166 92/133/131 412/132/130
f 463/279/275 108/280/276 107/281/277 460/282/278
f 204/200/198 171/283/279 127/284/280 128/201/199
f 490/285/281 479/286/282 113/287/212 114/288/211
f 491/289/283 494/290/284 116/291/147 117/292/146
f 492/293/285 486/294/286 106/295/271 107/296/277
f 163/180/178 131/181/179 132/297/287 183/298/288
f 172/299/289 126/300/290 127/284/280 171/283/279
f 157/182/180 146/185/183 147/301/291 180/302/292
f 220/188/186 136/189/187 137/192/190 219/191/189
f 193/202/200 144/205/203 145/184/182 162/183/181
f 205/198/196 142/199/197 143/204/202 198/203/201
f 493/303/293 498/304/294 124/305/232 125/306/295
f 187/206/204 149/209/207 150/307/296 177/308/297
f 305/309/298 189/310/299 175/311/300 315/312/301
f 189/310/299 188/313/302 176/314/303 175/311/300
f 188/313/302 187/206/204 177/308/297 176/314/303
f 139/315/304 140/196/194 213/195/193 186/316/305
f 186/316/305 213/195/193 212/317/306 185/318/307
f 185/318/307 212/317/306 211/319/308 184/320/309
f 308/321/310 207/322/311 196/323/312 320/324/313
f 207/322/311 206/325/314 197/326/315 196/323/312
f 206/325/314 205/198/196 198/203/201 197/326/315
f 306/327/316 195/328/317 160/329/318 312/330/319
f 195/328/317 194/331/320 161/332/321 160/329/318
f 194/331/320 193/202/200 162/183/181 161/332/321
f 310/333/322 222/334/323 217/335/324 324/336/325
f 222/334/323 221/337/326 218/338/327 217/335/324
f 221/337/326 220/188/186 219/191/189 218/338/327
f 302/339/328 159/340/329 178/341/330 316/342/331
f 159/340/329 158/343/332 179/344/333 178/341/330
f 158/343/332 157/182/180 180/302/292 179/344/333
f 304/345/334 174/346/335 169/347/336 314/348/337
f 174/346/335 173/349/338 170/350/339 169/347/336
f 173/349/338 172/299/289 171/283/279 170/350/339
f 303/351/340 165/352/341 181/353/342 317/354/343
f 165/352/341 164/355/344 182/356/345 181/353/342
f 164/355/344 163/180/178 183/298/288 182/356/345
f 132/297/287 133/187/185 156/186/184 183/298/288
f 183/298/288 156/186/184 155/357/346 182/356/345
f 182/356/345 155/357/346 154/358/347 181/353/342
f 147/301/291 148/208/206 192/207/205 180/302/292
f 180/302/292 192/207/205 191/359/348 179/344/333
f 179/344/333 191/359/348 190/360/349 178/341/330
f 150/361/296 126/300/290 172/299/289 177/362/297
f 177/362/297 172/299/289 173/349/338 176/363/303
f 176/363/303 173/349/338 174/346/335 175/364/300
f 321/365/350 314/348/337 169/347/336 202/366/351
f 202/366/351 169/347/336 170/350/339 203/367/352
f 203/367/352 170/350/339 171/283/279 204/200/198
f 305/309/298 319/368/353 190/360/349 189/310/299
f 189/310/299 190/360/349 191/359/348 188/313/302
f 188/313/302 191/359/348 192/207/205 187/206/204
f 306/327/316 320/324/313 196/323/312 195/328/317
f 195/328/317 196/323/312 197/326/315 194/331/320
f 194/331/320 197/326/315 198/203/201 193/202/200
f 307/369/354 321/365/350 202/366/351 201/370/355
f 201/370/355 202/366/351 203/367/352 200/371/356
f 200/371/356 203/367/352 204/200/198 199/173/171
f 308/321/310 322/372/357 208/373/358 207/322/311
f 207/322/311 208/373/358 209/374/359 206/325/314
f 206/325/314 209/374/359 210/194/192 205/198/196
f 322/372/357 323/375/360 211/319/308 208/373/358
f 208/373/358 211/319/308 212/317/306 209/374/359
f 209/374/359 212/317/306 213/195/193 210/194/192
f 309/376/361 324/336/325 217/335/324 216/377/362
f 216/377/362 217/335/324 218/338/327 215/378/363
f 215/378/363 218/338/327 219/191/189 214/190/188
f 310/333/322 325/379/364 223/380/365 222/334/323
f 222/334/323 223/380/365 224/381/366 221/337/326
f 221/337/326 224/381/366 225/176/174 220/188/186
f 301/382/367 311/383/368 154/358/347 153/384/369
f 153/384/369 154/358/347 155/357/346 152/385/370
f 152/385/370 155/357/346 156/186/184 151/177/175
f 302/339/328 312/330/319 160/329/318 159/340/329
f 159/340/329 160/329/318 161/332/321 158/343/332
f 158/343/332 161/332/321 162/183/181 157/182/180
f 303/351/340 313/386/371 166/387/372 165/352/341
f 165/352/341 166/387/372 167/388/373 164/355/344
f 164/355/344 167/388/373 168/172/170 163/180/178
f 325/379/364 301/382/367 153/384/369 223/380/365
f 223/380/365 153/384/369 152/385/370 224/381/366
f 224/381/366 152/385/370 151/177/175 225/176/174
f 313/386/371 307/369/354 201/370/355 166/387/372
f 166/387/372 201/370/355 200/371/356 167/388/373
f 167/388/373 200/371/356 199/173/171 168/172/170
f 438/273/269 238/389/374 235/390/375 435/119/117
f 432/120/118 232/391/376 229/392/377 429/262/258
f 467/269/265 463/279/275 238/389/374 242/393/378
f 449/394/379 249/395/380 242/393/378 442/272/268
f 455/215/213 452/217/215 227/396/381 230/397/382
f 454/277/273 451/134/132 226/398/383 229/392/377
f 469/399/384 465/233/231 240/400/385 244/401/386
f 428/232/230 228/402/387 247/403/388 447/166/164
f 461/151/149 458/404/210 233/405/389 236/406/390
f 434/164/162 234/407/391 231/408/392 431/231/229
f 440/260/256 240/400/385 237/409/393 437/163/161
f 456/247/244 453/255/251 228/402/387 231/408/392
f 450/167/165 250/410/394 243/411/395 443/412/396
f 427/265/261 227/396/381 246/413/397 446/414/398
f 433/415/246 233/416/389 230/397/382 430/264/260
f 470/137/135 473/121/119 248/417/399 245/418/400
f 472/258/254 475/222/220 250/410/394 247/403/388
f 462/236/234 459/244/241 234/407/391 237/409/393
f 449/394/379 446/414/398 246/413/397 249/395/380
f 439/419/401 239/420/402 236/406/390 436/248/245
f 439/419/401 443/412/396 243/411/395 239/420/402
f 426/263/259 226/398/383 245/418/400 445/210/208
f 448/211/209 248/417/399 241/421/403 441/422/404
f 460/282/278 457/274/270 232/391/376 235/390/375
f 391/423/405 266/424/406 262/425/407 387/426/408
f 422/131/129 425/219/217 275/427/409 272/428/410
f 399/230/228 274/429/411 268/430/412 393/431/413
f 377/432/239 252/433/414 271/434/415 396/229/227
f 405/118/116 402/435/248 252/436/414 255/437/416
f 384/226/224 259/438/417 256/439/418 381/125/123
f 421/254/250 424/267/263 274/429/411 271/434/415
f 413/440/419 409/237/235 259/438/417 263/441/420
f 390/442/421 265/443/422 261/444/423 386/445/424
f 391/423/405 394/446/425 269/447/426 266/424/406
f 400/271/267 275/427/409 269/447/426 394/446/425
f 390/442/421 393/431/413 268/430/412 265/443/422
f 383/448/427 387/426/408 262/425/407 258/449/428
f 378/126/124 253/450/429 272/428/410 397/270/266
f 406/239/237 403/128/126 253/450/429 256/439/418
f 383/448/427 258/449/428 255/437/416 380/240/238
f 376/103/101 251/451/430 270/452/431 395/453/432
f 398/454/433 273/455/434 267/456/435 392/457/436
f 389/458/437 264/459/438 260/460/439 385/461/440
f 404/101/99 401/112/110 251/451/430 254/462/441
f 382/463/442 257/464/443 254/462/441 379/102/100
f 398/454/433 395/453/432 270/452/431 273/455/434
f 389/458/437 392/457/436 267/456/435 264/459/438
f 382/463/442 386/445/424 261/444/423 257/464/443
f 358/465/444 283/466/445 295/467/446 370/58/56
f 339/468/447 289/469/448 286/470/449 336/471/450
f 348/472/451 326/171/169 276/473/452 298/474/453
f 358/465/444 351/216/214 276/473/452 283/466/445
f 330/475/454 280/476/455 279/477/456 329/478/457
f 339/468/447 342/479/458 292/480/459 289/469/448
f 348/472/451 298/474/453 292/480/459 342/479/458
f 330/475/454 336/471/450 286/470/449 280/476/455
f 371/77/75 359/481/460 284/482/461 296/483/462
f 362/62/60 356/55/53 281/484/463 287/485/464
f 368/68/66 365/59/57 290/486/465 293/487/466
f 360/488/467 353/489/468 278/490/469 285/491/470
f 350/73/71 300/492/471 294/493/472 344/69/67
f 341/70/68 291/494/473 288/495/474 338/63/61
f 372/496/475 360/488/467 285/491/470 297/497/476
f 332/64/62 282/498/477 296/483/462 346/114/112
f 353/489/468 375/88/86 300/492/471 278/490/469
f 359/481/460 352/499/478 277/500/479 284/482/461
f 369/91/89 366/80/78 291/494/473 294/493/472
f 349/501/52 299/502/480 293/487/466 343/108/106
f 363/83/81 357/74/72 282/498/477 288/495/474
f 340/109/107 290/486/465 287/485/464 337/110/108
f 331/111/109 281/484/463 295/467/446 345/278/274
f 352/499/478 374/503/63 299/504/480 277/500/479
f 488/505/481 482/506/482 307/369/354 313/386/371
f 500/507/483 476/508/484 301/382/367 325/379/364
f 478/509/485 488/505/481 313/386/371 303/351/340
f 477/510/486 487/511/487 312/330/319 302/339/328
f 476/508/484 486/294/286 311/383/368 301/382/367
f 485/512/488 500/507/483 325/379/364 310/333/322
f 484/513/489 499/514/490 324/336/325 309/376/361
f 497/515/491 498/304/294 323/375/360 322/372/357
f 483/516/492 497/515/491 322/372/357 308/321/310
f 482/506/482 496/517/493 321/365/350 307/369/354
f 481/518/494 495/519/495 320/324/313 306/327/316
f 480/520/496 494/290/284 319/368/353 305/309/298
f 496/517/493 489/521/497 314/348/337 321/365/350
f 478/509/485 303/351/340 317/354/343 492/293/285
f 479/286/282 304/345/334 314/348/337 489/521/497
f 477/510/486 302/339/328 316/342/331 491/289/283
f 485/512/488 310/333/322 324/336/325 499/514/490
f 481/518/494 306/327/316 312/330/319 487/511/487
f 483/516/492 308/321/310 320/324/313 495/519/495
f 480/520/496 305/309/298 315/312/301 490/522/281
f 184/320/309 211/319/308 323/375/360 318/523/498
f 181/353/342 154/358/347 311/383/368 317/354/343
f 178/341/330 190/360/349 319/368/353 316/342/331
f 175/364/300 174/346/335 304/345/334 315/524/301
f 19/8/8 331/111/109 345/278/274 17/23/23
f 23/12/12 340/109/107 337/110/108 21/7/7
f 27/18/18 349/501/52 343/108/106 25/11/11
f 35/30/30 332/64/62 346/114/112 33/26/26
f 39/34/34 341/70/68 338/63/61 37/29/29
f 43/38/36 350/73/71 344/69/67 41/33/33
f 1/48/46 5/3/3 336/471/450 330/475/454
f 11/15/15 348/472/451 342/479/458 9/46/44
f 7/2/2 9/46/44 342/479/458 339/468/447
f 1/48/46 330/475/454 329/478/457 2/49/47
f 11/15/15 13/14/14 326/171/169 348/472/451
f 7/2/2 339/468/447 336/471/450 5/3/3
f 283/466/445 333/170/168 345/278/274 295/467/446
f 283/466/445 276/473/452 326/171/169 333/170/168
f 296/483/462 284/482/461 334/71/69 346/114/112
f 287/485/464 281/484/463 331/111/109 337/110/108
f 293/487/466 290/486/465 340/109/107 343/108/106
f 285/491/470 278/490/469 328/72/70 335/79/77
f 297/497/476 285/491/470 335/79/77 347/78/76
f 278/490/469 300/492/471 350/73/71 328/72/70
f 284/482/461 277/500/479 327/53/51 334/71/69
f 294/493/472 291/494/473 341/70/68 344/69/67
f 288/495/474 282/498/477 332/64/62 338/63/61
f 277/500/479 299/504/480 349/54/52 327/53/51
f 65/243/240 64/242/64 374/503/63 352/499/478
f 69/82/80 68/75/73 357/74/72 363/83/81
f 71/90/88 70/81/79 366/80/78 369/91/89
f 66/525/499 65/243/240 352/499/478 359/481/460
f 73/127/125 72/89/87 375/88/86 353/489/468
f 75/228/226 74/227/225 360/488/467 372/496/475
f 74/227/225 73/127/125 353/489/468 360/488/467
f 63/67/65 62/60/58 365/59/57 368/68/66
f 61/61/59 60/56/54 356/55/53 362/62/60
f 67/76/74 66/525/499 359/481/460 371/77/75
f 58/526/500 57/105/103 351/216/214 358/465/444
f 58/526/500 358/465/444 370/58/56 59/57/55
f 289/469/448 364/159/157 361/143/141 286/470/449
f 298/474/453 276/473/452 351/216/214 373/156/154
f 280/476/455 355/142/140 354/162/160 279/477/456
f 289/469/448 292/480/459 367/158/156 364/159/157
f 298/474/453 373/156/154 367/158/156 292/480/459
f 280/476/455 286/470/449 361/143/141 355/142/140
f 300/492/471 375/88/86 369/91/89 294/493/472
f 291/494/473 366/80/78 363/83/81 288/495/474
f 282/498/477 357/74/72 371/77/75 296/483/462
f 299/502/480 374/65/63 368/68/66 293/487/466
f 290/486/465 365/59/57 362/62/60 287/485/464
f 281/484/463 356/55/53 370/58/56 295/467/446
f 58/526/500 59/57/55 386/445/424 382/463/442
f 52/145/143 53/144/142 392/457/436 389/458/437
f 54/160/158 55/157/155 395/453/432 398/454/433
f 58/526/500 382/463/442 379/102/100 57/105/103
f 52/145/143 389/458/437 385/461/440 51/161/159
f 54/160/158 398/454/433 392/457/436 53/144/142
f 56/104/102 376/103/101 395/453/432 55/157/155
f 66/525/499 383/448/427 380/240/238 65/243/240
f 72/89/87 378/126/124 397/270/266 71/90/88
f 66/525/499 67/76/74 387/426/408 383/448/427
f 60/56/54 61/61/59 393/431/413 390/442/421
f 70/81/79 400/271/267 394/446/425 69/82/80
f 68/75/73 69/82/80 394/446/425 391/423/405
f 60/56/54 390/442/421 386/445/424 59/57/55
f 74/227/225 384/226/224 381/125/123 73/127/125
f 64/66/64 377/432/239 396/229/227 63/67/65
f 62/60/58 399/230/228 393/431/413 61/61/59
f 68/75/73 391/423/405 387/426/408 67/76/74
f 272/428/410 275/427/409 400/271/267 397/270/266
f 255/437/416 252/436/414 377/241/239 380/240/238
f 271/434/415 274/429/411 399/230/228 396/229/227
f 263/441/420 259/438/417 384/226/224 388/225/223
f 256/439/418 253/450/429 378/126/124 381/125/123
f 254/462/441 251/451/430 376/103/101 379/102/100
f 82/100/98 81/113/111 401/112/110 404/101/99
f 98/165/163 97/129/127 403/128/126 406/239/237
f 100/261/257 99/238/236 409/237/235 413/440/419
f 88/253/249 87/266/262 424/267/263 421/254/250
f 90/117/115 89/250/247 402/435/248 405/118/116
f 96/130/128 95/220/218 425/219/217 422/131/129
f 266/424/406 416/224/222 412/132/130 262/425/407
f 274/429/411 424/267/263 418/139/137 268/430/412
f 252/433/414 402/251/248 421/254/250 271/434/415
f 259/438/417 409/237/235 406/239/237 256/439/418
f 265/443/422 415/138/136 411/85/83 261/444/423
f 266/424/406 269/447/426 419/221/219 416/224/222
f 275/427/409 425/219/217 419/221/219 269/447/426
f 265/443/422 268/430/412 418/139/137 415/138/136
f 258/449/428 262/425/407 412/132/130 408/115/113
f 253/450/429 403/128/126 422/131/129 272/428/410
f 258/449/428 408/115/113 405/118/116 255/437/416
f 251/451/430 401/112/110 420/97/95 270/452/431
f 273/455/434 423/96/94 417/93/91 267/456/435
f 264/459/438 414/92/90 410/107/105 260/460/439
f 257/464/443 407/84/82 404/101/99 254/462/441
f 273/455/434 270/452/431 420/97/95 423/96/94
f 264/459/438 267/456/435 417/93/91 414/92/90
f 257/464/443 261/444/423 411/85/83 407/84/82
f 77/95/93 448/211/209 441/422/404 76/106/104
f 79/99/97 426/263/259 445/210/208 78/94/92
f 91/116/114 92/133/131 443/412/396 439/419/401
f 91/116/114 439/419/401 436/248/245 90/117/115
f 85/141/139 86/140/138 446/414/398 449/394/379
f 89/252/247 433/415/246 430/264/260 88/253/249
f 87/266/262 427/265/261 446/414/398 86/140/138
f 93/168/166 450/167/165 443/412/396 92/133/131
f 99/238/236 440/260/256 437/163/161 98/165/163
f 97/129/127 434/164/162 431/231/229 96/130/128
f 95/220/218 428/232/230 447/166/164 94/169/167
f 85/141/139 449/394/379 442/272/268 84/86/84
f 81/113/111 432/120/118 429/262/258 80/98/96
f 83/87/85 438/273/269 435/119/117 82/100/98
f 242/393/378 238/389/374 438/273/269 442/272/268
f 230/397/382 227/396/381 427/265/261 430/264/260
f 229/392/377 226/398/383 426/263/259 429/262/258
f 244/401/386 240/400/385 440/260/256 444/259/255
f 236/406/390 233/405/389 433/249/246 436/248/245
f 231/408/392 228/402/387 428/232/230 431/231/229
f 245/418/400 248/417/399 448/211/209 445/210/208
f 247/403/388 250/410/394 450/167/165 447/166/164
f 237/409/393 234/407/391 434/164/162 437/163/161
f 235/390/375 232/391/376 432/120/118 435/119/117
f 107/281/277 106/275/271 457/274/270 460/282/278
f 123/235/233 122/245/242 459/244/241 462/236/234
f 119/257/253 118/223/221 475/222/220 472/258/254
f 103/136/134 102/122/120 473/121/119 470/137/135
f 121/246/243 120/256/252 453/255/251 456/247/244
f 115/150/148 114/527/211 458/404/210 461/151/149
f 125/528/295 124/234/232 465/233/231 469/399/384
f 105/276/272 104/135/133 451/134/132 454/277/273
f 113/214/212 112/218/216 452/217/215 455/215/213
f 109/268/264 108/280/276 463/279/275 467/269/265
f 238/389/374 463/279/275 460/282/278 235/390/375
f 232/391/376 457/274/270 454/277/273 229/392/377
f 249/395/380 474/152/150 467/269/265 242/393/378
f 228/402/387 453/255/251 472/258/254 247/403/388
f 234/407/391 459/244/241 456/247/244 231/408/392
f 240/400/385 465/233/231 462/236/234 237/409/393
f 250/410/394 475/222/220 468/147/145 243/411/395
f 227/396/381 452/217/215 471/153/151 246/413/397
f 233/416/389 458/212/210 455/215/213 230/397/382
f 249/395/380 246/413/397 471/153/151 474/152/150
f 239/420/402 464/146/144 461/151/149 236/406/390
f 239/420/402 243/411/395 468/147/145 464/146/144
f 226/398/383 451/134/132 470/137/135 245/418/400
f 248/417/399 473/121/119 466/124/122 241/421/403
f 115/529/148 480/520/496 490/522/281 114/530/211
f 122/531/242 483/516/492 495/519/495 121/532/243
f 120/533/252 481/518/494 487/511/487 119/534/253
f 103/535/134 485/512/488 499/514/490 102/536/120
f 118/537/221 477/510/486 491/289/283 117/292/146
f 113/287/212 479/286/282 489/521/497 112/538/216
f 108/539/276 478/509/485 492/293/285 107/296/277
f 111/540/152 112/538/216 489/521/497 496/517/493
f 115/529/148 116/291/147 494/290/284 480/520/496
f 120/533/252 121/532/243 495/519/495 481/518/494
f 110/541/153 111/540/152 496/517/493 482/506/482
f 122/531/242 123/542/233 497/515/491 483/516/492
f 123/542/233 124/305/232 498/304/294 497/515/491
f 101/543/121 102/536/120 499/514/490 484/513/489
f 103/535/134 104/544/133 500/507/483 485/512/488
f 105/545/272 106/295/271 486/294/286 476/508/484
f 118/537/221 119/534/253 487/511/487 477/510/486
f 108/539/276 109/546/264 488/505/481 478/509/485
f 104/544/133 105/545/272 476/508/484 500/507/483
f 109/546/264 110/541/153 482/506/482 488/505/481
f 318/523/498 323/375/360 498/304/294 493/303/293
f 317/354/343 311/383/368 486/294/286 492/293/285
f 316/342/331 319/368/353 494/290/284 491/289/283
f 315/524/301 304/345/334 479/286/282 490/285/281
f 4/547/501 6/548/502 517/4/4 501/47/45
f 16/549/503 18/550/504 523/24/24 514/51/49
f 46/551/505 507/39/37 522/37/35 44/552/506
f 14/553/507 16/549/503 514/51/49 505/13/13
f 4/547/501 501/47/45 508/50/48 3/554/508
f 10/555/509 12/556/510 520/16/16 511/45/43
f 40/557/511 504/31/31 519/28/28 38/558/512
f 8/559/513 10/555/509 511/45/43 502/1/1
f 48/560/514 50/561/515 525/43/41 516/40/38
f 36/562/516 510/27/27 524/25/25 34/563/517
f 46/551/505 48/560/514 516/40/38 507/39/37
f 42/564/518 44/552/506 522/37/35 513/32/32
f 30/565/519 506/19/19 521/36/17 28/566/520
f 40/557/511 42/564/518 513/32/32 504/31/31
f 36/562/516 38/558/512 519/28/28 510/27/27
f 24/567/521 503/9/9 518/6/6 22/568/522
f 32/569/523 34/563/517 524/25/25 515/20/20
f 20/570/524 509/5/5 523/24/24 18/550/504
f 30/565/519 32/569/523 515/20/20 506/19/19
f 26/571/525 28/572/520 521/17/17 512/10/10
f 14/553/507 505/13/13 520/16/16 12/556/510
f 24/567/521 26/571/525 512/10/10 503/9/9
f 20/570/524 22/568/522 518/6/6 509/5/5
f 8/559/513 502/1/1 517/4/4 6/548/502
f 551/573/526 552/574/527 543/575/528 544/576/529
f 552/574/527 553/577/530 542/578/531 543/575/528
f 554/579/532 555/580/533 539/581/534 540/582/535
f 556/583/536 557/584/537 531/585/538 532/586/539
f 558/587/540 559/588/541 527/589/542 528/590/543
f 559/588/541 560/591/544 526/592/545 527/589/542
f 560/591/544 561/593/546 550/594/547 526/592/545
f 562/595/548 563/596/549 547/597/550 548/598/551
f 553/577/530 564/599/552 541/600/553 542/578/531
f 565/601/554 566/602/555 535/603/556 536/604/557
f 566/602/555 567/605/558 534/606/559 535/603/556
f 567/605/558 568/607/560 533/608/561 534/606/559
f 557/584/537 569/609/562 530/610/563 531/585/538
f 561/611/546 570/612/564 549/613/565 550/614/547
f 571/615/566 572/616/567 545/617/568 546/618/569
f 572/616/567 551/573/526 544/576/529 545/617/568
f 564/599/552 554/579/532 540/582/535 541/600/553
f 573/619/570 558/587/540 528/590/543 529/620/571
f 574/621/572 565/601/554 536/604/557 537/622/573
f 563/596/549 571/615/566 546/618/569 547/597/550
f 569/609/562 573/619/570 529/620/571 530/610/563
f 575/623/574 574/621/572 537/622/573 538/624/575
f 570/612/564 562/595/548 548/598/551 549/613/565
f 568/607/560 556/583/536 532/586/539 533/608/561
f 133/187/185 132/297/287 556/583/536 568/607/560
f 149/209/207 148/208/206 562/595/548 570/612/564
f 138/193/191 137/192/190 574/621/572 575/623/574
f 130/175/173 129/174/172 573/619/570 569/609/562
f 147/301/291 146/185/183 571/615/566 563/596/549
f 137/192/190 136/189/187 565/601/554 574/621/572
f 129/174/172 128/201/199 558/587/540 573/619/570
f 141/197/195 140/196/194 554/579/532 564/599/552
f 145/184/182 144/205/203 551/573/526 572/616/567
f 146/185/183 145/184/182 572/616/567 571/615/566
f 150/307/296 149/209/207 570/612/564 561/611/546
f 131/181/179 130/175/173 569/609/562 557/584/537
f 134/178/176 133/187/185 568/607/560 567/605/558
f 135/179/177 134/178/176 567/605/558 566/602/555
f 136/189/187 135/179/177 566/602/555 565/601/554
f 142/199/197 141/197/195 564/599/552 553/577/530
f 148/208/206 147/301/291 563/596/549 562/595/548
f 126/300/290 150/361/296 561/593/546 560/591/544
f 127/284/280 126/300/290 560/591/544 559/588/541
f 128/201/199 127/284/280 559/588/541 558/587/540
f 132/297/287 131/181/179 557/584/537 556/583/536
f 140/196/194 139/315/304 555/580/533 554/579/532
f 143/204/202 142/199/197 553/577/530 552/574/527
f 144/205/203 143/204/202 552/574/527 551/573/526
f 526/592/545 550/594/547 576/625/576
f 541/600/553 540/582/535 576/626/576
f 546/618/569 545/617/568 576/626/576
f 534/606/559 533/608/561 576/625/576
f 549/613/565 548/598/551 576/626/576
f 529/620/571 528/590/543 576/625/576
f 547/597/550 546/618/569 576/626/576
f 544/576/529 543/575/528 576/626/576
f 532/586/539 531/585/538 576/625/576
f 537/622/573 536/604/557 576/625/576
f 530/610/563 529/620/571 576/625/576
f 527/589/542 526/592/545 576/625/576
f 542/578/531 541/600/553 576/626/576
f 538/624/575 537/622/573 576/625/576
f 535/603/556 534/606/559 576/625/576
f 550/614/547 549/613/565 576/626/576
f 540/582/535 539/581/534 576/626/576
f 545/617/568 544/576/529 576/626/576
f 533/608/561 532/586/539 576/625/576
f 548/598/551 547/597/550 576/626/576
f 528/590/543 527/589/542 576/625/576
f 543/575/528 542/578/531 576/626/576
f 531/585/538 530/610/563 576/625/576
f 536/604/557 535/603/556 576/625/576
o Tree_0.033
v 1.236330 8.358516 1.374854
v 1.271985 8.485590 1.410310
v 1.335344 8.598585 1.411630
v 1.420067 8.678692 1.383565
v 1.514970 8.712867 1.332956
v 1.606198 8.695601 1.268396
v 1.679280 8.629811 1.198842
v 1.721375 8.526362 1.132313
v 1.722763 8.402614 1.073975
v 1.673113 8.263810 1.014512
v 1.589611 8.144934 0.980442
v 1.488529 8.062349 0.982282
v 1.387388 8.027568 1.022944
v 1.302370 8.045492 1.097412
v 1.245638 8.113781 1.193177
v 1.223698 8.223092 1.292475
v 1.236330 8.358516 1.374854
v 1.180856 8.449488 1.256780
v 1.222205 8.543120 1.298835
v 1.290470 8.626029 1.311550
v 1.376322 8.685067 1.294579
v 1.467250 8.710951 1.251345
v 1.549610 8.699628 1.188727
v 1.610673 8.652921 1.115973
v 1.640582 8.578234 1.043320
v 1.633718 8.487471 0.980231
v 1.587899 8.390120 0.930510
v 1.513174 8.305406 0.907301
v 1.422062 8.245658 0.915846
v 1.329120 8.219625 0.955872
v 1.248751 8.231136 1.021666
v 1.192941 8.278568 1.102834
v 1.169501 8.355044 1.185996
v 1.180856 8.449488 1.256780
v 1.110168 8.567230 1.135612
v 1.157717 8.638997 1.185910
v 1.231305 8.702347 1.208557
v 1.319730 8.747635 1.200106
v 1.409529 8.767965 1.161842
v 1.487031 8.760245 1.099592
v 1.540438 8.725649 1.022832
v 1.561618 8.669442 0.943248
v 1.547348 8.600183 0.872957
v 1.499799 8.528417 0.822659
v 1.426211 8.465067 0.800012
v 1.337786 8.419779 0.808463
v 1.247988 8.399448 0.846726
v 1.170485 8.407168 0.908977
v 1.117078 8.441766 0.985736
v 1.095898 8.497972 1.065320
v 1.110168 8.567230 1.135612
v 0.969144 8.839908 0.883619
v 1.013287 8.906979 0.930273
v 1.082147 8.965415 0.951880
v 1.165244 9.006322 0.945151
v 1.249925 9.023470 0.911112
v 1.323299 9.014249 0.854943
v 1.374195 8.980062 0.785197
v 1.394864 8.926116 0.712491
v 1.382160 8.860622 0.647894
v 1.338018 8.793550 0.601241
v 1.269157 8.735114 0.579633
v 1.186060 8.694208 0.586362
v 1.101379 8.677059 0.620401
v 1.028005 8.686281 0.676570
v 0.977110 8.720467 0.746317
v 0.956440 8.774413 0.819022
v 0.969144 8.839908 0.883619
v 0.752670 9.241325 0.518748
v 0.794772 9.304874 0.563313
v 0.860380 9.360210 0.584067
v 0.939506 9.398909 0.577848
v 1.020104 9.415077 0.545603
v 1.089904 9.406256 0.492242
v 1.138278 9.373786 0.425888
v 1.157863 9.322613 0.356643
v 1.145677 9.260525 0.295049
v 1.103575 9.196976 0.250483
v 1.037967 9.141640 0.229730
v 0.958841 9.102942 0.235949
v 0.878243 9.086773 0.268193
v 0.808443 9.095594 0.321555
v 0.760069 9.128063 0.387909
v 0.740484 9.179237 0.457154
v 0.752670 9.241325 0.518748
v 0.576852 9.572934 0.218960
v 0.615644 9.631656 0.259981
v 0.675762 9.683412 0.278488
v 0.748056 9.720326 0.271664
v 0.821519 9.736777 0.240548
v 0.884966 9.730261 0.189876
v 0.928738 9.701770 0.127365
v 0.946173 9.655641 0.062528
v 0.934614 9.598896 0.005239
v 0.895823 9.540174 -0.035782
v 0.835704 9.488418 -0.054289
v 0.763410 9.451504 -0.047465
v 0.689947 9.435053 -0.016349
v 0.626500 9.441568 0.034323
v 0.582728 9.470060 0.096835
v 0.565293 9.516190 0.161671
v 0.576852 9.572934 0.218960
v 0.357481 9.845152 0.006086
v 0.385475 9.895191 0.035833
v 0.425339 9.945457 0.043347
v 0.471005 9.988298 0.027487
v 0.515521 10.017193 -0.009335
v 0.552109 10.027742 -0.061512
v 0.575200 10.018338 -0.121100
v 0.581277 9.990415 -0.179028
v 0.569416 9.948221 -0.226477
v 0.541422 9.898183 -0.256224
v 0.501558 9.847917 -0.263739
v 0.455891 9.805075 -0.247878
v 0.411376 9.776180 -0.211057
v 0.374788 9.765632 -0.158880
v 0.351698 9.775035 -0.099291
v 0.345620 9.802959 -0.041363
v 0.357481 9.845152 0.006086
v 0.108134 10.079330 -0.157992
v 0.154448 10.156369 -0.132460
v 0.216326 10.212976 -0.173676
v 0.257521 10.215988 -0.257494
v 0.253902 10.163645 -0.334818
v 0.207589 10.086606 -0.360349
v 0.145711 10.030001 -0.319134
v 0.104515 10.026987 -0.235315
v 0.108134 10.079330 -0.157992
v -0.333985 10.388948 -0.367527
v -0.294230 10.463515 -0.345368
v -0.239613 10.518675 -0.385444
v -0.202129 10.522117 -0.464278
v -0.203735 10.471824 -0.535690
v -0.243491 10.397257 -0.557848
v -0.298108 10.342098 -0.517772
v -0.335591 10.338656 -0.438938
v -0.333985 10.388948 -0.367527
v -0.638101 10.574211 -0.518775
v -0.608093 10.644383 -0.501582
v -0.562507 10.695743 -0.539058
v -0.528046 10.698203 -0.609248
v -0.524897 10.650323 -0.671037
v -0.554906 10.580151 -0.688229
v -0.600492 10.528791 -0.650754
v -0.634953 10.526331 -0.580564
v -0.638101 10.574211 -0.518775
v -1.106108 10.816038 -0.772144
v -1.081564 10.882358 -0.757842
v -1.040016 10.929984 -0.792637
v -1.005801 10.931018 -0.856147
v -0.998962 10.884854 -0.911169
v -1.023505 10.818535 -0.925471
v -1.065054 10.770908 -0.890676
v -1.099269 10.769874 -0.827166
v -1.106108 10.816038 -0.772144
v -1.411341 10.964050 -0.978204
v -1.392149 11.022996 -0.966858
v -1.353477 11.063588 -0.995639
v -1.317979 11.062049 -1.047688
v -1.306449 11.019279 -1.092514
v -1.325640 10.960335 -1.103860
v -1.364311 10.919743 -1.075079
v -1.399810 10.921282 -1.023030
v -1.411341 10.964050 -0.978204
v -1.828327 11.181284 -1.333360
v -1.772460 11.269537 -1.345937
v -1.722889 11.226445 -1.428118
v -1.778756 11.138193 -1.415540
v -2.065124 11.344604 -1.614634
v -2.010190 11.413769 -1.616121
v -1.961585 11.373832 -1.678139
v -2.016519 11.304667 -1.676652
v -2.065124 11.344604 -1.614634
v -2.332747 11.638737 -2.046783
v -2.279411 11.693981 -2.039916
v -2.234941 11.657422 -2.091196
v -2.288277 11.602179 -2.098063
v -2.332747 11.638737 -2.046783
v -2.444906 11.886129 -2.337615
v -2.398087 11.920280 -2.321203
v -2.363268 11.891792 -2.361252
v -2.410088 11.857641 -2.377664
v -2.444906 11.886129 -2.337615
v -2.545820 12.329228 -2.698465
v -2.506089 12.351055 -2.679893
v -2.478420 12.330106 -2.714466
v -2.518150 12.308279 -2.733037
v -2.545820 12.329228 -2.698465
v -2.564522 12.759132 -2.926194
v -2.564522 12.759132 -2.926194
v -2.564522 12.759132 -2.926194
v -2.564522 12.759132 -2.926194
v -2.564522 12.759132 -2.926194
vn -0.9504 -0.1669 0.2626
vn -0.9341 -0.2248 0.2772
vn -0.9044 -0.4267 -0.0028
vn -0.9460 -0.3241 -0.0047
vn 0.6367 -0.2065 -0.7430
vn 0.2758 0.9329 0.2315
vn 0.5296 0.8225 -0.2075
vn 0.6522 0.2323 -0.7216
vn -0.9793 -0.1617 0.1221
vn -0.7772 -0.4809 0.4058
vn -0.7528 -0.6541 0.0742
vn -0.8977 -0.4132 -0.1526
vn -0.8366 -0.3821 -0.3925
vn -0.7607 -0.5307 -0.3738
vn -0.4825 -0.5977 -0.6403
vn -0.5606 -0.4249 -0.7108
vn 0.2567 0.8122 0.5238
vn -0.0226 0.6474 0.7618
vn -0.0666 0.7609 0.6455
vn 0.3051 0.7973 0.5207
vn 0.0072 -0.6468 -0.7627
vn -0.1514 -0.5048 -0.8498
vn 0.1358 -0.2772 -0.9512
vn 0.3664 -0.5099 -0.7783
vn -0.4070 -0.6849 -0.6043
vn -0.3689 -0.6774 -0.6364
vn 0.4484 0.8693 0.2078
vn 0.6010 0.7597 -0.2485
vn 0.3789 0.8406 0.3870
vn 0.6119 -0.1728 -0.7718
vn 0.6092 -0.2398 -0.7559
vn 0.8047 0.0014 -0.5936
vn 0.7877 0.0345 -0.6151
vn -0.8102 0.3259 0.4871
vn -0.7139 0.3311 0.6170
vn -0.8379 0.0835 0.5394
vn -0.8848 0.0965 0.4558
vn -0.0989 -0.3401 -0.9352
vn -0.0772 -0.5037 -0.8604
vn 0.2639 -0.4144 -0.8710
vn 0.2545 -0.2674 -0.9294
vn -0.4383 -0.7787 -0.4490
vn -0.4875 -0.6471 -0.5862
vn 0.7555 -0.2736 -0.5954
vn 0.7494 -0.2731 -0.6032
vn 0.6081 -0.0870 -0.7890
vn -0.6673 -0.7120 0.2184
vn -0.4105 -0.8185 -0.4019
vn -0.6212 -0.7259 -0.2953
vn -0.0541 -0.6207 -0.7822
vn 0.2753 -0.5020 -0.8199
vn -0.1709 0.4360 0.8836
vn -0.2164 0.4600 0.8612
vn -0.5085 -0.0946 0.8558
vn -0.4914 -0.1024 0.8649
vn -0.6947 -0.1537 0.7027
vn -0.8214 0.1193 0.5577
vn 0.2793 0.8920 0.3554
vn -0.1568 0.8499 0.5030
vn -0.3973 0.9009 0.1749
vn 0.0368 0.9987 -0.0363
vn -0.6554 0.3202 0.6840
vn -0.8247 0.0878 0.5587
vn 0.9314 0.2775 -0.2354
vn 0.6059 0.6234 -0.4942
vn 0.6048 0.7819 -0.1512
vn 0.8438 0.5352 0.0399
vn -0.0144 0.7338 0.6792
vn -0.3157 0.5710 0.7578
vn -0.3955 0.6412 0.6576
vn -0.9338 -0.2442 0.2615
vn -0.8881 -0.4593 -0.0189
vn 0.5218 0.8000 -0.2961
vn 0.5491 0.1528 -0.8217
vn 0.3522 0.8978 -0.2644
vn 0.5302 0.8448 0.0726
vn 0.6219 -0.2676 -0.7359
vn 0.8181 -0.0204 -0.5748
vn -0.6424 0.3035 0.7038
vn -0.8197 0.0780 0.5675
vn -0.4913 -0.1020 0.8650
vn -0.6065 -0.7533 0.2543
vn -0.4917 -0.0592 0.8687
vn -0.6957 -0.6249 -0.3541
vn -0.6796 -0.6508 -0.3386
vn -0.4154 -0.7114 -0.5669
vn -0.4273 -0.6904 -0.5837
vn -0.8806 -0.4739 -0.0077
vn -0.9305 -0.2530 0.2649
vn -0.8199 0.0776 0.5672
vn -0.8250 0.0874 0.5584
vn 0.2882 -0.5235 -0.8018
vn 0.5653 0.7788 -0.2720
vn 0.5385 0.7924 -0.2865
vn 0.2645 0.9012 0.3434
vn 0.3120 0.8763 0.3672
vn 0.4728 0.1933 -0.8597
vn 0.4871 0.1759 -0.8555
vn 0.6309 0.7297 0.2636
vn 0.6591 0.6868 0.3064
vn 0.3988 0.7409 0.5404
vn 0.3823 0.7665 0.5160
vn 0.6567 0.6908 0.3025
vn 0.6247 0.7152 0.3135
vn 0.3942 0.7482 0.5337
vn 0.0161 0.6930 0.7208
vn -0.4241 0.6203 0.6598
vn -0.3064 0.5554 0.7731
vn 0.0160 0.6928 0.7210
vn -0.3049 0.5531 0.7753
vn -0.0365 -0.6569 -0.7531
vn -0.0407 -0.6488 -0.7599
vn 0.2790 -0.5075 -0.8153
vn -0.6414 0.3019 0.7053
vn -0.8198 0.0775 0.5674
vn -0.9304 -0.2533 0.2650
vn -0.8832 -0.4688 -0.0117
vn -0.8196 0.0779 0.5677
vn 0.6163 -0.2578 -0.7441
vn -0.4215 -0.7003 -0.5761
vn 0.8079 -0.0034 -0.5893
vn 0.9052 0.2969 -0.3042
vn 0.9101 0.2890 -0.2971
vn 0.8557 0.5166 -0.0307
vn 0.8639 0.5033 -0.0189
vn -0.6814 -0.6471 -0.3420
vn 0.6763 -0.2853 -0.6791
vn -0.6816 -0.5936 -0.4278
vn -0.2485 -0.9084 -0.3363
vn 0.2511 -0.4761 -0.8428
vn 0.1884 -0.4448 -0.8756
vn -0.2877 -0.8895 -0.3549
vn 0.2028 0.9291 0.3092
vn -0.2921 0.4950 0.8183
vn -0.7263 0.3942 0.5631
vn 0.8921 0.3155 -0.3233
vn 0.8476 0.5290 -0.0419
vn 0.8471 0.3495 -0.4004
vn 0.7900 0.5968 -0.1403
vn -0.2826 0.4049 0.8696
vn -0.5299 0.0876 0.8435
vn -0.5084 -0.0941 0.8560
vn -0.5673 -0.7769 0.2732
vn 0.7489 0.0828 -0.6575
vn -0.1642 0.4262 0.8896
vn 0.0998 -0.3762 -0.9212
vn 0.3575 0.0541 -0.9323
vn 0.5556 0.3306 -0.7629
vn -0.8381 0.0831 0.5391
vn -0.8850 0.0961 0.4556
vn -0.5955 0.7018 0.3909
vn 0.4208 0.8071 0.4142
vn 0.3576 0.8835 0.3026
vn 0.7178 -0.2403 -0.6535
vn 0.1197 0.9083 0.4008
vn -0.4296 0.4716 0.7701
vn -0.3576 -0.8494 -0.3880
vn 0.1304 -0.4097 -0.9029
vn 0.5094 0.1713 -0.8433
vn 0.8679 -0.0083 -0.4966
vn -0.6843 0.3924 0.6146
vn -0.3547 -0.8620 -0.3623
vn -0.7051 0.2574 0.6607
vn -0.5688 -0.0667 0.8198
vn -0.5645 -0.7790 0.2729
vn -0.4920 -0.0596 0.8686
vn -0.8212 0.1194 0.5581
vn -0.5519 -0.8222 0.1393
vn -0.1108 -0.8873 -0.4477
vn -0.6519 -0.1311 0.7469
vn -0.5795 0.3632 0.7296
vn -0.6266 0.2698 0.7312
vn -0.2594 -0.9026 -0.3436
vn 0.3789 -0.4467 -0.8105
vn -0.6527 -0.1358 0.7453
vn 0.4804 0.6706 0.5652
vn 0.5124 0.5305 0.6753
vn -0.6342 0.3454 0.6917
vn -0.6750 0.3710 0.6377
vn -0.6553 0.3558 0.6663
vn -0.5221 -0.4406 -0.7302
vn 0.6672 -0.2192 -0.7119
vn -0.6341 0.3452 0.6919
vn -0.6750 0.3709 0.6378
vn 0.8876 0.0632 -0.4563
vn 0.9025 0.0877 -0.4216
vn 0.8695 0.0444 -0.4918
vn 0.7759 0.3614 -0.5170
vn 0.6772 0.6472 -0.3502
vn -0.6943 -0.1529 0.7033
vn -0.5687 -0.0669 0.8198
vt 0.209503 0.700367
vt 0.214752 0.687049
vt 0.223509 0.690896
vt 0.219855 0.706306
vt 0.133227 0.834738
vt 0.126366 0.833432
vt 0.135670 0.796013
vt 0.139805 0.796686
vt 0.205567 0.626722
vt 0.193023 0.651458
vt 0.189141 0.649782
vt 0.201071 0.623597
vt 0.229163 0.710603
vt 0.232211 0.693750
vt 0.240860 0.695435
vt 0.237807 0.712963
vt 0.148967 0.640746
vt 0.144810 0.640517
vt 0.144207 0.610171
vt 0.149614 0.608730
vt 0.187449 0.613950
vt 0.177253 0.645977
vt 0.173258 0.644984
vt 0.182528 0.611254
vt 0.181236 0.647072
vt 0.192120 0.617034
vt 0.153077 0.641181
vt 0.154247 0.667775
vt 0.147950 0.666971
vt 0.268529 0.694402
vt 0.269414 0.678030
vt 0.277916 0.678160
vt 0.278300 0.692948
vt 0.343334 0.695480
vt 0.340660 0.684731
vt 0.349539 0.682328
vt 0.354617 0.693855
vt 0.246799 0.713009
vt 0.249684 0.695990
vt 0.258909 0.695514
vt 0.256857 0.711376
vt 0.123378 0.898270
vt 0.115235 0.922763
vt 0.111375 0.921780
vt 0.118411 0.897118
vt 0.268150 0.708787
vt 0.179061 0.673346
vt 0.172984 0.671680
vt 0.185202 0.648330
vt 0.252488 0.677371
vt 0.260933 0.677789
vt 0.136838 0.704776
vt 0.134255 0.730652
vt 0.129088 0.730163
vt 0.131072 0.704269
vt 0.196840 0.653401
vt 0.210175 0.629578
vt 0.313900 0.687453
vt 0.322760 0.686785
vt 0.323309 0.694991
vt 0.315071 0.695485
vt 0.337060 0.672373
vt 0.344785 0.669927
vt 0.166323 0.606932
vt 0.161206 0.642459
vt 0.157156 0.641761
vt 0.160698 0.606931
vt 0.320713 0.676194
vt 0.328988 0.674541
vt 0.331713 0.686012
vt 0.219577 0.672010
vt 0.227637 0.673922
vt 0.139137 0.770406
vt 0.143825 0.771217
vt 0.307118 0.696263
vt 0.305088 0.688407
vt 0.270527 0.645685
vt 0.278150 0.645772
vt 0.331083 0.641622
vt 0.338704 0.640530
vt 0.176343 0.711986
vt 0.170697 0.710789
vt 0.185042 0.675210
vt 0.235813 0.675480
vt 0.240303 0.643756
vt 0.247815 0.644493
vt 0.244110 0.676635
vt 0.232809 0.642883
vt 0.225318 0.641919
vt 0.217810 0.640917
vt 0.211578 0.669773
vt 0.262927 0.645467
vt 0.148220 0.706270
vt 0.144574 0.732103
vt 0.139415 0.731311
vt 0.142554 0.705421
vt 0.153851 0.707300
vt 0.160543 0.668865
vt 0.303653 0.677929
vt 0.300984 0.644998
vt 0.308549 0.644385
vt 0.312244 0.677297
vt 0.299033 0.596073
vt 0.298138 0.555572
vt 0.305094 0.555596
vt 0.306154 0.595769
vt 0.313297 0.595424
vt 0.312016 0.555606
vt 0.318895 0.555598
vt 0.320470 0.595057
vt 0.316083 0.643599
vt 0.323589 0.642663
vt 0.255356 0.645068
vt 0.256469 0.596374
vt 0.263570 0.596527
vt 0.327692 0.594708
vt 0.220576 0.595598
vt 0.227838 0.595676
vt 0.235047 0.595817
vt 0.334921 0.594355
vt 0.270660 0.596633
vt 0.249353 0.596190
vt 0.277744 0.596599
vt 0.284832 0.596496
vt 0.285775 0.645688
vt 0.291927 0.596319
vt 0.293390 0.645432
vt 0.242215 0.595996
vt 0.263048 0.555628
vt 0.270092 0.555490
vt 0.256009 0.555786
vt 0.248987 0.555973
vt 0.241996 0.556193
vt 0.228184 0.556736
vt 0.235054 0.556447
vt 0.153228 0.772759
vt 0.148517 0.772005
vt 0.154868 0.733831
vt 0.160012 0.734706
vt 0.134436 0.769639
vt 0.129707 0.768999
vt 0.325697 0.555506
vt 0.286450 0.678254
vt 0.295034 0.678201
vt 0.155111 0.607584
vt 0.196623 0.620313
vt 0.287396 0.691296
vt 0.296283 0.689683
vt 0.140615 0.640520
vt 0.136394 0.640786
vt 0.133543 0.613077
vt 0.138863 0.611687
vt 0.170256 0.736570
vt 0.165155 0.735604
vt 0.280038 0.705577
vt 0.141673 0.666485
vt 0.166801 0.670183
vt 0.169256 0.644079
vt 0.165241 0.643218
vt 0.206290 0.682218
vt 0.199178 0.692583
vt 0.332622 0.695229
vt 0.113461 0.895907
vt 0.122221 0.858701
vt 0.127957 0.859948
vt 0.131525 0.795361
vt 0.127388 0.794762
vt 0.165068 0.709610
vt 0.159459 0.708437
vt 0.149722 0.732957
vt 0.177331 0.609119
vt 0.171896 0.607677
vt 0.128227 0.899884
vt 0.133703 0.861123
vt 0.139336 0.862722
vt 0.277128 0.555501
vt 0.284151 0.555519
vt 0.162638 0.774432
vt 0.157941 0.773541
vt 0.135435 0.666325
vt 0.332429 0.555400
vt 0.152205 0.798748
vt 0.148099 0.797999
vt 0.123226 0.794319
vt 0.119455 0.832282
vt 0.146930 0.837426
vt 0.140115 0.835887
vt 0.143957 0.797321
vt 0.156280 0.799677
vt 0.107464 0.920894
vt 0.098503 0.958228
vt 0.095341 0.957529
vt 0.103622 0.919867
vt 0.116520 0.857378
vt 0.108553 0.894531
vt 0.104842 0.959470
vt 0.101695 0.958758
vt 0.107891 0.960563
vt 0.119001 0.924121
vt 0.091909 0.989713
vt 0.093028 0.989562
vt 0.093676 0.989952
vt 0.095867 0.990424
vt 0.096918 0.990805
vt 0.289720 0.701652
vt 0.298781 0.698391
vt 0.132152 0.641331
vt 0.124952 0.768541
vt 0.221406 0.557055
vt 0.291155 0.555544
vt 0.128225 0.614191
s 1
usemtl Trunk
f 592/627/577 609/628/578 608/629/579 591/630/580
f 743/631/581 742/632/582 735/633/583 736/634/584
f 677/635/585 694/636/586 693/637/587 676/638/588
f 590/639/589 607/640/590 606/641/591 589/642/592
f 683/643/593 682/644/594 665/645/595 666/646/596
f 673/647/597 690/648/598 689/649/599 672/650/600
f 691/651/601 690/648/598 673/647/597 674/652/602
f 684/653/603 699/654/604 698/655/605 683/643/593
f 603/656/606 620/657/607 619/658/608 602/659/609
f 578/660/610 595/661/611 594/662/612 577/663/613
f 588/664/614 605/665/615 604/666/616 587/667/617
f 608/629/579 607/640/590 590/639/589 591/630/580
f 753/668/618 758/669/619 757/670/620 752/671/621
f 604/666/616 603/656/606 586/672/622 587/667/617
f 703/673/623 702/674/624 692/675/625 693/637/587
f 605/665/615 622/676/626 621/677/627 604/666/616
f 606/641/591 605/665/615 588/664/614 589/642/592
f 706/678/628 715/679/629 714/680/630 705/681/631
f 695/682/632 694/636/586 677/635/585 678/683/633
f 598/684/634 597/685/635 580/686/636 581/687/637
f 595/661/611 612/688/638 611/689/639 594/662/612
f 669/690/640 686/691/641 685/692/642 668/693/643
f 597/685/635 614/694/644 613/695/645 596/696/646
f 613/695/645 612/688/638 595/661/611 596/696/646
f 609/628/578 626/697/647 625/698/648 608/629/579
f 736/634/584 735/633/583 726/699/649 727/700/650
f 621/677/627 620/657/607 603/656/606 604/666/616
f 582/701/651 599/702/652 598/684/634 581/687/637
f 620/657/607 637/703/653 636/704/654 619/658/608
f 612/688/638 629/705/655 628/706/656 611/689/639
f 713/707/657 712/708/658 703/673/623 704/709/659
f 624/710/660 641/711/661 640/712/662 623/713/663
f 642/714/664 641/711/661 624/710/660 625/698/648
f 626/697/647 643/715/665 642/714/664 625/698/648
f 644/716/666 643/715/665 626/697/647 627/717/667
f 638/718/668 637/703/653 620/657/607 621/677/627
f 708/719/669 717/720/670 716/721/671 707/722/672
f 709/723/673 708/719/669 699/654/604 700/724/674
f 616/725/675 633/726/676 632/727/677 615/728/678
f 650/729/679 667/730/680 666/731/596 649/732/681
f 648/733/682 665/734/595 664/735/683 647/736/684
f 631/737/685 648/733/682 647/736/684 630/738/686
f 639/739/687 656/740/688 655/741/689 638/718/668
f 647/736/684 646/742/690 629/705/655 630/738/686
f 661/743/691 660/744/692 643/715/665 644/716/666
f 643/715/665 660/744/692 659/745/693 642/714/664
f 629/705/655 646/742/690 645/746/694 628/706/656
f 655/741/689 654/747/695 637/703/653 638/718/668
f 657/748/696 656/740/688 639/739/687 640/712/662
f 637/703/653 654/747/695 653/749/697 636/704/654
f 653/749/697 652/750/698 635/751/699 636/704/654
f 649/732/681 648/733/682 631/737/685 632/727/677
f 651/752/700 650/729/679 633/726/676 634/753/701
f 641/711/661 658/754/702 657/748/696 640/712/662
f 633/726/676 650/729/679 649/732/681 632/727/677
f 635/751/699 652/750/698 651/752/700 634/753/701
f 672/755/600 671/756/703 654/747/695 655/741/689
f 656/740/688 673/757/597 672/755/600 655/741/689
f 674/758/602 673/757/597 656/740/688 657/748/696
f 658/754/702 675/759/704 674/758/602 657/748/696
f 660/744/692 677/760/585 676/761/588 659/745/693
f 729/762/705 728/763/706 719/764/707 720/765/708
f 725/766/709 724/767/710 715/679/629 716/721/671
f 664/735/683 663/768/711 646/742/690 647/736/684
f 618/769/712 635/751/699 634/753/701 617/770/713
f 632/727/677 631/737/685 614/694/644 615/728/678
f 666/731/596 665/734/595 648/733/682 649/732/681
f 636/704/654 635/751/699 618/769/712 619/658/608
f 615/728/678 614/694/644 597/685/635 598/684/634
f 685/692/642 684/653/603 667/771/680 668/693/643
f 675/772/704 692/675/625 691/651/601 674/652/602
f 601/773/714 618/769/712 617/770/713 600/774/715
f 599/702/652 616/725/675 615/728/678 598/684/634
f 623/713/663 622/676/626 605/665/615 606/641/591
f 625/698/648 624/710/660 607/640/590 608/629/579
f 667/771/680 684/653/603 683/643/593 666/646/596
f 681/775/716 680/776/717 663/777/711 664/778/683
f 722/779/718 721/780/719 712/708/658 713/707/657
f 586/672/622 603/656/606 602/659/609 585/781/720
f 681/775/716 697/782/721 680/776/717
f 683/643/593 698/655/605 682/644/594
f 685/692/642 699/654/604 684/653/603
f 685/692/642 686/691/641 699/654/604
f 701/783/722 700/724/674 688/784/723 689/649/599
f 687/785/724 688/784/723 700/724/674
f 610/786/725 609/628/578 592/627/577 593/787/726
f 689/649/599 690/648/598 701/783/722
f 682/644/594 698/655/605 697/782/721 681/775/716
f 691/651/601 692/675/625 702/674/624
f 693/637/587 694/636/586 703/673/623
f 580/686/636 597/685/635 596/696/646 579/788/727
f 752/671/621 751/789/728 746/790/729 747/791/730
f 734/792/731 733/793/732 724/767/710 725/766/709
f 703/673/623 712/708/658 711/794/733 702/674/624
f 634/753/701 633/726/676 616/725/675 617/770/713
f 630/738/686 629/705/655 612/688/638 613/695/645
f 640/712/662 639/739/687 622/676/626 623/713/663
f 710/795/734 719/764/707 718/796/735 709/723/673
f 712/708/658 721/780/719 720/765/708 711/794/733
f 671/797/703 688/784/723 687/785/724 670/798/736
f 701/783/722 710/795/734 709/723/673 700/724/674
f 718/796/735 717/720/670 708/719/669 709/723/673
f 754/799/737 753/668/618 748/800/738 749/801/739
f 670/802/736 669/803/640 652/750/698 653/749/697
f 731/804/740 730/805/741 721/780/719 722/779/718
f 697/782/721 706/678/628 705/681/631 696/806/742
f 646/742/690 663/768/711 662/807/743 645/746/694
f 711/794/733 710/795/734 701/783/722 702/674/624
f 726/699/649 735/633/583 734/792/731 725/766/709
f 747/791/730 746/790/729 742/632/582 743/631/581
f 730/805/741 739/808/744 738/809/745 729/762/705
f 732/810/746 733/793/732 741/811/747
f 734/792/731 735/633/583 742/632/582
f 739/808/744 741/812/748 744/813/749 738/809/745
f 742/632/582 741/811/747 733/793/732 734/792/731
f 738/809/745 744/813/749 737/814/750
f 740/815/751 741/812/748 739/808/744
f 744/813/749 748/800/738 747/791/730 743/631/581
f 749/801/739 748/800/738 744/813/749 741/812/748
f 756/816/752 761/817/753 760/818/754 755/819/755
f 748/800/738 753/668/618 752/671/621 747/791/730
f 716/721/671 715/679/629 706/678/628 707/722/672
f 742/632/582 746/790/729 745/820/756 741/811/747
f 720/765/708 719/764/707 710/795/734 711/794/733
f 728/763/706 737/814/750 736/634/584 727/700/650
f 751/789/728 756/816/752 755/819/755 750/821/737
f 758/669/619 763/822/757 762/823/758 757/670/620
f 764/824/759 763/822/757 758/669/619 759/825/760
f 617/770/713 616/725/675 599/702/652 600/774/715
f 687/785/724 686/691/641 669/690/640 670/798/736
f 765/826/761 760/818/754 766/827/762
f 761/817/753 766/827/762 760/818/754
f 761/817/753 762/823/758 766/827/762
f 767/828/761 766/827/762 762/823/758
f 767/828/761 762/823/758 768/829/763
f 763/822/757 768/829/763 762/823/758
f 763/822/757 764/824/759 768/829/763
f 769/830/761 768/829/763 764/824/759
f 700/724/674 699/654/604 686/691/641 687/785/724
f 619/658/608 618/769/712 601/773/714 602/659/609
f 627/717/667 626/697/647 609/628/578 610/786/725
f 602/659/609 601/773/714 584/831/764 585/781/720
f 600/774/715 599/702/652 582/701/651 583/832/765
f 665/645/595 682/644/594 681/775/716 664/778/683
f 689/649/599 688/784/723 671/797/703 672/650/600
f 740/815/751 739/808/744 730/805/741 731/804/740
f 584/831/764 601/773/714 600/774/715 583/832/765
f 596/696/646 595/661/611 578/660/610 579/788/727
f 702/674/624 701/783/722 690/648/598 691/651/601
f 693/637/587 692/675/625 675/772/704 676/638/588
f 704/709/659 703/673/623 694/636/586 695/682/632
f 680/776/717 697/782/721 696/806/742 679/833/766
f 699/654/604 708/719/669 707/722/672 698/655/605
f 724/767/710 733/793/732 732/810/746 723/834/767
f 678/835/633 677/760/585 660/744/692 661/743/691
f 668/836/643 667/730/680 650/729/679 651/752/700
f 738/809/745 737/814/750 728/763/706 729/762/705
f 757/670/620 756/816/752 751/789/728 752/671/621
f 622/676/626 639/739/687 638/718/668 621/677/627
f 719/764/707 728/763/706 727/700/650 718/796/735
f 727/700/650 726/699/649 717/720/670 718/796/735
f 721/780/719 730/805/741 729/762/705 720/765/708
f 715/679/629 724/767/710 723/834/767 714/680/630
f 762/823/758 761/817/753 756/816/752 757/670/620
f 717/720/670 726/699/649 725/766/709 716/721/671
f 654/747/695 671/756/703 670/802/736 653/749/697
f 676/761/588 675/759/704 658/754/702 659/745/693
f 759/825/760 758/669/619 753/668/618 754/799/737
f 614/694/644 631/737/685 630/738/686 613/695/645
f 737/814/750 744/813/749 743/631/581 736/634/584
f 663/777/711 680/776/717 679/833/766 662/837/743
f 707/722/672 706/678/628 697/782/721 698/655/605
f 746/790/729 751/789/728 750/821/737 745/820/756
f 652/750/698 669/803/640 668/836/643 651/752/700
f 607/640/590 624/710/660 623/713/663 606/641/591
f 659/745/693 658/754/702 641/711/661 642/714/664
o Tree_0.034
v 0.967874 6.206666 0.818928
v 0.976176 6.293737 0.803179
v 0.958945 6.371205 0.774894
v 0.921360 6.426910 0.735309
v 0.870467 6.452172 0.688856
v 0.814473 6.443070 0.642055
v 0.761455 6.401055 0.602571
v 0.718155 6.332724 0.578011
v 0.688608 6.248846 0.575191
v 0.668646 6.151206 0.602649
v 0.669595 6.065719 0.648553
v 0.694061 6.005003 0.702609
v 0.739965 5.978052 0.754604
v 0.800925 5.988872 0.795893
v 0.867056 6.035909 0.820916
v 0.926647 6.112249 0.827843
v 0.967874 6.206666 0.818928
v 0.899720 6.250942 0.882897
v 0.912939 6.317585 0.859176
v 0.903563 6.377100 0.822896
v 0.873838 6.420304 0.778592
v 0.828725 6.440543 0.732488
v 0.775244 6.434703 0.691416
v 0.721392 6.403699 0.661806
v 0.674932 6.352326 0.648689
v 0.642113 6.288533 0.655054
v 0.625169 6.218533 0.682518
v 0.629324 6.156498 0.724456
v 0.654830 6.111739 0.773420
v 0.698333 6.090985 0.821317
v 0.753406 6.097361 0.860620
v 0.811471 6.129928 0.885578
v 0.863160 6.183812 0.893027
v 0.899720 6.250942 0.882897
v 0.830958 6.310908 0.959456
v 0.849374 6.364708 0.928301
v 0.846277 6.412927 0.885060
v 0.822137 6.448221 0.836317
v 0.780630 6.465219 0.789493
v 0.728074 6.461333 0.751715
v 0.672472 6.437154 0.728736
v 0.622287 6.396363 0.724053
v 0.585161 6.345170 0.738380
v 0.566744 6.291370 0.769535
v 0.569842 6.243152 0.812775
v 0.593982 6.207857 0.861518
v 0.635489 6.190859 0.908342
v 0.688044 6.194746 0.946120
v 0.743647 6.218925 0.969100
v 0.793831 6.259715 0.973783
v 0.830958 6.310908 0.959456
v 0.685290 6.453900 1.117712
v 0.702336 6.504128 1.088839
v 0.699742 6.548743 1.048221
v 0.677903 6.580951 1.002039
v 0.640143 6.595850 0.957326
v 0.592212 6.591172 0.920887
v 0.541406 6.567627 0.898272
v 0.495460 6.528802 0.892922
v 0.461368 6.480607 0.905652
v 0.444322 6.430379 0.934524
v 0.446916 6.385765 0.975143
v 0.468755 6.353556 1.021324
v 0.506515 6.338657 1.066038
v 0.554446 6.343336 1.102476
v 0.605252 6.366880 1.125091
v 0.651198 6.405705 1.130442
v 0.685290 6.453900 1.117712
v 0.476271 6.664200 1.355100
v 0.492595 6.711842 1.327509
v 0.490247 6.754144 1.288746
v 0.469582 6.784667 1.244713
v 0.433747 6.798762 1.202114
v 0.388198 6.794285 1.167433
v 0.339868 6.771917 1.145951
v 0.296116 6.735064 1.140938
v 0.263603 6.689335 1.153157
v 0.247278 6.641693 1.180748
v 0.249627 6.599391 1.219511
v 0.270292 6.568868 1.263544
v 0.306126 6.554772 1.306143
v 0.351676 6.559249 1.340824
v 0.400005 6.581617 1.362306
v 0.443757 6.618471 1.367319
v 0.476271 6.664200 1.355100
v 0.304057 6.838297 1.549058
v 0.319063 6.882298 1.523660
v 0.316536 6.921692 1.488334
v 0.296859 6.950484 1.448457
v 0.263029 6.964289 1.410100
v 0.220195 6.961005 1.379103
v 0.174880 6.941133 1.360185
v 0.133981 6.907699 1.356226
v 0.103725 6.865791 1.367829
v 0.088718 6.821790 1.393227
v 0.091246 6.782396 1.428554
v 0.110923 6.753604 1.468431
v 0.144753 6.739800 1.506788
v 0.187587 6.743083 1.537784
v 0.232902 6.762955 1.556702
v 0.273801 6.796390 1.560661
v 0.304057 6.838297 1.549058
v 0.197195 6.977990 1.748863
v 0.207684 7.014662 1.731264
v 0.202161 7.050610 1.710245
v 0.181466 7.080359 1.689003
v 0.148749 7.099383 1.670774
v 0.108993 7.104785 1.658334
v 0.068248 7.095741 1.653574
v 0.032719 7.073630 1.657221
v 0.007814 7.041816 1.668719
v -0.002676 7.005145 1.686318
v 0.002848 6.969198 1.707338
v 0.023543 6.939447 1.728579
v 0.056259 6.920424 1.746808
v 0.096016 6.915022 1.759249
v 0.136761 6.924066 1.764008
v 0.172290 6.946177 1.760361
v 0.197195 6.977990 1.748863
v 0.128308 7.094925 1.954904
v 0.131279 7.149991 1.929375
v 0.091070 7.187773 1.903908
v 0.031236 7.186141 1.893423
v -0.013175 7.146049 1.904062
v -0.016146 7.090983 1.929592
v 0.024063 7.053201 1.955058
v 0.083897 7.054833 1.965543
v 0.128308 7.094925 1.954904
v 0.062622 7.241254 2.295566
v 0.064850 7.293944 2.274440
v 0.026773 7.330320 2.253122
v -0.029304 7.329074 2.244100
v -0.070532 7.290936 2.252660
v -0.072759 7.238245 2.273786
v -0.034683 7.201869 2.295104
v 0.021394 7.203115 2.304125
v 0.062622 7.241254 2.295566
v 0.014572 7.323583 2.528411
v 0.015765 7.372286 2.513751
v -0.018814 7.405727 2.497188
v -0.068909 7.404317 2.488424
v -0.105176 7.368881 2.492593
v -0.106369 7.320178 2.507253
v -0.071790 7.286737 2.523817
v -0.021695 7.288147 2.532581
v 0.014572 7.323583 2.528411
v -0.069746 7.420893 2.886090
v -0.069121 7.466463 2.874936
v -0.101080 7.497412 2.860033
v -0.146902 7.495612 2.850109
v -0.179745 7.462117 2.850979
v -0.180371 7.416547 2.862132
v -0.148412 7.385598 2.877035
v -0.102590 7.387398 2.886959
v -0.069746 7.420893 2.886090
v -0.149537 7.474824 3.125566
v -0.149345 7.515009 3.117515
v -0.176643 7.541716 3.102642
v -0.215441 7.539301 3.089662
v -0.243012 7.509179 3.086177
v -0.243204 7.468994 3.094228
v -0.215906 7.442287 3.109100
v -0.177108 7.444703 3.122081
v -0.149537 7.474824 3.125566
v -0.305117 7.552138 3.467113
v -0.328205 7.612040 3.443461
v -0.385988 7.581678 3.422968
v -0.362900 7.521776 3.446620
v -0.445127 7.615160 3.678961
v -0.460086 7.663667 3.652061
v -0.505347 7.636887 3.628940
v -0.490388 7.588380 3.655840
v -0.445127 7.615160 3.678961
v -0.680449 7.747249 3.949209
v -0.689145 7.787395 3.920461
v -0.727163 7.763325 3.898349
v -0.718467 7.723180 3.927096
v -0.680449 7.747249 3.949209
v -0.854156 7.873171 4.093932
v -0.854538 7.900071 4.065463
v -0.884250 7.881321 4.048145
v -0.883868 7.854421 4.076614
v -0.854156 7.873171 4.093932
v -1.084387 8.119612 4.263254
v -1.081426 8.138236 4.237576
v -1.106838 8.124194 4.224462
v -1.109798 8.105570 4.250139
v -1.084387 8.119612 4.263254
v -1.246423 8.374917 4.357093
v -1.246423 8.374917 4.357093
v -1.246423 8.374917 4.357093
v -1.246423 8.374917 4.357093
v -1.246423 8.374917 4.357093
vn 0.5354 -0.2469 0.8077
vn 0.5498 -0.3001 0.7795
vn 0.2913 -0.5303 0.7962
vn 0.2925 -0.4346 0.8518
vn -0.8727 -0.2190 -0.4364
vn 0.0622 0.9811 -0.1834
vn -0.4196 0.8483 -0.3231
vn -0.8945 0.2177 -0.3905
vn 0.4090 -0.2628 0.8738
vn 0.6500 -0.5171 0.5569
vn 0.3413 -0.7262 0.5968
vn 0.1452 -0.5350 0.8323
vn -0.1039 -0.5269 0.8436
vn -0.0948 -0.6616 0.7438
vn -0.4226 -0.7271 0.5410
vn -0.4827 -0.5753 0.6603
vn 0.3572 0.8965 -0.2623
vn 0.6781 0.7300 -0.0858
vn 0.5697 0.8218 0.0046
vn 0.3417 0.8873 -0.3098
vn -0.6745 -0.7313 0.1008
vn -0.7249 -0.6217 0.2967
vn -0.9229 -0.3754 0.0853
vn -0.8034 -0.5550 -0.2158
vn -0.4022 -0.7994 0.4462
vn -0.4444 -0.7914 0.4198
vn -0.0041 0.9365 -0.3508
vn -0.4736 0.7899 -0.3894
vn 0.1893 0.9222 -0.3373
vn -0.8961 -0.1924 -0.4000
vn -0.8743 -0.2567 -0.4119
vn -0.7958 0.0248 -0.6050
vn -0.8143 0.0527 -0.5780
vn 0.6675 0.2834 0.6886
vn 0.7637 0.3165 0.5627
vn 0.7462 0.0479 0.6640
vn 0.6786 0.0446 0.7332
vn -0.8355 -0.4638 0.2946
vn -0.7562 -0.6129 0.2290
vn -0.8710 -0.4850 -0.0789
vn -0.9367 -0.3486 -0.0320
vn -0.2370 -0.8761 0.4199
vn -0.3654 -0.7697 0.5236
vn -0.7597 -0.2521 -0.5994
vn -0.7656 -0.2534 -0.5914
vn -0.9189 -0.1105 -0.3788
vn 0.4597 -0.7548 0.4679
vn -0.1965 -0.9061 0.3748
vn -0.0427 -0.8272 0.5604
vn -0.6780 -0.7155 0.1683
vn -0.8179 -0.5634 -0.1168
vn 0.8547 0.5191 -0.0097
vn 0.8442 0.5344 0.0433
vn 0.9700 -0.0479 0.2385
vn 0.9744 -0.0524 0.2187
vn 0.8818 -0.1478 0.4479
vn 0.7558 0.0875 0.6489
vn 0.1831 0.9567 -0.2263
vn 0.4517 0.8808 0.1423
vn 0.2024 0.8607 0.4671
vn -0.1312 0.9833 0.1261
vn 0.8120 0.3213 0.4874
vn 0.7604 0.0562 0.6470
vn -0.5136 0.3569 -0.7803
vn -0.6979 0.6256 -0.3485
vn -0.3838 0.8244 -0.4160
vn -0.2480 0.6344 -0.7321
vn 0.5894 0.8057 -0.0583
vn 0.7642 0.6187 0.1824
vn 0.6851 0.6656 0.2960
vn 0.5363 -0.3211 0.7806
vn 0.2741 -0.5625 0.7801
vn -0.5000 0.8141 -0.2953
vn -0.9539 0.1144 -0.2775
vn -0.4300 0.8938 -0.1277
vn -0.1542 0.9053 -0.3958
vn -0.8565 -0.2801 -0.4335
vn -0.7797 0.0074 -0.6261
vn 0.8285 0.3088 0.4671
vn 0.7683 0.0483 0.6383
vn 0.9744 -0.0519 0.2186
vn 0.4802 -0.7836 0.3941
vn 0.9744 -0.0093 0.2245
vn -0.0864 -0.7441 0.6625
vn -0.0739 -0.7657 0.6390
vn -0.3619 -0.8218 0.4401
vn -0.3763 -0.8047 0.4591
vn 0.2839 -0.5745 0.7677
vn 0.5394 -0.3290 0.7751
vn 0.7681 0.0477 0.6386
vn 0.7603 0.0557 0.6472
vn -0.8024 -0.5808 -0.1373
vn -0.4876 0.8015 -0.3463
vn -0.4950 0.8099 -0.3148
vn 0.1750 0.9624 -0.2076
vn 0.1864 0.9466 -0.2629
vn -0.9720 0.1402 -0.1886
vn -0.9705 0.1254 -0.2059
vn 0.0093 0.8281 -0.5605
vn 0.0459 0.7946 -0.6054
vn 0.3387 0.8456 -0.4127
vn 0.3179 0.8657 -0.3866
vn 0.0426 0.7978 -0.6014
vn 0.0600 0.8193 -0.5702
vn 0.3330 0.8513 -0.4054
vn 0.6239 0.7744 -0.1047
vn 0.6971 0.6418 0.3194
vn 0.7774 0.6064 0.1671
vn 0.6242 0.7743 -0.1047
vn 0.7793 0.6046 0.1647
vn -0.6521 -0.7454 0.1383
vn -0.6580 -0.7388 0.1453
vn -0.8141 -0.5678 -0.1224
vn 0.8299 0.3076 0.4655
vn 0.7682 0.0477 0.6384
vn 0.5395 -0.3292 0.7750
vn 0.2804 -0.5703 0.7721
vn 0.7684 0.0482 0.6381
vn -0.8636 -0.2721 -0.4245
vn -0.3699 -0.8128 0.4501
vn -0.7922 0.0210 -0.6099
vn -0.5735 0.3643 -0.7338
vn -0.5674 0.3579 -0.7416
vn -0.3171 0.6087 -0.7272
vn -0.3071 0.5982 -0.7402
vn -0.0770 -0.7626 0.6422
vn -0.8162 -0.2838 -0.5033
vn -0.1635 -0.7208 0.6736
vn -0.1722 -0.9667 0.1894
vn -0.8351 -0.5437 -0.0837
vn -0.8513 -0.5246 -0.0104
vn -0.1804 -0.9552 0.2346
vn 0.1575 0.9782 -0.1355
vn 0.8218 0.5543 0.1322
vn 0.7103 0.3704 0.5986
vn -0.5897 0.3786 -0.7134
vn -0.3266 0.6185 -0.7146
vn -0.6533 0.3970 -0.6447
vn -0.4100 0.6661 -0.6231
vn 0.8758 0.4731 0.0957
vn 0.9486 0.1274 0.2898
vn 0.9700 -0.0474 0.2384
vn 0.4891 -0.7997 0.3482
vn -0.8479 0.0902 -0.5224
vn 0.8594 0.5110 -0.0192
vn -0.8755 -0.4734 0.0964
vn -0.9966 -0.0199 -0.0805
vn -0.9149 0.2977 -0.2726
vn 0.7460 0.0474 0.6643
vn 0.6784 0.0441 0.7333
vn 0.4822 0.6677 0.5672
vn 0.2063 0.8976 -0.3896
vn 0.1111 0.9512 -0.2878
vn -0.8074 -0.2312 -0.5428
vn 0.2704 0.9590 -0.0843
vn 0.8168 0.5085 0.2724
vn -0.1956 -0.9284 0.3161
vn -0.8639 -0.5004 0.0573
vn -0.9648 0.1251 -0.2311
vn -0.7203 0.0351 -0.6928
vn 0.7476 0.3801 0.5445
vn -0.1708 -0.9371 0.3044
vn 0.8092 0.2505 0.5314
vn 0.9502 -0.0322 0.3098
vn 0.4882 -0.8015 0.3453
vn 0.9744 -0.0098 0.2247
vn 0.7561 0.0877 0.6485
vn 0.3608 -0.8592 0.3628
vn -0.3195 -0.9431 0.0917
vn 0.9099 -0.1149 0.3987
vn 0.8301 0.3785 0.4094
vn 0.8531 0.2811 0.4396
vn -0.1766 -0.9632 0.2026
vn -0.8431 -0.4952 -0.2095
vn 0.9090 -0.1197 0.3992
vn 0.3453 0.7893 -0.5077
vn 0.4534 0.6690 -0.5890
vn 0.8111 0.3496 0.4689
vn 0.7689 0.3631 0.5262
vn 0.7919 0.3541 0.4975
vn 0.7477 0.3801 0.5445
vn -0.5108 -0.5886 0.6267
vn -0.8506 -0.2238 -0.4758
vn 0.8113 0.3495 0.4687
vn 0.7690 0.3631 0.5261
vn -0.6936 0.1129 -0.7115
vn -0.6668 0.1432 -0.7313
vn -0.7208 0.0878 -0.6876
vn -0.7455 0.3855 -0.5437
vn -0.5827 0.6757 -0.4515
vn 0.8821 -0.1469 0.4475
vn 0.9503 -0.0324 0.3097
vt 0.209503 0.700367
vt 0.214752 0.687049
vt 0.223509 0.690896
vt 0.219855 0.706306
vt 0.133227 0.834738
vt 0.126366 0.833432
vt 0.135670 0.796013
vt 0.139805 0.796686
vt 0.205567 0.626722
vt 0.193023 0.651458
vt 0.189141 0.649782
vt 0.201071 0.623597
vt 0.229163 0.710603
vt 0.232211 0.693750
vt 0.240860 0.695435
vt 0.237807 0.712963
vt 0.148967 0.640746
vt 0.144810 0.640517
vt 0.144207 0.610171
vt 0.149614 0.608730
vt 0.187449 0.613950
vt 0.177253 0.645977
vt 0.173258 0.644984
vt 0.182528 0.611254
vt 0.181236 0.647072
vt 0.192120 0.617034
vt 0.153077 0.641181
vt 0.154247 0.667775
vt 0.147950 0.666971
vt 0.268529 0.694402
vt 0.269414 0.678030
vt 0.277916 0.678160
vt 0.278300 0.692948
vt 0.343334 0.695480
vt 0.340660 0.684731
vt 0.349539 0.682328
vt 0.354617 0.693855
vt 0.246799 0.713009
vt 0.249684 0.695990
vt 0.258909 0.695514
vt 0.256857 0.711376
vt 0.123378 0.898270
vt 0.115235 0.922763
vt 0.111375 0.921780
vt 0.118411 0.897118
vt 0.268150 0.708787
vt 0.179061 0.673346
vt 0.172984 0.671680
vt 0.185202 0.648330
vt 0.252488 0.677371
vt 0.260933 0.677789
vt 0.136838 0.704776
vt 0.134255 0.730652
vt 0.129088 0.730163
vt 0.131072 0.704269
vt 0.196840 0.653401
vt 0.210175 0.629578
vt 0.313900 0.687453
vt 0.322760 0.686785
vt 0.323309 0.694991
vt 0.315071 0.695485
vt 0.337060 0.672373
vt 0.344785 0.669927
vt 0.166323 0.606932
vt 0.161206 0.642459
vt 0.157156 0.641761
vt 0.160698 0.606931
vt 0.320713 0.676194
vt 0.328988 0.674541
vt 0.331713 0.686012
vt 0.219577 0.672010
vt 0.227637 0.673922
vt 0.139137 0.770406
vt 0.143825 0.771217
vt 0.307118 0.696263
vt 0.305088 0.688407
vt 0.270527 0.645685
vt 0.278150 0.645772
vt 0.331083 0.641622
vt 0.338704 0.640530
vt 0.176343 0.711986
vt 0.170697 0.710789
vt 0.185042 0.675210
vt 0.235813 0.675480
vt 0.240303 0.643756
vt 0.247815 0.644493
vt 0.244110 0.676635
vt 0.232809 0.642883
vt 0.225318 0.641919
vt 0.217810 0.640917
vt 0.211578 0.669773
vt 0.262927 0.645467
vt 0.148220 0.706270
vt 0.144574 0.732103
vt 0.139415 0.731311
vt 0.142554 0.705421
vt 0.153851 0.707300
vt 0.160543 0.668865
vt 0.303653 0.677929
vt 0.300984 0.644998
vt 0.308549 0.644385
vt 0.312244 0.677297
vt 0.299033 0.596073
vt 0.298138 0.555572
vt 0.305094 0.555596
vt 0.306154 0.595769
vt 0.313297 0.595424
vt 0.312016 0.555606
vt 0.318895 0.555598
vt 0.320470 0.595057
vt 0.316083 0.643599
vt 0.323589 0.642663
vt 0.255356 0.645068
vt 0.256469 0.596374
vt 0.263570 0.596527
vt 0.327692 0.594708
vt 0.220576 0.595598
vt 0.227838 0.595676
vt 0.235047 0.595817
vt 0.334921 0.594355
vt 0.270660 0.596633
vt 0.249353 0.596190
vt 0.277744 0.596599
vt 0.284832 0.596496
vt 0.285775 0.645688
vt 0.291927 0.596319
vt 0.293390 0.645432
vt 0.242215 0.595996
vt 0.263048 0.555628
vt 0.270092 0.555490
vt 0.256009 0.555786
vt 0.248987 0.555973
vt 0.241996 0.556193
vt 0.228184 0.556736
vt 0.235054 0.556447
vt 0.153228 0.772759
vt 0.148517 0.772005
vt 0.154868 0.733831
vt 0.160012 0.734706
vt 0.134436 0.769639
vt 0.129707 0.768999
vt 0.325697 0.555506
vt 0.286450 0.678254
vt 0.295034 0.678201
vt 0.155111 0.607584
vt 0.196623 0.620313
vt 0.287396 0.691296
vt 0.296283 0.689683
vt 0.140615 0.640520
vt 0.136394 0.640786
vt 0.133543 0.613077
vt 0.138863 0.611687
vt 0.170256 0.736570
vt 0.165155 0.735604
vt 0.280038 0.705577
vt 0.141673 0.666485
vt 0.166801 0.670183
vt 0.169256 0.644079
vt 0.165241 0.643218
vt 0.206290 0.682218
vt 0.199178 0.692583
vt 0.332622 0.695229
vt 0.113461 0.895907
vt 0.122221 0.858701
vt 0.127957 0.859948
vt 0.131525 0.795361
vt 0.127388 0.794762
vt 0.165068 0.709610
vt 0.159459 0.708437
vt 0.149722 0.732957
vt 0.177331 0.609119
vt 0.171896 0.607677
vt 0.128227 0.899884
vt 0.133703 0.861123
vt 0.139336 0.862722
vt 0.277128 0.555501
vt 0.284151 0.555519
vt 0.162638 0.774432
vt 0.157941 0.773541
vt 0.135435 0.666325
vt 0.332429 0.555400
vt 0.152205 0.798748
vt 0.148099 0.797999
vt 0.123226 0.794319
vt 0.119455 0.832282
vt 0.146930 0.837426
vt 0.140115 0.835887
vt 0.143957 0.797321
vt 0.156280 0.799677
vt 0.107464 0.920894
vt 0.098503 0.958228
vt 0.095341 0.957529
vt 0.103622 0.919867
vt 0.116520 0.857378
vt 0.108553 0.894531
vt 0.104842 0.959470
vt 0.101695 0.958758
vt 0.107891 0.960563
vt 0.119001 0.924121
vt 0.091909 0.989713
vt 0.093028 0.989562
vt 0.093676 0.989952
vt 0.095867 0.990424
vt 0.096918 0.990805
vt 0.289720 0.701652
vt 0.298781 0.698391
vt 0.132152 0.641331
vt 0.124952 0.768541
vt 0.221406 0.557055
vt 0.291155 0.555544
vt 0.128225 0.614191
s 1
usemtl Trunk
f 785/838/768 802/839/769 801/840/770 784/841/771
f 936/842/772 935/843/773 928/844/774 929/845/775
f 870/846/776 887/847/777 886/848/778 869/849/779
f 783/850/780 800/851/781 799/852/782 782/853/783
f 876/854/784 875/855/785 858/856/786 859/857/787
f 866/858/788 883/859/789 882/860/790 865/861/791
f 884/862/792 883/859/789 866/858/788 867/863/793
f 877/864/794 892/865/795 891/866/796 876/854/784
f 796/867/797 813/868/798 812/869/799 795/870/800
f 771/871/801 788/872/802 787/873/803 770/874/804
f 781/875/805 798/876/806 797/877/807 780/878/808
f 801/840/770 800/851/781 783/850/780 784/841/771
f 946/879/809 951/880/810 950/881/811 945/882/812
f 797/877/807 796/867/797 779/883/813 780/878/808
f 896/884/814 895/885/815 885/886/816 886/848/778
f 798/876/806 815/887/817 814/888/818 797/877/807
f 799/852/782 798/876/806 781/875/805 782/853/783
f 899/889/819 908/890/820 907/891/821 898/892/822
f 888/893/823 887/847/777 870/846/776 871/894/824
f 791/895/825 790/896/826 773/897/827 774/898/828
f 788/872/802 805/899/829 804/900/830 787/873/803
f 862/901/831 879/902/832 878/903/833 861/904/834
f 790/896/826 807/905/835 806/906/836 789/907/837
f 806/906/836 805/899/829 788/872/802 789/907/837
f 802/839/769 819/908/838 818/909/839 801/840/770
f 929/845/775 928/844/774 919/910/840 920/911/841
f 814/888/818 813/868/798 796/867/797 797/877/807
f 775/912/842 792/913/843 791/895/825 774/898/828
f 813/868/798 830/914/844 829/915/845 812/869/799
f 805/899/829 822/916/846 821/917/847 804/900/830
f 906/918/848 905/919/849 896/884/814 897/920/850
f 817/921/851 834/922/852 833/923/853 816/924/854
f 835/925/855 834/922/852 817/921/851 818/909/839
f 819/908/838 836/926/856 835/925/855 818/909/839
f 837/927/857 836/926/856 819/908/838 820/928/858
f 831/929/859 830/914/844 813/868/798 814/888/818
f 901/930/860 910/931/861 909/932/862 900/933/863
f 902/934/864 901/930/860 892/865/795 893/935/865
f 809/936/866 826/937/867 825/938/868 808/939/869
f 843/940/870 860/941/871 859/942/787 842/943/872
f 841/944/873 858/945/786 857/946/874 840/947/875
f 824/948/876 841/944/873 840/947/875 823/949/877
f 832/950/878 849/951/879 848/952/880 831/929/859
f 840/947/875 839/953/881 822/916/846 823/949/877
f 854/954/882 853/955/883 836/926/856 837/927/857
f 836/926/856 853/955/883 852/956/884 835/925/855
f 822/916/846 839/953/881 838/957/885 821/917/847
f 848/952/880 847/958/886 830/914/844 831/929/859
f 850/959/887 849/951/879 832/950/878 833/923/853
f 830/914/844 847/958/886 846/960/888 829/915/845
f 846/960/888 845/961/889 828/962/890 829/915/845
f 842/943/872 841/944/873 824/948/876 825/938/868
f 844/963/891 843/940/870 826/937/867 827/964/892
f 834/922/852 851/965/893 850/959/887 833/923/853
f 826/937/867 843/940/870 842/943/872 825/938/868
f 828/962/890 845/961/889 844/963/891 827/964/892
f 865/966/791 864/967/894 847/958/886 848/952/880
f 849/951/879 866/968/788 865/966/791 848/952/880
f 867/969/793 866/968/788 849/951/879 850/959/887
f 851/965/893 868/970/895 867/969/793 850/959/887
f 853/955/883 870/971/776 869/972/779 852/956/884
f 922/973/896 921/974/897 912/975/898 913/976/899
f 918/977/900 917/978/901 908/890/820 909/932/862
f 857/946/874 856/979/902 839/953/881 840/947/875
f 811/980/903 828/962/890 827/964/892 810/981/904
f 825/938/868 824/948/876 807/905/835 808/939/869
f 859/942/787 858/945/786 841/944/873 842/943/872
f 829/915/845 828/962/890 811/980/903 812/869/799
f 808/939/869 807/905/835 790/896/826 791/895/825
f 878/903/833 877/864/794 860/982/871 861/904/834
f 868/983/895 885/886/816 884/862/792 867/863/793
f 794/984/905 811/980/903 810/981/904 793/985/906
f 792/913/843 809/936/866 808/939/869 791/895/825
f 816/924/854 815/887/817 798/876/806 799/852/782
f 818/909/839 817/921/851 800/851/781 801/840/770
f 860/982/871 877/864/794 876/854/784 859/857/787
f 874/986/907 873/987/908 856/988/902 857/989/874
f 915/990/909 914/991/910 905/919/849 906/918/848
f 779/883/813 796/867/797 795/870/800 778/992/911
f 874/986/907 890/993/912 873/987/908
f 876/854/784 891/866/796 875/855/785
f 878/903/833 892/865/795 877/864/794
f 878/903/833 879/902/832 892/865/795
f 894/994/913 893/935/865 881/995/914 882/860/790
f 880/996/915 881/995/914 893/935/865
f 803/997/916 802/839/769 785/838/768 786/998/917
f 882/860/790 883/859/789 894/994/913
f 875/855/785 891/866/796 890/993/912 874/986/907
f 884/862/792 885/886/816 895/885/815
f 886/848/778 887/847/777 896/884/814
f 773/897/827 790/896/826 789/907/837 772/999/918
f 945/882/812 944/1000/919 939/1001/920 940/1002/921
f 927/1003/922 926/1004/923 917/978/901 918/977/900
f 896/884/814 905/919/849 904/1005/924 895/885/815
f 827/964/892 826/937/867 809/936/866 810/981/904
f 823/949/877 822/916/846 805/899/829 806/906/836
f 833/923/853 832/950/878 815/887/817 816/924/854
f 903/1006/925 912/975/898 911/1007/926 902/934/864
f 905/919/849 914/991/910 913/976/899 904/1005/924
f 864/1008/894 881/995/914 880/996/915 863/1009/927
f 894/994/913 903/1006/925 902/934/864 893/935/865
f 911/1007/926 910/931/861 901/930/860 902/934/864
f 947/1010/928 946/879/809 941/1011/929 942/1012/930
f 863/1013/927 862/1014/831 845/961/889 846/960/888
f 924/1015/931 923/1016/932 914/991/910 915/990/909
f 890/993/912 899/889/819 898/892/822 889/1017/933
f 839/953/881 856/979/902 855/1018/934 838/957/885
f 904/1005/924 903/1006/925 894/994/913 895/885/815
f 919/910/840 928/844/774 927/1003/922 918/977/900
f 940/1002/921 939/1001/920 935/843/773 936/842/772
f 923/1016/932 932/1019/935 931/1020/936 922/973/896
f 925/1021/937 926/1004/923 934/1022/938
f 927/1003/922 928/844/774 935/843/773
f 932/1019/935 934/1023/939 937/1024/940 931/1020/936
f 935/843/773 934/1022/938 926/1004/923 927/1003/922
f 931/1020/936 937/1024/940 930/1025/941
f 933/1026/942 934/1023/939 932/1019/935
f 937/1024/940 941/1011/929 940/1002/921 936/842/772
f 942/1012/930 941/1011/929 937/1024/940 934/1023/939
f 949/1027/943 954/1028/944 953/1029/945 948/1030/946
f 941/1011/929 946/879/809 945/882/812 940/1002/921
f 909/932/862 908/890/820 899/889/819 900/933/863
f 935/843/773 939/1001/920 938/1031/947 934/1022/938
f 913/976/899 912/975/898 903/1006/925 904/1005/924
f 921/974/897 930/1025/941 929/845/775 920/911/841
f 944/1000/919 949/1027/943 948/1030/946 943/1032/948
f 951/880/810 956/1033/949 955/1034/950 950/881/811
f 957/1035/951 956/1033/949 951/880/810 952/1036/952
f 810/981/904 809/936/866 792/913/843 793/985/906
f 880/996/915 879/902/832 862/901/831 863/1009/927
f 958/1037/953 953/1029/945 959/1038/954
f 954/1028/944 959/1038/954 953/1029/945
f 954/1028/944 955/1034/950 959/1038/954
f 960/1039/953 959/1038/954 955/1034/950
f 960/1039/953 955/1034/950 961/1040/955
f 956/1033/949 961/1040/955 955/1034/950
f 956/1033/949 957/1035/951 961/1040/955
f 962/1041/953 961/1040/955 957/1035/951
f 893/935/865 892/865/795 879/902/832 880/996/915
f 812/869/799 811/980/903 794/984/905 795/870/800
f 820/928/858 819/908/838 802/839/769 803/997/916
f 795/870/800 794/984/905 777/1042/956 778/992/911
f 793/985/906 792/913/843 775/912/842 776/1043/957
f 858/856/786 875/855/785 874/986/907 857/989/874
f 882/860/790 881/995/914 864/1008/894 865/861/791
f 933/1026/942 932/1019/935 923/1016/932 924/1015/931
f 777/1042/956 794/984/905 793/985/906 776/1043/957
f 789/907/837 788/872/802 771/871/801 772/999/918
f 895/885/815 894/994/913 883/859/789 884/862/792
f 886/848/778 885/886/816 868/983/895 869/849/779
f 897/920/850 896/884/814 887/847/777 888/893/823
f 873/987/908 890/993/912 889/1017/933 872/1044/958
f 892/865/795 901/930/860 900/933/863 891/866/796
f 917/978/901 926/1004/923 925/1021/937 916/1045/959
f 871/1046/824 870/971/776 853/955/883 854/954/882
f 861/1047/834 860/941/871 843/940/870 844/963/891
f 931/1020/936 930/1025/941 921/974/897 922/973/896
f 950/881/811 949/1027/943 944/1000/919 945/882/812
f 815/887/817 832/950/878 831/929/859 814/888/818
f 912/975/898 921/974/897 920/911/841 911/1007/926
f 920/911/841 919/910/840 910/931/861 911/1007/926
f 914/991/910 923/1016/932 922/973/896 913/976/899
f 908/890/820 917/978/901 916/1045/959 907/891/821
f 955/1034/950 954/1028/944 949/1027/943 950/881/811
f 910/931/861 919/910/840 918/977/900 909/932/862
f 847/958/886 864/967/894 863/1013/927 846/960/888
f 869/972/779 868/970/895 851/965/893 852/956/884
f 952/1036/952 951/880/810 946/879/809 947/1010/928
f 807/905/835 824/948/876 823/949/877 806/906/836
f 930/1025/941 937/1024/940 936/842/772 929/845/775
f 856/988/902 873/987/908 872/1044/958 855/1048/934
f 900/933/863 899/889/819 890/993/912 891/866/796
f 939/1001/920 944/1000/919 943/1032/948 938/1031/947
f 845/961/889 862/1014/831 861/1047/834 844/963/891
f 800/851/781 817/921/851 816/924/854 799/852/782
f 852/956/884 851/965/893 834/922/852 835/925/855
o Tree_0.035
v 1.525462 11.557524 1.010998
v 1.507866 11.644596 1.013702
v 1.495394 11.722064 1.044384
v 1.485960 11.777769 1.098149
v 1.478927 11.803031 1.166694
v 1.474651 11.793928 1.239545
v 1.474483 11.751913 1.305651
v 1.480523 11.683582 1.355063
v 1.495845 11.599704 1.380484
v 1.529791 11.502065 1.380180
v 1.566111 11.416577 1.352093
v 1.594985 11.355862 1.300256
v 1.609440 11.328910 1.232421
v 1.606330 11.339731 1.158860
v 1.587072 11.386767 1.090826
v 1.557167 11.463108 1.038819
v 1.525462 11.557524 1.010998
v 1.617433 11.601800 1.027684
v 1.590504 11.668444 1.031182
v 1.566932 11.727959 1.060313
v 1.549026 11.771163 1.110569
v 1.538834 11.791402 1.174263
v 1.537665 11.785563 1.241685
v 1.545928 11.754558 1.302583
v 1.563044 11.703185 1.347723
v 1.587694 11.639392 1.370306
v 1.619849 11.569391 1.367573
v 1.651074 11.507357 1.339270
v 1.675236 11.462598 1.289630
v 1.687828 11.441843 1.226162
v 1.686627 11.448220 1.158514
v 1.672118 11.480786 1.097000
v 1.647336 11.534670 1.051032
v 1.617433 11.601800 1.027684
v 1.719882 11.661766 1.037366
v 1.683885 11.715568 1.041112
v 1.650984 11.763785 1.069340
v 1.626186 11.799080 1.117752
v 1.613268 11.816078 1.178977
v 1.614196 11.812192 1.243695
v 1.628829 11.788013 1.302052
v 1.654939 11.747222 1.345165
v 1.688550 11.696030 1.366469
v 1.724547 11.642229 1.362722
v 1.757449 11.594010 1.334494
v 1.782246 11.558716 1.286083
v 1.795164 11.541718 1.224858
v 1.794236 11.545604 1.160140
v 1.779603 11.569783 1.101783
v 1.753494 11.610574 1.058670
v 1.719882 11.661766 1.037366
v 1.933756 11.804759 1.060213
v 1.900409 11.854987 1.063702
v 1.869315 11.899601 1.089965
v 1.845206 11.931810 1.135003
v 1.831753 11.946709 1.191960
v 1.831005 11.942031 1.252165
v 1.843075 11.918487 1.306452
v 1.866126 11.879662 1.346556
v 1.896648 11.831466 1.366372
v 1.929994 11.781238 1.362883
v 1.961089 11.736624 1.336620
v 1.985198 11.704415 1.291582
v 1.998650 11.689516 1.234625
v 1.999399 11.694195 1.174420
v 1.987329 11.717738 1.120133
v 1.964278 11.756563 1.080029
v 1.933756 11.804759 1.060213
v 2.248926 12.015059 1.086861
v 2.217038 12.062700 1.090168
v 2.187289 12.105002 1.115129
v 2.164208 12.135525 1.157944
v 2.151308 12.149621 1.212096
v 2.150554 12.145144 1.269341
v 2.162061 12.122776 1.320963
v 2.184076 12.085922 1.359103
v 2.213248 12.040194 1.377955
v 2.245136 11.992551 1.374649
v 2.274886 11.950250 1.349688
v 2.297967 11.919726 1.306873
v 2.310866 11.905631 1.252720
v 2.311620 11.910108 1.195476
v 2.300113 11.932476 1.143854
v 2.278098 11.969330 1.105714
v 2.248926 12.015059 1.086861
v 2.507289 12.189156 1.109787
v 2.477949 12.233157 1.112847
v 2.451067 12.272551 1.135906
v 2.430737 12.301342 1.175454
v 2.420053 12.315147 1.225470
v 2.420643 12.311864 1.278340
v 2.432416 12.291992 1.326013
v 2.453581 12.258557 1.361234
v 2.480914 12.216650 1.378639
v 2.510254 12.172649 1.375579
v 2.537136 12.133254 1.352520
v 2.557466 12.104463 1.312972
v 2.568150 12.090658 1.262956
v 2.567560 12.093942 1.210087
v 2.555787 12.113813 1.162413
v 2.534623 12.147248 1.127192
v 2.507289 12.189156 1.109787
v 2.731451 12.328849 1.076720
v 2.711065 12.365520 1.078768
v 2.697463 12.401468 1.095718
v 2.692714 12.431218 1.124991
v 2.697541 12.450242 1.162131
v 2.711210 12.455644 1.201482
v 2.731638 12.446600 1.237055
v 2.755718 12.424489 1.263434
v 2.779782 12.392675 1.276602
v 2.800167 12.356004 1.274555
v 2.813769 12.320056 1.257604
v 2.818519 12.290306 1.228331
v 2.813691 12.271282 1.191191
v 2.800023 12.265881 1.151840
v 2.779593 12.274924 1.116267
v 2.755514 12.297036 1.089888
v 2.731451 12.328849 1.076720
v 2.938018 12.445784 1.009427
v 2.915735 12.500849 1.022236
v 2.919206 12.538631 1.069704
v 2.946398 12.536999 1.124025
v 2.981382 12.496907 1.153378
v 3.003665 12.441842 1.140569
v 3.000193 12.404059 1.093101
v 2.973001 12.405692 1.038780
v 2.938018 12.445784 1.009427
v 3.250852 12.592113 0.859429
v 3.232550 12.644803 0.870214
v 3.238086 12.681179 0.913500
v 3.264217 12.679933 0.963929
v 3.295635 12.641794 0.991962
v 3.313937 12.589104 0.981177
v 3.308401 12.552728 0.937891
v 3.282270 12.553974 0.887461
v 3.250852 12.592113 0.859429
v 3.466554 12.674442 0.759436
v 3.454064 12.723145 0.767204
v 3.461338 12.756586 0.804849
v 3.484115 12.755176 0.850319
v 3.509053 12.719740 0.876979
v 3.521544 12.671036 0.869211
v 3.514270 12.637595 0.831566
v 3.491492 12.639006 0.786096
v 3.466554 12.674442 0.759436
v 3.804153 12.771751 0.614280
v 3.794818 12.817322 0.620417
v 3.801866 12.848270 0.654968
v 3.821168 12.846471 0.697695
v 3.841417 12.812975 0.723568
v 3.850751 12.767406 0.717432
v 3.843703 12.736456 0.682880
v 3.824402 12.738256 0.640153
v 3.804153 12.771751 0.614280
v 4.044077 12.825684 0.535846
v 4.037493 12.865868 0.540484
v 4.041792 12.892574 0.571272
v 4.054457 12.890160 0.610174
v 4.068068 12.860037 0.634403
v 4.074652 12.819853 0.629765
v 4.070353 12.793146 0.598977
v 4.057688 12.795561 0.560074
v 4.044077 12.825684 0.535846
v 4.411133 12.902997 0.457553
v 4.405870 12.962898 0.490184
v 4.423799 12.932536 0.548813
v 4.429061 12.872634 0.516182
v 4.664701 12.966019 0.443953
v 4.651991 13.014525 0.471985
v 4.660355 12.987745 0.522117
v 4.673065 12.939239 0.494085
v 4.664701 12.966019 0.443953
v 5.021933 13.098107 0.472177
v 5.004009 13.138253 0.496277
v 5.008872 13.114183 0.539988
v 5.026795 13.074039 0.515889
v 5.021933 13.098107 0.472177
v 5.241623 13.224030 0.525611
v 5.218975 13.250929 0.542864
v 5.222745 13.232180 0.577047
v 5.245394 13.205279 0.559794
v 5.241623 13.224030 0.525611
v 5.514725 13.470470 0.609820
v 5.492330 13.489095 0.622726
v 5.496918 13.475053 0.650951
v 5.519313 13.456429 0.638046
v 5.514725 13.470470 0.609820
v 5.686582 13.725776 0.684164
v 5.686582 13.725776 0.684164
v 5.686582 13.725776 0.684164
v 5.686582 13.725776 0.684164
v 5.686582 13.725776 0.684164
vn 0.3304 -0.2469 -0.9110
vn 0.2991 -0.3001 -0.9058
vn 0.4664 -0.5303 -0.7080
vn 0.5104 -0.4346 -0.7420
vn 0.1688 -0.2190 0.9610
vn -0.1844 0.9811 0.0592
vn -0.0098 0.8483 0.5295
vn 0.2186 0.2177 0.9512
vn 0.4587 -0.2628 -0.8488
vn 0.0606 -0.5171 -0.8538
vn 0.2764 -0.7262 -0.6295
vn 0.5823 -0.5350 -0.6121
vn 0.7397 -0.5269 -0.4187
vn 0.6541 -0.6616 -0.3666
vn 0.6863 -0.7271 0.0176
vn 0.8179 -0.5753 -0.0052
vn -0.4234 0.8965 -0.1309
vn -0.4726 0.7300 -0.4938
vn -0.3354 0.8218 -0.4605
vn -0.4523 0.8873 -0.0902
vn 0.4825 -0.7313 0.4820
vn 0.6699 -0.6217 0.4059
vn 0.6179 -0.3754 0.6908
vn 0.3048 -0.5550 0.7740
vn 0.5980 -0.7994 0.0576
vn 0.6018 -0.7914 0.1072
vn -0.2794 0.9365 0.2121
vn -0.0310 0.7899 0.6124
vn -0.3837 0.9222 0.0487
vn 0.2120 -0.1924 0.9582
vn 0.1895 -0.2567 0.9477
vn -0.0125 0.0248 0.9996
vn 0.0203 0.0527 0.9984
vn 0.1560 0.2834 -0.9462
vn -0.0024 0.3165 -0.9486
vn 0.0894 0.0479 -0.9948
vn 0.1852 0.0446 -0.9817
vn 0.7341 -0.4638 0.4960
vn 0.6342 -0.6129 0.4713
vn 0.4551 -0.4850 0.7468
vn 0.5319 -0.3486 0.7718
vn 0.4784 -0.8761 -0.0595
vn 0.6382 -0.7697 -0.0181
vn -0.0294 -0.2521 0.9673
vn -0.0195 -0.2534 0.9672
vn 0.2426 -0.1105 0.9638
vn 0.1023 -0.7548 -0.6479
vn 0.4181 -0.9061 -0.0652
vn 0.4757 -0.8272 -0.2992
vn 0.5388 -0.7155 0.4446
vn 0.3930 -0.5634 0.7267
vn -0.5165 0.5191 -0.6810
vn -0.4677 0.5344 -0.7041
vn -0.3857 -0.0479 -0.9214
vn -0.4043 -0.0524 -0.9131
vn -0.1650 -0.1478 -0.9752
vn 0.0715 0.0875 -0.9936
vn -0.2908 0.9567 -0.0124
vn -0.1545 0.8808 -0.4476
vn 0.2549 0.8607 -0.4407
vn 0.1794 0.9833 0.0303
vn -0.0917 0.3213 -0.9425
vn 0.0673 0.0562 -0.9962
vn -0.3213 0.3569 0.8771
vn 0.1354 0.6256 0.7683
vn -0.1058 0.8244 0.5560
vn -0.4407 0.6344 0.6350
vn -0.3977 0.8057 -0.4389
vn -0.3083 0.6187 -0.7226
vn -0.1700 0.6656 -0.7267
vn 0.3080 -0.3211 -0.8956
vn 0.4637 -0.5625 -0.6846
vn 0.0604 0.8141 0.5775
vn 0.3448 0.1144 0.9317
vn 0.1534 0.8938 0.4215
vn -0.2262 0.9053 0.3595
vn 0.1615 -0.2801 0.9463
vn -0.0390 0.0074 0.9992
vn -0.1178 0.3088 -0.9438
vn 0.0556 0.0483 -0.9973
vn -0.4044 -0.0519 -0.9131
vn 0.0309 -0.7836 -0.6205
vn -0.3997 -0.0093 -0.9166
vn 0.5837 -0.7441 -0.3249
vn 0.5574 -0.7657 -0.3209
vn 0.5690 -0.8218 0.0288
vn 0.5929 -0.8047 0.0291
vn 0.4479 -0.5745 -0.6851
vn 0.3018 -0.3290 -0.8948
vn 0.0559 0.0477 -0.9973
vn 0.0675 0.0557 -0.9962
vn 0.3673 -0.5808 0.7265
vn 0.0119 0.8015 0.5979
vn 0.0417 0.8099 0.5851
vn -0.2710 0.9624 -0.0170
vn -0.3222 0.9466 0.0067
vn 0.4271 0.1402 0.8933
vn 0.4122 0.1254 0.9024
vn -0.4560 0.8281 0.3262
vn -0.5138 0.7946 0.3235
vn -0.5332 0.8456 -0.0265
vn -0.4999 0.8657 -0.0253
vn -0.5086 0.7978 0.3238
vn -0.4939 0.8193 0.2912
vn -0.5240 0.8513 -0.0263
vn -0.4555 0.7744 -0.4390
vn -0.1583 0.6418 -0.7503
vn -0.3285 0.6064 -0.7242
vn -0.4556 0.7743 -0.4392
vn -0.3316 0.6046 -0.7243
vn 0.4993 -0.7454 0.4417
vn 0.5084 -0.7388 0.4423
vn 0.3863 -0.5678 0.7270
vn -0.1199 0.3076 -0.9439
vn 0.0557 0.0477 -0.9973
vn 0.3016 -0.3292 -0.8948
vn 0.4535 -0.5703 -0.6849
vn 0.0554 0.0482 -0.9973
vn 0.1729 -0.2721 0.9466
vn 0.5819 -0.8128 0.0293
vn -0.0185 0.0210 0.9996
vn -0.2483 0.3643 0.8976
vn -0.2582 0.3579 0.8974
vn -0.3956 0.6087 0.6877
vn -0.4120 0.5982 0.6874
vn 0.5619 -0.7626 -0.3205
vn 0.0815 -0.2838 0.9554
vn 0.6386 -0.7208 -0.2696
vn 0.2547 -0.9667 0.0256
vn 0.4299 -0.5437 0.7209
vn 0.4984 -0.5246 0.6903
vn 0.2959 -0.9552 0.0053
vn -0.2026 0.9782 -0.0459
vn -0.3829 0.5543 -0.7390
vn 0.0582 0.3704 -0.9270
vn -0.2223 0.3786 0.8985
vn -0.3798 0.6185 0.6879
vn -0.1291 0.3970 0.9087
vn -0.2566 0.6661 0.7004
vn -0.4444 0.4731 -0.7607
vn -0.3317 0.1274 -0.9347
vn -0.3858 -0.0474 -0.9214
vn -0.0114 -0.7997 -0.6003
vn 0.0850 0.0902 0.9923
vn -0.5269 0.5110 -0.6791
vn 0.5986 -0.4734 0.6461
vn 0.5285 -0.0199 0.8487
vn 0.3256 0.2977 0.8974
vn 0.0898 0.0474 -0.9948
vn 0.1854 0.0441 -0.9817
vn 0.1688 0.6677 -0.7251
vn -0.4359 0.8976 0.0662
vn -0.2974 0.9512 0.0821
vn 0.0444 -0.2312 0.9719
vn -0.2287 0.9590 -0.1671
vn -0.2674 0.5085 -0.8185
vn 0.3704 -0.9284 -0.0310
vn 0.5603 -0.5004 0.6600
vn 0.3886 0.1251 0.9129
vn -0.1279 0.0351 0.9912
vn -0.0075 0.3801 -0.9249
vn 0.3462 -0.9371 -0.0440
vn -0.0547 0.2505 -0.9666
vn -0.3167 -0.0322 -0.9480
vn -0.0132 -0.8015 -0.5978
vn -0.3995 -0.0098 -0.9167
vn 0.0711 0.0877 -0.9936
vn 0.0767 -0.8592 -0.5059
vn 0.2639 -0.9431 0.2021
vn -0.2212 -0.1149 -0.9684
vn -0.1652 0.3785 -0.9108
vn -0.1546 0.2811 -0.9472
vn 0.2679 -0.9632 0.0213
vn 0.3335 -0.4952 0.8022
vn -0.2203 -0.1197 -0.9681
vn -0.6135 0.7893 0.0247
vn -0.7431 0.6690 -0.0137
vn -0.1060 0.3496 -0.9309
vn -0.0349 0.3631 -0.9311
vn -0.0717 0.3541 -0.9325
vn 0.8076 -0.5886 0.0374
vn 0.1240 -0.2238 0.9667
vn -0.1062 0.3495 -0.9309
vn -0.0350 0.3631 -0.9311
vn -0.1589 0.1129 0.9808
vn -0.1907 0.1432 0.9711
vn -0.1235 0.0878 0.9885
vn 0.0068 0.3855 0.9227
vn -0.0160 0.6757 0.7370
vn -0.1655 -0.1469 -0.9752
vn -0.3168 -0.0324 -0.9479
vt 0.209503 0.700367
vt 0.214752 0.687049
vt 0.223509 0.690896
vt 0.219855 0.706306
vt 0.133227 0.834738
vt 0.126366 0.833432
vt 0.135670 0.796013
vt 0.139805 0.796686
vt 0.205567 0.626722
vt 0.193023 0.651458
vt 0.189141 0.649782
vt 0.201071 0.623597
vt 0.229163 0.710603
vt 0.232211 0.693750
vt 0.240860 0.695435
vt 0.237807 0.712963
vt 0.148967 0.640746
vt 0.144810 0.640517
vt 0.144207 0.610171
vt 0.149614 0.608730
vt 0.187449 0.613950
vt 0.177253 0.645977
vt 0.173258 0.644984
vt 0.182528 0.611254
vt 0.181236 0.647072
vt 0.192120 0.617034
vt 0.153077 0.641181
vt 0.154247 0.667775
vt 0.147950 0.666971
vt 0.268529 0.694402
vt 0.269414 0.678030
vt 0.277916 0.678160
vt 0.278300 0.692948
vt 0.343334 0.695480
vt 0.340660 0.684731
vt 0.349539 0.682328
vt 0.354617 0.693855
vt 0.246799 0.713009
vt 0.249684 0.695990
vt 0.258909 0.695514
vt 0.256857 0.711376
vt 0.123378 0.898270
vt 0.115235 0.922763
vt 0.111375 0.921780
vt 0.118411 0.897118
vt 0.268150 0.708787
vt 0.179061 0.673346
vt 0.172984 0.671680
vt 0.185202 0.648330
vt 0.252488 0.677371
vt 0.260933 0.677789
vt 0.136838 0.704776
vt 0.134255 0.730652
vt 0.129088 0.730163
vt 0.131072 0.704269
vt 0.196840 0.653401
vt 0.210175 0.629578
vt 0.313900 0.687453
vt 0.322760 0.686785
vt 0.323309 0.694991
vt 0.315071 0.695485
vt 0.337060 0.672373
vt 0.344785 0.669927
vt 0.166323 0.606932
vt 0.161206 0.642459
vt 0.157156 0.641761
vt 0.160698 0.606931
vt 0.320713 0.676194
vt 0.328988 0.674541
vt 0.331713 0.686012
vt 0.219577 0.672010
vt 0.227637 0.673922
vt 0.139137 0.770406
vt 0.143825 0.771217
vt 0.307118 0.696263
vt 0.305088 0.688407
vt 0.270527 0.645685
vt 0.278150 0.645772
vt 0.331083 0.641622
vt 0.338704 0.640530
vt 0.176343 0.711986
vt 0.170697 0.710789
vt 0.185042 0.675210
vt 0.235813 0.675480
vt 0.240303 0.643756
vt 0.247815 0.644493
vt 0.244110 0.676635
vt 0.232809 0.642883
vt 0.225318 0.641919
vt 0.217810 0.640917
vt 0.211578 0.669773
vt 0.262927 0.645467
vt 0.148220 0.706270
vt 0.144574 0.732103
vt 0.139415 0.731311
vt 0.142554 0.705421
vt 0.153851 0.707300
vt 0.160543 0.668865
vt 0.303653 0.677929
vt 0.300984 0.644998
vt 0.308549 0.644385
vt 0.312244 0.677297
vt 0.299033 0.596073
vt 0.298138 0.555572
vt 0.305094 0.555596
vt 0.306154 0.595769
vt 0.313297 0.595424
vt 0.312016 0.555606
vt 0.318895 0.555598
vt 0.320470 0.595057
vt 0.316083 0.643599
vt 0.323589 0.642663
vt 0.255356 0.645068
vt 0.256469 0.596374
vt 0.263570 0.596527
vt 0.327692 0.594708
vt 0.220576 0.595598
vt 0.227838 0.595676
vt 0.235047 0.595817
vt 0.334921 0.594355
vt 0.270660 0.596633
vt 0.249353 0.596190
vt 0.277744 0.596599
vt 0.284832 0.596496
vt 0.285775 0.645688
vt 0.291927 0.596319
vt 0.293390 0.645432
vt 0.242215 0.595996
vt 0.263048 0.555628
vt 0.270092 0.555490
vt 0.256009 0.555786
vt 0.248987 0.555973
vt 0.241996 0.556193
vt 0.228184 0.556736
vt 0.235054 0.556447
vt 0.153228 0.772759
vt 0.148517 0.772005
vt 0.154868 0.733831
vt 0.160012 0.734706
vt 0.134436 0.769639
vt 0.129707 0.768999
vt 0.325697 0.555506
vt 0.286450 0.678254
vt 0.295034 0.678201
vt 0.155111 0.607584
vt 0.196623 0.620313
vt 0.287396 0.691296
vt 0.296283 0.689683
vt 0.140615 0.640520
vt 0.136394 0.640786
vt 0.133543 0.613077
vt 0.138863 0.611687
vt 0.170256 0.736570
vt 0.165155 0.735604
vt 0.280038 0.705577
vt 0.141673 0.666485
vt 0.166801 0.670183
vt 0.169256 0.644079
vt 0.165241 0.643218
vt 0.206290 0.682218
vt 0.199178 0.692583
vt 0.332622 0.695229
vt 0.113461 0.895907
vt 0.122221 0.858701
vt 0.127957 0.859948
vt 0.131525 0.795361
vt 0.127388 0.794762
vt 0.165068 0.709610
vt 0.159459 0.708437
vt 0.149722 0.732957
vt 0.177331 0.609119
vt 0.171896 0.607677
vt 0.128227 0.899884
vt 0.133703 0.861123
vt 0.139336 0.862722
vt 0.277128 0.555501
vt 0.284151 0.555519
vt 0.162638 0.774432
vt 0.157941 0.773541
vt 0.135435 0.666325
vt 0.332429 0.555400
vt 0.152205 0.798748
vt 0.148099 0.797999
vt 0.123226 0.794319
vt 0.119455 0.832282
vt 0.146930 0.837426
vt 0.140115 0.835887
vt 0.143957 0.797321
vt 0.156280 0.799677
vt 0.107464 0.920894
vt 0.098503 0.958228
vt 0.095341 0.957529
vt 0.103622 0.919867
vt 0.116520 0.857378
vt 0.108553 0.894531
vt 0.104842 0.959470
vt 0.101695 0.958758
vt 0.107891 0.960563
vt 0.119001 0.924121
vt 0.091909 0.989713
vt 0.093028 0.989562
vt 0.093676 0.989952
vt 0.095867 0.990424
vt 0.096918 0.990805
vt 0.289720 0.701652
vt 0.298781 0.698391
vt 0.132152 0.641331
vt 0.124952 0.768541
vt 0.221406 0.557055
vt 0.291155 0.555544
vt 0.128225 0.614191
s 1
usemtl Trunk
f 978/1049/960 995/1050/961 994/1051/962 977/1052/963
f 1129/1053/964 1128/1054/965 1121/1055/966 1122/1056/967
f 1063/1057/968 1080/1058/969 1079/1059/970 1062/1060/971
f 976/1061/972 993/1062/973 992/1063/974 975/1064/975
f 1069/1065/976 1068/1066/977 1051/1067/978 1052/1068/979
f 1059/1069/980 1076/1070/981 1075/1071/982 1058/1072/983
f 1077/1073/984 1076/1070/981 1059/1069/980 1060/1074/985
f 1070/1075/986 1085/1076/987 1084/1077/988 1069/1065/976
f 989/1078/989 1006/1079/990 1005/1080/991 988/1081/992
f 964/1082/993 981/1083/994 980/1084/995 963/1085/996
f 974/1086/997 991/1087/998 990/1088/999 973/1089/1000
f 994/1051/962 993/1062/973 976/1061/972 977/1052/963
f 1139/1090/1001 1144/1091/1002 1143/1092/1003 1138/1093/1004
f 990/1088/999 989/1078/989 972/1094/1005 973/1089/1000
f 1089/1095/1006 1088/1096/1007 1078/1097/1008 1079/1059/970
f 991/1087/998 1008/1098/1009 1007/1099/1010 990/1088/999
f 992/1063/974 991/1087/998 974/1086/997 975/1064/975
f 1092/1100/1011 1101/1101/1012 1100/1102/1013 1091/1103/1014
f 1081/1104/1015 1080/1058/969 1063/1057/968 1064/1105/1016
f 984/1106/1017 983/1107/1018 966/1108/1019 967/1109/1020
f 981/1083/994 998/1110/1021 997/1111/1022 980/1084/995
f 1055/1112/1023 1072/1113/1024 1071/1114/1025 1054/1115/1026
f 983/1107/1018 1000/1116/1027 999/1117/1028 982/1118/1029
f 999/1117/1028 998/1110/1021 981/1083/994 982/1118/1029
f 995/1050/961 1012/1119/1030 1011/1120/1031 994/1051/962
f 1122/1056/967 1121/1055/966 1112/1121/1032 1113/1122/1033
f 1007/1099/1010 1006/1079/990 989/1078/989 990/1088/999
f 968/1123/1034 985/1124/1035 984/1106/1017 967/1109/1020
f 1006/1079/990 1023/1125/1036 1022/1126/1037 1005/1080/991
f 998/1110/1021 1015/1127/1038 1014/1128/1039 997/1111/1022
f 1099/1129/1040 1098/1130/1041 1089/1095/1006 1090/1131/1042
f 1010/1132/1043 1027/1133/1044 1026/1134/1045 1009/1135/1046
f 1028/1136/1047 1027/1133/1044 1010/1132/1043 1011/1120/1031
f 1012/1119/1030 1029/1137/1048 1028/1136/1047 1011/1120/1031
f 1030/1138/1049 1029/1137/1048 1012/1119/1030 1013/1139/1050
f 1024/1140/1051 1023/1125/1036 1006/1079/990 1007/1099/1010
f 1094/1141/1052 1103/1142/1053 1102/1143/1054 1093/1144/1055
f 1095/1145/1056 1094/1141/1052 1085/1076/987 1086/1146/1057
f 1002/1147/1058 1019/1148/1059 1018/1149/1060 1001/1150/1061
f 1036/1151/1062 1053/1152/1063 1052/1153/979 1035/1154/1064
f 1034/1155/1065 1051/1156/978 1050/1157/1066 1033/1158/1067
f 1017/1159/1068 1034/1155/1065 1033/1158/1067 1016/1160/1069
f 1025/1161/1070 1042/1162/1071 1041/1163/1072 1024/1140/1051
f 1033/1158/1067 1032/1164/1073 1015/1127/1038 1016/1160/1069
f 1047/1165/1074 1046/1166/1075 1029/1137/1048 1030/1138/1049
f 1029/1137/1048 1046/1166/1075 1045/1167/1076 1028/1136/1047
f 1015/1127/1038 1032/1164/1073 1031/1168/1077 1014/1128/1039
f 1041/1163/1072 1040/1169/1078 1023/1125/1036 1024/1140/1051
f 1043/1170/1079 1042/1162/1071 1025/1161/1070 1026/1134/1045
f 1023/1125/1036 1040/1169/1078 1039/1171/1080 1022/1126/1037
f 1039/1171/1080 1038/1172/1081 1021/1173/1082 1022/1126/1037
f 1035/1154/1064 1034/1155/1065 1017/1159/1068 1018/1149/1060
f 1037/1174/1083 1036/1151/1062 1019/1148/1059 1020/1175/1084
f 1027/1133/1044 1044/1176/1085 1043/1170/1079 1026/1134/1045
f 1019/1148/1059 1036/1151/1062 1035/1154/1064 1018/1149/1060
f 1021/1173/1082 1038/1172/1081 1037/1174/1083 1020/1175/1084
f 1058/1177/983 1057/1178/1086 1040/1169/1078 1041/1163/1072
f 1042/1162/1071 1059/1179/980 1058/1177/983 1041/1163/1072
f 1060/1180/985 1059/1179/980 1042/1162/1071 1043/1170/1079
f 1044/1176/1085 1061/1181/1087 1060/1180/985 1043/1170/1079
f 1046/1166/1075 1063/1182/968 1062/1183/971 1045/1167/1076
f 1115/1184/1088 1114/1185/1089 1105/1186/1090 1106/1187/1091
f 1111/1188/1092 1110/1189/1093 1101/1101/1012 1102/1143/1054
f 1050/1157/1066 1049/1190/1094 1032/1164/1073 1033/1158/1067
f 1004/1191/1095 1021/1173/1082 1020/1175/1084 1003/1192/1096
f 1018/1149/1060 1017/1159/1068 1000/1116/1027 1001/1150/1061
f 1052/1153/979 1051/1156/978 1034/1155/1065 1035/1154/1064
f 1022/1126/1037 1021/1173/1082 1004/1191/1095 1005/1080/991
f 1001/1150/1061 1000/1116/1027 983/1107/1018 984/1106/1017
f 1071/1114/1025 1070/1075/986 1053/1193/1063 1054/1115/1026
f 1061/1194/1087 1078/1097/1008 1077/1073/984 1060/1074/985
f 987/1195/1097 1004/1191/1095 1003/1192/1096 986/1196/1098
f 985/1124/1035 1002/1147/1058 1001/1150/1061 984/1106/1017
f 1009/1135/1046 1008/1098/1009 991/1087/998 992/1063/974
f 1011/1120/1031 1010/1132/1043 993/1062/973 994/1051/962
f 1053/1193/1063 1070/1075/986 1069/1065/976 1052/1068/979
f 1067/1197/1099 1066/1198/1100 1049/1199/1094 1050/1200/1066
f 1108/1201/1101 1107/1202/1102 1098/1130/1041 1099/1129/1040
f 972/1094/1005 989/1078/989 988/1081/992 971/1203/1103
f 1067/1197/1099 1083/1204/1104 1066/1198/1100
f 1069/1065/976 1084/1077/988 1068/1066/977
f 1071/1114/1025 1085/1076/987 1070/1075/986
f 1071/1114/1025 1072/1113/1024 1085/1076/987
f 1087/1205/1105 1086/1146/1057 1074/1206/1106 1075/1071/982
f 1073/1207/1107 1074/1206/1106 1086/1146/1057
f 996/1208/1108 995/1050/961 978/1049/960 979/1209/1109
f 1075/1071/982 1076/1070/981 1087/1205/1105
f 1068/1066/977 1084/1077/988 1083/1204/1104 1067/1197/1099
f 1077/1073/984 1078/1097/1008 1088/1096/1007
f 1079/1059/970 1080/1058/969 1089/1095/1006
f 966/1108/1019 983/1107/1018 982/1118/1029 965/1210/1110
f 1138/1093/1004 1137/1211/1111 1132/1212/1112 1133/1213/1113
f 1120/1214/1114 1119/1215/1115 1110/1189/1093 1111/1188/1092
f 1089/1095/1006 1098/1130/1041 1097/1216/1116 1088/1096/1007
f 1020/1175/1084 1019/1148/1059 1002/1147/1058 1003/1192/1096
f 1016/1160/1069 1015/1127/1038 998/1110/1021 999/1117/1028
f 1026/1134/1045 1025/1161/1070 1008/1098/1009 1009/1135/1046
f 1096/1217/1117 1105/1186/1090 1104/1218/1118 1095/1145/1056
f 1098/1130/1041 1107/1202/1102 1106/1187/1091 1097/1216/1116
f 1057/1219/1086 1074/1206/1106 1073/1207/1107 1056/1220/1119
f 1087/1205/1105 1096/1217/1117 1095/1145/1056 1086/1146/1057
f 1104/1218/1118 1103/1142/1053 1094/1141/1052 1095/1145/1056
f 1140/1221/1120 1139/1090/1001 1134/1222/1121 1135/1223/1122
f 1056/1224/1119 1055/1225/1023 1038/1172/1081 1039/1171/1080
f 1117/1226/1123 1116/1227/1124 1107/1202/1102 1108/1201/1101
f 1083/1204/1104 1092/1100/1011 1091/1103/1014 1082/1228/1125
f 1032/1164/1073 1049/1190/1094 1048/1229/1126 1031/1168/1077
f 1097/1216/1116 1096/1217/1117 1087/1205/1105 1088/1096/1007
f 1112/1121/1032 1121/1055/966 1120/1214/1114 1111/1188/1092
f 1133/1213/1113 1132/1212/1112 1128/1054/965 1129/1053/964
f 1116/1227/1124 1125/1230/1127 1124/1231/1128 1115/1184/1088
f 1118/1232/1129 1119/1215/1115 1127/1233/1130
f 1120/1214/1114 1121/1055/966 1128/1054/965
f 1125/1230/1127 1127/1234/1131 1130/1235/1132 1124/1231/1128
f 1128/1054/965 1127/1233/1130 1119/1215/1115 1120/1214/1114
f 1124/1231/1128 1130/1235/1132 1123/1236/1133
f 1126/1237/1134 1127/1234/1131 1125/1230/1127
f 1130/1235/1132 1134/1222/1121 1133/1213/1113 1129/1053/964
f 1135/1223/1122 1134/1222/1121 1130/1235/1132 1127/1234/1131
f 1142/1238/1135 1147/1239/1136 1146/1240/1137 1141/1241/1138
f 1134/1222/1121 1139/1090/1001 1138/1093/1004 1133/1213/1113
f 1102/1143/1054 1101/1101/1012 1092/1100/1011 1093/1144/1055
f 1128/1054/965 1132/1212/1112 1131/1242/1139 1127/1233/1130
f 1106/1187/1091 1105/1186/1090 1096/1217/1117 1097/1216/1116
f 1114/1185/1089 1123/1236/1133 1122/1056/967 1113/1122/1033
f 1137/1211/1111 1142/1238/1135 1141/1241/1138 1136/1243/1120
f 1144/1091/1002 1149/1244/1140 1148/1245/1141 1143/1092/1003
f 1150/1246/1142 1149/1244/1140 1144/1091/1002 1145/1247/1143
f 1003/1192/1096 1002/1147/1058 985/1124/1035 986/1196/1098
f 1073/1207/1107 1072/1113/1024 1055/1112/1023 1056/1220/1119
f 1151/1248/1144 1146/1240/1137 1152/1249/1145
f 1147/1239/1136 1152/1249/1145 1146/1240/1137
f 1147/1239/1136 1148/1245/1141 1152/1249/1145
f 1153/1250/1144 1152/1249/1145 1148/1245/1141
f 1153/1250/1144 1148/1245/1141 1154/1251/1146
f 1149/1244/1140 1154/1251/1146 1148/1245/1141
f 1149/1244/1140 1150/1246/1142 1154/1251/1146
f 1155/1252/1144 1154/1251/1146 1150/1246/1142
f 1086/1146/1057 1085/1076/987 1072/1113/1024 1073/1207/1107
f 1005/1080/991 1004/1191/1095 987/1195/1097 988/1081/992
f 1013/1139/1050 1012/1119/1030 995/1050/961 996/1208/1108
f 988/1081/992 987/1195/1097 970/1253/1147 971/1203/1103
f 986/1196/1098 985/1124/1035 968/1123/1034 969/1254/1148
f 1051/1067/978 1068/1066/977 1067/1197/1099 1050/1200/1066
f 1075/1071/982 1074/1206/1106 1057/1219/1086 1058/1072/983
f 1126/1237/1134 1125/1230/1127 1116/1227/1124 1117/1226/1123
f 970/1253/1147 987/1195/1097 986/1196/1098 969/1254/1148
f 982/1118/1029 981/1083/994 964/1082/993 965/1210/1110
f 1088/1096/1007 1087/1205/1105 1076/1070/981 1077/1073/984
f 1079/1059/970 1078/1097/1008 1061/1194/1087 1062/1060/971
f 1090/1131/1042 1089/1095/1006 1080/1058/969 1081/1104/1015
f 1066/1198/1100 1083/1204/1104 1082/1228/1125 1065/1255/1149
f 1085/1076/987 1094/1141/1052 1093/1144/1055 1084/1077/988
f 1110/1189/1093 1119/1215/1115 1118/1232/1129 1109/1256/1150
f 1064/1257/1016 1063/1182/968 1046/1166/1075 1047/1165/1074
f 1054/1258/1026 1053/1152/1063 1036/1151/1062 1037/1174/1083
f 1124/1231/1128 1123/1236/1133 1114/1185/1089 1115/1184/1088
f 1143/1092/1003 1142/1238/1135 1137/1211/1111 1138/1093/1004
f 1008/1098/1009 1025/1161/1070 1024/1140/1051 1007/1099/1010
f 1105/1186/1090 1114/1185/1089 1113/1122/1033 1104/1218/1118
f 1113/1122/1033 1112/1121/1032 1103/1142/1053 1104/1218/1118
f 1107/1202/1102 1116/1227/1124 1115/1184/1088 1106/1187/1091
f 1101/1101/1012 1110/1189/1093 1109/1256/1150 1100/1102/1013
f 1148/1245/1141 1147/1239/1136 1142/1238/1135 1143/1092/1003
f 1103/1142/1053 1112/1121/1032 1111/1188/1092 1102/1143/1054
f 1040/1169/1078 1057/1178/1086 1056/1224/1119 1039/1171/1080
f 1062/1183/971 1061/1181/1087 1044/1176/1085 1045/1167/1076
f 1145/1247/1143 1144/1091/1002 1139/1090/1001 1140/1221/1120
f 1000/1116/1027 1017/1159/1068 1016/1160/1069 999/1117/1028
f 1123/1236/1133 1130/1235/1132 1129/1053/964 1122/1056/967
f 1049/1199/1094 1066/1198/1100 1065/1255/1149 1048/1259/1126
f 1093/1144/1055 1092/1100/1011 1083/1204/1104 1084/1077/988
f 1132/1212/1112 1137/1211/1111 1136/1243/1120 1131/1242/1139
f 1038/1172/1081 1055/1225/1023 1054/1258/1026 1037/1174/1083
f 993/1062/973 1010/1132/1043 1009/1135/1046 992/1063/974
f 1045/1167/1076 1044/1176/1085 1027/1133/1044 1028/1136/1047
o Tree_0.036
v 1.849746 9.927165 1.261782
v 1.846516 10.014237 1.244274
v 1.815474 10.091705 1.232727
v 1.761451 10.147410 1.224907
v 1.692725 10.172672 1.219931
v 1.619778 10.163569 1.217839
v 1.553697 10.121554 1.219652
v 1.504488 10.053224 1.227169
v 1.479537 9.969345 1.243245
v 1.480858 9.871706 1.277167
v 1.510021 9.786219 1.312630
v 1.562699 9.725503 1.339937
v 1.630938 9.698551 1.352354
v 1.704372 9.709373 1.347042
v 1.771799 9.756409 1.325755
v 1.822887 9.832749 1.294306
v 1.849746 9.927165 1.261782
v 1.835822 9.971441 1.354211
v 1.831519 10.038085 1.327398
v 1.801695 10.097600 1.304710
v 1.750925 10.140804 1.288318
v 1.686954 10.161043 1.280038
v 1.619527 10.155204 1.280889
v 1.558904 10.124199 1.290973
v 1.514297 10.072826 1.309433
v 1.492463 10.009033 1.334749
v 1.496158 9.939033 1.366807
v 1.525383 9.876998 1.397170
v 1.575725 9.832239 1.419835
v 1.639541 9.811484 1.430520
v 1.707123 9.817862 1.427293
v 1.768175 9.850429 1.410947
v 1.813380 9.904311 1.384800
v 1.835822 9.971441 1.354211
v 1.829214 10.031407 1.456904
v 1.824390 10.085209 1.421035
v 1.795189 10.133427 1.388994
v 1.746056 10.168721 1.365658
v 1.684472 10.185719 1.354580
v 1.619811 10.181833 1.357446
v 1.561918 10.157654 1.373820
v 1.519607 10.116863 1.401210
v 1.499319 10.065671 1.435445
v 1.504143 10.011870 1.471313
v 1.533343 9.963652 1.503354
v 1.582476 9.928357 1.526690
v 1.644060 9.911359 1.537768
v 1.708721 9.915245 1.534902
v 1.766614 9.939425 1.518528
v 1.808925 9.980215 1.491139
v 1.829214 10.031407 1.456904
v 1.812783 10.174400 1.671366
v 1.808296 10.224628 1.638139
v 1.781114 10.269243 1.607845
v 1.735374 10.301452 1.585096
v 1.678039 10.316350 1.573356
v 1.617839 10.311672 1.574411
v 1.563938 10.288128 1.588102
v 1.524543 10.249303 1.612344
v 1.505650 10.201107 1.643446
v 1.510136 10.150879 1.676673
v 1.537319 10.106265 1.706967
v 1.583059 10.074057 1.729716
v 1.640393 10.059157 1.741456
v 1.700593 10.063836 1.740401
v 1.754494 10.087379 1.726710
v 1.793890 10.126204 1.702468
v 1.812783 10.174400 1.671366
v 1.795588 10.384700 1.987193
v 1.791328 10.432342 1.955419
v 1.765487 10.474645 1.926430
v 1.721999 10.505166 1.904642
v 1.667485 10.519262 1.893370
v 1.610243 10.514786 1.894332
v 1.558989 10.492417 1.907380
v 1.521525 10.455564 1.930527
v 1.503555 10.409835 1.960251
v 1.507815 10.362193 1.992026
v 1.533656 10.319891 2.021014
v 1.577144 10.289368 2.042802
v 1.631658 10.275272 2.054074
v 1.688900 10.279749 2.053113
v 1.740154 10.302117 2.040065
v 1.777617 10.338971 2.016917
v 1.795588 10.384700 1.987193
v 1.780411 10.558798 2.246127
v 1.776474 10.602798 2.216891
v 1.752620 10.642193 2.190712
v 1.712480 10.670984 2.171576
v 1.662167 10.684789 2.162396
v 1.609339 10.681505 2.164569
v 1.562039 10.661633 2.177765
v 1.527468 10.628199 2.199975
v 1.510890 10.586291 2.227817
v 1.514827 10.542291 2.257053
v 1.538682 10.502895 2.283232
v 1.578821 10.474104 2.302368
v 1.629134 10.460299 2.311548
v 1.681962 10.463583 2.309375
v 1.729262 10.483455 2.296179
v 1.763833 10.516890 2.273970
v 1.780411 10.558798 2.246127
v 1.820178 10.698490 2.469197
v 1.817521 10.735163 2.448883
v 1.800171 10.771110 2.435794
v 1.770768 10.800859 2.431924
v 1.733790 10.819883 2.437861
v 1.694866 10.825285 2.452703
v 1.659921 10.816241 2.474188
v 1.634276 10.794130 2.499046
v 1.621834 10.762317 2.523494
v 1.624491 10.725645 2.543809
v 1.641841 10.689697 2.556897
v 1.671244 10.659947 2.560768
v 1.708222 10.640924 2.554830
v 1.747147 10.635522 2.539989
v 1.782091 10.644566 2.518503
v 1.807737 10.666677 2.493645
v 1.820178 10.698490 2.469197
v 1.893629 10.815425 2.673656
v 1.880158 10.870491 2.651767
v 1.832815 10.908274 2.656659
v 1.779333 10.906641 2.685465
v 1.751041 10.866549 2.721313
v 1.764512 10.811483 2.743202
v 1.811855 10.773701 2.738310
v 1.865337 10.775333 2.709504
v 1.893629 10.815425 2.673656
v 2.052931 10.961754 2.981857
v 2.041603 11.014444 2.963886
v 1.998502 11.050820 2.970716
v 1.948878 11.049574 2.998346
v 1.921798 11.011436 3.030590
v 1.933127 10.958745 3.048560
v 1.976228 10.922369 3.041730
v 2.025852 10.923615 3.014101
v 2.052931 10.961754 2.981857
v 2.159340 11.044084 3.194467
v 2.151202 11.092787 3.182214
v 2.113791 11.126227 3.190613
v 2.069024 11.124817 3.214742
v 2.043123 11.089381 3.240468
v 2.051261 11.040678 3.252719
v 2.088671 11.007236 3.244321
v 2.133439 11.008647 3.220192
v 2.159340 11.044084 3.194467
v 2.314544 11.141394 3.527566
v 2.308131 11.186963 3.518419
v 2.273805 11.217913 3.526499
v 2.231676 11.216112 3.547072
v 2.206421 11.182617 3.568087
v 2.212834 11.137048 3.577233
v 2.247159 11.106098 3.569153
v 2.289289 11.107898 3.548580
v 2.314544 11.141394 3.527566
v 2.400130 11.195325 3.765033
v 2.395297 11.235509 3.758590
v 2.364652 11.262216 3.763810
v 2.326146 11.259801 3.777634
v 2.302336 11.229679 3.791965
v 2.307169 11.189495 3.798407
v 2.337814 11.162787 3.793188
v 2.376320 11.165203 3.779363
v 2.400130 11.195325 3.765033
v 2.489383 11.272638 4.129579
v 2.456609 11.332541 4.125296
v 2.398543 11.302177 4.144973
v 2.431317 11.242276 4.149255
v 2.510572 11.335660 4.382626
v 2.482172 11.384167 4.370761
v 2.432313 11.357387 4.380622
v 2.460714 11.308880 4.392488
v 2.510572 11.335660 4.382626
v 2.493062 11.467749 4.740542
v 2.468436 11.507895 4.723349
v 2.424890 11.483826 4.729518
v 2.449515 11.443680 4.746712
v 2.493062 11.467749 4.740542
v 2.446233 11.593671 4.961735
v 2.428309 11.620571 4.939613
v 2.394255 11.601821 4.944406
v 2.412178 11.574921 4.966527
v 2.446233 11.593671 4.961735
v 2.370242 11.840113 5.237236
v 2.356672 11.858736 5.215238
v 2.328596 11.844694 5.220670
v 2.342167 11.826071 5.242668
v 2.370242 11.840113 5.237236
v 2.301080 12.095417 5.411243
v 2.301080 12.095417 5.411243
v 2.301080 12.095417 5.411243
v 2.301080 12.095417 5.411243
v 2.301080 12.095417 5.411243
vn 0.9205 -0.2469 0.3029
vn 0.9143 -0.3001 0.2719
vn 0.7216 -0.5303 0.4450
vn 0.7570 -0.4346 0.4879
vn -0.9555 -0.2190 0.1975
vn -0.0647 0.9811 -0.1826
vn -0.5296 0.8483 0.0061
vn -0.9442 0.2177 0.2470
vn 0.8622 -0.2628 0.4331
vn 0.8552 -0.5171 0.0350
vn 0.6375 -0.7262 0.2574
vn 0.6293 -0.5350 0.5638
vn 0.4406 -0.5269 0.7268
vn 0.3860 -0.6616 0.6428
vn 0.0030 -0.7271 0.6865
vn 0.0297 -0.5753 0.8174
vn 0.1181 0.8965 -0.4271
vn 0.4794 0.7300 -0.4872
vn 0.4503 0.8218 -0.3491
vn 0.0766 0.8873 -0.4548
vn -0.4674 -0.7313 0.4967
vn -0.3856 -0.6217 0.6817
vn -0.6720 -0.3754 0.6383
vn -0.7645 -0.5550 0.3278
vn -0.0397 -0.7994 0.5995
vn -0.0892 -0.7914 0.6048
vn -0.2203 0.9365 -0.2730
vn -0.6131 0.7899 -0.0126
vn -0.0602 0.9222 -0.3821
vn -0.9514 -0.1924 0.2406
vn -0.9416 -0.2567 0.2178
vn -0.9995 0.0248 0.0175
vn -0.9973 0.0527 0.0502
vn 0.9505 0.2834 0.1276
vn 0.9481 0.3165 -0.0308
vn 0.9971 0.0479 0.0596
vn 0.9868 0.0446 0.1557
vn -0.4738 -0.4638 0.7486
vn -0.4521 -0.6129 0.6480
vn -0.7329 -0.4850 0.4772
vn -0.7555 -0.3486 0.5547
vn 0.0738 -0.8761 0.4764
vn 0.0372 -0.7697 0.6374
vn -0.9677 -0.2521 -0.0004
vn -0.9673 -0.2534 0.0095
vn -0.9561 -0.1105 0.2713
vn 0.6507 -0.7548 0.0829
vn 0.0777 -0.9061 0.4160
vn 0.3133 -0.8272 0.4665
vn -0.4282 -0.7155 0.5519
vn -0.7146 -0.5634 0.4146
vn 0.6652 0.5191 -0.5367
vn 0.6897 0.5344 -0.4886
vn 0.9094 -0.0479 -0.4131
vn 0.9006 -0.0524 -0.4315
vn 0.9698 -0.1478 -0.1941
vn 0.9953 0.0875 0.0417
vn 0.0036 0.9567 -0.2911
vn 0.4428 0.8808 -0.1679
vn 0.4481 0.8607 0.2416
vn -0.0249 0.9833 0.1802
vn 0.9394 0.3213 -0.1199
vn 0.9977 0.0562 0.0374
vn -0.8864 0.3569 -0.2949
vn -0.7639 0.6256 0.1583
vn -0.5589 0.8244 -0.0891
vn -0.6480 0.6344 -0.4215
vn 0.4268 0.8057 -0.4107
vn 0.7130 0.6187 -0.3298
vn 0.7213 0.6656 -0.1917
vn 0.9044 -0.3211 0.2810
vn 0.6982 -0.5625 0.4430
vn -0.5755 0.8141 0.0777
vn -0.9209 0.1144 0.3725
vn -0.4167 0.8938 0.1659
vn -0.3662 0.9053 -0.2154
vn -0.9410 -0.2801 0.1897
vn -0.9999 0.0074 -0.0090
vn 0.9398 0.3088 -0.1460
vn 0.9985 0.0483 0.0257
vn 0.9006 -0.0519 -0.4316
vn 0.6211 -0.7836 0.0123
vn 0.9042 -0.0093 -0.4270
vn 0.3422 -0.7441 0.5737
vn 0.3375 -0.7657 0.5476
vn -0.0118 -0.8218 0.5696
vn -0.0113 -0.8047 0.5935
vn 0.6982 -0.5745 0.4272
vn 0.9034 -0.3290 0.2749
vn 0.9985 0.0477 0.0260
vn 0.9977 0.0557 0.0377
vn -0.7151 -0.5808 0.3889
vn -0.5973 0.8015 0.0299
vn -0.5836 0.8099 0.0592
vn 0.0089 0.9624 -0.2714
vn -0.0164 0.9466 -0.3219
vn -0.8801 0.1402 0.4536
vn -0.8897 0.1254 0.4391
vn -0.3397 0.8281 -0.4460
vn -0.3387 0.7946 -0.5039
vn 0.0105 0.8456 -0.5338
vn 0.0103 0.8657 -0.5004
vn -0.3389 0.7978 -0.4987
vn -0.3059 0.8193 -0.4850
vn 0.0106 0.8513 -0.5246
vn 0.4252 0.7744 -0.4685
vn 0.7452 0.6418 -0.1807
vn 0.7140 0.6064 -0.3501
vn 0.4254 0.7743 -0.4686
vn 0.7140 0.6046 -0.3531
vn -0.4266 -0.7454 0.5123
vn -0.4269 -0.7388 0.5215
vn -0.7151 -0.5678 0.4079
vn 0.9399 0.3076 -0.1481
vn 0.9985 0.0477 0.0258
vn 0.9034 -0.3292 0.2747
vn 0.6981 -0.5703 0.4328
vn 0.9985 0.0482 0.0255
vn -0.9410 -0.2721 0.2012
vn -0.0118 -0.8128 0.5825
vn -0.9997 0.0210 0.0114
vn -0.9046 0.3643 -0.2213
vn -0.9047 0.3579 -0.2312
vn -0.6993 0.6087 -0.3748
vn -0.6994 0.5982 -0.3912
vn 0.3371 -0.7626 0.5520
vn -0.9526 -0.2838 0.1101
vn 0.2886 -0.7208 0.6302
vn -0.0180 -0.9667 0.2554
vn -0.7077 -0.5437 0.4513
vn -0.6750 -0.5246 0.5188
vn 0.0036 -0.9552 0.2959
vn 0.0398 0.9782 -0.2039
vn 0.7272 0.5543 -0.4049
vn 0.9284 0.3704 0.0304
vn -0.9047 0.3786 -0.1953
vn -0.6989 0.6185 -0.3590
vn -0.9122 0.3970 -0.1018
vn -0.7077 0.6661 -0.2355
vn 0.7470 0.4731 -0.4670
vn 0.9244 0.1274 -0.3596
vn 0.9094 -0.0474 -0.4132
vn 0.5997 -0.7997 -0.0294
vn -0.9893 0.0902 0.1147
vn 0.6631 0.5110 -0.5470
vn -0.6279 -0.4734 0.6177
vn -0.8325 -0.0199 0.5537
vn -0.8873 0.2977 0.3523
vn 0.9971 0.0474 0.0599
vn 0.9868 0.0441 0.1559
vn 0.7298 0.6677 0.1470
vn -0.0792 0.8976 -0.4337
vn -0.0909 0.9512 -0.2948
vn -0.9701 -0.2312 0.0735
vn 0.1602 0.9590 -0.2336
vn 0.8101 0.5085 -0.2918
vn 0.0420 -0.9284 0.3693
vn -0.6430 -0.5004 0.5798
vn -0.9008 0.1251 0.4158
vn -0.9945 0.0351 -0.0982
vn 0.9243 0.3801 -0.0352
vn 0.0543 -0.9371 0.3448
vn 0.9645 0.2505 -0.0836
vn 0.9381 -0.0322 -0.3449
vn 0.5972 -0.8015 -0.0311
vn 0.9043 -0.0098 -0.4268
vn 0.9953 0.0877 0.0413
vn 0.5079 -0.8592 0.0615
vn -0.1942 -0.9431 0.2698
vn 0.9614 -0.1149 -0.2501
vn 0.9054 0.3785 -0.1924
vn 0.9421 0.2811 -0.1829
vn -0.0132 -0.9632 0.2684
vn -0.7919 -0.4952 0.3574
vn 0.9610 -0.1197 -0.2492
vn -0.0431 0.7893 -0.6125
vn -0.0086 0.6690 -0.7432
vn 0.9273 0.3496 -0.1338
vn 0.9296 0.3631 -0.0628
vn 0.9299 0.3541 -0.0996
vn -0.0132 -0.5886 0.8083
vn -0.9626 -0.2238 0.1530
vn 0.9273 0.3495 -0.1341
vn 0.9296 0.3631 -0.0629
vn -0.9851 0.1129 -0.1294
vn -0.9764 0.1432 -0.1615
vn -0.9917 0.0878 -0.0938
vn -0.9221 0.3855 0.0345
vn -0.7372 0.6757 0.0061
vn 0.9698 -0.1469 -0.1947
vn 0.9380 -0.0324 -0.3450
vt 0.209503 0.700367
vt 0.214752 0.687049
vt 0.223509 0.690896
vt 0.219855 0.706306
vt 0.133227 0.834738
vt 0.126366 0.833432
vt 0.135670 0.796013
vt 0.139805 0.796686
vt 0.205567 0.626722
vt 0.193023 0.651458
vt 0.189141 0.649782
vt 0.201071 0.623597
vt 0.229163 0.710603
vt 0.232211 0.693750
vt 0.240860 0.695435
vt 0.237807 0.712963
vt 0.148967 0.640746
vt 0.144810 0.640517
vt 0.144207 0.610171
vt 0.149614 0.608730
vt 0.187449 0.613950
vt 0.177253 0.645977
vt 0.173258 0.644984
vt 0.182528 0.611254
vt 0.181236 0.647072
vt 0.192120 0.617034
vt 0.153077 0.641181
vt 0.154247 0.667775
vt 0.147950 0.666971
vt 0.268529 0.694402
vt 0.269414 0.678030
vt 0.277916 0.678160
vt 0.278300 0.692948
vt 0.343334 0.695480
vt 0.340660 0.684731
vt 0.349539 0.682328
vt 0.354617 0.693855
vt 0.246799 0.713009
vt 0.249684 0.695990
vt 0.258909 0.695514
vt 0.256857 0.711376
vt 0.123378 0.898270
vt 0.115235 0.922763
vt 0.111375 0.921780
vt 0.118411 0.897118
vt 0.268150 0.708787
vt 0.179061 0.673346
vt 0.172984 0.671680
vt 0.185202 0.648330
vt 0.252488 0.677371
vt 0.260933 0.677789
vt 0.136838 0.704776
vt 0.134255 0.730652
vt 0.129088 0.730163
vt 0.131072 0.704269
vt 0.196840 0.653401
vt 0.210175 0.629578
vt 0.313900 0.687453
vt 0.322760 0.686785
vt 0.323309 0.694991
vt 0.315071 0.695485
vt 0.337060 0.672373
vt 0.344785 0.669927
vt 0.166323 0.606932
vt 0.161206 0.642459
vt 0.157156 0.641761
vt 0.160698 0.606931
vt 0.320713 0.676194
vt 0.328988 0.674541
vt 0.331713 0.686012
vt 0.219577 0.672010
vt 0.227637 0.673922
vt 0.139137 0.770406
vt 0.143825 0.771217
vt 0.307118 0.696263
vt 0.305088 0.688407
vt 0.270527 0.645685
vt 0.278150 0.645772
vt 0.331083 0.641622
vt 0.338704 0.640530
vt 0.176343 0.711986
vt 0.170697 0.710789
vt 0.185042 0.675210
vt 0.235813 0.675480
vt 0.240303 0.643756
vt 0.247815 0.644493
vt 0.244110 0.676635
vt 0.232809 0.642883
vt 0.225318 0.641919
vt 0.217810 0.640917
vt 0.211578 0.669773
vt 0.262927 0.645467
vt 0.148220 0.706270
vt 0.144574 0.732103
vt 0.139415 0.731311
vt 0.142554 0.705421
vt 0.153851 0.707300
vt 0.160543 0.668865
vt 0.303653 0.677929
vt 0.300984 0.644998
vt 0.308549 0.644385
vt 0.312244 0.677297
vt 0.299033 0.596073
vt 0.298138 0.555572
vt 0.305094 0.555596
vt 0.306154 0.595769
vt 0.313297 0.595424
vt 0.312016 0.555606
vt 0.318895 0.555598
vt 0.320470 0.595057
vt 0.316083 0.643599
vt 0.323589 0.642663
vt 0.255356 0.645068
vt 0.256469 0.596374
vt 0.263570 0.596527
vt 0.327692 0.594708
vt 0.220576 0.595598
vt 0.227838 0.595676
vt 0.235047 0.595817
vt 0.334921 0.594355
vt 0.270660 0.596633
vt 0.249353 0.596190
vt 0.277744 0.596599
vt 0.284832 0.596496
vt 0.285775 0.645688
vt 0.291927 0.596319
vt 0.293390 0.645432
vt 0.242215 0.595996
vt 0.263048 0.555628
vt 0.270092 0.555490
vt 0.256009 0.555786
vt 0.248987 0.555973
vt 0.241996 0.556193
vt 0.228184 0.556736
vt 0.235054 0.556447
vt 0.153228 0.772759
vt 0.148517 0.772005
vt 0.154868 0.733831
vt 0.160012 0.734706
vt 0.134436 0.769639
vt 0.129707 0.768999
vt 0.325697 0.555506
vt 0.286450 0.678254
vt 0.295034 0.678201
vt 0.155111 0.607584
vt 0.196623 0.620313
vt 0.287396 0.691296
vt 0.296283 0.689683
vt 0.140615 0.640520
vt 0.136394 0.640786
vt 0.133543 0.613077
vt 0.138863 0.611687
vt 0.170256 0.736570
vt 0.165155 0.735604
vt 0.280038 0.705577
vt 0.141673 0.666485
vt 0.166801 0.670183
vt 0.169256 0.644079
vt 0.165241 0.643218
vt 0.206290 0.682218
vt 0.199178 0.692583
vt 0.332622 0.695229
vt 0.113461 0.895907
vt 0.122221 0.858701
vt 0.127957 0.859948
vt 0.131525 0.795361
vt 0.127388 0.794762
vt 0.165068 0.709610
vt 0.159459 0.708437
vt 0.149722 0.732957
vt 0.177331 0.609119
vt 0.171896 0.607677
vt 0.128227 0.899884
vt 0.133703 0.861123
vt 0.139336 0.862722
vt 0.277128 0.555501
vt 0.284151 0.555519
vt 0.162638 0.774432
vt 0.157941 0.773541
vt 0.135435 0.666325
vt 0.332429 0.555400
vt 0.152205 0.798748
vt 0.148099 0.797999
vt 0.123226 0.794319
vt 0.119455 0.832282
vt 0.146930 0.837426
vt 0.140115 0.835887
vt 0.143957 0.797321
vt 0.156280 0.799677
vt 0.107464 0.920894
vt 0.098503 0.958228
vt 0.095341 0.957529
vt 0.103622 0.919867
vt 0.116520 0.857378
vt 0.108553 0.894531
vt 0.104842 0.959470
vt 0.101695 0.958758
vt 0.107891 0.960563
vt 0.119001 0.924121
vt 0.091909 0.989713
vt 0.093028 0.989562
vt 0.093676 0.989952
vt 0.095867 0.990424
vt 0.096918 0.990805
vt 0.289720 0.701652
vt 0.298781 0.698391
vt 0.132152 0.641331
vt 0.124952 0.768541
vt 0.221406 0.557055
vt 0.291155 0.555544
vt 0.128225 0.614191
s 1
usemtl Trunk
f 1171/1260/1151 1188/1261/1152 1187/1262/1153 1170/1263/1154
f 1322/1264/1155 1321/1265/1156 1314/1266/1157 1315/1267/1158
f 1256/1268/1159 1273/1269/1160 1272/1270/1161 1255/1271/1162
f 1169/1272/1163 1186/1273/1164 1185/1274/1165 1168/1275/1166
f 1262/1276/1167 1261/1277/1168 1244/1278/1169 1245/1279/1170
f 1252/1280/1171 1269/1281/1172 1268/1282/1173 1251/1283/1174
f 1270/1284/1175 1269/1281/1172 1252/1280/1171 1253/1285/1176
f 1263/1286/1177 1278/1287/1178 1277/1288/1179 1262/1276/1167
f 1182/1289/1180 1199/1290/1181 1198/1291/1182 1181/1292/1183
f 1157/1293/1184 1174/1294/1185 1173/1295/1186 1156/1296/1187
f 1167/1297/1188 1184/1298/1189 1183/1299/1190 1166/1300/1191
f 1187/1262/1153 1186/1273/1164 1169/1272/1163 1170/1263/1154
f 1332/1301/1192 1337/1302/1193 1336/1303/1194 1331/1304/1195
f 1183/1299/1190 1182/1289/1180 1165/1305/1196 1166/1300/1191
f 1282/1306/1197 1281/1307/1198 1271/1308/1199 1272/1270/1161
f 1184/1298/1189 1201/1309/1200 1200/1310/1201 1183/1299/1190
f 1185/1274/1165 1184/1298/1189 1167/1297/1188 1168/1275/1166
f 1285/1311/1202 1294/1312/1203 1293/1313/1204 1284/1314/1205
f 1274/1315/1206 1273/1269/1160 1256/1268/1159 1257/1316/1207
f 1177/1317/1208 1176/1318/1209 1159/1319/1210 1160/1320/1211
f 1174/1294/1185 1191/1321/1212 1190/1322/1213 1173/1295/1186
f 1248/1323/1214 1265/1324/1215 1264/1325/1216 1247/1326/1217
f 1176/1318/1209 1193/1327/1218 1192/1328/1219 1175/1329/1220
f 1192/1328/1219 1191/1321/1212 1174/1294/1185 1175/1329/1220
f 1188/1261/1152 1205/1330/1221 1204/1331/1222 1187/1262/1153
f 1315/1267/1158 1314/1266/1157 1305/1332/1223 1306/1333/1224
f 1200/1310/1201 1199/1290/1181 1182/1289/1180 1183/1299/1190
f 1161/1334/1225 1178/1335/1226 1177/1317/1208 1160/1320/1211
f 1199/1290/1181 1216/1336/1227 1215/1337/1228 1198/1291/1182
f 1191/1321/1212 1208/1338/1229 1207/1339/1230 1190/1322/1213
f 1292/1340/1231 1291/1341/1232 1282/1306/1197 1283/1342/1233
f 1203/1343/1234 1220/1344/1235 1219/1345/1236 1202/1346/1237
f 1221/1347/1238 1220/1344/1235 1203/1343/1234 1204/1331/1222
f 1205/1330/1221 1222/1348/1239 1221/1347/1238 1204/1331/1222
f 1223/1349/1240 1222/1348/1239 1205/1330/1221 1206/1350/1241
f 1217/1351/1242 1216/1336/1227 1199/1290/1181 1200/1310/1201
f 1287/1352/1243 1296/1353/1244 1295/1354/1245 1286/1355/1246
f 1288/1356/1247 1287/1352/1243 1278/1287/1178 1279/1357/1248
f 1195/1358/1249 1212/1359/1250 1211/1360/1251 1194/1361/1252
f 1229/1362/1253 1246/1363/1254 1245/1364/1170 1228/1365/1255
f 1227/1366/1256 1244/1367/1169 1243/1368/1257 1226/1369/1258
f 1210/1370/1259 1227/1366/1256 1226/1369/1258 1209/1371/1260
f 1218/1372/1261 1235/1373/1262 1234/1374/1263 1217/1351/1242
f 1226/1369/1258 1225/1375/1264 1208/1338/1229 1209/1371/1260
f 1240/1376/1265 1239/1377/1266 1222/1348/1239 1223/1349/1240
f 1222/1348/1239 1239/1377/1266 1238/1378/1267 1221/1347/1238
f 1208/1338/1229 1225/1375/1264 1224/1379/1268 1207/1339/1230
f 1234/1374/1263 1233/1380/1269 1216/1336/1227 1217/1351/1242
f 1236/1381/1270 1235/1373/1262 1218/1372/1261 1219/1345/1236
f 1216/1336/1227 1233/1380/1269 1232/1382/1271 1215/1337/1228
f 1232/1382/1271 1231/1383/1272 1214/1384/1273 1215/1337/1228
f 1228/1365/1255 1227/1366/1256 1210/1370/1259 1211/1360/1251
f 1230/1385/1274 1229/1362/1253 1212/1359/1250 1213/1386/1275
f 1220/1344/1235 1237/1387/1276 1236/1381/1270 1219/1345/1236
f 1212/1359/1250 1229/1362/1253 1228/1365/1255 1211/1360/1251
f 1214/1384/1273 1231/1383/1272 1230/1385/1274 1213/1386/1275
f 1251/1388/1174 1250/1389/1277 1233/1380/1269 1234/1374/1263
f 1235/1373/1262 1252/1390/1171 1251/1388/1174 1234/1374/1263
f 1253/1391/1176 1252/1390/1171 1235/1373/1262 1236/1381/1270
f 1237/1387/1276 1254/1392/1278 1253/1391/1176 1236/1381/1270
f 1239/1377/1266 1256/1393/1159 1255/1394/1162 1238/1378/1267
f 1308/1395/1279 1307/1396/1280 1298/1397/1281 1299/1398/1282
f 1304/1399/1283 1303/1400/1284 1294/1312/1203 1295/1354/1245
f 1243/1368/1257 1242/1401/1285 1225/1375/1264 1226/1369/1258
f 1197/1402/1286 1214/1384/1273 1213/1386/1275 1196/1403/1287
f 1211/1360/1251 1210/1370/1259 1193/1327/1218 1194/1361/1252
f 1245/1364/1170 1244/1367/1169 1227/1366/1256 1228/1365/1255
f 1215/1337/1228 1214/1384/1273 1197/1402/1286 1198/1291/1182
f 1194/1361/1252 1193/1327/1218 1176/1318/1209 1177/1317/1208
f 1264/1325/1216 1263/1286/1177 1246/1404/1254 1247/1326/1217
f 1254/1405/1278 1271/1308/1199 1270/1284/1175 1253/1285/1176
f 1180/1406/1288 1197/1402/1286 1196/1403/1287 1179/1407/1289
f 1178/1335/1226 1195/1358/1249 1194/1361/1252 1177/1317/1208
f 1202/1346/1237 1201/1309/1200 1184/1298/1189 1185/1274/1165
f 1204/1331/1222 1203/1343/1234 1186/1273/1164 1187/1262/1153
f 1246/1404/1254 1263/1286/1177 1262/1276/1167 1245/1279/1170
f 1260/1408/1290 1259/1409/1291 1242/1410/1285 1243/1411/1257
f 1301/1412/1292 1300/1413/1293 1291/1341/1232 1292/1340/1231
f 1165/1305/1196 1182/1289/1180 1181/1292/1183 1164/1414/1294
f 1260/1408/1290 1276/1415/1295 1259/1409/1291
f 1262/1276/1167 1277/1288/1179 1261/1277/1168
f 1264/1325/1216 1278/1287/1178 1263/1286/1177
f 1264/1325/1216 1265/1324/1215 1278/1287/1178
f 1280/1416/1296 1279/1357/1248 1267/1417/1297 1268/1282/1173
f 1266/1418/1298 1267/1417/1297 1279/1357/1248
f 1189/1419/1299 1188/1261/1152 1171/1260/1151 1172/1420/1300
f 1268/1282/1173 1269/1281/1172 1280/1416/1296
f 1261/1277/1168 1277/1288/1179 1276/1415/1295 1260/1408/1290
f 1270/1284/1175 1271/1308/1199 1281/1307/1198
f 1272/1270/1161 1273/1269/1160 1282/1306/1197
f 1159/1319/1210 1176/1318/1209 1175/1329/1220 1158/1421/1301
f 1331/1304/1195 1330/1422/1302 1325/1423/1303 1326/1424/1304
f 1313/1425/1305 1312/1426/1306 1303/1400/1284 1304/1399/1283
f 1282/1306/1197 1291/1341/1232 1290/1427/1307 1281/1307/1198
f 1213/1386/1275 1212/1359/1250 1195/1358/1249 1196/1403/1287
f 1209/1371/1260 1208/1338/1229 1191/1321/1212 1192/1328/1219
f 1219/1345/1236 1218/1372/1261 1201/1309/1200 1202/1346/1237
f 1289/1428/1308 1298/1397/1281 1297/1429/1309 1288/1356/1247
f 1291/1341/1232 1300/1413/1293 1299/1398/1282 1290/1427/1307
f 1250/1430/1277 1267/1417/1297 1266/1418/1298 1249/1431/1310
f 1280/1416/1296 1289/1428/1308 1288/1356/1247 1279/1357/1248
f 1297/1429/1309 1296/1353/1244 1287/1352/1243 1288/1356/1247
f 1333/1432/1311 1332/1301/1192 1327/1433/1312 1328/1434/1313
f 1249/1435/1310 1248/1436/1214 1231/1383/1272 1232/1382/1271
f 1310/1437/1314 1309/1438/1315 1300/1413/1293 1301/1412/1292
f 1276/1415/1295 1285/1311/1202 1284/1314/1205 1275/1439/1316
f 1225/1375/1264 1242/1401/1285 1241/1440/1317 1224/1379/1268
f 1290/1427/1307 1289/1428/1308 1280/1416/1296 1281/1307/1198
f 1305/1332/1223 1314/1266/1157 1313/1425/1305 1304/1399/1283
f 1326/1424/1304 1325/1423/1303 1321/1265/1156 1322/1264/1155
f 1309/1438/1315 1318/1441/1318 1317/1442/1319 1308/1395/1279
f 1311/1443/1320 1312/1426/1306 1320/1444/1321
f 1313/1425/1305 1314/1266/1157 1321/1265/1156
f 1318/1441/1318 1320/1445/1322 1323/1446/1323 1317/1442/1319
f 1321/1265/1156 1320/1444/1321 1312/1426/1306 1313/1425/1305
f 1317/1442/1319 1323/1446/1323 1316/1447/1324
f 1319/1448/1325 1320/1445/1322 1318/1441/1318
f 1323/1446/1323 1327/1433/1312 1326/1424/1304 1322/1264/1155
f 1328/1434/1313 1327/1433/1312 1323/1446/1323 1320/1445/1322
f 1335/1449/1326 1340/1450/1327 1339/1451/1328 1334/1452/1329
f 1327/1433/1312 1332/1301/1192 1331/1304/1195 1326/1424/1304
f 1295/1354/1245 1294/1312/1203 1285/1311/1202 1286/1355/1246
f 1321/1265/1156 1325/1423/1303 1324/1453/1330 1320/1444/1321
f 1299/1398/1282 1298/1397/1281 1289/1428/1308 1290/1427/1307
f 1307/1396/1280 1316/1447/1324 1315/1267/1158 1306/1333/1224
f 1330/1422/1302 1335/1449/1326 1334/1452/1329 1329/1454/1311
f 1337/1302/1193 1342/1455/1331 1341/1456/1332 1336/1303/1194
f 1343/1457/1333 1342/1455/1331 1337/1302/1193 1338/1458/1334
f 1196/1403/1287 1195/1358/1249 1178/1335/1226 1179/1407/1289
f 1266/1418/1298 1265/1324/1215 1248/1323/1214 1249/1431/1310
f 1344/1459/1335 1339/1451/1328 1345/1460/1336
f 1340/1450/1327 1345/1460/1336 1339/1451/1328
f 1340/1450/1327 1341/1456/1332 1345/1460/1336
f 1346/1461/1335 1345/1460/1336 1341/1456/1332
f 1346/1461/1335 1341/1456/1332 1347/1462/1337
f 1342/1455/1331 1347/1462/1337 1341/1456/1332
f 1342/1455/1331 1343/1457/1333 1347/1462/1337
f 1348/1463/1335 1347/1462/1337 1343/1457/1333
f 1279/1357/1248 1278/1287/1178 1265/1324/1215 1266/1418/1298
f 1198/1291/1182 1197/1402/1286 1180/1406/1288 1181/1292/1183
f 1206/1350/1241 1205/1330/1221 1188/1261/1152 1189/1419/1299
f 1181/1292/1183 1180/1406/1288 1163/1464/1338 1164/1414/1294
f 1179/1407/1289 1178/1335/1226 1161/1334/1225 1162/1465/1339
f 1244/1278/1169 1261/1277/1168 1260/1408/1290 1243/1411/1257
f 1268/1282/1173 1267/1417/1297 1250/1430/1277 1251/1283/1174
f 1319/1448/1325 1318/1441/1318 1309/1438/1315 1310/1437/1314
f 1163/1464/1338 1180/1406/1288 1179/1407/1289 1162/1465/1339
f 1175/1329/1220 1174/1294/1185 1157/1293/1184 1158/1421/1301
f 1281/1307/1198 1280/1416/1296 1269/1281/1172 1270/1284/1175
f 1272/1270/1161 1271/1308/1199 1254/1405/1278 1255/1271/1162
f 1283/1342/1233 1282/1306/1197 1273/1269/1160 1274/1315/1206
f 1259/1409/1291 1276/1415/1295 1275/1439/1316 1258/1466/1340
f 1278/1287/1178 1287/1352/1243 1286/1355/1246 1277/1288/1179
f 1303/1400/1284 1312/1426/1306 1311/1443/1320 1302/1467/1341
f 1257/1468/1207 1256/1393/1159 1239/1377/1266 1240/1376/1265
f 1247/1469/1217 1246/1363/1254 1229/1362/1253 1230/1385/1274
f 1317/1442/1319 1316/1447/1324 1307/1396/1280 1308/1395/1279
f 1336/1303/1194 1335/1449/1326 1330/1422/1302 1331/1304/1195
f 1201/1309/1200 1218/1372/1261 1217/1351/1242 1200/1310/1201
f 1298/1397/1281 1307/1396/1280 1306/1333/1224 1297/1429/1309
f 1306/1333/1224 1305/1332/1223 1296/1353/1244 1297/1429/1309
f 1300/1413/1293 1309/1438/1315 1308/1395/1279 1299/1398/1282
f 1294/1312/1203 1303/1400/1284 1302/1467/1341 1293/1313/1204
f 1341/1456/1332 1340/1450/1327 1335/1449/1326 1336/1303/1194
f 1296/1353/1244 1305/1332/1223 1304/1399/1283 1295/1354/1245
f 1233/1380/1269 1250/1389/1277 1249/1435/1310 1232/1382/1271
f 1255/1394/1162 1254/1392/1278 1237/1387/1276 1238/1378/1267
f 1338/1458/1334 1337/1302/1193 1332/1301/1192 1333/1432/1311
f 1193/1327/1218 1210/1370/1259 1209/1371/1260 1192/1328/1219
f 1316/1447/1324 1323/1446/1323 1322/1264/1155 1315/1267/1158
f 1242/1410/1285 1259/1409/1291 1258/1466/1340 1241/1470/1317
f 1286/1355/1246 1285/1311/1202 1276/1415/1295 1277/1288/1179
f 1325/1423/1303 1330/1422/1302 1329/1454/1311 1324/1453/1330
f 1231/1383/1272 1248/1436/1214 1247/1469/1217 1230/1385/1274
f 1186/1273/1164 1203/1343/1234 1202/1346/1237 1185/1274/1165
f 1238/1378/1267 1237/1387/1276 1220/1344/1235 1221/1347/1238
o Tree_0.037
v 1.266158 12.993600 1.021930
v 1.264399 13.041013 1.012396
v 1.247496 13.083196 1.006109
v 1.218079 13.113528 1.001850
v 1.180656 13.127284 0.999141
v 1.140935 13.122328 0.998002
v 1.104953 13.099449 0.998989
v 1.078157 13.062242 1.003082
v 1.064571 13.016568 1.011836
v 1.065290 12.963401 1.030307
v 1.081170 12.916851 1.049618
v 1.109854 12.883790 1.064487
v 1.147012 12.869114 1.071248
v 1.186999 12.875007 1.068356
v 1.223714 12.900619 1.056764
v 1.251532 12.942188 1.039640
v 1.266158 12.993600 1.021930
v 1.258576 13.017709 1.072259
v 1.256233 13.053998 1.057659
v 1.239993 13.086405 1.045305
v 1.212347 13.109931 1.036379
v 1.177514 13.120952 1.031870
v 1.140798 13.117772 1.032334
v 1.107788 13.100889 1.037825
v 1.083498 13.072916 1.047877
v 1.071609 13.038178 1.061662
v 1.073621 13.000062 1.079118
v 1.089535 12.966283 1.095652
v 1.116947 12.941911 1.107993
v 1.151697 12.930609 1.113811
v 1.188496 12.934081 1.112054
v 1.221740 12.951815 1.103154
v 1.246356 12.981155 1.088916
v 1.258576 13.017709 1.072259
v 1.254977 13.050363 1.128178
v 1.252351 13.079658 1.108647
v 1.236450 13.105914 1.091200
v 1.209697 13.125133 1.078493
v 1.176162 13.134388 1.072460
v 1.140953 13.132273 1.074021
v 1.109429 13.119106 1.082937
v 1.086390 13.096894 1.097851
v 1.075342 13.069019 1.116493
v 1.077969 13.039723 1.136024
v 1.093869 13.013468 1.153471
v 1.120623 12.994248 1.166178
v 1.154157 12.984993 1.172211
v 1.189367 12.987109 1.170650
v 1.220891 13.000276 1.161734
v 1.243930 13.022487 1.146820
v 1.254977 13.050363 1.128178
v 1.246031 13.128224 1.244958
v 1.243588 13.155575 1.226865
v 1.228786 13.179869 1.210369
v 1.203880 13.197407 1.197982
v 1.172660 13.205520 1.191589
v 1.139879 13.202972 1.192164
v 1.110529 13.190152 1.199618
v 1.089077 13.169011 1.212819
v 1.078790 13.142767 1.229754
v 1.081233 13.115417 1.247847
v 1.096034 13.091124 1.264343
v 1.120941 13.073586 1.276730
v 1.152161 13.065473 1.283123
v 1.184941 13.068020 1.282548
v 1.214291 13.080840 1.275093
v 1.235743 13.101981 1.261893
v 1.246031 13.128224 1.244958
v 1.236667 13.242738 1.416933
v 1.234348 13.268680 1.399631
v 1.220277 13.291715 1.383846
v 1.196597 13.308334 1.371982
v 1.166912 13.316010 1.365844
v 1.135743 13.313572 1.366367
v 1.107834 13.301393 1.373472
v 1.087434 13.281324 1.386077
v 1.077649 13.256424 1.402262
v 1.079969 13.230482 1.419564
v 1.094040 13.207448 1.435349
v 1.117720 13.190827 1.447213
v 1.147404 13.183152 1.453351
v 1.178573 13.185590 1.452827
v 1.206483 13.197769 1.445722
v 1.226882 13.217837 1.433118
v 1.236667 13.242738 1.416933
v 1.228404 13.337538 1.557928
v 1.226260 13.361497 1.542009
v 1.213270 13.382948 1.527754
v 1.191414 13.398626 1.517334
v 1.164017 13.406143 1.512335
v 1.135251 13.404355 1.513518
v 1.109495 13.393535 1.520703
v 1.090670 13.375328 1.532797
v 1.081643 13.352509 1.547958
v 1.083787 13.328549 1.563877
v 1.096776 13.307098 1.578132
v 1.118633 13.291421 1.588553
v 1.146030 13.283904 1.593552
v 1.174796 13.285691 1.592368
v 1.200552 13.296513 1.585183
v 1.219376 13.314718 1.573089
v 1.228404 13.337538 1.557928
v 1.250058 13.413604 1.679395
v 1.248611 13.433573 1.668333
v 1.239163 13.453147 1.661206
v 1.223153 13.469346 1.659099
v 1.203017 13.479705 1.662332
v 1.181822 13.482647 1.670413
v 1.162794 13.477722 1.682112
v 1.148829 13.465682 1.695649
v 1.142055 13.448359 1.708961
v 1.143502 13.428391 1.720023
v 1.152949 13.408816 1.727150
v 1.168959 13.392616 1.729257
v 1.189095 13.382257 1.726024
v 1.210290 13.379316 1.717943
v 1.229318 13.384240 1.706243
v 1.243283 13.396281 1.692707
v 1.250058 13.413604 1.679395
v 1.290053 13.477278 1.790727
v 1.282718 13.507262 1.778808
v 1.256939 13.527836 1.781472
v 1.227817 13.526946 1.797158
v 1.212411 13.505116 1.816678
v 1.219746 13.475131 1.828597
v 1.245526 13.454557 1.825933
v 1.274648 13.455447 1.810247
v 1.290053 13.477278 1.790727
v 1.376797 13.556957 1.958550
v 1.370628 13.585648 1.948764
v 1.347159 13.605455 1.952483
v 1.320138 13.604777 1.967528
v 1.305392 13.584009 1.985086
v 1.311561 13.555319 1.994871
v 1.335030 13.535511 1.991152
v 1.362052 13.536190 1.976107
v 1.376797 13.556957 1.958550
v 1.434739 13.601787 2.074321
v 1.430308 13.628307 2.067649
v 1.409937 13.646517 2.072222
v 1.385560 13.645748 2.085361
v 1.371456 13.626452 2.099369
v 1.375888 13.599933 2.106041
v 1.396259 13.581723 2.101468
v 1.420636 13.582491 2.088329
v 1.434739 13.601787 2.074321
v 1.519251 13.654775 2.255701
v 1.515759 13.679588 2.250720
v 1.497068 13.696441 2.255120
v 1.474128 13.695461 2.266322
v 1.460376 13.677222 2.277766
v 1.463868 13.652409 2.282746
v 1.482559 13.635555 2.278346
v 1.505499 13.636536 2.267144
v 1.519251 13.654775 2.255701
v 1.565855 13.684141 2.385007
v 1.563223 13.706022 2.381499
v 1.546536 13.720565 2.384341
v 1.525569 13.719250 2.391869
v 1.512604 13.702848 2.399672
v 1.515236 13.680967 2.403180
v 1.531923 13.666424 2.400338
v 1.552890 13.667739 2.392810
v 1.565855 13.684141 2.385007
v 1.614455 13.726240 2.583510
v 1.596609 13.758859 2.581178
v 1.564991 13.742326 2.591893
v 1.582837 13.709707 2.594225
v 1.625993 13.760557 2.721301
v 1.610529 13.786970 2.714839
v 1.583380 13.772388 2.720210
v 1.598844 13.745975 2.726671
v 1.625993 13.760557 2.721301
v 1.616459 13.832482 2.916194
v 1.603049 13.854343 2.906832
v 1.579337 13.841237 2.910192
v 1.592746 13.819377 2.919554
v 1.616459 13.832482 2.916194
v 1.590959 13.901050 3.036638
v 1.581199 13.915698 3.024593
v 1.562656 13.905488 3.027203
v 1.572416 13.890841 3.039248
v 1.590959 13.901050 3.036638
v 1.549581 14.035243 3.186656
v 1.542191 14.045384 3.174677
v 1.526903 14.037738 3.177635
v 1.534293 14.027596 3.189613
v 1.549581 14.035243 3.186656
v 1.511920 14.174262 3.281406
v 1.511920 14.174262 3.281406
v 1.511920 14.174262 3.281406
v 1.511920 14.174262 3.281406
v 1.511920 14.174262 3.281406
vn 0.9205 -0.2469 0.3029
vn 0.9143 -0.3001 0.2719
vn 0.7216 -0.5303 0.4450
vn 0.7570 -0.4346 0.4879
vn -0.9555 -0.2190 0.1975
vn -0.0647 0.9811 -0.1826
vn -0.5296 0.8483 0.0061
vn -0.9442 0.2177 0.2470
vn 0.8622 -0.2628 0.4331
vn 0.8552 -0.5171 0.0350
vn 0.6375 -0.7262 0.2574
vn 0.6293 -0.5350 0.5638
vn 0.4406 -0.5269 0.7268
vn 0.3860 -0.6616 0.6428
vn 0.0030 -0.7271 0.6865
vn 0.0297 -0.5753 0.8174
vn 0.1181 0.8965 -0.4271
vn 0.4794 0.7300 -0.4872
vn 0.4503 0.8218 -0.3491
vn 0.0766 0.8873 -0.4548
vn -0.4674 -0.7313 0.4967
vn -0.3856 -0.6217 0.6817
vn -0.6720 -0.3754 0.6383
vn -0.7645 -0.5550 0.3278
vn -0.0397 -0.7994 0.5995
vn -0.0892 -0.7914 0.6048
vn -0.2203 0.9365 -0.2730
vn -0.6131 0.7899 -0.0126
vn -0.0602 0.9222 -0.3821
vn -0.9514 -0.1924 0.2406
vn -0.9416 -0.2567 0.2178
vn -0.9995 0.0248 0.0175
vn -0.9973 0.0527 0.0502
vn 0.9505 0.2834 0.1276
vn 0.9481 0.3165 -0.0308
vn 0.9971 0.0479 0.0596
vn 0.9868 0.0446 0.1557
vn -0.4738 -0.4638 0.7486
vn -0.4521 -0.6129 0.6480
vn -0.7329 -0.4850 0.4772
vn -0.7555 -0.3486 0.5547
vn 0.0738 -0.8761 0.4764
vn 0.0372 -0.7697 0.6374
vn -0.9677 -0.2521 -0.0004
vn -0.9673 -0.2534 0.0095
vn -0.9561 -0.1105 0.2713
vn 0.6507 -0.7548 0.0829
vn 0.0777 -0.9061 0.4160
vn 0.3133 -0.8272 0.4665
vn -0.4282 -0.7155 0.5519
vn -0.7146 -0.5634 0.4146
vn 0.6652 0.5191 -0.5367
vn 0.6897 0.5344 -0.4886
vn 0.9094 -0.0479 -0.4131
vn 0.9006 -0.0524 -0.4315
vn 0.9698 -0.1478 -0.1941
vn 0.9953 0.0875 0.0417
vn 0.0036 0.9567 -0.2911
vn 0.4428 0.8808 -0.1679
vn 0.4481 0.8607 0.2416
vn -0.0249 0.9833 0.1802
vn 0.9394 0.3213 -0.1199
vn 0.9977 0.0562 0.0374
vn -0.8864 0.3569 -0.2949
vn -0.7639 0.6256 0.1583
vn -0.5589 0.8244 -0.0891
vn -0.6480 0.6344 -0.4215
vn 0.4268 0.8057 -0.4107
vn 0.7130 0.6187 -0.3298
vn 0.7213 0.6656 -0.1917
vn 0.9044 -0.3211 0.2810
vn 0.6982 -0.5625 0.4430
vn -0.5755 0.8141 0.0777
vn -0.9209 0.1144 0.3725
vn -0.4167 0.8938 0.1659
vn -0.3662 0.9053 -0.2154
vn -0.9410 -0.2801 0.1897
vn -0.9999 0.0074 -0.0090
vn 0.9398 0.3088 -0.1460
vn 0.9985 0.0483 0.0257
vn 0.9006 -0.0519 -0.4316
vn 0.6211 -0.7836 0.0123
vn 0.9042 -0.0093 -0.4270
vn 0.3422 -0.7441 0.5737
vn 0.3375 -0.7657 0.5476
vn -0.0118 -0.8218 0.5696
vn -0.0113 -0.8047 0.5935
vn 0.6982 -0.5745 0.4272
vn 0.9034 -0.3290 0.2749
vn 0.9985 0.0477 0.0260
vn 0.9977 0.0557 0.0377
vn -0.7151 -0.5808 0.3889
vn -0.5973 0.8015 0.0299
vn -0.5836 0.8099 0.0592
vn 0.0089 0.9624 -0.2714
vn -0.0164 0.9466 -0.3219
vn -0.8801 0.1402 0.4536
vn -0.8897 0.1254 0.4391
vn -0.3397 0.8281 -0.4460
vn -0.3387 0.7946 -0.5039
vn 0.0105 0.8456 -0.5338
vn 0.0103 0.8657 -0.5004
vn -0.3389 0.7978 -0.4987
vn -0.3059 0.8193 -0.4850
vn 0.0106 0.8513 -0.5246
vn 0.4252 0.7744 -0.4685
vn 0.7452 0.6418 -0.1807
vn 0.7140 0.6064 -0.3501
vn 0.4254 0.7743 -0.4686
vn 0.7140 0.6046 -0.3531
vn -0.4266 -0.7454 0.5123
vn -0.4269 -0.7388 0.5215
vn -0.7151 -0.5678 0.4079
vn 0.9399 0.3076 -0.1481
vn 0.9985 0.0477 0.0258
vn 0.9034 -0.3292 0.2747
vn 0.6981 -0.5703 0.4328
vn 0.9985 0.0482 0.0255
vn -0.9410 -0.2721 0.2012
vn -0.0118 -0.8128 0.5825
vn -0.9997 0.0210 0.0114
vn -0.9046 0.3643 -0.2213
vn -0.9047 0.3579 -0.2312
vn -0.6993 0.6087 -0.3748
vn -0.6994 0.5982 -0.3912
vn 0.3371 -0.7626 0.5520
vn -0.9526 -0.2838 0.1101
vn 0.2886 -0.7208 0.6302
vn -0.0180 -0.9667 0.2554
vn -0.7077 -0.5437 0.4513
vn -0.6750 -0.5246 0.5188
vn 0.0036 -0.9552 0.2959
vn 0.0398 0.9782 -0.2039
vn 0.7272 0.5543 -0.4049
vn 0.9284 0.3704 0.0304
vn -0.9047 0.3786 -0.1953
vn -0.6989 0.6185 -0.3590
vn -0.9122 0.3970 -0.1018
vn -0.7077 0.6661 -0.2355
vn 0.7470 0.4731 -0.4670
vn 0.9244 0.1274 -0.3596
vn 0.9094 -0.0474 -0.4132
vn 0.5997 -0.7997 -0.0294
vn -0.9893 0.0902 0.1147
vn 0.6631 0.5110 -0.5470
vn -0.6279 -0.4734 0.6177
vn -0.8325 -0.0199 0.5537
vn -0.8873 0.2977 0.3523
vn 0.9971 0.0474 0.0599
vn 0.9868 0.0441 0.1559
vn 0.7298 0.6677 0.1470
vn -0.0792 0.8976 -0.4337
vn -0.0909 0.9512 -0.2948
vn -0.9701 -0.2312 0.0735
vn 0.1602 0.9590 -0.2336
vn 0.8101 0.5085 -0.2918
vn 0.0420 -0.9284 0.3693
vn -0.6430 -0.5004 0.5798
vn -0.9008 0.1251 0.4158
vn -0.9945 0.0351 -0.0982
vn 0.9243 0.3801 -0.0352
vn 0.0543 -0.9371 0.3448
vn 0.9645 0.2505 -0.0836
vn 0.9381 -0.0322 -0.3449
vn 0.5972 -0.8015 -0.0311
vn 0.9043 -0.0098 -0.4268
vn 0.9953 0.0877 0.0413
vn 0.5079 -0.8592 0.0615
vn -0.1942 -0.9431 0.2698
vn 0.9614 -0.1149 -0.2501
vn 0.9054 0.3785 -0.1924
vn 0.9421 0.2811 -0.1829
vn -0.0132 -0.9632 0.2684
vn -0.7919 -0.4952 0.3574
vn 0.9610 -0.1197 -0.2492
vn -0.0431 0.7893 -0.6125
vn -0.0086 0.6690 -0.7432
vn 0.9273 0.3496 -0.1338
vn 0.9296 0.3631 -0.0628
vn 0.9299 0.3541 -0.0996
vn -0.0132 -0.5886 0.8083
vn -0.9626 -0.2238 0.1530
vn 0.9273 0.3495 -0.1341
vn 0.9296 0.3631 -0.0629
vn -0.9851 0.1129 -0.1294
vn -0.9764 0.1432 -0.1615
vn -0.9917 0.0878 -0.0938
vn -0.9221 0.3855 0.0345
vn -0.7372 0.6757 0.0061
vn 0.9698 -0.1469 -0.1947
vn 0.9380 -0.0324 -0.3450
vt 0.209503 0.700367
vt 0.214752 0.687049
vt 0.223509 0.690896
vt 0.219855 0.706306
vt 0.133227 0.834738
vt 0.126366 0.833432
vt 0.135670 0.796013
vt 0.139805 0.796686
vt 0.205567 0.626722
vt 0.193023 0.651458
vt 0.189141 0.649782
vt 0.201071 0.623597
vt 0.229163 0.710603
vt 0.232211 0.693750
vt 0.240860 0.695435
vt 0.237807 0.712963
vt 0.148967 0.640746
vt 0.144810 0.640517
vt 0.144207 0.610171
vt 0.149614 0.608730
vt 0.187449 0.613950
vt 0.177253 0.645977
vt 0.173258 0.644984
vt 0.182528 0.611254
vt 0.181236 0.647072
vt 0.192120 0.617034
vt 0.153077 0.641181
vt 0.154247 0.667775
vt 0.147950 0.666971
vt 0.268529 0.694402
vt 0.269414 0.678030
vt 0.277916 0.678160
vt 0.278300 0.692948
vt 0.343334 0.695480
vt 0.340660 0.684731
vt 0.349539 0.682328
vt 0.354617 0.693855
vt 0.246799 0.713009
vt 0.249684 0.695990
vt 0.258909 0.695514
vt 0.256857 0.711376
vt 0.123378 0.898270
vt 0.115235 0.922763
vt 0.111375 0.921780
vt 0.118411 0.897118
vt 0.268150 0.708787
vt 0.179061 0.673346
vt 0.172984 0.671680
vt 0.185202 0.648330
vt 0.252488 0.677371
vt 0.260933 0.677789
vt 0.136838 0.704776
vt 0.134255 0.730652
vt 0.129088 0.730163
vt 0.131072 0.704269
vt 0.196840 0.653401
vt 0.210175 0.629578
vt 0.313900 0.687453
vt 0.322760 0.686785
vt 0.323309 0.694991
vt 0.315071 0.695485
vt 0.337060 0.672373
vt 0.344785 0.669927
vt 0.166323 0.606932
vt 0.161206 0.642459
vt 0.157156 0.641761
vt 0.160698 0.606931
vt 0.320713 0.676194
vt 0.328988 0.674541
vt 0.331713 0.686012
vt 0.219577 0.672010
vt 0.227637 0.673922
vt 0.139137 0.770406
vt 0.143825 0.771217
vt 0.307118 0.696263
vt 0.305088 0.688407
vt 0.270527 0.645685
vt 0.278150 0.645772
vt 0.331083 0.641622
vt 0.338704 0.640530
vt 0.176343 0.711986
vt 0.170697 0.710789
vt 0.185042 0.675210
vt 0.235813 0.675480
vt 0.240303 0.643756
vt 0.247815 0.644493
vt 0.244110 0.676635
vt 0.232809 0.642883
vt 0.225318 0.641919
vt 0.217810 0.640917
vt 0.211578 0.669773
vt 0.262927 0.645467
vt 0.148220 0.706270
vt 0.144574 0.732103
vt 0.139415 0.731311
vt 0.142554 0.705421
vt 0.153851 0.707300
vt 0.160543 0.668865
vt 0.303653 0.677929
vt 0.300984 0.644998
vt 0.308549 0.644385
vt 0.312244 0.677297
vt 0.299033 0.596073
vt 0.298138 0.555572
vt 0.305094 0.555596
vt 0.306154 0.595769
vt 0.313297 0.595424
vt 0.312016 0.555606
vt 0.318895 0.555598
vt 0.320470 0.595057
vt 0.316083 0.643599
vt 0.323589 0.642663
vt 0.255356 0.645068
vt 0.256469 0.596374
vt 0.263570 0.596527
vt 0.327692 0.594708
vt 0.220576 0.595598
vt 0.227838 0.595676
vt 0.235047 0.595817
vt 0.334921 0.594355
vt 0.270660 0.596633
vt 0.249353 0.596190
vt 0.277744 0.596599
vt 0.284832 0.596496
vt 0.285775 0.645688
vt 0.291927 0.596319
vt 0.293390 0.645432
vt 0.242215 0.595996
vt 0.263048 0.555628
vt 0.270092 0.555490
vt 0.256009 0.555786
vt 0.248987 0.555973
vt 0.241996 0.556193
vt 0.228184 0.556736
vt 0.235054 0.556447
vt 0.153228 0.772759
vt 0.148517 0.772005
vt 0.154868 0.733831
vt 0.160012 0.734706
vt 0.134436 0.769639
vt 0.129707 0.768999
vt 0.325697 0.555506
vt 0.286450 0.678254
vt 0.295034 0.678201
vt 0.155111 0.607584
vt 0.196623 0.620313
vt 0.287396 0.691296
vt 0.296283 0.689683
vt 0.140615 0.640520
vt 0.136394 0.640786
vt 0.133543 0.613077
vt 0.138863 0.611687
vt 0.170256 0.736570
vt 0.165155 0.735604
vt 0.280038 0.705577
vt 0.141673 0.666485
vt 0.166801 0.670183
vt 0.169256 0.644079
vt 0.165241 0.643218
vt 0.206290 0.682218
vt 0.199178 0.692583
vt 0.332622 0.695229
vt 0.113461 0.895907
vt 0.122221 0.858701
vt 0.127957 0.859948
vt 0.131525 0.795361
vt 0.127388 0.794762
vt 0.165068 0.709610
vt 0.159459 0.708437
vt 0.149722 0.732957
vt 0.177331 0.609119
vt 0.171896 0.607677
vt 0.128227 0.899884
vt 0.133703 0.861123
vt 0.139336 0.862722
vt 0.277128 0.555501
vt 0.284151 0.555519
vt 0.162638 0.774432
vt 0.157941 0.773541
vt 0.135435 0.666325
vt 0.332429 0.555400
vt 0.152205 0.798748
vt 0.148099 0.797999
vt 0.123226 0.794319
vt 0.119455 0.832282
vt 0.146930 0.837426
vt 0.140115 0.835887
vt 0.143957 0.797321
vt 0.156280 0.799677
vt 0.107464 0.920894
vt 0.098503 0.958228
vt 0.095341 0.957529
vt 0.103622 0.919867
vt 0.116520 0.857378
vt 0.108553 0.894531
vt 0.104842 0.959470
vt 0.101695 0.958758
vt 0.107891 0.960563
vt 0.119001 0.924121
vt 0.091909 0.989713
vt 0.093028 0.989562
vt 0.093676 0.989952
vt 0.095867 0.990424
vt 0.096918 0.990805
vt 0.289720 0.701652
vt 0.298781 0.698391
vt 0.132152 0.641331
vt 0.124952 0.768541
vt 0.221406 0.557055
vt 0.291155 0.555544
vt 0.128225 0.614191
s 1
usemtl Trunk
f 1364/1471/1342 1381/1472/1343 1380/1473/1344 1363/1474/1345
f 1515/1475/1346 1514/1476/1347 1507/1477/1348 1508/1478/1349
f 1449/1479/1350 1466/1480/1351 1465/1481/1352 1448/1482/1353
f 1362/1483/1354 1379/1484/1355 1378/1485/1356 1361/1486/1357
f 1455/1487/1358 1454/1488/1359 1437/1489/1360 1438/1490/1361
f 1445/1491/1362 1462/1492/1363 1461/1493/1364 1444/1494/1365
f 1463/1495/1366 1462/1492/1363 1445/1491/1362 1446/1496/1367
f 1456/1497/1368 1471/1498/1369 1470/1499/1370 1455/1487/1358
f 1375/1500/1371 1392/1501/1372 1391/1502/1373 1374/1503/1374
f 1350/1504/1375 1367/1505/1376 1366/1506/1377 1349/1507/1378
f 1360/1508/1379 1377/1509/1380 1376/1510/1381 1359/1511/1382
f 1380/1473/1344 1379/1484/1355 1362/1483/1354 1363/1474/1345
f 1525/1512/1383 1530/1513/1384 1529/1514/1385 1524/1515/1386
f 1376/1510/1381 1375/1500/1371 1358/1516/1387 1359/1511/1382
f 1475/1517/1388 1474/1518/1389 1464/1519/1390 1465/1481/1352
f 1377/1509/1380 1394/1520/1391 1393/1521/1392 1376/1510/1381
f 1378/1485/1356 1377/1509/1380 1360/1508/1379 1361/1486/1357
f 1478/1522/1393 1487/1523/1394 1486/1524/1395 1477/1525/1396
f 1467/1526/1397 1466/1480/1351 1449/1479/1350 1450/1527/1398
f 1370/1528/1399 1369/1529/1400 1352/1530/1401 1353/1531/1402
f 1367/1505/1376 1384/1532/1403 1383/1533/1404 1366/1506/1377
f 1441/1534/1405 1458/1535/1406 1457/1536/1407 1440/1537/1408
f 1369/1529/1400 1386/1538/1409 1385/1539/1410 1368/1540/1411
f 1385/1539/1410 1384/1532/1403 1367/1505/1376 1368/1540/1411
f 1381/1472/1343 1398/1541/1412 1397/1542/1413 1380/1473/1344
f 1508/1478/1349 1507/1477/1348 1498/1543/1414 1499/1544/1415
f 1393/1521/1392 1392/1501/1372 1375/1500/1371 1376/1510/1381
f 1354/1545/1416 1371/1546/1417 1370/1528/1399 1353/1531/1402
f 1392/1501/1372 1409/1547/1418 1408/1548/1419 1391/1502/1373
f 1384/1532/1403 1401/1549/1420 1400/1550/1421 1383/1533/1404
f 1485/1551/1422 1484/1552/1423 1475/1517/1388 1476/1553/1424
f 1396/1554/1425 1413/1555/1426 1412/1556/1427 1395/1557/1428
f 1414/1558/1429 1413/1555/1426 1396/1554/1425 1397/1542/1413
f 1398/1541/1412 1415/1559/1430 1414/1558/1429 1397/1542/1413
f 1416/1560/1431 1415/1559/1430 1398/1541/1412 1399/1561/1432
f 1410/1562/1433 1409/1547/1418 1392/1501/1372 1393/1521/1392
f 1480/1563/1434 1489/1564/1435 1488/1565/1436 1479/1566/1437
f 1481/1567/1438 1480/1563/1434 1471/1498/1369 1472/1568/1439
f 1388/1569/1440 1405/1570/1441 1404/1571/1442 1387/1572/1443
f 1422/1573/1444 1439/1574/1445 1438/1575/1361 1421/1576/1446
f 1420/1577/1447 1437/1578/1360 1436/1579/1448 1419/1580/1449
f 1403/1581/1450 1420/1577/1447 1419/1580/1449 1402/1582/1451
f 1411/1583/1452 1428/1584/1453 1427/1585/1454 1410/1562/1433
f 1419/1580/1449 1418/1586/1455 1401/1549/1420 1402/1582/1451
f 1433/1587/1456 1432/1588/1457 1415/1559/1430 1416/1560/1431
f 1415/1559/1430 1432/1588/1457 1431/1589/1458 1414/1558/1429
f 1401/1549/1420 1418/1586/1455 1417/1590/1459 1400/1550/1421
f 1427/1585/1454 1426/1591/1460 1409/1547/1418 1410/1562/1433
f 1429/1592/1461 1428/1584/1453 1411/1583/1452 1412/1556/1427
f 1409/1547/1418 1426/1591/1460 1425/1593/1462 1408/1548/1419
f 1425/1593/1462 1424/1594/1463 1407/1595/1464 1408/1548/1419
f 1421/1576/1446 1420/1577/1447 1403/1581/1450 1404/1571/1442
f 1423/1596/1465 1422/1573/1444 1405/1570/1441 1406/1597/1466
f 1413/1555/1426 1430/1598/1467 1429/1592/1461 1412/1556/1427
f 1405/1570/1441 1422/1573/1444 1421/1576/1446 1404/1571/1442
f 1407/1595/1464 1424/1594/1463 1423/1596/1465 1406/1597/1466
f 1444/1599/1365 1443/1600/1468 1426/1591/1460 1427/1585/1454
f 1428/1584/1453 1445/1601/1362 1444/1599/1365 1427/1585/1454
f 1446/1602/1367 1445/1601/1362 1428/1584/1453 1429/1592/1461
f 1430/1598/1467 1447/1603/1469 1446/1602/1367 1429/1592/1461
f 1432/1588/1457 1449/1604/1350 1448/1605/1353 1431/1589/1458
f 1501/1606/1470 1500/1607/1471 1491/1608/1472 1492/1609/1473
f 1497/1610/1474 1496/1611/1475 1487/1523/1394 1488/1565/1436
f 1436/1579/1448 1435/1612/1476 1418/1586/1455 1419/1580/1449
f 1390/1613/1477 1407/1595/1464 1406/1597/1466 1389/1614/1478
f 1404/1571/1442 1403/1581/1450 1386/1538/1409 1387/1572/1443
f 1438/1575/1361 1437/1578/1360 1420/1577/1447 1421/1576/1446
f 1408/1548/1419 1407/1595/1464 1390/1613/1477 1391/1502/1373
f 1387/1572/1443 1386/1538/1409 1369/1529/1400 1370/1528/1399
f 1457/1536/1407 1456/1497/1368 1439/1615/1445 1440/1537/1408
f 1447/1616/1469 1464/1519/1390 1463/1495/1366 1446/1496/1367
f 1373/1617/1479 1390/1613/1477 1389/1614/1478 1372/1618/1480
f 1371/1546/1417 1388/1569/1440 1387/1572/1443 1370/1528/1399
f 1395/1557/1428 1394/1520/1391 1377/1509/1380 1378/1485/1356
f 1397/1542/1413 1396/1554/1425 1379/1484/1355 1380/1473/1344
f 1439/1615/1445 1456/1497/1368 1455/1487/1358 1438/1490/1361
f 1453/1619/1481 1452/1620/1482 1435/1621/1476 1436/1622/1448
f 1494/1623/1483 1493/1624/1484 1484/1552/1423 1485/1551/1422
f 1358/1516/1387 1375/1500/1371 1374/1503/1374 1357/1625/1485
f 1453/1619/1481 1469/1626/1486 1452/1620/1482
f 1455/1487/1358 1470/1499/1370 1454/1488/1359
f 1457/1536/1407 1471/1498/1369 1456/1497/1368
f 1457/1536/1407 1458/1535/1406 1471/1498/1369
f 1473/1627/1487 1472/1568/1439 1460/1628/1488 1461/1493/1364
f 1459/1629/1489 1460/1628/1488 1472/1568/1439
f 1382/1630/1490 1381/1472/1343 1364/1471/1342 1365/1631/1491
f 1461/1493/1364 1462/1492/1363 1473/1627/1487
f 1454/1488/1359 1470/1499/1370 1469/1626/1486 1453/1619/1481
f 1463/1495/1366 1464/1519/1390 1474/1518/1389
f 1465/1481/1352 1466/1480/1351 1475/1517/1388
f 1352/1530/1401 1369/1529/1400 1368/1540/1411 1351/1632/1492
f 1524/1515/1386 1523/1633/1493 1518/1634/1494 1519/1635/1495
f 1506/1636/1496 1505/1637/1497 1496/1611/1475 1497/1610/1474
f 1475/1517/1388 1484/1552/1423 1483/1638/1498 1474/1518/1389
f 1406/1597/1466 1405/1570/1441 1388/1569/1440 1389/1614/1478
f 1402/1582/1451 1401/1549/1420 1384/1532/1403 1385/1539/1410
f 1412/1556/1427 1411/1583/1452 1394/1520/1391 1395/1557/1428
f 1482/1639/1499 1491/1608/1472 1490/1640/1500 1481/1567/1438
f 1484/1552/1423 1493/1624/1484 1492/1609/1473 1483/1638/1498
f 1443/1641/1468 1460/1628/1488 1459/1629/1489 1442/1642/1501
f 1473/1627/1487 1482/1639/1499 1481/1567/1438 1472/1568/1439
f 1490/1640/1500 1489/1564/1435 1480/1563/1434 1481/1567/1438
f 1526/1643/1502 1525/1512/1383 1520/1644/1503 1521/1645/1504
f 1442/1646/1501 1441/1647/1405 1424/1594/1463 1425/1593/1462
f 1503/1648/1505 1502/1649/1506 1493/1624/1484 1494/1623/1483
f 1469/1626/1486 1478/1522/1393 1477/1525/1396 1468/1650/1507
f 1418/1586/1455 1435/1612/1476 1434/1651/1508 1417/1590/1459
f 1483/1638/1498 1482/1639/1499 1473/1627/1487 1474/1518/1389
f 1498/1543/1414 1507/1477/1348 1506/1636/1496 1497/1610/1474
f 1519/1635/1495 1518/1634/1494 1514/1476/1347 1515/1475/1346
f 1502/1649/1506 1511/1652/1509 1510/1653/1510 1501/1606/1470
f 1504/1654/1511 1505/1637/1497 1513/1655/1512
f 1506/1636/1496 1507/1477/1348 1514/1476/1347
f 1511/1652/1509 1513/1656/1513 1516/1657/1514 1510/1653/1510
f 1514/1476/1347 1513/1655/1512 1505/1637/1497 1506/1636/1496
f 1510/1653/1510 1516/1657/1514 1509/1658/1515
f 1512/1659/1516 1513/1656/1513 1511/1652/1509
f 1516/1657/1514 1520/1644/1503 1519/1635/1495 1515/1475/1346
f 1521/1645/1504 1520/1644/1503 1516/1657/1514 1513/1656/1513
f 1528/1660/1517 1533/1661/1518 1532/1662/1519 1527/1663/1520
f 1520/1644/1503 1525/1512/1383 1524/1515/1386 1519/1635/1495
f 1488/1565/1436 1487/1523/1394 1478/1522/1393 1479/1566/1437
f 1514/1476/1347 1518/1634/1494 1517/1664/1521 1513/1655/1512
f 1492/1609/1473 1491/1608/1472 1482/1639/1499 1483/1638/1498
f 1500/1607/1471 1509/1658/1515 1508/1478/1349 1499/1544/1415
f 1523/1633/1493 1528/1660/1517 1527/1663/1520 1522/1665/1502
f 1530/1513/1384 1535/1666/1522 1534/1667/1523 1529/1514/1385
f 1536/1668/1524 1535/1666/1522 1530/1513/1384 1531/1669/1525
f 1389/1614/1478 1388/1569/1440 1371/1546/1417 1372/1618/1480
f 1459/1629/1489 1458/1535/1406 1441/1534/1405 1442/1642/1501
f 1537/1670/1526 1532/1662/1519 1538/1671/1527
f 1533/1661/1518 1538/1671/1527 1532/1662/1519
f 1533/1661/1518 1534/1667/1523 1538/1671/1527
f 1539/1672/1526 1538/1671/1527 1534/1667/1523
f 1539/1672/1526 1534/1667/1523 1540/1673/1528
f 1535/1666/1522 1540/1673/1528 1534/1667/1523
f 1535/1666/1522 1536/1668/1524 1540/1673/1528
f 1541/1674/1526 1540/1673/1528 1536/1668/1524
f 1472/1568/1439 1471/1498/1369 1458/1535/1406 1459/1629/1489
f 1391/1502/1373 1390/1613/1477 1373/1617/1479 1374/1503/1374
f 1399/1561/1432 1398/1541/1412 1381/1472/1343 1382/1630/1490
f 1374/1503/1374 1373/1617/1479 1356/1675/1529 1357/1625/1485
f 1372/1618/1480 1371/1546/1417 1354/1545/1416 1355/1676/1530
f 1437/1489/1360 1454/1488/1359 1453/1619/1481 1436/1622/1448
f 1461/1493/1364 1460/1628/1488 1443/1641/1468 1444/1494/1365
f 1512/1659/1516 1511/1652/1509 1502/1649/1506 1503/1648/1505
f 1356/1675/1529 1373/1617/1479 1372/1618/1480 1355/1676/1530
f 1368/1540/1411 1367/1505/1376 1350/1504/1375 1351/1632/1492
f 1474/1518/1389 1473/1627/1487 1462/1492/1363 1463/1495/1366
f 1465/1481/1352 1464/1519/1390 1447/1616/1469 1448/1482/1353
f 1476/1553/1424 1475/1517/1388 1466/1480/1351 1467/1526/1397
f 1452/1620/1482 1469/1626/1486 1468/1650/1507 1451/1677/1531
f 1471/1498/1369 1480/1563/1434 1479/1566/1437 1470/1499/1370
f 1496/1611/1475 1505/1637/1497 1504/1654/1511 1495/1678/1532
f 1450/1679/1398 1449/1604/1350 1432/1588/1457 1433/1587/1456
f 1440/1680/1408 1439/1574/1445 1422/1573/1444 1423/1596/1465
f 1510/1653/1510 1509/1658/1515 1500/1607/1471 1501/1606/1470
f 1529/1514/1385 1528/1660/1517 1523/1633/1493 1524/1515/1386
f 1394/1520/1391 1411/1583/1452 1410/1562/1433 1393/1521/1392
f 1491/1608/1472 1500/1607/1471 1499/1544/1415 1490/1640/1500
f 1499/1544/1415 1498/1543/1414 1489/1564/1435 1490/1640/1500
f 1493/1624/1484 1502/1649/1506 1501/1606/1470 1492/1609/1473
f 1487/1523/1394 1496/1611/1475 1495/1678/1532 1486/1524/1395
f 1534/1667/1523 1533/1661/1518 1528/1660/1517 1529/1514/1385
f 1489/1564/1435 1498/1543/1414 1497/1610/1474 1488/1565/1436
f 1426/1591/1460 1443/1600/1468 1442/1646/1501 1425/1593/1462
f 1448/1605/1353 1447/1603/1469 1430/1598/1467 1431/1589/1458
f 1531/1669/1525 1530/1513/1384 1525/1512/1383 1526/1643/1502
f 1386/1538/1409 1403/1581/1450 1402/1582/1451 1385/1539/1410
f 1509/1658/1515 1516/1657/1514 1515/1475/1346 1508/1478/1349
f 1435/1621/1476 1452/1620/1482 1451/1677/1531 1434/1681/1508
f 1479/1566/1437 1478/1522/1393 1469/1626/1486 1470/1499/1370
f 1518/1634/1494 1523/1633/1493 1522/1665/1502 1517/1664/1521
f 1424/1594/1463 1441/1647/1405 1440/1680/1408 1423/1596/1465
f 1379/1484/1355 1396/1554/1425 1395/1557/1428 1378/1485/1356
f 1431/1589/1458 1430/1598/1467 1413/1555/1426 1414/1558/1429
o Tree_0.038
v -0.490634 10.642612 -0.651937
v -0.484198 10.600379 -0.664805
v -0.486372 10.558142 -0.665302
v -0.494990 10.522140 -0.652549
v -0.507785 10.497760 -0.628067
v -0.522481 10.488684 -0.595436
v -0.537162 10.496325 -0.559766
v -0.550549 10.519617 -0.526909
v -0.562442 10.555202 -0.502671
v -0.576632 10.603500 -0.490056
v -0.585629 10.651346 -0.491794
v -0.586089 10.691251 -0.506754
v -0.576755 10.717023 -0.532135
v -0.558614 10.724698 -0.563880
v -0.534862 10.713149 -0.597348
v -0.510296 10.684253 -0.627965
v -0.490634 10.642612 -0.651937
v -0.535941 10.628515 -0.673024
v -0.525330 10.594595 -0.679508
v -0.522026 10.559771 -0.674720
v -0.525941 10.529284 -0.659131
v -0.536167 10.507750 -0.634972
v -0.551037 10.498441 -0.605872
v -0.568393 10.502784 -0.576307
v -0.585904 10.520143 -0.550919
v -0.601497 10.547933 -0.533834
v -0.614586 10.583782 -0.527436
v -0.621475 10.620383 -0.532953
v -0.620481 10.652101 -0.549267
v -0.611373 10.674070 -0.573723
v -0.595398 10.682936 -0.602536
v -0.575126 10.677360 -0.631381
v -0.554025 10.658228 -0.656034
v -0.535941 10.628515 -0.673024
v -0.584467 10.609490 -0.702323
v -0.569745 10.580521 -0.704236
v -0.561963 10.550113 -0.695608
v -0.562305 10.522897 -0.677754
v -0.570718 10.503015 -0.653391
v -0.585923 10.493494 -0.626229
v -0.605604 10.495785 -0.600402
v -0.626765 10.509538 -0.579842
v -0.646185 10.532659 -0.567680
v -0.660907 10.561628 -0.565767
v -0.668689 10.592036 -0.574395
v -0.668348 10.619252 -0.592249
v -0.659934 10.639134 -0.616612
v -0.644729 10.648655 -0.643774
v -0.625048 10.646364 -0.669601
v -0.603887 10.632611 -0.690161
v -0.584467 10.609490 -0.702323
v -0.686541 10.561129 -0.766006
v -0.672910 10.534110 -0.767849
v -0.665451 10.505884 -0.759672
v -0.665299 10.480749 -0.742721
v -0.672477 10.462529 -0.719575
v -0.685892 10.454000 -0.693759
v -0.703502 10.456461 -0.669203
v -0.722626 10.469535 -0.649645
v -0.740352 10.491233 -0.638062
v -0.753982 10.518251 -0.636219
v -0.761441 10.546476 -0.644395
v -0.761594 10.571612 -0.661347
v -0.754416 10.589831 -0.684492
v -0.741001 10.598360 -0.710309
v -0.723391 10.595901 -0.734865
v -0.704267 10.582827 -0.754423
v -0.686541 10.561129 -0.766006
v -0.835346 10.491290 -0.862648
v -0.822302 10.465637 -0.864345
v -0.815124 10.438837 -0.856513
v -0.814906 10.414970 -0.840345
v -0.821681 10.397669 -0.818302
v -0.834417 10.389568 -0.793741
v -0.851176 10.391901 -0.770400
v -0.869405 10.404312 -0.751833
v -0.886331 10.424912 -0.740866
v -0.899376 10.450564 -0.739170
v -0.906553 10.477365 -0.747002
v -0.906771 10.501231 -0.763170
v -0.899996 10.518533 -0.785213
v -0.887260 10.526633 -0.809774
v -0.870501 10.524301 -0.833115
v -0.852272 10.511889 -0.851682
v -0.835346 10.491290 -0.862648
v -0.957594 10.433066 -0.941772
v -0.945597 10.409384 -0.943359
v -0.939238 10.384542 -0.936312
v -0.939484 10.362320 -0.921703
v -0.946298 10.346103 -0.901757
v -0.958643 10.338358 -0.879511
v -0.974639 10.340266 -0.858350
v -0.991852 10.351536 -0.841498
v -1.007660 10.370451 -0.831519
v -1.019656 10.394134 -0.829932
v -1.026016 10.418976 -0.836979
v -1.025770 10.441197 -0.851588
v -1.018956 10.457415 -0.871534
v -1.006611 10.465159 -0.893780
v -0.990614 10.463251 -0.914941
v -0.973402 10.451982 -0.931793
v -0.957594 10.433066 -0.941772
v -1.051422 10.397095 -1.029866
v -1.043125 10.377852 -1.032234
v -1.041265 10.356995 -1.029738
v -1.046125 10.337698 -1.022757
v -1.056964 10.322899 -1.012354
v -1.072134 10.314852 -1.000113
v -1.089324 10.314780 -0.987897
v -1.105917 10.322697 -0.977566
v -1.119387 10.337395 -0.970693
v -1.127684 10.356637 -0.968325
v -1.129544 10.377495 -0.970821
v -1.124684 10.396792 -0.977802
v -1.113845 10.411591 -0.988204
v -1.098675 10.419639 -1.000446
v -1.081485 10.419709 -1.012662
v -1.064892 10.411794 -1.022993
v -1.051422 10.397095 -1.029866
v -1.129341 10.375851 -1.123776
v -1.122832 10.346073 -1.125055
v -1.135605 10.320703 -1.113925
v -1.160179 10.314600 -1.096908
v -1.182158 10.331341 -1.083970
v -1.188667 10.361118 -1.082691
v -1.175893 10.386489 -1.093820
v -1.151320 10.392591 -1.110838
v -1.129341 10.375851 -1.123776
v -1.236044 10.366279 -1.279516
v -1.230828 10.338346 -1.281967
v -1.243552 10.314564 -1.272697
v -1.266764 10.308864 -1.257136
v -1.286866 10.324584 -1.244399
v -1.292083 10.352516 -1.241948
v -1.279358 10.376298 -1.251218
v -1.256146 10.381999 -1.266780
v -1.236044 10.366279 -1.279516
v -1.310233 10.367603 -1.381737
v -1.306883 10.342614 -1.385820
v -1.319065 10.321347 -1.378630
v -1.339641 10.316260 -1.364379
v -1.356560 10.330334 -1.351415
v -1.359909 10.355324 -1.347332
v -1.347727 10.376590 -1.354522
v -1.327151 10.381677 -1.368773
v -1.310233 10.367603 -1.381737
v -1.428653 10.382170 -1.530687
v -1.426311 10.359222 -1.535457
v -1.437660 10.339622 -1.528987
v -1.456052 10.334851 -1.515067
v -1.470714 10.347704 -1.501850
v -1.473056 10.370650 -1.497080
v -1.461707 10.390250 -1.503550
v -1.443315 10.395022 -1.517471
v -1.428653 10.382170 -1.530687
v -1.518336 10.395161 -1.623314
v -1.516829 10.375226 -1.628178
v -1.526049 10.357964 -1.621827
v -1.540595 10.353486 -1.607982
v -1.551947 10.364416 -1.594753
v -1.553454 10.384351 -1.589889
v -1.544234 10.401613 -1.596240
v -1.529688 10.406091 -1.610085
v -1.518336 10.395161 -1.623314
v -1.665046 10.410079 -1.746851
v -1.670724 10.376287 -1.744484
v -1.691883 10.381700 -1.717975
v -1.686205 10.415491 -1.720342
v -1.775760 10.408837 -1.817516
v -1.776953 10.380347 -1.813195
v -1.791926 10.384655 -1.788925
v -1.790733 10.413145 -1.793246
v -1.775760 10.408837 -1.817516
v -1.942990 10.378850 -1.906375
v -1.940876 10.354373 -1.900902
v -1.952840 10.358217 -1.879093
v -1.954953 10.382694 -1.884566
v -1.942990 10.378850 -1.906375
v -2.054510 10.333525 -1.955250
v -2.048596 10.315866 -1.948933
v -2.057938 10.318836 -1.931886
v -2.063852 10.336493 -1.938203
v -2.054510 10.333525 -1.955250
v -2.198048 10.232744 -2.026889
v -2.191174 10.219680 -2.020735
v -2.199560 10.221618 -2.007255
v -2.206433 10.234682 -2.013409
v -2.198048 10.232744 -2.026889
v -2.294189 10.119522 -2.083473
v -2.294189 10.119522 -2.083473
v -2.294189 10.119522 -2.083473
v -2.294189 10.119522 -2.083473
v -2.294189 10.119522 -2.083473
vn 0.1264 0.6112 -0.7813
vn 0.1527 0.6519 -0.7428
vn -0.0821 0.8264 -0.5570
vn -0.1074 0.7595 -0.6415
vn -0.5847 -0.1032 0.8047
vn 0.1190 -0.9552 -0.2710
vn -0.2485 -0.9639 0.0953
vn -0.6326 -0.4894 0.6002
vn -0.0159 0.6295 -0.7768
vn 0.3452 0.7848 -0.5147
vn 0.0547 0.9403 -0.3358
vn -0.2289 0.8201 -0.5244
vn -0.4573 0.7761 -0.4342
vn -0.4025 0.8641 -0.3021
vn -0.6052 0.7957 0.0252
vn -0.7147 0.6910 -0.1088
vn 0.4199 -0.8586 -0.2941
vn 0.6323 -0.5887 -0.5035
vn 0.4935 -0.6572 -0.5697
vn 0.4272 -0.8702 -0.2452
vn -0.6357 0.5961 0.4904
vn -0.7697 0.5597 0.3070
vn -0.8580 0.2241 0.4621
vn -0.6142 0.2969 0.7312
vn -0.5436 0.8302 0.1233
vn -0.5698 0.8063 0.1591
vn 0.1346 -0.9869 -0.0889
vn -0.2664 -0.9439 0.1953
vn 0.3022 -0.9372 -0.1739
vn -0.6223 -0.1179 0.7739
vn -0.5963 -0.0599 0.8005
vn -0.4455 -0.3759 0.8125
vn -0.4746 -0.3945 0.7868
vn 0.2878 0.1036 -0.9521
vn 0.4292 0.0427 -0.9022
vn 0.3735 0.3229 -0.8696
vn 0.2824 0.3404 -0.8969
vn -0.8709 0.3964 0.2906
vn -0.7680 0.5217 0.3716
vn -0.7367 0.2723 0.6190
vn -0.8189 0.1540 0.5528
vn -0.3824 0.9177 0.1076
vn -0.5453 0.8376 0.0329
vn -0.4106 -0.1145 0.9046
vn -0.4194 -0.1113 0.9010
vn -0.6536 -0.1887 0.7329
vn 0.2185 0.9384 -0.2678
vn -0.3256 0.9351 0.1398
vn -0.2714 0.9565 -0.1070
vn -0.6691 0.6060 0.4303
vn -0.6709 0.3388 0.6597
vn 0.7607 -0.3388 -0.5536
vn 0.7275 -0.3350 -0.5987
vn 0.7645 0.2903 -0.5756
vn 0.7773 0.2879 -0.5594
vn 0.5945 0.4445 -0.6701
vn 0.3882 0.2827 -0.8771
vn 0.2468 -0.9290 -0.2759
vn 0.3256 -0.6797 -0.6573
vn -0.0415 -0.5823 -0.8119
vn -0.1915 -0.8748 -0.4451
vn 0.5058 0.0185 -0.8625
vn 0.3937 0.3114 -0.8649
vn -0.1210 -0.6982 0.7056
vn -0.4825 -0.8151 0.3205
vn -0.1747 -0.9705 0.1661
vn 0.0906 -0.8910 0.4449
vn 0.5393 -0.6624 -0.5200
vn 0.5927 -0.3740 -0.7134
vn 0.4706 -0.3879 -0.7925
vn 0.1406 0.6693 -0.7296
vn -0.0898 0.8471 -0.5238
vn -0.3322 -0.9356 0.1195
vn -0.7340 -0.3629 0.5741
vn -0.3452 -0.9352 -0.0784
vn 0.0206 -0.9995 0.0223
vn -0.5703 -0.0436 0.8203
vn -0.4214 -0.3651 0.8301
vn 0.5298 0.0251 -0.8477
vn 0.4048 0.3168 -0.8578
vn 0.7774 0.2874 -0.5595
vn 0.2701 0.9409 -0.2044
vn 0.7740 0.2506 -0.5815
vn -0.3574 0.9110 -0.2059
vn -0.3354 0.9241 -0.1831
vn -0.5043 0.8551 0.1207
vn -0.5260 0.8441 0.1042
vn -0.0753 0.8551 -0.5129
vn 0.1459 0.6750 -0.7232
vn 0.4045 0.3173 -0.8577
vn 0.3935 0.3120 -0.8648
vn -0.6476 0.3496 0.6770
vn -0.2982 -0.9408 0.1611
vn -0.3190 -0.9381 0.1351
vn 0.2312 -0.9286 -0.2902
vn 0.2662 -0.9327 -0.2434
vn -0.7901 -0.3568 0.4984
vn -0.7808 -0.3494 0.5179
vn 0.2416 -0.9629 0.1206
vn 0.2949 -0.9428 0.1556
vn 0.4709 -0.8705 -0.1431
vn 0.4403 -0.8827 -0.1640
vn 0.2900 -0.9448 0.1525
vn 0.2915 -0.9501 0.1112
vn 0.4625 -0.8740 -0.1490
vn 0.5914 -0.6452 -0.4837
vn 0.4714 -0.3556 -0.8070
vn 0.6116 -0.3662 -0.7014
vn 0.5915 -0.6450 -0.4838
vn 0.6144 -0.3651 -0.6995
vn -0.6320 0.6264 0.4562
vn -0.6406 0.6220 0.4503
vn -0.6649 0.3413 0.6644
vn 0.5318 0.0258 -0.8465
vn 0.4047 0.3173 -0.8577
vn 0.1461 0.6751 -0.7231
vn -0.0804 0.8524 -0.5167
vn 0.4049 0.3168 -0.8577
vn -0.5808 -0.0487 0.8126
vn -0.5160 0.8492 0.1121
vn -0.4400 -0.3736 0.8166
vn -0.1954 -0.6976 0.6893
vn -0.1864 -0.6937 0.6958
vn 0.0269 -0.8770 0.4798
vn 0.0419 -0.8704 0.4905
vn -0.3396 0.9220 -0.1858
vn -0.5032 -0.0593 0.8621
vn -0.4318 0.8811 -0.1927
vn -0.2205 0.9263 0.3057
vn -0.7014 0.3301 0.6318
vn -0.7487 0.3370 0.5709
vn -0.2481 0.9311 0.2675
vn 0.1832 -0.9193 -0.3483
vn 0.6677 -0.3241 -0.6702
vn 0.3645 -0.0022 -0.9312
vn -0.2192 -0.7059 0.6736
vn 0.0126 -0.8829 0.4695
vn -0.3071 -0.7077 0.6362
vn -0.1036 -0.9062 0.4099
vn 0.7338 -0.2545 -0.6299
vn 0.7193 0.1454 -0.6793
vn 0.7645 0.2899 -0.5757
vn 0.2988 0.9401 -0.1640
vn -0.5301 -0.4138 0.7401
vn 0.7693 -0.3341 -0.5446
vn -0.8187 0.3256 0.4730
vn -0.8571 -0.1744 0.4847
vn -0.7046 -0.5225 0.4801
vn 0.3733 0.3234 -0.8695
vn 0.2822 0.3409 -0.8967
vn 0.1685 -0.3231 -0.9313
vn 0.3410 -0.9313 -0.1283
vn 0.2097 -0.9584 -0.1938
vn -0.4788 -0.1206 0.8696
vn 0.2621 -0.8645 -0.4290
vn 0.6020 -0.2313 -0.7643
vn -0.2983 0.9340 0.1964
vn -0.7904 0.3378 0.5110
vn -0.7646 -0.3575 0.5363
vn -0.3391 -0.4053 0.8489
vn 0.4217 -0.0249 -0.9064
vn -0.2707 0.9418 0.1992
vn 0.4851 0.0990 -0.8688
vn 0.7149 0.2991 -0.6320
vn 0.2993 0.9406 -0.1605
vn 0.7739 0.2511 -0.5814
vn 0.3886 0.2825 -0.8770
vn 0.1784 0.9790 -0.0991
vn -0.3096 0.8446 0.4368
vn 0.6408 0.4009 -0.6547
vn 0.5556 -0.0597 -0.8293
vn 0.5646 0.0444 -0.8242
vn -0.2303 0.9272 0.2953
vn -0.6537 0.2380 0.7184
vn 0.6399 0.4054 -0.6528
vn 0.5199 -0.8530 -0.0455
vn 0.6551 -0.7552 0.0248
vn 0.5127 -0.0144 -0.8585
vn 0.4493 -0.0126 -0.8933
vn 0.4828 -0.0111 -0.8757
vn 0.4218 -0.0249 -0.9064
vn -0.7247 0.6861 -0.0643
vn -0.5474 -0.1097 0.8297
vn 0.5129 -0.0143 -0.8583
vn 0.4494 -0.0125 -0.8933
vn -0.3083 -0.4790 0.8219
vn -0.2761 -0.5097 0.8148
vn -0.3428 -0.4517 0.8237
vn -0.4342 -0.6751 0.5964
vn -0.3346 -0.8800 0.3370
vn 0.5950 0.4436 -0.6702
vn 0.7150 0.2992 -0.6319
vt 0.209503 0.700367
vt 0.214752 0.687049
vt 0.223509 0.690896
vt 0.219855 0.706306
vt 0.133227 0.834738
vt 0.126366 0.833432
vt 0.135670 0.796013
vt 0.139805 0.796686
vt 0.205567 0.626722
vt 0.193023 0.651458
vt 0.189141 0.649782
vt 0.201071 0.623597
vt 0.229163 0.710603
vt 0.232211 0.693750
vt 0.240860 0.695435
vt 0.237807 0.712963
vt 0.148967 0.640746
vt 0.144810 0.640517
vt 0.144207 0.610171
vt 0.149614 0.608730
vt 0.187449 0.613950
vt 0.177253 0.645977
vt 0.173258 0.644984
vt 0.182528 0.611254
vt 0.181236 0.647072
vt 0.192120 0.617034
vt 0.153077 0.641181
vt 0.154247 0.667775
vt 0.147950 0.666971
vt 0.268529 0.694402
vt 0.269414 0.678030
vt 0.277916 0.678160
vt 0.278300 0.692948
vt 0.343334 0.695480
vt 0.340660 0.684731
vt 0.349539 0.682328
vt 0.354617 0.693855
vt 0.246799 0.713009
vt 0.249684 0.695990
vt 0.258909 0.695514
vt 0.256857 0.711376
vt 0.123378 0.898270
vt 0.115235 0.922763
vt 0.111375 0.921780
vt 0.118411 0.897118
vt 0.268150 0.708787
vt 0.179061 0.673346
vt 0.172984 0.671680
vt 0.185202 0.648330
vt 0.252488 0.677371
vt 0.260933 0.677789
vt 0.136838 0.704776
vt 0.134255 0.730652
vt 0.129088 0.730163
vt 0.131072 0.704269
vt 0.196840 0.653401
vt 0.210175 0.629578
vt 0.313900 0.687453
vt 0.322760 0.686785
vt 0.323309 0.694991
vt 0.315071 0.695485
vt 0.337060 0.672373
vt 0.344785 0.669927
vt 0.166323 0.606932
vt 0.161206 0.642459
vt 0.157156 0.641761
vt 0.160698 0.606931
vt 0.320713 0.676194
vt 0.328988 0.674541
vt 0.331713 0.686012
vt 0.219577 0.672010
vt 0.227637 0.673922
vt 0.139137 0.770406
vt 0.143825 0.771217
vt 0.307118 0.696263
vt 0.305088 0.688407
vt 0.270527 0.645685
vt 0.278150 0.645772
vt 0.331083 0.641622
vt 0.338704 0.640530
vt 0.176343 0.711986
vt 0.170697 0.710789
vt 0.185042 0.675210
vt 0.235813 0.675480
vt 0.240303 0.643756
vt 0.247815 0.644493
vt 0.244110 0.676635
vt 0.232809 0.642883
vt 0.225318 0.641919
vt 0.217810 0.640917
vt 0.211578 0.669773
vt 0.262927 0.645467
vt 0.148220 0.706270
vt 0.144574 0.732103
vt 0.139415 0.731311
vt 0.142554 0.705421
vt 0.153851 0.707300
vt 0.160543 0.668865
vt 0.303653 0.677929
vt 0.300984 0.644998
vt 0.308549 0.644385
vt 0.312244 0.677297
vt 0.299033 0.596073
vt 0.298138 0.555572
vt 0.305094 0.555596
vt 0.306154 0.595769
vt 0.313297 0.595424
vt 0.312016 0.555606
vt 0.318895 0.555598
vt 0.320470 0.595057
vt 0.316083 0.643599
vt 0.323589 0.642663
vt 0.255356 0.645068
vt 0.256469 0.596374
vt 0.263570 0.596527
vt 0.327692 0.594708
vt 0.220576 0.595598
vt 0.227838 0.595676
vt 0.235047 0.595817
vt 0.334921 0.594355
vt 0.270660 0.596633
vt 0.249353 0.596190
vt 0.277744 0.596599
vt 0.284832 0.596496
vt 0.285775 0.645688
vt 0.291927 0.596319
vt 0.293390 0.645432
vt 0.242215 0.595996
vt 0.263048 0.555628
vt 0.270092 0.555490
vt 0.256009 0.555786
vt 0.248987 0.555973
vt 0.241996 0.556193
vt 0.228184 0.556736
vt 0.235054 0.556447
vt 0.153228 0.772759
vt 0.148517 0.772005
vt 0.154868 0.733831
vt 0.160012 0.734706
vt 0.134436 0.769639
vt 0.129707 0.768999
vt 0.325697 0.555506
vt 0.286450 0.678254
vt 0.295034 0.678201
vt 0.155111 0.607584
vt 0.196623 0.620313
vt 0.287396 0.691296
vt 0.296283 0.689683
vt 0.140615 0.640520
vt 0.136394 0.640786
vt 0.133543 0.613077
vt 0.138863 0.611687
vt 0.170256 0.736570
vt 0.165155 0.735604
vt 0.280038 0.705577
vt 0.141673 0.666485
vt 0.166801 0.670183
vt 0.169256 0.644079
vt 0.165241 0.643218
vt 0.206290 0.682218
vt 0.199178 0.692583
vt 0.332622 0.695229
vt 0.113461 0.895907
vt 0.122221 0.858701
vt 0.127957 0.859948
vt 0.131525 0.795361
vt 0.127388 0.794762
vt 0.165068 0.709610
vt 0.159459 0.708437
vt 0.149722 0.732957
vt 0.177331 0.609119
vt 0.171896 0.607677
vt 0.128227 0.899884
vt 0.133703 0.861123
vt 0.139336 0.862722
vt 0.277128 0.555501
vt 0.284151 0.555519
vt 0.162638 0.774432
vt 0.157941 0.773541
vt 0.135435 0.666325
vt 0.332429 0.555400
vt 0.152205 0.798748
vt 0.148099 0.797999
vt 0.123226 0.794319
vt 0.119455 0.832282
vt 0.146930 0.837426
vt 0.140115 0.835887
vt 0.143957 0.797321
vt 0.156280 0.799677
vt 0.107464 0.920894
vt 0.098503 0.958228
vt 0.095341 0.957529
vt 0.103622 0.919867
vt 0.116520 0.857378
vt 0.108553 0.894531
vt 0.104842 0.959470
vt 0.101695 0.958758
vt 0.107891 0.960563
vt 0.119001 0.924121
vt 0.091909 0.989713
vt 0.093028 0.989562
vt 0.093676 0.989952
vt 0.095867 0.990424
vt 0.096918 0.990805
vt 0.289720 0.701652
vt 0.298781 0.698391
vt 0.132152 0.641331
vt 0.124952 0.768541
vt 0.221406 0.557055
vt 0.291155 0.555544
vt 0.128225 0.614191
s 1
usemtl Trunk
f 1557/1682/1533 1574/1683/1534 1573/1684/1535 1556/1685/1536
f 1708/1686/1537 1707/1687/1538 1700/1688/1539 1701/1689/1540
f 1642/1690/1541 1659/1691/1542 1658/1692/1543 1641/1693/1544
f 1555/1694/1545 1572/1695/1546 1571/1696/1547 1554/1697/1548
f 1648/1698/1549 1647/1699/1550 1630/1700/1551 1631/1701/1552
f 1638/1702/1553 1655/1703/1554 1654/1704/1555 1637/1705/1556
f 1656/1706/1557 1655/1703/1554 1638/1702/1553 1639/1707/1558
f 1649/1708/1559 1664/1709/1560 1663/1710/1561 1648/1698/1549
f 1568/1711/1562 1585/1712/1563 1584/1713/1564 1567/1714/1565
f 1543/1715/1566 1560/1716/1567 1559/1717/1568 1542/1718/1569
f 1553/1719/1570 1570/1720/1571 1569/1721/1572 1552/1722/1573
f 1573/1684/1535 1572/1695/1546 1555/1694/1545 1556/1685/1536
f 1718/1723/1574 1723/1724/1575 1722/1725/1576 1717/1726/1577
f 1569/1721/1572 1568/1711/1562 1551/1727/1578 1552/1722/1573
f 1668/1728/1579 1667/1729/1580 1657/1730/1581 1658/1692/1543
f 1570/1720/1571 1587/1731/1582 1586/1732/1583 1569/1721/1572
f 1571/1696/1547 1570/1720/1571 1553/1719/1570 1554/1697/1548
f 1671/1733/1584 1680/1734/1585 1679/1735/1586 1670/1736/1587
f 1660/1737/1588 1659/1691/1542 1642/1690/1541 1643/1738/1589
f 1563/1739/1590 1562/1740/1591 1545/1741/1592 1546/1742/1593
f 1560/1716/1567 1577/1743/1594 1576/1744/1595 1559/1717/1568
f 1634/1745/1596 1651/1746/1597 1650/1747/1598 1633/1748/1599
f 1562/1740/1591 1579/1749/1600 1578/1750/1601 1561/1751/1602
f 1578/1750/1601 1577/1743/1594 1560/1716/1567 1561/1751/1602
f 1574/1683/1534 1591/1752/1603 1590/1753/1604 1573/1684/1535
f 1701/1689/1540 1700/1688/1539 1691/1754/1605 1692/1755/1606
f 1586/1732/1583 1585/1712/1563 1568/1711/1562 1569/1721/1572
f 1547/1756/1607 1564/1757/1608 1563/1739/1590 1546/1742/1593
f 1585/1712/1563 1602/1758/1609 1601/1759/1610 1584/1713/1564
f 1577/1743/1594 1594/1760/1611 1593/1761/1612 1576/1744/1595
f 1678/1762/1613 1677/1763/1614 1668/1728/1579 1669/1764/1615
f 1589/1765/1616 1606/1766/1617 1605/1767/1618 1588/1768/1619
f 1607/1769/1620 1606/1766/1617 1589/1765/1616 1590/1753/1604
f 1591/1752/1603 1608/1770/1621 1607/1769/1620 1590/1753/1604
f 1609/1771/1622 1608/1770/1621 1591/1752/1603 1592/1772/1623
f 1603/1773/1624 1602/1758/1609 1585/1712/1563 1586/1732/1583
f 1673/1774/1625 1682/1775/1626 1681/1776/1627 1672/1777/1628
f 1674/1778/1629 1673/1774/1625 1664/1709/1560 1665/1779/1630
f 1581/1780/1631 1598/1781/1632 1597/1782/1633 1580/1783/1634
f 1615/1784/1635 1632/1785/1636 1631/1786/1552 1614/1787/1637
f 1613/1788/1638 1630/1789/1551 1629/1790/1639 1612/1791/1640
f 1596/1792/1641 1613/1788/1638 1612/1791/1640 1595/1793/1642
f 1604/1794/1643 1621/1795/1644 1620/1796/1645 1603/1773/1624
f 1612/1791/1640 1611/1797/1646 1594/1760/1611 1595/1793/1642
f 1626/1798/1647 1625/1799/1648 1608/1770/1621 1609/1771/1622
f 1608/1770/1621 1625/1799/1648 1624/1800/1649 1607/1769/1620
f 1594/1760/1611 1611/1797/1646 1610/1801/1650 1593/1761/1612
f 1620/1796/1645 1619/1802/1651 1602/1758/1609 1603/1773/1624
f 1622/1803/1652 1621/1795/1644 1604/1794/1643 1605/1767/1618
f 1602/1758/1609 1619/1802/1651 1618/1804/1653 1601/1759/1610
f 1618/1804/1653 1617/1805/1654 1600/1806/1655 1601/1759/1610
f 1614/1787/1637 1613/1788/1638 1596/1792/1641 1597/1782/1633
f 1616/1807/1656 1615/1784/1635 1598/1781/1632 1599/1808/1657
f 1606/1766/1617 1623/1809/1658 1622/1803/1652 1605/1767/1618
f 1598/1781/1632 1615/1784/1635 1614/1787/1637 1597/1782/1633
f 1600/1806/1655 1617/1805/1654 1616/1807/1656 1599/1808/1657
f 1637/1810/1556 1636/1811/1659 1619/1802/1651 1620/1796/1645
f 1621/1795/1644 1638/1812/1553 1637/1810/1556 1620/1796/1645
f 1639/1813/1558 1638/1812/1553 1621/1795/1644 1622/1803/1652
f 1623/1809/1658 1640/1814/1660 1639/1813/1558 1622/1803/1652
f 1625/1799/1648 1642/1815/1541 1641/1816/1544 1624/1800/1649
f 1694/1817/1661 1693/1818/1662 1684/1819/1663 1685/1820/1664
f 1690/1821/1665 1689/1822/1666 1680/1734/1585 1681/1776/1627
f 1629/1790/1639 1628/1823/1667 1611/1797/1646 1612/1791/1640
f 1583/1824/1668 1600/1806/1655 1599/1808/1657 1582/1825/1669
f 1597/1782/1633 1596/1792/1641 1579/1749/1600 1580/1783/1634
f 1631/1786/1552 1630/1789/1551 1613/1788/1638 1614/1787/1637
f 1601/1759/1610 1600/1806/1655 1583/1824/1668 1584/1713/1564
f 1580/1783/1634 1579/1749/1600 1562/1740/1591 1563/1739/1590
f 1650/1747/1598 1649/1708/1559 1632/1826/1636 1633/1748/1599
f 1640/1827/1660 1657/1730/1581 1656/1706/1557 1639/1707/1558
f 1566/1828/1670 1583/1824/1668 1582/1825/1669 1565/1829/1671
f 1564/1757/1608 1581/1780/1631 1580/1783/1634 1563/1739/1590
f 1588/1768/1619 1587/1731/1582 1570/1720/1571 1571/1696/1547
f 1590/1753/1604 1589/1765/1616 1572/1695/1546 1573/1684/1535
f 1632/1826/1636 1649/1708/1559 1648/1698/1549 1631/1701/1552
f 1646/1830/1672 1645/1831/1673 1628/1832/1667 1629/1833/1639
f 1687/1834/1674 1686/1835/1675 1677/1763/1614 1678/1762/1613
f 1551/1727/1578 1568/1711/1562 1567/1714/1565 1550/1836/1676
f 1646/1830/1672 1662/1837/1677 1645/1831/1673
f 1648/1698/1549 1663/1710/1561 1647/1699/1550
f 1650/1747/1598 1664/1709/1560 1649/1708/1559
f 1650/1747/1598 1651/1746/1597 1664/1709/1560
f 1666/1838/1678 1665/1779/1630 1653/1839/1679 1654/1704/1555
f 1652/1840/1680 1653/1839/1679 1665/1779/1630
f 1575/1841/1681 1574/1683/1534 1557/1682/1533 1558/1842/1682
f 1654/1704/1555 1655/1703/1554 1666/1838/1678
f 1647/1699/1550 1663/1710/1561 1662/1837/1677 1646/1830/1672
f 1656/1706/1557 1657/1730/1581 1667/1729/1580
f 1658/1692/1543 1659/1691/1542 1668/1728/1579
f 1545/1741/1592 1562/1740/1591 1561/1751/1602 1544/1843/1683
f 1717/1726/1577 1716/1844/1684 1711/1845/1685 1712/1846/1686
f 1699/1847/1687 1698/1848/1688 1689/1822/1666 1690/1821/1665
f 1668/1728/1579 1677/1763/1614 1676/1849/1689 1667/1729/1580
f 1599/1808/1657 1598/1781/1632 1581/1780/1631 1582/1825/1669
f 1595/1793/1642 1594/1760/1611 1577/1743/1594 1578/1750/1601
f 1605/1767/1618 1604/1794/1643 1587/1731/1582 1588/1768/1619
f 1675/1850/1690 1684/1819/1663 1683/1851/1691 1674/1778/1629
f 1677/1763/1614 1686/1835/1675 1685/1820/1664 1676/1849/1689
f 1636/1852/1659 1653/1839/1679 1652/1840/1680 1635/1853/1692
f 1666/1838/1678 1675/1850/1690 1674/1778/1629 1665/1779/1630
f 1683/1851/1691 1682/1775/1626 1673/1774/1625 1674/1778/1629
f 1719/1854/1693 1718/1723/1574 1713/1855/1694 1714/1856/1695
f 1635/1857/1692 1634/1858/1596 1617/1805/1654 1618/1804/1653
f 1696/1859/1696 1695/1860/1697 1686/1835/1675 1687/1834/1674
f 1662/1837/1677 1671/1733/1584 1670/1736/1587 1661/1861/1698
f 1611/1797/1646 1628/1823/1667 1627/1862/1699 1610/1801/1650
f 1676/1849/1689 1675/1850/1690 1666/1838/1678 1667/1729/1580
f 1691/1754/1605 1700/1688/1539 1699/1847/1687 1690/1821/1665
f 1712/1846/1686 1711/1845/1685 1707/1687/1538 1708/1686/1537
f 1695/1860/1697 1704/1863/1700 1703/1864/1701 1694/1817/1661
f 1697/1865/1702 1698/1848/1688 1706/1866/1703
f 1699/1847/1687 1700/1688/1539 1707/1687/1538
f 1704/1863/1700 1706/1867/1704 1709/1868/1705 1703/1864/1701
f 1707/1687/1538 1706/1866/1703 1698/1848/1688 1699/1847/1687
f 1703/1864/1701 1709/1868/1705 1702/1869/1706
f 1705/1870/1707 1706/1867/1704 1704/1863/1700
f 1709/1868/1705 1713/1855/1694 1712/1846/1686 1708/1686/1537
f 1714/1856/1695 1713/1855/1694 1709/1868/1705 1706/1867/1704
f 1721/1871/1708 1726/1872/1709 1725/1873/1710 1720/1874/1711
f 1713/1855/1694 1718/1723/1574 1717/1726/1577 1712/1846/1686
f 1681/1776/1627 1680/1734/1585 1671/1733/1584 1672/1777/1628
f 1707/1687/1538 1711/1845/1685 1710/1875/1712 1706/1866/1703
f 1685/1820/1664 1684/1819/1663 1675/1850/1690 1676/1849/1689
f 1693/1818/1662 1702/1869/1706 1701/1689/1540 1692/1755/1606
f 1716/1844/1684 1721/1871/1708 1720/1874/1711 1715/1876/1713
f 1723/1724/1575 1728/1877/1714 1727/1878/1715 1722/1725/1576
f 1729/1879/1716 1728/1877/1714 1723/1724/1575 1724/1880/1717
f 1582/1825/1669 1581/1780/1631 1564/1757/1608 1565/1829/1671
f 1652/1840/1680 1651/1746/1597 1634/1745/1596 1635/1853/1692
f 1730/1881/1718 1725/1873/1710 1731/1882/1719
f 1726/1872/1709 1731/1882/1719 1725/1873/1710
f 1726/1872/1709 1727/1878/1715 1731/1882/1719
f 1732/1883/1718 1731/1882/1719 1727/1878/1715
f 1732/1883/1718 1727/1878/1715 1733/1884/1720
f 1728/1877/1714 1733/1884/1720 1727/1878/1715
f 1728/1877/1714 1729/1879/1716 1733/1884/1720
f 1734/1885/1718 1733/1884/1720 1729/1879/1716
f 1665/1779/1630 1664/1709/1560 1651/1746/1597 1652/1840/1680
f 1584/1713/1564 1583/1824/1668 1566/1828/1670 1567/1714/1565
f 1592/1772/1623 1591/1752/1603 1574/1683/1534 1575/1841/1681
f 1567/1714/1565 1566/1828/1670 1549/1886/1721 1550/1836/1676
f 1565/1829/1671 1564/1757/1608 1547/1756/1607 1548/1887/1722
f 1630/1700/1551 1647/1699/1550 1646/1830/1672 1629/1833/1639
f 1654/1704/1555 1653/1839/1679 1636/1852/1659 1637/1705/1556
f 1705/1870/1707 1704/1863/1700 1695/1860/1697 1696/1859/1696
f 1549/1886/1721 1566/1828/1670 1565/1829/1671 1548/1887/1722
f 1561/1751/1602 1560/1716/1567 1543/1715/1566 1544/1843/1683
f 1667/1729/1580 1666/1838/1678 1655/1703/1554 1656/1706/1557
f 1658/1692/1543 1657/1730/1581 1640/1827/1660 1641/1693/1544
f 1669/1764/1615 1668/1728/1579 1659/1691/1542 1660/1737/1588
f 1645/1831/1673 1662/1837/1677 1661/1861/1698 1644/1888/1723
f 1664/1709/1560 1673/1774/1625 1672/1777/1628 1663/1710/1561
f 1689/1822/1666 1698/1848/1688 1697/1865/1702 1688/1889/1724
f 1643/1890/1589 1642/1815/1541 1625/1799/1648 1626/1798/1647
f 1633/1891/1599 1632/1785/1636 1615/1784/1635 1616/1807/1656
f 1703/1864/1701 1702/1869/1706 1693/1818/1662 1694/1817/1661
f 1722/1725/1576 1721/1871/1708 1716/1844/1684 1717/1726/1577
f 1587/1731/1582 1604/1794/1643 1603/1773/1624 1586/1732/1583
f 1684/1819/1663 1693/1818/1662 1692/1755/1606 1683/1851/1691
f 1692/1755/1606 1691/1754/1605 1682/1775/1626 1683/1851/1691
f 1686/1835/1675 1695/1860/1697 1694/1817/1661 1685/1820/1664
f 1680/1734/1585 1689/1822/1666 1688/1889/1724 1679/1735/1586
f 1727/1878/1715 1726/1872/1709 1721/1871/1708 1722/1725/1576
f 1682/1775/1626 1691/1754/1605 1690/1821/1665 1681/1776/1627
f 1619/1802/1651 1636/1811/1659 1635/1857/1692 1618/1804/1653
f 1641/1816/1544 1640/1814/1660 1623/1809/1658 1624/1800/1649
f 1724/1880/1717 1723/1724/1575 1718/1723/1574 1719/1854/1693
f 1579/1749/1600 1596/1792/1641 1595/1793/1642 1578/1750/1601
f 1702/1869/1706 1709/1868/1705 1708/1686/1537 1701/1689/1540
f 1628/1832/1667 1645/1831/1673 1644/1888/1723 1627/1892/1699
f 1672/1777/1628 1671/1733/1584 1662/1837/1677 1663/1710/1561
f 1711/1845/1685 1716/1844/1684 1715/1876/1713 1710/1875/1712
f 1617/1805/1654 1634/1858/1596 1633/1891/1599 1616/1807/1656
f 1572/1695/1546 1589/1765/1616 1588/1768/1619 1571/1696/1547
f 1624/1800/1649 1623/1809/1658 1606/1766/1617 1607/1769/1620
o Tree_0.039
v 0.093121 3.218562 -0.311026
v 0.094119 3.305634 -0.293251
v 0.123459 3.383102 -0.277884
v 0.176066 3.438807 -0.263319
v 0.243616 3.464069 -0.249722
v 0.315718 3.454967 -0.238454
v 0.381500 3.412952 -0.231926
v 0.431265 3.344621 -0.233182
v 0.458042 3.260742 -0.245986
v 0.461007 3.163102 -0.279804
v 0.436545 3.077615 -0.318659
v 0.387728 3.016900 -0.352387
v 0.321598 2.989949 -0.373303
v 0.248079 3.000769 -0.377288
v 0.178508 3.047806 -0.364667
v 0.123864 3.124146 -0.339906
v 0.093121 3.218562 -0.311026
v 0.118581 3.262838 -0.400964
v 0.119471 3.329482 -0.373822
v 0.146198 3.388997 -0.347557
v 0.194498 3.432201 -0.324897
v 0.256916 3.452440 -0.308622
v 0.323912 3.446600 -0.300970
v 0.385323 3.415596 -0.303334
v 0.431901 3.364223 -0.316026
v 0.456750 3.300430 -0.338389
v 0.457125 3.230430 -0.370657
v 0.431959 3.168395 -0.404461
v 0.384874 3.123636 -0.433288
v 0.322913 3.102882 -0.451930
v 0.255463 3.109258 -0.457245
v 0.192839 3.141825 -0.448723
v 0.144699 3.195709 -0.428480
v 0.118581 3.262838 -0.400964
v 0.138077 3.322805 -0.502005
v 0.138343 3.376606 -0.465815
v 0.163273 3.424824 -0.430349
v 0.209074 3.460118 -0.401008
v 0.268771 3.477116 -0.382257
v 0.333278 3.473230 -0.376953
v 0.392772 3.449051 -0.385901
v 0.438198 3.408260 -0.407740
v 0.462638 3.357068 -0.439146
v 0.462373 3.303267 -0.475336
v 0.437442 3.255049 -0.510802
v 0.391642 3.219754 -0.540143
v 0.331945 3.202756 -0.558893
v 0.267438 3.206642 -0.564198
v 0.207943 3.230821 -0.555250
v 0.162518 3.271612 -0.533410
v 0.138077 3.322805 -0.502005
v 0.181403 3.465797 -0.712687
v 0.181666 3.516025 -0.679160
v 0.204814 3.560640 -0.645682
v 0.247323 3.592848 -0.617350
v 0.302721 3.607747 -0.598479
v 0.362574 3.603069 -0.591940
v 0.417771 3.579525 -0.598729
v 0.459907 3.540699 -0.617813
v 0.482568 3.492504 -0.646287
v 0.482305 3.442276 -0.679814
v 0.459157 3.397661 -0.713292
v 0.416648 3.365453 -0.741624
v 0.361250 3.350554 -0.760495
v 0.301397 3.355233 -0.767034
v 0.246200 3.378777 -0.760245
v 0.204064 3.417602 -0.741161
v 0.181403 3.465797 -0.712687
v 0.331986 3.479151 -0.679487
vn -0.8749 -0.2469 -0.4166
vn -0.8728 -0.3001 -0.3849
vn -0.6597 -0.5303 -0.5324
vn -0.6894 -0.4347 -0.5795
vn -0.3454 -0.5269 -0.7765
vn -0.3019 -0.6616 -0.6863
vn 0.0836 -0.7271 -0.6814
vn 0.0736 -0.5753 -0.8146
vn 0.9741 -0.1924 -0.1188
vn 0.9616 -0.2567 -0.0974
vn 0.9938 0.0249 0.1086
vn 0.9957 0.0527 0.0759
vn -0.9268 0.2834 -0.2463
vn -0.9444 0.3165 -0.0889
vn -0.9816 0.0479 -0.1848
vn -0.9593 0.0446 -0.2789
vn 0.5643 -0.4638 -0.6830
vn 0.5302 -0.6129 -0.5859
vn 0.7872 -0.4849 -0.3810
vn 0.8194 -0.3486 -0.4551
vn 0.9827 -0.1105 -0.1487
vn 0.4944 -0.7155 -0.4935
vn 0.7612 -0.5634 -0.3212
vn -0.0403 0.9567 0.2882
vn -0.4605 0.8807 0.1107
vn -0.4141 0.8607 -0.2961
vn 0.0473 0.9833 -0.1757
vn -0.9470 0.3213 0.0006
vn -0.9851 0.0562 -0.1628
vn -0.4752 0.8057 0.3536
vn -0.7490 0.6187 0.2373
vn -0.7398 0.6655 0.0992
vn -0.8618 -0.3211 -0.3928
vn -0.6368 -0.5625 -0.5274
vn 0.4342 0.8938 -0.1120
vn 0.3361 0.9053 0.2597
vn 0.7728 0.2914 -0.5638
vn 0.8463 0.4523 -0.2816
vn -0.6009 0.4945 -0.6280
vn -0.6078 0.3954 -0.6887
vn -0.2672 -0.7441 -0.6123
vn 0.0279 -0.1808 -0.9831
vn 0.2830 -0.3413 -0.8963
vn 0.0861 -0.8047 -0.5874
vn -0.1893 -0.1094 -0.9758
vn -0.4431 0.0557 -0.8948
vn -0.3086 0.3723 -0.8753
vn -0.9850 0.0556 -0.1631
vn 0.7067 0.1226 -0.6968
vn 0.2808 0.8281 0.4852
vn 0.1608 0.9648 -0.2082
vn -0.1317 0.9888 -0.0708
vn -0.0734 0.8658 0.4950
vn 0.8729 0.3786 0.3077
vn 0.6227 0.7221 -0.3014
vn 0.4700 0.8812 -0.0520
vn 0.6481 0.6186 0.4442
vn -0.3824 0.8999 -0.2098
vn 0.8921 0.3970 0.2160
vn 0.6724 0.6661 0.3227
vn 0.9959 0.0902 0.0109
vn -0.9816 0.0474 -0.1851
vn -0.9593 0.0440 -0.2791
vn -0.7055 0.6676 -0.2377
vn -0.5315 0.6786 -0.5069
vn 0.5476 -0.2097 -0.8101
vn 0.9191 0.3855 0.0820
vn 0.7320 0.6758 0.0868
vn 0.0878 0.5969 -0.7975
vt 0.209503 0.700367
vt 0.214752 0.687049
vt 0.223509 0.690896
vt 0.219855 0.706306
vt 0.229163 0.710603
vt 0.232211 0.693750
vt 0.240860 0.695435
vt 0.237807 0.712963
vt 0.268529 0.694402
vt 0.269414 0.678030
vt 0.277916 0.678160
vt 0.278300 0.692948
vt 0.343334 0.695480
vt 0.340660 0.684731
vt 0.349539 0.682328
vt 0.354617 0.693855
vt 0.246799 0.713009
vt 0.249684 0.695990
vt 0.258909 0.695514
vt 0.256857 0.711376
vt 0.268150 0.708787
vt 0.252488 0.677371
vt 0.260933 0.677789
vt 0.313900 0.687453
vt 0.322760 0.686785
vt 0.323309 0.694991
vt 0.315071 0.695485
vt 0.337060 0.672373
vt 0.344785 0.669927
vt 0.320713 0.676194
vt 0.328988 0.674541
vt 0.331713 0.686012
vt 0.219577 0.672010
vt 0.227637 0.673922
vt 0.307118 0.696263
vt 0.305088 0.688407
vt 0.270527 0.645685
vt 0.278150 0.645772
vt 0.331083 0.641622
vt 0.338704 0.640530
vt 0.235813 0.675480
vt 0.240303 0.643756
vt 0.247815 0.644493
vt 0.244110 0.676635
vt 0.232809 0.642883
vt 0.225318 0.641919
vt 0.217810 0.640917
vt 0.211578 0.669773
vt 0.262927 0.645467
vt 0.303653 0.677929
vt 0.300984 0.644998
vt 0.308549 0.644385
vt 0.312244 0.677297
vt 0.286450 0.678254
vt 0.285775 0.645688
vt 0.293390 0.645432
vt 0.295034 0.678201
vt 0.316083 0.643599
vt 0.287396 0.691296
vt 0.296283 0.689683
vt 0.280038 0.705577
vt 0.206290 0.682218
vt 0.199178 0.692583
vt 0.332622 0.695229
vt 0.323589 0.642663
vt 0.255356 0.645068
vt 0.289720 0.701652
vt 0.298781 0.698391
vt 0.051748 0.541949
vt 0.028021 0.531011
vt 0.054078 0.532156
vt 0.038828 0.507596
vt 0.028925 0.505192
vt 0.004293 0.520073
vt 0.001963 0.529866
vt 0.037156 0.555303
vt 0.027116 0.556830
vt 0.045806 0.550077
vt 0.018885 0.506719
vt 0.010235 0.511945
vt 0.052440 0.522188
vt 0.047085 0.513564
vt 0.003601 0.539834
vt 0.008956 0.548458
vt 0.017213 0.554426
s 1
usemtl Trunk
f 1750/1893/1725 1767/1894/1726 1766/1895/1727 1749/1896/1728
f 1748/1897/1729 1765/1898/1730 1764/1899/1731 1747/1900/1732
f 1761/1901/1733 1778/1902/1734 1777/1903/1735 1760/1904/1736
f 1736/1905/1737 1753/1906/1738 1752/1907/1739 1735/1908/1740
f 1746/1909/1741 1763/1910/1742 1762/1911/1743 1745/1912/1744
f 1766/1895/1727 1765/1898/1730 1748/1897/1729 1749/1896/1728
f 1762/1911/1743 1761/1901/1733 1744/1913/1745 1745/1912/1744
f 1763/1910/1742 1780/1914/1746 1779/1915/1747 1762/1911/1743
f 1764/1899/1731 1763/1910/1742 1746/1909/1741 1747/1900/1732
f 1756/1916/1748 1755/1917/1749 1738/1918/1750 1739/1919/1751
f 1753/1906/1738 1770/1920/1752 1769/1921/1753 1752/1907/1739
f 1755/1917/1749 1772/1922/1754 1771/1923/1755 1754/1924/1756
f 1771/1923/1755 1770/1920/1752 1753/1906/1738 1754/1924/1756
f 1767/1894/1726 1784/1925/1757 1783/1926/1758 1766/1895/1727
f 1779/1915/1747 1778/1902/1734 1761/1901/1733 1762/1911/1743
f 1740/1927/1759 1757/1928/1760 1756/1916/1748 1739/1919/1751
f 1778/1902/1734 1795/1929/1761 1794/1930/1762 1777/1903/1735
f 1770/1920/1752 1787/1931/1763 1786/1932/1764 1769/1921/1753
f 1782/1933/1765 1799/1934/1766 1798/1935/1767 1781/1936/1768
f 1800/1937/1769 1799/1934/1766 1782/1933/1765 1783/1926/1758
f 1784/1925/1757 1801/1938/1770 1800/1937/1769 1783/1926/1758
f 1802/1939/1771 1801/1938/1770 1784/1925/1757 1785/1940/1772
f 1796/1941/1773 1795/1929/1761 1778/1902/1734 1779/1915/1747
f 1774/1942/1774 1791/1943/1775 1790/1944/1776 1773/1945/1777
f 1776/1946/1778 1793/1947/1779 1792/1948/1780 1775/1949/1781
f 1790/1944/1776 1789/1950/1782 1772/1922/1754 1773/1945/1777
f 1794/1930/1762 1793/1947/1779 1776/1946/1778 1777/1903/1735
f 1773/1945/1777 1772/1922/1754 1755/1917/1749 1756/1916/1748
f 1759/1951/1783 1776/1946/1778 1775/1949/1781 1758/1952/1784
f 1757/1928/1760 1774/1942/1774 1773/1945/1777 1756/1916/1748
f 1781/1936/1768 1780/1914/1746 1763/1910/1742 1764/1899/1731
f 1783/1926/1758 1782/1933/1765 1765/1898/1730 1766/1895/1727
f 1744/1913/1745 1761/1901/1733 1760/1904/1736 1743/1953/1785
f 1768/1954/1786 1767/1894/1726 1750/1893/1725 1751/1955/1787
f 1738/1918/1750 1755/1917/1749 1754/1924/1756 1737/1956/1788
f 1792/1948/1780 1791/1943/1775 1774/1942/1774 1775/1949/1781
f 1788/1957/1789 1787/1931/1763 1770/1920/1752 1771/1923/1755
f 1798/1935/1767 1797/1958/1790 1780/1914/1746 1781/1936/1768
f 1775/1949/1781 1774/1942/1774 1757/1928/1760 1758/1952/1784
f 1777/1903/1735 1776/1946/1778 1759/1951/1783 1760/1904/1736
f 1785/1940/1772 1784/1925/1757 1767/1894/1726 1768/1954/1786
f 1760/1904/1736 1759/1951/1783 1742/1959/1791 1743/1953/1785
f 1758/1952/1784 1757/1928/1760 1740/1927/1759 1741/1960/1792
f 1742/1959/1791 1759/1951/1783 1758/1952/1784 1741/1960/1792
f 1754/1924/1756 1753/1906/1738 1736/1905/1737 1737/1956/1788
f 1780/1914/1746 1797/1958/1790 1796/1941/1773 1779/1915/1747
f 1772/1922/1754 1789/1950/1782 1788/1957/1789 1771/1923/1755
f 1765/1898/1730 1782/1933/1765 1781/1936/1768 1764/1899/1731
f 1791/1961/1775 1803/1962/1793 1790/1963/1776
f 1787/1964/1763 1803/1962/1793 1802/1965/1771 1786/1965/1764
f 1799/1966/1766 1803/1962/1793 1798/1967/1767
f 1803/1962/1793 1793/1968/1779 1794/1969/1762
f 1793/1968/1779 1803/1962/1793 1792/1970/1780
f 1801/1971/1770 1803/1962/1793 1800/1972/1769
f 1789/1973/1782 1803/1962/1793 1788/1974/1789
f 1797/1975/1790 1803/1962/1793 1796/1976/1773
f 1790/1963/1776 1803/1962/1793 1789/1973/1782
f 1798/1967/1767 1803/1962/1793 1797/1975/1790
f 1800/1972/1769 1803/1962/1793 1799/1966/1766
f 1792/1970/1780 1803/1962/1793 1791/1961/1775
f 1794/1969/1762 1795/1977/1761 1803/1962/1793
f 1802/1965/1771 1803/1962/1793 1801/1971/1770
f 1796/1976/1773 1803/1962/1793 1795/1977/1761
f 1788/1974/1789 1803/1962/1793 1787/1964/1763
o Tree_0.042
v 0.522310 5.051121 0.712799
v 0.530678 5.118530 0.701847
v 0.521171 5.178504 0.678034
v 0.497583 5.221630 0.642970
v 0.464722 5.241187 0.600949
v 0.428012 5.234140 0.558003
v 0.392630 5.201613 0.521027
v 0.362742 5.148713 0.496697
v 0.340551 5.083776 0.490734
v 0.321772 5.008185 0.509121
v 0.316579 4.942003 0.544286
v 0.328286 4.894999 0.588705
v 0.356625 4.874134 0.634314
v 0.397836 4.882510 0.673691
v 0.445092 4.918925 0.701319
v 0.489689 4.978026 0.714290
v 0.522310 5.051121 0.712799
v 0.462036 5.085399 0.752845
v 0.475186 5.136992 0.736441
v 0.472705 5.183067 0.707537
v 0.455726 5.216515 0.669885
v 0.427232 5.232183 0.628874
v 0.391702 5.227663 0.590626
v 0.354410 5.203660 0.561080
v 0.320635 5.163888 0.545077
v 0.294762 5.114501 0.545705
v 0.278286 5.060308 0.564486
v 0.276052 5.012283 0.597035
v 0.289209 4.977631 0.637701
v 0.316243 4.961564 0.679873
v 0.353217 4.966500 0.716976
v 0.394324 4.991713 0.743513
v 0.432821 5.033428 0.755864
v 0.462036 5.085399 0.752845
v 0.399676 5.131823 0.802422
v 0.417751 5.173474 0.781013
v 0.420961 5.210804 0.747606
v 0.408817 5.238128 0.707285
v 0.383169 5.251287 0.666189
v 0.347920 5.248279 0.630576
v 0.308438 5.229560 0.605865
v 0.270732 5.197981 0.595821
v 0.240544 5.158349 0.601971
v 0.222469 5.116697 0.623379
v 0.219259 5.079368 0.656787
v 0.231402 5.052043 0.697108
v 0.257051 5.038884 0.738203
v 0.292299 5.041893 0.773817
v 0.331782 5.060612 0.798527
v 0.369487 5.092191 0.808572
v 0.399676 5.131823 0.802422
v 0.268074 5.242525 0.904449
v 0.284809 5.281410 0.884606
v 0.288066 5.315949 0.853265
v 0.277348 5.340885 0.815196
v 0.254289 5.352419 0.776195
v 0.222397 5.348797 0.742200
v 0.186529 5.330570 0.718386
v 0.152145 5.300512 0.708378
v 0.124480 5.263201 0.713701
v 0.107745 5.224315 0.733543
v 0.104488 5.189775 0.764885
v 0.115206 5.164841 0.802954
v 0.138265 5.153306 0.841955
v 0.170157 5.156928 0.875950
v 0.206025 5.175155 0.899764
v 0.240409 5.205213 0.909772
v 0.268074 5.242525 0.904449
v 0.196277 5.252862 0.809075
vn 0.3933 -0.2469 0.8856
vn 0.4123 -0.3001 0.8602
vn 0.1545 -0.5303 0.8336
vn 0.1464 -0.4347 0.8886
vn -0.2430 -0.5269 0.8144
vn -0.2173 -0.6616 0.7176
vn -0.5069 -0.7271 0.4630
vn -0.5860 -0.5753 0.5707
vn -0.8170 -0.1924 -0.5437
vn -0.7935 -0.2567 -0.5517
vn -0.6839 0.0249 -0.7291
vn -0.7067 0.0527 -0.7055
vn 0.5435 0.2834 0.7901
vn 0.6593 0.3165 0.6820
vn 0.6252 0.0479 0.7790
vn 0.5470 0.0446 0.8360
vn -0.8729 -0.4638 0.1514
vn -0.7838 -0.6129 0.0999
vn -0.8457 -0.4849 -0.2229
vn -0.9183 -0.3486 -0.1876
vn -0.8429 -0.1105 -0.5265
vn -0.6965 -0.7155 0.0531
vn -0.7870 -0.5634 -0.2514
vn 0.2182 0.9567 -0.1926
vn 0.4217 0.8807 0.2156
vn 0.1218 0.8607 0.4943
vn -0.1502 0.9833 0.1026
vn 0.7195 0.3213 0.6158
vn 0.6421 0.0562 0.7646
vn 0.5909 0.8057 0.0407
vn 0.7231 0.6187 0.3072
vn 0.6263 0.6655 0.4060
vn 0.3988 -0.3211 0.8590
vn 0.1403 -0.5625 0.8148
vn -0.4026 0.8938 -0.1975
vn -0.0862 0.9053 -0.4159
vn -0.9537 0.2914 -0.0747
vn -0.8259 0.4523 -0.3368
vn 0.0477 0.4945 0.8679
vn 0.0134 0.3954 0.9184
vn -0.1955 -0.7441 0.6388
vn -0.6609 -0.1808 0.7283
vn -0.7981 -0.3413 0.4965
vn -0.4476 -0.8047 0.3900
vn -0.4912 -0.1094 0.8641
vn -0.2458 0.0557 0.9677
vn -0.3352 0.3723 0.8655
vn 0.6418 0.0556 0.7648
vn -0.9900 0.1226 0.0692
vn 0.1026 0.8281 -0.5511
vn -0.2576 0.9648 0.0534
vn 0.0540 0.9888 0.1394
vn 0.3778 0.8658 -0.3282
vn -0.4626 0.3786 -0.8017
vn -0.6690 0.7221 -0.1763
vn -0.3907 0.8812 -0.2663
vn -0.2030 0.6186 -0.7590
vn 0.1539 0.8999 0.4082
vn -0.5369 0.3970 -0.7444
vn -0.3006 0.6661 -0.6826
vn -0.7491 0.0902 -0.6563
vn 0.6249 0.0474 0.7793
vn 0.5468 0.0440 0.8361
vn 0.3810 0.6676 0.6396
vn 0.0737 0.6786 0.7308
vn -0.9429 -0.2097 0.2588
vn -0.6445 0.3855 -0.6603
vn -0.4994 0.6758 -0.5422
vn -0.5856 0.5969 0.5485
vt 0.209503 0.700367
vt 0.214752 0.687049
vt 0.223509 0.690896
vt 0.219855 0.706306
vt 0.229163 0.710603
vt 0.232211 0.693750
vt 0.240860 0.695435
vt 0.237807 0.712963
vt 0.268529 0.694402
vt 0.269414 0.678030
vt 0.277916 0.678160
vt 0.278300 0.692948
vt 0.343334 0.695480
vt 0.340660 0.684731
vt 0.349539 0.682328
vt 0.354617 0.693855
vt 0.246799 0.713009
vt 0.249684 0.695990
vt 0.258909 0.695514
vt 0.256857 0.711376
vt 0.268150 0.708787
vt 0.252488 0.677371
vt 0.260933 0.677789
vt 0.313900 0.687453
vt 0.322760 0.686785
vt 0.323309 0.694991
vt 0.315071 0.695485
vt 0.337060 0.672373
vt 0.344785 0.669927
vt 0.320713 0.676194
vt 0.328988 0.674541
vt 0.331713 0.686012
vt 0.219577 0.672010
vt 0.227637 0.673922
vt 0.307118 0.696263
vt 0.305088 0.688407
vt 0.270527 0.645685
vt 0.278150 0.645772
vt 0.331083 0.641622
vt 0.338704 0.640530
vt 0.235813 0.675480
vt 0.240303 0.643756
vt 0.247815 0.644493
vt 0.244110 0.676635
vt 0.232809 0.642883
vt 0.225318 0.641919
vt 0.217810 0.640917
vt 0.211578 0.669773
vt 0.262927 0.645467
vt 0.303653 0.677929
vt 0.300984 0.644998
vt 0.308549 0.644385
vt 0.312244 0.677297
vt 0.286450 0.678254
vt 0.285775 0.645688
vt 0.293390 0.645432
vt 0.295034 0.678201
vt 0.316083 0.643599
vt 0.287396 0.691296
vt 0.296283 0.689683
vt 0.280038 0.705577
vt 0.206290 0.682218
vt 0.199178 0.692583
vt 0.332622 0.695229
vt 0.323589 0.642663
vt 0.255356 0.645068
vt 0.289720 0.701652
vt 0.298781 0.698391
vt 0.051748 0.541949
vt 0.028021 0.531011
vt 0.054078 0.532156
vt 0.038828 0.507596
vt 0.028925 0.505192
vt 0.004293 0.520073
vt 0.001963 0.529866
vt 0.037156 0.555303
vt 0.027116 0.556830
vt 0.045806 0.550077
vt 0.018885 0.506719
vt 0.010235 0.511945
vt 0.052440 0.522188
vt 0.047085 0.513564
vt 0.003601 0.539834
vt 0.008956 0.548458
vt 0.017213 0.554426
s 1
usemtl Trunk
f 1819/1978/1794 1836/1979/1795 1835/1980/1796 1818/1981/1797
f 1817/1982/1798 1834/1983/1799 1833/1984/1800 1816/1985/1801
f 1830/1986/1802 1847/1987/1803 1846/1988/1804 1829/1989/1805
f 1805/1990/1806 1822/1991/1807 1821/1992/1808 1804/1993/1809
f 1815/1994/1810 1832/1995/1811 1831/1996/1812 1814/1997/1813
f 1835/1980/1796 1834/1983/1799 1817/1982/1798 1818/1981/1797
f 1831/1996/1812 1830/1986/1802 1813/1998/1814 1814/1997/1813
f 1832/1995/1811 1849/1999/1815 1848/2000/1816 1831/1996/1812
f 1833/1984/1800 1832/1995/1811 1815/1994/1810 1816/1985/1801
f 1825/2001/1817 1824/2002/1818 1807/2003/1819 1808/2004/1820
f 1822/1991/1807 1839/2005/1821 1838/2006/1822 1821/1992/1808
f 1824/2002/1818 1841/2007/1823 1840/2008/1824 1823/2009/1825
f 1840/2008/1824 1839/2005/1821 1822/1991/1807 1823/2009/1825
f 1836/1979/1795 1853/2010/1826 1852/2011/1827 1835/1980/1796
f 1848/2000/1816 1847/1987/1803 1830/1986/1802 1831/1996/1812
f 1809/2012/1828 1826/2013/1829 1825/2001/1817 1808/2004/1820
f 1847/1987/1803 1864/2014/1830 1863/2015/1831 1846/1988/1804
f 1839/2005/1821 1856/2016/1832 1855/2017/1833 1838/2006/1822
f 1851/2018/1834 1868/2019/1835 1867/2020/1836 1850/2021/1837
f 1869/2022/1838 1868/2019/1835 1851/2018/1834 1852/2011/1827
f 1853/2010/1826 1870/2023/1839 1869/2022/1838 1852/2011/1827
f 1871/2024/1840 1870/2023/1839 1853/2010/1826 1854/2025/1841
f 1865/2026/1842 1864/2014/1830 1847/1987/1803 1848/2000/1816
f 1843/2027/1843 1860/2028/1844 1859/2029/1845 1842/2030/1846
f 1845/2031/1847 1862/2032/1848 1861/2033/1849 1844/2034/1850
f 1859/2029/1845 1858/2035/1851 1841/2007/1823 1842/2030/1846
f 1863/2015/1831 1862/2032/1848 1845/2031/1847 1846/1988/1804
f 1842/2030/1846 1841/2007/1823 1824/2002/1818 1825/2001/1817
f 1828/2036/1852 1845/2031/1847 1844/2034/1850 1827/2037/1853
f 1826/2013/1829 1843/2027/1843 1842/2030/1846 1825/2001/1817
f 1850/2021/1837 1849/1999/1815 1832/1995/1811 1833/1984/1800
f 1852/2011/1827 1851/2018/1834 1834/1983/1799 1835/1980/1796
f 1813/1998/1814 1830/1986/1802 1829/1989/1805 1812/2038/1854
f 1837/2039/1855 1836/1979/1795 1819/1978/1794 1820/2040/1856
f 1807/2003/1819 1824/2002/1818 1823/2009/1825 1806/2041/1857
f 1861/2033/1849 1860/2028/1844 1843/2027/1843 1844/2034/1850
f 1857/2042/1858 1856/2016/1832 1839/2005/1821 1840/2008/1824
f 1867/2020/1836 1866/2043/1859 1849/1999/1815 1850/2021/1837
f 1844/2034/1850 1843/2027/1843 1826/2013/1829 1827/2037/1853
f 1846/1988/1804 1845/2031/1847 1828/2036/1852 1829/1989/1805
f 1854/2025/1841 1853/2010/1826 1836/1979/1795 1837/2039/1855
f 1829/1989/1805 1828/2036/1852 1811/2044/1860 1812/2038/1854
f 1827/2037/1853 1826/2013/1829 1809/2012/1828 1810/2045/1861
f 1811/2044/1860 1828/2036/1852 1827/2037/1853 1810/2045/1861
f 1823/2009/1825 1822/1991/1807 1805/1990/1806 1806/2041/1857
f 1849/1999/1815 1866/2043/1859 1865/2026/1842 1848/2000/1816
f 1841/2007/1823 1858/2035/1851 1857/2042/1858 1840/2008/1824
f 1834/1983/1799 1851/2018/1834 1850/2021/1837 1833/1984/1800
f 1860/2046/1844 1872/2047/1862 1859/2048/1845
f 1856/2049/1832 1872/2047/1862 1871/2050/1840 1855/2050/1833
f 1868/2051/1835 1872/2047/1862 1867/2052/1836
f 1872/2047/1862 1862/2053/1848 1863/2054/1831
f 1862/2053/1848 1872/2047/1862 1861/2055/1849
f 1870/2056/1839 1872/2047/1862 1869/2057/1838
f 1858/2058/1851 1872/2047/1862 1857/2059/1858
f 1866/2060/1859 1872/2047/1862 1865/2061/1842
f 1859/2048/1845 1872/2047/1862 1858/2058/1851
f 1867/2052/1836 1872/2047/1862 1866/2060/1859
f 1869/2057/1838 1872/2047/1862 1868/2051/1835
f 1861/2055/1849 1872/2047/1862 1860/2046/1844
f 1863/2054/1831 1864/2062/1830 1872/2047/1862
f 1871/2050/1840 1872/2047/1862 1870/2056/1839
f 1865/2061/1842 1872/2047/1862 1864/2062/1830
f 1857/2059/1858 1872/2047/1862 1856/2049/1832
o Tree_1.042
v -1.533264 12.181592 -2.177921
v -2.024195 13.074562 -2.391761
v -0.622958 12.686674 -2.158632
v -1.113889 13.579645 -2.372472
v -2.167952 11.693657 0.186423
v -2.663754 12.579748 -0.044148
v -1.252428 12.170116 0.048793
v -1.748230 13.056207 -0.181776
v -2.043110 11.008974 -1.346116
v -2.799301 10.450754 -1.794118
v -2.285469 10.481084 -2.699211
v -1.529280 11.039303 -2.251210
v -2.799301 10.450754 -1.794118
v -2.043110 11.008974 -1.346116
v -2.285469 10.481084 -2.699211
v -1.529280 11.039303 -2.251210
v -0.223415 11.134005 -0.690841
v -0.979605 10.575787 -1.138842
v -1.477893 11.454200 -1.392291
v -0.721703 12.012419 -0.944289
v -2.293241 10.026712 -2.119940
v -1.537051 10.584930 -1.671939
v -2.791529 10.905126 -2.373389
v -2.035340 11.463345 -1.925386
v -1.736328 10.179718 -1.798648
v -1.725338 10.822296 -2.617862
v -2.452005 10.779405 -1.337866
v -2.441015 11.421983 -2.157079
v -2.159930 11.556160 -3.420853
v -1.867905 11.545940 -2.421478
v -1.490748 12.511251 -2.521813
v -1.782774 12.521469 -3.521192
v -2.089564 11.754554 -1.731468
v -2.381589 11.764773 -2.730843
v -1.712407 12.719865 -1.831804
v -2.004432 12.730083 -2.831182
v -3.440107 13.539692 -2.051388
v -3.148082 13.529473 -1.052012
v -2.222548 13.139333 -1.326447
v -2.514574 13.149550 -2.325825
v -3.346756 12.011899 -1.181018
v -3.638781 12.022118 -2.180395
v -2.421223 11.621758 -1.455454
v -2.713249 11.631976 -2.454832
v -1.809511 12.925917 -2.452212
v -2.730652 12.519212 -2.187205
v -2.342890 11.560763 -2.310312
v -1.421750 11.967468 -2.575318
v -3.670356 13.138908 -1.694384
v -2.749215 13.545614 -1.959389
v -3.282594 12.180460 -1.817490
v -2.361453 12.587166 -2.082495
v -1.771320 12.242661 -1.167542
v -1.495402 11.649506 -0.444441
v -1.387126 12.418608 0.145133
v -1.663045 13.011764 -0.577967
v -1.311424 11.153845 -3.350264
v -0.673926 10.719092 -2.754087
v -0.650849 11.518328 -2.195934
v -1.288348 11.953077 -2.792112
v -0.237237 10.215790 -2.505215
v -0.874735 10.650542 -3.101392
v -0.214160 11.015025 -1.947062
v -0.851659 11.449775 -2.543240
v -1.506828 11.098036 -1.967676
v -0.869330 10.663285 -1.371500
v -0.131833 11.014079 -1.904304
v -0.769330 11.448832 -2.500481
v -1.306019 11.166588 -1.620372
v -1.943517 11.601338 -2.216549
v -0.568521 11.517382 -2.153176
v -1.206019 11.952134 -2.749353
v -1.303452 12.167980 -1.849806
v -1.841259 11.354787 -1.867729
v -1.336086 11.037692 -2.639152
v -0.798279 11.850885 -2.621227
v -1.566376 11.131512 -2.455967
v -1.028570 11.944705 -2.438044
v -1.061204 10.814417 -3.227389
v -0.523397 11.627610 -3.209465
v -1.235719 11.247579 -0.206620
v -0.454522 11.108747 -0.773452
v -1.785195 11.391650 -0.999185
v -1.003998 11.252818 -1.566016
v -0.390867 10.200298 -0.939455
v -1.172064 10.339130 -0.372625
v -0.975474 11.293492 -0.335437
v -0.194277 11.154661 -0.902267
v -0.862437 11.106119 -0.611035
v -0.612910 10.329409 -0.076903
v -0.085360 10.902372 0.509823
v -0.334888 11.679083 -0.024308
v -0.612910 10.329409 -0.076903
v -0.862437 11.106119 -0.611035
v -0.085360 10.902372 0.509823
v -0.334888 11.679083 -0.024308
v -0.911296 10.251466 -2.013382
v -1.177172 10.157826 -1.079903
v -1.643121 11.013122 -1.126819
v -1.377244 11.106762 -2.060297
v -1.015420 10.461327 -1.905748
v -0.749545 10.554966 -2.839228
v -1.481369 11.316622 -1.952664
v -1.215492 11.410262 -2.886142
v -1.389655 10.753191 -3.001661
v -1.655531 10.659552 -2.068181
v -0.841258 11.118397 -1.790229
v -0.575382 11.212037 -2.723709
v -1.817283 10.356051 -1.242336
v -1.551407 10.449691 -2.175816
v -1.003010 10.814897 -0.964384
v -0.737133 10.908537 -1.897864
v -1.580095 11.246444 -1.696622
v -1.826399 10.317204 -1.859989
v -0.921146 10.036872 -1.630273
v -0.674842 10.966112 -1.466905
v -1.826399 10.317204 -1.859989
v -1.580095 11.246444 -1.696622
v -0.921146 10.036872 -1.630273
v -0.674842 10.966112 -1.466905
v -3.166204 11.452578 -0.426418
v -3.120537 12.096792 -1.156993
v -2.812047 12.122917 0.186819
v -2.766380 12.767132 -0.543758
v -1.747890 11.277997 -1.577466
v -1.630746 11.214179 -2.543409
v -0.892338 11.740065 -1.504238
v -0.775193 11.676247 -2.470178
v -1.570098 12.076241 -2.199260
v -1.854795 11.144008 -2.172198
v -0.929557 10.865239 -2.041571
v -0.644860 11.797470 -2.068636
v -1.854795 11.144008 -2.172198
v -1.570098 12.076241 -2.199260
v -0.929557 10.865239 -2.041571
v -0.644860 11.797470 -2.068636
v 0.082774 11.887392 -1.847784
v -0.408182 11.188354 -2.041663
v -0.511172 11.487259 -2.858565
v -0.020216 12.186296 -2.664686
v -0.683065 11.411630 -1.453425
v -0.192108 12.110667 -1.259546
v -0.786054 11.710534 -2.270328
v -0.295098 12.409572 -2.076449
v -1.773223 11.628126 -3.202510
v -1.192640 11.109130 -2.801454
v -1.627573 11.205412 -2.047235
v -2.208157 11.724408 -2.448295
v -1.700486 13.226822 -0.439463
v -1.527529 12.531197 0.064000
v -0.694726 12.541901 -0.207306
v -0.867683 13.237526 -0.710769
v -1.527529 12.531197 0.064000
v -1.700486 13.226822 -0.439463
v -0.694726 12.541901 -0.207306
v -0.867683 13.237526 -0.710769
v -1.179432 13.498292 -0.243376
v -1.006475 12.802667 0.260086
v -1.215778 12.270432 -0.403391
v -1.388736 12.966057 -0.906853
v -1.503525 10.875098 -2.116817
v -1.095522 11.627485 -1.930451
v -1.417513 11.040456 -2.972702
v -1.009510 11.792842 -2.786340
v -0.667348 11.501685 -2.359967
v -1.075349 10.749299 -2.546328
v -1.845686 11.166257 -2.543186
v -1.437685 11.918642 -2.356825
v 0.936184 10.693939 -1.037135
v 1.344185 11.446324 -0.850774
v 0.165847 11.110896 -1.033993
v 0.573848 11.863282 -0.847633
v -1.154897 11.526134 -3.038144
v -0.671007 11.114375 -2.435162
v -1.276537 11.292284 -1.827737
v -1.760428 11.704042 -2.430719
v -0.234318 10.611073 -2.186290
v -0.718208 11.022832 -2.789272
v -0.839848 10.788981 -1.578865
v -1.323739 11.200740 -2.181846
v -3.236391 12.816743 0.160660
v -3.185075 12.120337 0.689497
v -2.310643 12.163721 0.661777
v -2.361959 12.860127 0.132941
v -3.185075 12.120337 0.689497
v -3.236391 12.816743 0.160660
v -2.310643 12.163721 0.661777
v -2.361959 12.860127 0.132941
v -2.427349 12.794910 -0.613037
v -2.376033 12.098505 -0.084203
v -2.371880 11.568958 -0.781946
v -2.423196 12.265365 -1.310782
v -2.244881 12.369738 0.559320
v -2.296198 13.066144 0.030486
v -2.240729 11.840192 -0.138423
v -2.292045 12.536598 -0.667259
v -0.600358 10.569280 -1.212985
v -0.638279 9.718402 -1.417565
v 0.007973 9.829248 -1.998385
v 0.045895 10.680126 -1.793806
v -0.638279 9.718402 -1.417565
v -0.600358 10.569280 -1.212985
v 0.007973 9.829248 -1.998385
v 0.045895 10.680126 -1.793806
v 0.017811 10.536663 -1.191916
v -0.020110 9.685785 -1.396496
v -0.610196 9.861864 -2.019454
v -0.572275 10.712741 -1.814876
v -0.020110 9.685785 -1.396496
v 0.017811 10.536663 -1.191916
v -0.610196 9.861864 -2.019454
v -0.572275 10.712741 -1.814876
v 0.164569 10.362732 -1.995929
v 0.124853 10.159845 -1.144728
v -0.749370 10.205971 -1.174527
v -0.709654 10.408857 -2.025726
v 0.111179 10.281989 -0.277267
v 0.150895 10.484875 -1.128469
v -0.763045 10.328115 -0.307066
v -0.723329 10.531000 -1.158265
v -2.815091 12.251660 0.519215
v -2.565557 11.703932 1.155619
v -1.865452 12.206178 1.313371
v -2.114987 12.753906 0.676967
v -2.215877 11.189371 0.590847
v -2.465411 11.737101 -0.045556
v -1.515772 11.691618 0.748600
v -1.765306 12.239346 0.112196
v -2.478280 11.948844 -0.319777
v -2.228746 11.401115 0.316624
v -1.765206 10.937407 -0.264225
v -2.014740 11.485135 -0.900627
v -2.228746 11.401115 0.316624
v -2.478280 11.948844 -0.319777
v -1.765206 10.937407 -0.264225
v -2.014740 11.485135 -0.900627
v -1.520497 12.124272 0.399427
v -2.343317 12.097023 0.698604
v -2.510594 11.413990 0.176333
v -1.687773 11.441239 -0.122844
v -2.343317 12.097023 0.698604
v -1.520497 12.124272 0.399427
v -2.510594 11.413990 0.176333
v -1.687773 11.441239 -0.122844
v -2.143040 10.190661 -0.528677
v -2.118080 11.066251 -0.529345
v -1.274485 10.165816 -0.639475
v -1.249524 11.041408 -0.640140
v -2.363139 12.124869 -0.539698
v -2.388099 11.249279 -0.539033
v -2.498872 11.251775 -1.407943
v -2.473911 12.127365 -1.408610
v -2.388099 11.249279 -0.539033
v -2.363139 12.124869 -0.539698
v -2.498872 11.251775 -1.407943
v -2.473911 12.127365 -1.408610
v -1.814348 11.758313 -1.052234
v -2.350181 11.774116 -0.359476
v -3.042671 11.793448 -0.895541
v -2.506837 11.777646 -1.588302
v -2.057979 11.855089 -0.311589
v -2.045139 12.686539 -0.586925
v -2.116669 11.581161 -1.141530
v -2.103829 12.412610 -1.416865
v -2.848735 10.799507 -1.271655
v -2.330978 11.569093 -0.798574
v -2.104642 10.745385 -1.997972
v -1.586886 11.514970 -1.524890
v -1.702811 11.192407 -0.873289
v -2.220567 10.422823 -1.346369
v -2.732810 11.122070 -1.923257
v -2.215054 11.891655 -1.450176
v -2.220567 10.422823 -1.346369
v -1.702811 11.192407 -0.873289
v -2.732810 11.122070 -1.923257
v -2.215054 11.891655 -1.450176
v -1.639881 11.195927 -1.864547
v -1.803825 10.739754 -0.943044
v -2.692188 11.272468 -0.837382
v -2.528245 11.728641 -1.758884
v -1.803825 10.739754 -0.943044
v -1.639881 11.195927 -1.864547
v -2.692188 11.272468 -0.837382
v -2.528245 11.728641 -1.758884
v -2.605246 11.973196 -2.081795
v -2.596429 11.727999 -3.093692
v -2.341593 12.952675 -2.316839
v -2.332776 12.707478 -3.328737
v -2.281699 13.008413 -2.972657
v -3.180362 12.495589 -2.856224
v -2.654560 11.623220 -2.640254
v -1.755898 12.136043 -2.756690
v -3.233585 12.510251 -2.957996
v -2.334922 13.023075 -3.074429
v -2.707784 11.637882 -2.742026
v -1.809122 12.150704 -2.858462
v -1.217411 13.473629 -0.045449
v -0.785414 12.527112 -0.005193
v -0.858342 12.449775 -1.040973
v -1.290338 13.396294 -1.081228
v -0.698702 11.804338 -1.389887
v -0.209478 11.626451 -0.565354
v -0.450051 12.510616 -0.231863
v -0.939276 12.688501 -1.056396
v -0.209478 11.626451 -0.565354
v -0.698702 11.804338 -1.389887
v -0.450051 12.510616 -0.231863
v -0.939276 12.688501 -1.056396
v -1.354376 11.789816 -1.666809
v -0.865151 11.611930 -0.842276
v -0.056682 11.982671 -1.241986
v -0.545906 12.160558 -2.066520
v -1.093598 11.311550 -0.929579
v -1.582824 11.489436 -1.754113
v -0.285129 11.682292 -1.329287
v -0.774353 11.860179 -2.153821
v -0.924562 12.529232 -1.301036
v -1.326126 11.641879 -1.254214
v -0.584340 11.278833 -1.772665
v -0.182777 12.166185 -1.819488
v -1.326126 11.641879 -1.254214
v -0.924562 12.529232 -1.301036
v -0.584340 11.278833 -1.772665
v -0.182777 12.166185 -1.819488
v -2.184888 11.933917 0.424254
v -1.262662 11.835475 0.123174
v -2.130777 12.896079 0.275406
v -1.208551 12.797637 -0.025674
v -1.642759 11.675582 0.274434
v -1.825190 12.268204 -0.478134
v -1.383802 12.443663 0.816498
v -1.566234 13.036284 0.063932
v -1.862901 9.949339 -2.069253
v -2.371705 9.995320 -1.238682
v -2.909677 10.719734 -1.608346
v -2.400872 10.673754 -2.438915
v -2.371705 9.995320 -1.238682
v -1.862901 9.949339 -2.069253
v -2.909677 10.719734 -1.608346
v -2.400872 10.673754 -2.438915
v -2.957923 10.031969 -1.599828
v -2.449119 9.985990 -2.430397
v -2.323460 10.683084 -1.247201
v -1.814655 10.637104 -2.077771
v -1.402175 11.391251 -1.202150
v -1.470406 10.418605 -1.190103
v -0.641369 10.366775 -0.679366
v -0.573139 11.339420 -0.691414
v -1.470406 10.418605 -1.190103
v -1.402175 11.391251 -1.202150
v -0.641369 10.366775 -0.679366
v -0.573139 11.339420 -0.691414
v -2.112262 11.530584 -0.706881
v -3.069351 11.681556 -0.816559
v -3.000866 11.432616 -1.756866
v -2.043777 11.281646 -1.647190
v -3.086017 11.546697 -1.966677
v -3.257185 11.064667 -1.136503
v -3.182868 11.898750 -0.636880
v -3.011701 12.380779 -1.467056
v -3.257185 11.064667 -1.136503
v -3.086017 11.546697 -1.966677
v -3.182868 11.898750 -0.636880
v -3.011701 12.380779 -1.467056
v -1.398933 11.790613 -0.708115
v -1.001881 11.558563 -1.567965
v -1.906107 12.505569 -1.135260
v -1.509055 12.273518 -1.995111
v -0.675729 12.250285 -1.164499
v -0.237822 11.530655 -0.924388
v 0.520374 11.936432 -1.091022
v 0.082466 12.656062 -1.331134
v 0.198867 11.027352 -0.675516
v -0.239040 11.746983 -0.915627
v 0.957063 11.433130 -0.842150
v 0.519155 12.152760 -1.082262
v -0.926825 11.829865 -1.569844
v -1.247899 11.025994 -1.703963
v -1.148950 11.130627 -2.567989
v -0.827877 11.934496 -2.433875
v -1.247899 11.025994 -1.703963
v -0.926825 11.829865 -1.569844
v -1.148950 11.130627 -2.567989
v -0.827877 11.934496 -2.433875
v -0.472875 11.716253 -1.975633
v -0.793948 10.912383 -2.109750
v -1.602901 11.244237 -2.162205
v -1.281827 12.048107 -2.028086
v -0.793948 10.912383 -2.109750
v -0.472875 11.716253 -1.975633
v -1.602901 11.244237 -2.162205
v -1.281827 12.048107 -2.028086
v -0.935813 11.634619 -2.666465
v -0.433765 11.325976 -2.018415
v -1.075748 11.486646 -1.444547
v -1.577796 11.795289 -2.092596
v -0.433765 11.325976 -2.018415
v -0.935813 11.634619 -2.666465
v -1.075748 11.486646 -1.444547
v -1.577796 11.795289 -2.092596
v -0.635016 12.032999 -1.192453
v -0.872698 11.195087 -1.285691
v -0.566090 11.199418 -2.106213
v -0.328407 12.037331 -2.012974
v -0.872698 11.195087 -1.285691
v -0.635016 12.032999 -1.192453
v -0.566090 11.199418 -2.106213
v -0.328407 12.037331 -2.012974
v -0.089035 11.907525 -1.456654
v -0.326717 11.069613 -1.549892
v -1.112071 11.324892 -1.842013
v -0.874389 12.162804 -1.748775
v -0.326717 11.069613 -1.549892
v -0.089035 11.907525 -1.456654
v -1.112071 11.324892 -1.842013
v -0.874389 12.162804 -1.748775
v 0.109469 10.798248 -1.779413
v 0.447992 10.614676 -0.992655
v -0.324141 10.792124 -0.619020
v -0.662666 10.975695 -1.405778
v -0.021457 11.519490 -1.433448
v -0.359980 11.703062 -2.220205
v -0.793590 11.696938 -1.059813
v -1.132114 11.880508 -1.846569
v 0.400463 11.227748 0.334590
v 0.531884 10.361742 0.341183
v 0.128380 10.294612 -0.433390
v -0.003041 11.160618 -0.439981
v 0.095195 10.865044 0.092311
v -0.036225 11.731050 0.085718
v -0.308309 10.797915 -0.682262
v -0.439730 11.663920 -0.688853
v 0.793126 10.927807 -0.339263
v 0.536600 10.895248 0.497646
v -0.290566 10.767754 0.239145
v -0.034041 10.800311 -0.597765
v 0.405448 10.624016 -0.145877
v 0.661975 10.656573 -0.982786
v -0.421718 10.496521 -0.404378
v -0.165193 10.529078 -1.241288
v -3.190038 11.708985 0.109855
v -3.313846 12.061058 -0.682608
v -2.634929 12.356148 0.310649
v -2.758738 12.708220 -0.481817
v -3.457835 12.578855 -0.042778
v -2.594247 12.701424 -0.123244
v -3.379289 11.786197 -0.407209
v -2.515701 11.908768 -0.487675
v -2.960169 12.421382 -0.589122
v -2.872300 11.575071 -0.380989
v -2.012808 11.693867 -0.260803
v -2.100677 12.540176 -0.468940
v -2.872300 11.575071 -0.380989
v -2.960169 12.421382 -0.589122
v -2.012808 11.693867 -0.260803
v -2.100677 12.540176 -0.468940
v -2.602596 12.576863 -0.107866
v -2.514726 11.730553 0.100267
v -2.370382 11.538384 -0.742059
v -2.458251 12.384694 -0.950196
v -3.093639 10.109191 -0.491418
v -3.181509 10.955502 -0.699552
v -2.949295 9.917022 -1.333744
v -3.037164 10.763331 -1.541881
v -2.466437 10.604894 -0.952478
v -3.176256 10.656777 -0.441846
v -3.681941 10.436892 -1.122445
v -2.972121 10.385009 -1.633080
v -3.176256 10.656777 -0.441846
v -2.466437 10.604894 -0.952478
v -3.681941 10.436892 -1.122445
v -2.972121 10.385009 -1.633080
v -3.770757 12.500227 -2.507121
v -3.977772 12.267147 -1.688524
v -3.495786 12.929407 -1.378067
v -3.288771 13.162487 -2.196666
v -3.939028 11.240922 -1.153727
v -3.732012 11.474003 -1.972324
v -3.457041 11.903182 -0.843270
v -3.250026 12.136262 -1.661869
v -3.413947 12.603956 -1.466557
v -3.206931 12.837037 -2.285152
v -2.712436 12.080156 -1.438292
v -2.505420 12.313236 -2.256889
v -3.435024 12.852287 -1.963568
v -2.598166 12.950193 -1.724057
v -3.279798 12.013615 -2.163108
v -2.442940 12.111521 -1.923597
v 1.153750 10.771122 -0.423849
v 0.657115 10.098973 -0.686244
v 0.882923 10.256734 -1.517753
v 1.379559 10.928883 -1.255356
v -0.519611 11.062792 -1.707491
v -0.022975 11.734941 -1.445097
v -0.293802 11.220552 -2.539000
v 0.202833 11.892701 -2.276603
v 0.432583 11.544281 -1.818937
v -0.064053 10.872131 -2.081333
v -0.749360 11.411213 -2.165158
v -0.252724 12.083363 -1.902764
v 0.633844 10.267696 -1.553237
v 1.130479 10.939847 -1.290841
v -0.051464 10.806779 -1.637063
v 0.445173 11.478928 -1.374668
v 0.473960 11.275355 -1.437440
v 0.798874 10.782614 -0.790201
v 0.154619 11.052249 -0.261510
v -0.170296 11.544991 -0.908749
v 1.073756 10.559339 -1.378438
v 0.748842 11.052081 -2.025678
v 0.429501 10.828974 -0.849748
v 0.104586 11.321716 -1.496987
v -0.385466 9.950637 0.256059
v -1.141656 9.392418 -0.191942
v -1.639944 10.270832 -0.445391
v -0.883754 10.829051 0.002612
v -1.319466 10.617713 -0.260062
v -1.308475 11.260290 -1.079276
v -2.035143 11.217399 0.200720
v -2.024152 11.859977 -0.618492
v -1.393997 9.691393 -1.609014
v -0.756499 9.256642 -1.012837
v -0.019002 9.607436 -1.545641
v -0.656499 10.042189 -2.141819
v 0.120449 10.309018 -0.280612
v -0.517050 10.743769 -0.876788
v 0.857946 10.659812 -0.813416
v 0.220448 11.094564 -1.409594
v -1.397770 10.064211 0.740280
v -0.616573 9.925379 0.173449
v -1.947246 10.208282 -0.052284
v -1.166050 10.069450 -0.619116
v -1.409537 10.755198 -0.321403
v -1.163232 11.684439 -0.158036
v -0.504283 10.474866 -0.091688
v -0.257980 11.404106 0.071681
v -1.732149 10.892873 -1.252360
v -2.016846 9.960640 -1.225298
v -1.091608 9.681871 -1.094671
v -0.806911 10.614102 -1.121736
v -2.016846 9.960640 -1.225298
v -1.732149 10.892873 -1.252360
v -1.091608 9.681871 -1.094671
v -0.806911 10.614102 -1.121736
v -1.713616 10.236145 -2.945620
v -1.133033 9.717149 -2.544563
v -1.567966 9.813431 -1.790344
v -2.148549 10.332427 -2.191405
v -0.811780 11.089818 -1.166468
v -0.403777 11.842205 -0.980103
v -0.725768 11.255175 -2.022354
v -0.317766 12.007561 -1.835991
v 0.759120 10.644115 -1.020207
v 0.351118 9.891730 -1.206568
v -0.419218 10.308687 -1.203426
v -0.011217 11.061073 -1.017065
v -0.270486 9.624078 -1.775138
v 0.137516 10.376463 -1.588777
v -1.040823 10.041036 -1.771996
v -0.632821 10.793421 -1.585635
v 0.257896 10.790709 -0.830923
v 0.741786 10.378949 -0.227941
v 0.136256 10.556858 0.379484
v -0.347635 10.968616 -0.223498
v -0.135162 9.326572 -0.960166
v -0.619052 9.738332 -1.563148
v -0.740691 9.504481 -0.352741
v -1.224583 9.916240 -0.955723
v -0.507066 10.170636 -0.102430
v -0.544987 9.319757 -0.307009
v 0.101265 9.430604 -0.887829
v 0.139187 10.281483 -0.683250
v -0.221417 10.156396 0.121022
v -0.183496 11.007274 0.325601
v 0.424836 10.267242 -0.459799
v 0.462757 11.118120 -0.255220
v 0.434673 10.974657 0.346670
v 0.396753 10.123779 0.142090
v -0.193334 10.299858 -0.480868
v -0.155413 11.150735 -0.276290
v 0.396753 10.123779 0.142090
v 0.434673 10.974657 0.346670
v -0.193334 10.299858 -0.480868
v -0.155413 11.150735 -0.276290
v 0.581432 10.800726 -0.457343
v 0.541716 10.597839 0.393858
v -0.332508 10.643966 0.364059
v -0.292792 10.846851 -0.487139
v 0.541716 10.597839 0.393858
v 0.581432 10.800726 -0.457343
v -0.332508 10.643966 0.364059
v -0.292792 10.846851 -0.487139
v -1.385276 10.877681 -0.076386
v -0.896050 10.699796 0.748147
v -0.087582 11.070536 0.348437
v -0.576805 11.248423 -0.476097
v -0.980767 9.904907 -0.570916
v -1.469993 10.082793 -1.395451
v -0.172298 10.275649 -0.970624
v -0.661522 10.453536 -1.795158
v -1.446039 10.387334 -0.530667
v -1.954843 10.433315 0.299904
v -2.492815 11.157728 -0.069759
v -1.984010 11.111749 -0.900329
v -2.278413 9.596677 -0.128126
v -1.769609 9.550695 -0.958697
v -2.816385 10.321090 -0.497790
v -2.307580 10.275110 -1.328360
v -0.985313 11.829246 0.336436
v -1.053544 10.856599 0.348484
v -0.224506 10.804769 0.859221
v -0.156276 11.777414 0.847172
v -2.367181 10.307526 -0.632614
v -2.298949 11.280171 -0.644661
v -1.538143 10.255695 -0.121877
v -1.469913 11.228340 -0.133925
v 0.167967 10.115218 0.914908
v -0.269940 10.834848 0.674797
v 0.926163 10.520995 0.748273
v 0.488255 11.240625 0.508162
v -1.409950 9.842627 -0.757062
v -1.088876 10.646497 -0.622944
v -1.311001 9.947259 -1.621088
v -0.989928 10.751128 -1.486974
v -0.956000 9.729015 -1.162850
v -0.634926 10.532886 -1.028733
v -1.764952 10.060868 -1.215304
v -1.443878 10.864738 -1.081185
v -0.797067 10.849631 -0.245553
v -1.034749 10.011720 -0.338791
v -0.728141 10.016050 -1.159313
v -0.490458 10.853962 -1.066073
v -1.034749 10.011720 -0.338791
v -0.797067 10.849631 -0.245553
v -0.728141 10.016050 -1.159313
v -0.490458 10.853962 -1.066073
v -0.038907 9.492737 -1.699974
v 0.299616 9.309166 -0.913215
v -0.472518 9.486612 -0.539580
v -0.811042 9.670184 -1.326338
v -0.066856 9.681676 1.039212
v -0.198277 10.547683 1.032618
v -0.470360 9.614546 0.264639
v -0.601781 10.480552 0.258047
v -0.420454 9.778292 -0.481367
v 0.076182 10.450441 -0.218973
v -0.194646 9.936053 -1.312876
v 0.301989 10.608202 -1.050480
v 0.531739 10.259781 -0.592813
v 0.035104 9.587631 -0.855209
v -0.650204 10.126714 -0.939034
v -0.153567 10.798862 -0.676640
v 0.471793 9.084329 -0.606337
v 0.968429 9.756478 -0.343941
v -0.213515 9.623411 -0.690162
v 0.283122 10.295560 -0.427768
v 0.586792 9.868712 -1.078777
v 0.911705 9.375971 -0.431538
v 0.267450 9.645605 0.097153
v -0.057465 10.138349 -0.550086
v 0.911705 9.375971 -0.431538
v 0.586792 9.868712 -1.078777
v 0.267450 9.645605 0.097153
v -0.057465 10.138349 -0.550086
v -2.256403 12.790275 -2.433961
v -2.747335 13.683246 -2.647801
v -1.346097 13.295357 -2.414671
v -1.837029 14.188328 -2.628511
v -2.735718 12.779836 0.029966
v -3.231519 13.665927 -0.200605
v -1.820194 13.256294 -0.107664
v -2.315996 14.142385 -0.338233
v -2.949355 12.850952 -2.887301
v -2.657330 12.840733 -1.887925
v -2.280173 13.806044 -1.988261
v -2.572198 13.816261 -2.987639
v -2.657330 12.840733 -1.887925
v -2.949355 12.850952 -2.887301
v -2.280173 13.806044 -1.988261
v -2.572198 13.816261 -2.987639
v -3.422064 13.175373 -1.598877
v -3.130040 13.165154 -0.599502
v -2.204506 12.775014 -0.873936
v -2.496532 12.785232 -1.873315
v -3.173340 12.125076 -0.628925
v -3.465366 12.135295 -1.628302
v -2.247808 11.734935 -0.903361
v -2.539834 11.745152 -1.902740
v -2.377277 14.012096 -2.608669
v -3.298418 13.605391 -2.343663
v -2.910656 12.646942 -2.466769
v -1.989516 13.053647 -2.731776
v -3.496940 13.252085 -1.142291
v -2.575799 13.658791 -1.407296
v -3.109179 12.293637 -1.265398
v -2.188038 12.700343 -1.530403
v -2.100848 12.448637 -2.816712
v -1.463350 12.013885 -2.220535
v -1.440274 12.813120 -1.662381
v -2.077772 13.247869 -2.258559
v -1.820561 12.238105 -1.675058
v -2.458060 12.672855 -2.271234
v -1.083064 12.588899 -2.207862
v -1.720562 13.023651 -2.804039
v -3.889344 12.061261 -0.682457
v -3.843677 12.705476 -1.413033
v -3.535186 12.731601 -0.069220
v -3.489520 13.375815 -0.799798
v -2.289585 11.725460 -3.179217
v -1.798628 12.424498 -2.985339
v -2.392574 12.024364 -3.996120
v -1.901618 12.723402 -3.802241
v -2.340989 12.714305 -3.358968
v -1.760406 12.195309 -2.957911
v -2.195339 12.291592 -2.203692
v -2.775923 12.810587 -2.604753
v -2.423625 13.835505 -0.695502
v -2.250668 13.139879 -0.192040
v -1.417865 13.150584 -0.463345
v -1.590822 13.846210 -0.966808
v -2.095294 13.617374 -0.092457
v -2.268251 14.313000 -0.595920
v -1.262492 13.628079 -0.363763
v -1.435449 14.323706 -0.867226
v -1.902572 14.106976 -0.499416
v -1.729614 13.411350 0.004047
v -1.938918 12.879115 -0.659431
v -2.111876 13.574739 -1.162893
v -3.804157 13.902922 0.004203
v -3.752841 13.206516 0.533039
v -2.878409 13.249900 0.505320
v -2.929725 13.946306 -0.023516
v -3.150488 13.403594 -0.869077
v -3.099172 12.707188 -0.340242
v -3.095020 12.177642 -1.037985
v -3.146336 12.874048 -1.566821
v -2.968021 12.978421 0.303281
v -3.019337 13.674828 -0.225554
v -2.963868 12.448875 -0.394462
v -3.015184 13.145281 -0.923298
v -3.173012 13.059374 -2.238252
v -3.164195 12.814178 -3.250149
v -2.909359 14.038854 -2.473296
v -2.900542 13.793657 -3.485194
v -2.108283 13.121590 -2.420564
v -3.006946 12.608767 -2.304132
v -2.481145 11.736397 -2.088161
v -1.582483 12.249220 -2.204597
v -3.748128 13.581768 -3.012681
v -2.849465 14.094591 -3.129114
v -3.222326 12.709399 -2.796711
v -2.323665 13.222221 -2.913147
v -1.940550 14.082313 -0.301489
v -1.508553 13.135796 -0.261233
v -1.581482 13.058458 -1.297012
v -2.013477 14.004977 -1.337267
v -0.932617 12.235134 -0.821393
v -1.421842 12.413021 -1.645926
v -1.173191 13.119299 -0.487903
v -1.662416 13.297184 -1.312436
v -1.647702 13.137915 -1.557075
v -2.049265 12.250562 -1.510253
v -1.307480 11.887517 -2.028704
v -0.905917 12.774869 -2.075527
v -3.653783 12.632875 -2.123134
v -3.824950 12.150846 -1.292960
v -3.750635 12.984928 -0.793337
v -3.579467 13.466958 -1.623513
v -3.757804 12.795164 -0.046602
v -3.881612 13.147238 -0.839066
v -3.202694 13.442327 0.154192
v -3.326503 13.794399 -0.638274
v -4.180974 13.187538 -0.298818
v -3.317387 13.310107 -0.379283
v -4.102429 12.394880 -0.663248
v -3.238841 12.517450 -0.743714
v -3.597341 12.613403 -1.955028
v -3.804357 12.380323 -1.136431
v -3.322370 13.042583 -0.825975
v -3.115355 13.275663 -1.644573
v -3.765612 11.354098 -0.601634
v -3.558597 11.587179 -1.420231
v -3.283625 12.016359 -0.291177
v -3.076611 12.249438 -1.109776
v -3.240531 12.717133 -0.914464
v -3.033515 12.950214 -1.733059
v -2.539021 12.193334 -0.886199
v -2.332005 12.426414 -1.704796
v -3.261609 12.965465 -1.411475
v -2.424751 13.063370 -1.171964
v -3.106382 12.126792 -1.611015
v -2.269524 12.224698 -1.371504
vn -0.0278 0.8267 0.5619
vn 0.2733 0.7268 0.6302
vn 0.6070 0.6515 0.4551
vn 0.7435 0.6529 0.1447
vn 0.9909 -0.1234 -0.0540
vn 0.8976 -0.4301 -0.0963
vn 0.6868 -0.6456 -0.3339
vn 0.4969 -0.6153 -0.6120
vn -0.3756 -0.2168 0.9011
vn -0.0715 -0.3573 0.9313
vn -0.5079 0.4535 0.7324
vn -0.5624 0.1183 0.8184
vn -0.1716 -0.3805 0.9087
vn 0.0979 -0.5617 0.8215
vn -0.2124 0.3219 0.9226
vn -0.3061 -0.0143 0.9519
vn 0.3334 -0.7008 0.6307
vn 0.6215 -0.6275 0.4690
vn -0.0760 -0.2365 0.9687
vn 0.0399 -0.5426 0.8390
vn -0.7255 -0.6868 0.0445
vn -0.4877 -0.8628 -0.1334
vn -0.3197 -0.8581 0.4019
vn -0.6162 -0.6925 0.3752
vn -0.3729 -0.1074 0.9216
vn -0.5244 0.1892 0.8302
vn -0.7967 -0.2218 0.5622
vn -0.5502 -0.3567 0.7550
vn -0.6766 0.4441 0.5874
vn -0.4803 0.8671 0.1319
vn -0.9406 -0.3293 -0.0822
vn -0.8788 -0.0615 0.4732
vn -0.1518 -0.5905 -0.7927
vn 0.1557 -0.0520 -0.9864
vn 0.5308 -0.8469 -0.0298
vn 0.0302 -0.9222 -0.3856
vn -0.8229 0.4565 0.3384
vn -0.5396 0.8345 -0.1117
vn -0.8727 -0.4131 -0.2601
vn -0.9651 -0.0745 0.2509
vn 0.6536 -0.2145 -0.7258
vn 0.3335 0.3358 -0.8809
vn 0.9670 0.1081 0.2305
vn 0.9263 -0.2856 -0.2456
vn 0.9889 -0.1485 0.0068
vn 0.8523 0.3485 -0.3901
vn 0.4771 0.2312 0.8479
vn 0.8251 -0.1749 0.5373
vn -0.4039 -0.8790 0.2532
vn -0.6765 -0.6803 0.2819
vn 0.0007 -0.9468 -0.3217
vn -0.1196 -0.9928 0.0062
vn -0.3614 -0.5145 -0.7776
vn -0.6291 -0.3558 -0.6911
vn -0.7610 0.0021 -0.6488
vn -0.6575 0.3222 -0.6811
vn -0.4915 -0.0064 -0.8709
vn -0.0200 0.4392 -0.8982
vn 0.1237 -0.8102 -0.5729
vn -0.4076 -0.5392 -0.7370
vn 0.7731 0.6304 -0.0702
vn 0.8075 0.3817 0.4498
vn 0.8000 -0.1196 0.5879
vn 0.7441 -0.5978 0.2984
vn -0.6686 -0.3264 -0.6681
vn -0.4114 0.2348 -0.8807
vn 0.2528 -0.8204 -0.5129
vn -0.3651 -0.7700 -0.5233
vn 0.1672 -0.2898 0.9424
vn -0.0445 -0.0213 0.9988
vn -0.3649 -0.4467 0.8169
vn -0.0394 -0.5498 0.8344
vn 0.5481 -0.3501 -0.7596
vn 0.2592 -0.4650 -0.8465
vn -0.0937 -0.3429 -0.9347
vn -0.2693 -0.0557 -0.9614
vn 0.9183 0.2045 -0.3389
vn 0.8331 -0.3600 -0.4198
vn 0.4442 -0.6150 -0.6515
vn -0.0344 -0.4502 -0.8923
vn 0.3417 -0.8702 0.3549
vn 0.5885 -0.7971 0.1353
vn 0.1260 -0.4541 0.8820
vn 0.1454 -0.7316 0.6661
vn -0.0538 -0.7185 -0.6935
vn -0.3531 -0.5994 -0.7183
vn -0.5361 -0.2719 -0.7992
vn -0.4694 0.0489 -0.8816
vn -0.3417 0.6350 -0.6928
vn -0.8036 0.4116 -0.4300
vn -0.9237 0.3760 0.0742
vn -0.6560 0.5226 0.5447
vn -0.1938 -0.6378 0.7454
vn 0.1138 -0.5362 0.8364
vn -0.7495 -0.2227 0.6234
vn -0.5549 -0.5126 0.6552
vn 0.2792 0.5995 0.7501
vn 0.5380 0.4036 0.7401
vn 0.8159 0.2923 0.4990
vn 0.9207 0.3460 0.1806
vn -0.6535 0.7297 -0.2012
vn -0.8023 0.5078 0.3137
vn -0.5179 0.4261 0.7418
vn 0.0254 0.5032 0.8638
vn 0.1560 0.7790 0.6073
vn -0.1675 0.6740 0.7195
vn -0.0887 0.3959 0.9140
vn 0.2585 0.3557 0.8981
vn -0.5323 0.8340 0.1452
vn -0.5865 0.5140 0.6260
vn -0.2246 0.2946 0.9288
vn 0.3363 0.2696 0.9023
vn 0.3233 -0.1171 0.9390
vn 0.0541 0.0932 0.9942
vn -0.1561 -0.4186 0.8946
vn 0.1849 -0.4323 0.8826
vn 0.3977 -0.1124 -0.9106
vn 0.1593 0.4953 -0.8540
vn 0.9963 -0.0758 -0.0405
vn 0.7635 -0.3329 -0.5534
vn -0.1299 -0.9140 0.3843
vn -0.4411 -0.7896 0.4267
vn 0.2244 -0.9481 -0.2252
vn 0.1507 -0.9816 0.1171
vn 0.2715 0.6611 0.6995
vn 0.5554 0.5099 0.6569
vn 0.8140 0.4377 0.3820
vn 0.8660 0.4974 0.0522
vn 0.0837 0.0272 0.9961
vn -0.2009 0.2201 0.9546
vn -0.3545 -0.3160 0.8801
vn -0.0208 -0.3030 0.9528
vn -0.4106 0.3699 0.8334
vn -0.2583 0.8627 0.4348
vn -0.9760 -0.1765 0.1277
vn -0.7271 -0.0625 0.6837
vn -0.6064 0.6454 0.4644
vn -0.8267 0.3668 0.4265
vn -0.7175 0.1541 0.6793
vn -0.4493 0.3133 0.8366
vn -0.1432 -0.2806 0.9491
vn -0.2536 0.0461 0.9662
vn -0.6573 -0.2488 0.7114
vn -0.4006 -0.4570 0.7941
vn -0.9167 -0.3526 0.1880
vn -0.7426 -0.6593 0.1175
vn -0.5680 -0.7105 0.4153
vn -0.6428 -0.4409 0.6265
vn -0.8413 0.1795 0.5099
vn -0.9383 0.2847 0.1961
vn -0.9424 -0.2762 0.1889
vn -0.8503 -0.1684 0.4986
vn -0.4238 -0.8163 -0.3924
vn -0.2456 -0.7026 -0.6678
vn 0.1279 -0.9391 -0.3190
vn -0.1857 -0.9651 -0.1844
vn 0.9805 -0.1522 0.1244
vn 0.8591 -0.2491 0.4472
vn 0.7300 -0.5663 0.3826
vn 0.7772 -0.6279 0.0413
vn -0.4904 -0.6823 -0.5421
vn -0.3083 -0.8957 -0.3205
vn -0.4942 -0.8689 -0.0274
vn -0.7563 -0.6475 -0.0931
vn 0.3345 -0.2277 0.9145
vn 0.0905 0.0042 0.9959
vn -0.1756 -0.4734 0.8632
vn 0.1618 -0.5213 0.8379
vn 0.5280 0.5986 -0.6024
vn 0.7108 0.0588 -0.7009
vn 0.4456 -0.3744 -0.8132
vn -0.1026 -0.4869 -0.8674
vn 0.0003 0.7019 0.7122
vn 0.1847 0.4799 0.8577
vn 0.5139 0.2890 0.8077
vn 0.7672 0.2621 0.5854
vn -0.8921 0.0183 0.4515
vn -0.8312 0.3486 0.4332
vn -0.8964 -0.4344 -0.0879
vn -0.9198 -0.3110 0.2393
vn -0.5019 -0.0342 -0.8642
vn -0.7423 -0.1185 -0.6595
vn -0.9349 0.0173 -0.3544
vn -0.9445 0.2915 -0.1515
vn -0.9445 0.3184 -0.0811
vn -0.5466 0.7650 -0.3405
vn -0.5806 -0.4984 -0.6439
vn -0.9482 -0.2172 -0.2317
vn 0.9619 -0.2626 0.0765
vn 0.8396 -0.3730 0.3950
vn 0.6758 -0.6688 0.3098
vn 0.7069 -0.7063 -0.0371
vn 0.0987 0.2369 0.9665
vn -0.2504 0.1629 0.9543
vn -0.2499 -0.1849 0.9505
vn 0.0845 -0.2856 0.9546
vn -0.2985 -0.6736 0.6762
vn -0.1759 -0.8803 0.4406
vn 0.0470 -0.1447 0.9884
vn -0.2112 -0.3671 0.9059
vn -0.0487 0.7751 0.6300
vn -0.3866 0.6574 0.6468
vn -0.3550 0.3793 0.8545
vn -0.0157 0.3513 0.9361
vn -0.2490 0.3536 0.9017
vn -0.5049 0.1049 0.8568
vn -0.3289 -0.1884 0.9254
vn 0.0019 -0.0970 0.9953
vn 0.1407 -0.9657 -0.2181
vn 0.4679 -0.8557 -0.2209
vn 0.3138 -0.8949 0.3173
vn 0.0545 -0.9915 0.1185
vn -0.6127 -0.2897 -0.7353
vn -0.1146 0.0427 -0.9925
vn -0.0223 -0.9803 -0.1963
vn -0.5510 -0.7311 -0.4024
vn 0.4849 0.6009 -0.6355
vn 0.7255 0.0778 -0.6838
vn 0.5109 -0.3886 -0.7668
vn -0.0200 -0.5628 -0.8263
vn -0.9131 0.3197 0.2530
vn -0.9772 0.2020 -0.0659
vn -0.9310 -0.2479 0.2680
vn -0.8902 0.0355 0.4541
vn -0.2157 -0.9245 0.3144
vn -0.5111 -0.7722 0.3774
vn 0.1162 -0.9441 -0.3086
vn 0.0488 -0.9983 0.0327
vn 0.5980 0.5553 -0.5779
vn 0.8688 0.0514 -0.4926
vn 0.7046 -0.4377 -0.5585
vn 0.2141 -0.6608 -0.7194
vn -0.6359 -0.0986 0.7655
vn -0.5916 0.2352 0.7712
vn -0.8514 -0.4792 0.2134
vn -0.7426 -0.3998 0.5373
vn 0.9330 -0.3019 -0.1958
vn 0.8804 -0.4583 0.1222
vn 0.6815 -0.7310 0.0354
vn 0.6290 -0.7128 -0.3102
vn 0.6481 0.7360 -0.1956
vn 0.9112 0.3749 0.1710
vn 0.9786 -0.1404 0.1506
vn 0.8167 -0.5356 -0.2148
vn 0.4713 0.5301 0.7048
vn 0.7261 0.3792 0.5736
vn 0.9084 0.3442 0.2374
vn 0.8869 0.4547 -0.0820
vn -0.6480 -0.7533 0.1125
vn -0.8517 -0.5235 -0.0246
vn -0.0426 -0.9861 -0.1605
vn -0.3113 -0.9484 0.0611
vn 0.9430 0.3031 -0.1370
vn 0.9575 -0.2719 -0.0964
vn 0.6874 -0.6371 -0.3486
vn 0.2814 -0.6175 -0.7345
vn 0.3854 -0.8409 -0.3800
vn 0.4704 -0.3573 -0.8069
vn 0.8267 -0.3482 0.4420
vn 0.5538 -0.8192 0.1492
vn -0.4084 0.7675 0.4942
vn -0.1620 0.7015 0.6940
vn 0.2216 0.6841 0.6950
vn 0.4838 0.7284 0.4852
vn -0.3169 -0.5010 0.8053
vn -0.0640 -0.3268 0.9429
vn -0.8623 -0.2318 0.4503
vn -0.6497 -0.4672 0.5997
vn 0.8037 0.0782 0.5899
vn 0.7432 -0.2367 0.6259
vn 0.7160 -0.5584 0.4189
vn 0.7415 -0.6636 0.0991
vn -0.0680 0.7741 -0.6294
vn -0.3211 0.9370 -0.1379
vn -0.1507 0.9235 0.3527
vn 0.3222 0.7397 0.5908
vn -0.7299 -0.6689 0.1412
vn -0.9140 -0.3885 0.1172
vn -0.2678 -0.9034 -0.3350
vn -0.4601 -0.8868 -0.0427
vn 0.0121 -0.9886 -0.1504
vn 0.1498 -0.9723 0.1794
vn -0.1348 -0.9182 0.3725
vn -0.4056 -0.9013 0.1522
vn -0.4802 0.7548 0.4469
vn 0.0571 0.9853 0.1608
vn -0.8698 0.2762 -0.4089
vn -0.8693 0.4599 0.1812
vn 0.5737 -0.4749 0.6673
vn 0.2592 -0.4811 0.8375
vn 0.0931 -0.7368 0.6697
vn 0.3091 -0.8528 0.4210
vn -0.9450 0.1520 -0.2896
vn -0.9781 -0.1647 -0.1270
vn -0.9753 -0.0727 0.2085
vn -0.9364 0.2742 0.2188
vn -0.5936 0.7266 -0.3461
vn -0.6053 0.7953 -0.0319
vn -0.3743 0.8906 0.2584
vn -0.0480 0.9458 0.3212
vn -0.1771 -0.8668 0.4661
vn -0.4951 -0.7639 0.4138
vn 0.3195 -0.9471 -0.0295
vn 0.1643 -0.9438 0.2866
vn -0.6724 -0.4511 0.5868
vn -0.4410 -0.6944 0.5686
vn -0.5653 0.2127 0.7970
vn -0.7296 -0.0738 0.6799
vn -0.1853 -0.9435 -0.2746
vn 0.0485 -0.8554 -0.5156
vn 0.3329 -0.9422 -0.0375
vn -0.0001 -0.9999 0.0163
vn -0.2236 -0.3008 -0.9271
vn -0.4999 -0.3865 -0.7751
vn -0.7878 -0.2316 -0.5708
vn -0.8902 0.0707 -0.4500
vn 0.9557 0.0463 0.2907
vn 0.8767 0.4188 -0.2367
vn 0.1796 0.4821 0.8575
vn 0.6510 0.0958 0.7530
vn -0.2062 0.4072 -0.8898
vn -0.6917 0.1573 -0.7049
vn -0.9461 0.2010 -0.2540
vn -0.8459 0.4867 0.2181
vn -0.5124 0.8587 -0.0084
vn -0.4317 0.8496 0.3030
vn -0.1215 0.8408 0.5275
vn 0.2144 0.8369 0.5036
vn 0.3369 0.8387 0.4279
vn 0.7578 0.6518 -0.0313
vn -0.5185 0.8337 -0.1898
vn -0.2054 0.9190 0.3366
vn -0.1290 0.4380 0.8897
vn -0.3919 0.1952 0.8991
vn -0.2158 -0.0963 0.9717
vn 0.1219 -0.0093 0.9925
vn -0.4302 -0.2005 0.8802
vn -0.3234 0.1133 0.9394
vn -0.8455 -0.4041 0.3489
vn -0.6460 -0.4207 0.6369
vn -0.6172 -0.6967 -0.3657
vn -0.4295 -0.8935 -0.1310
vn -0.5755 -0.7996 0.1716
vn -0.8216 -0.5616 0.0977
vn 0.6455 0.7525 0.1303
vn 0.6291 0.4607 0.6261
vn 0.6872 -0.0460 0.7250
vn 0.7724 -0.4942 0.3989
vn 0.7058 0.6725 -0.2225
vn 0.9789 0.2024 -0.0269
vn 0.9400 -0.2966 -0.1683
vn 0.6197 -0.5666 -0.5430
vn 0.6420 0.0330 0.7660
vn 0.3470 -0.0808 0.9344
vn 0.3382 -0.4172 0.8436
vn 0.6125 -0.4730 0.6333
vn 0.6219 -0.6927 0.3653
vn 0.3649 -0.7000 0.6139
vn 0.1166 -0.8836 0.4534
vn 0.2372 -0.9620 0.1352
vn 0.7142 0.6498 -0.2601
vn 0.7479 0.5854 0.3129
vn 0.7804 0.1566 0.6054
vn 0.7817 -0.3922 0.4849
vn -0.7944 0.3545 0.4932
vn -0.9490 0.2380 0.2066
vn -0.8270 -0.2118 0.5207
vn -0.7261 0.0706 0.6839
vn 0.4189 -0.4865 -0.7667
vn 0.1152 -0.6021 -0.7901
vn -0.2464 -0.4801 -0.8419
vn -0.4208 -0.1912 -0.8868
vn -0.4517 -0.8128 0.3678
vn -0.4599 -0.8871 0.0398
vn 0.1210 -0.6546 0.7462
vn -0.2145 -0.7151 0.6652
vn 0.7834 -0.3842 -0.4886
vn 0.5487 -0.5669 -0.6144
vn 0.2236 -0.5341 -0.8153
vn 0.0278 -0.2967 -0.9546
vn -0.2009 -0.8641 0.4615
vn -0.4092 -0.8910 0.1968
vn 0.4956 -0.7533 0.4324
vn 0.1741 -0.8065 0.5650
vn 0.9246 -0.0547 0.3771
vn 0.7310 -0.1204 0.6717
vn 0.6378 -0.4528 0.6230
vn 0.7719 -0.5523 0.3150
vn -0.6277 0.7590 0.1731
vn -0.4429 0.7822 0.4382
vn -0.0768 0.8384 0.5396
vn 0.2268 0.8889 0.3980
vn -0.4344 0.5344 -0.7251
vn -0.8549 0.3728 -0.3609
vn -0.8931 0.4222 0.1555
vn -0.5498 0.6296 0.5490
vn -0.1166 0.5049 0.8553
vn -0.3742 0.2578 0.8908
vn -0.1902 -0.0243 0.9814
vn 0.1470 0.0711 0.9866
vn -0.8034 -0.2697 -0.5308
vn -0.3861 0.0428 -0.9215
vn -0.1104 -0.9796 -0.1680
vn -0.6665 -0.7117 -0.2221
vn -0.8899 -0.2679 0.3692
vn -0.8006 -0.5677 0.1918
vn -0.5698 -0.7119 0.4105
vn -0.5366 -0.4947 0.6836
vn -0.9681 0.1148 0.2227
vn -0.9834 0.1348 -0.1212
vn -0.9136 -0.4066 0.0080
vn -0.9290 -0.2236 0.2948
vn -0.7310 -0.4610 -0.5031
vn -0.5430 -0.7434 -0.3905
vn -0.6408 -0.7655 -0.0572
vn -0.8642 -0.5032 0.0009
vn 0.7882 0.6092 0.0868
vn 0.8416 0.2097 0.4977
vn 0.8255 -0.3090 0.4724
vn 0.7395 -0.6710 0.0529
vn 0.3250 0.9241 -0.2012
vn 0.2283 0.9022 0.3661
vn 0.3912 0.5652 0.7264
vn 0.7030 0.0994 0.7043
vn -0.9776 -0.2101 -0.0109
vn -0.8830 -0.3515 -0.3110
vn -0.7097 -0.6981 0.0948
vn -0.8705 -0.4324 0.2349
vn 0.6944 0.5091 -0.5085
vn 0.7984 -0.0527 -0.5999
vn 0.4833 -0.4347 -0.7599
vn -0.0638 -0.4538 -0.8888
vn 0.5524 -0.5462 0.6297
vn 0.7336 -0.2521 0.6311
vn 0.2777 -0.1640 0.9466
vn 0.2744 -0.4846 0.8306
vn -0.2144 0.4395 0.8723
vn -0.5328 0.2997 0.7914
vn -0.4868 -0.0353 0.8728
vn -0.1578 -0.0678 0.9851
vn -0.7301 0.0212 0.6831
vn -0.6142 0.3354 0.7143
vn -0.9554 -0.2818 0.0887
vn -0.8721 -0.2400 0.4265
vn -0.9408 0.3375 0.0308
vn -0.9916 -0.0025 0.1293
vn -0.8873 0.0037 0.4612
vn -0.7820 0.3297 0.5290
vn 0.1771 0.7398 0.6491
vn 0.4759 0.6168 0.6269
vn 0.7501 0.5507 0.3663
vn 0.8074 0.5890 0.0347
vn -0.3911 -0.0442 0.9193
vn -0.6496 0.1134 0.7518
vn -0.6683 -0.4296 0.6073
vn -0.4123 -0.3802 0.8279
vn -0.6250 0.1827 -0.7590
vn -0.7593 0.3709 -0.5347
vn -0.6745 0.6698 -0.3105
vn -0.4171 0.8762 -0.2416
vn -0.6070 0.5492 0.5744
vn -0.2557 0.9470 0.1943
vn -0.9763 -0.0569 -0.2090
vn -0.9161 0.1292 0.3795
vn -0.7916 0.5981 0.1253
vn -0.9542 0.2810 0.1026
vn -0.8960 0.1477 0.4187
vn -0.7070 0.3831 0.5945
vn 0.3344 -0.8423 -0.4228
vn 0.7172 -0.3498 -0.6028
vn 0.4072 -0.6741 0.6163
vn 0.2204 -0.9696 0.1059
vn -0.7380 0.6204 -0.2656
vn -0.9013 0.3057 -0.3068
vn -0.9753 0.2197 0.0220
vn -0.8506 0.4758 0.2239
vn -0.6299 0.0669 0.7738
vn -0.8472 0.1359 0.5135
vn -0.7541 -0.4185 0.5061
vn -0.5809 -0.2784 0.7649
vn 0.3454 -0.3410 -0.8743
vn -0.0590 -0.7129 -0.6988
vn -0.5490 -0.6341 -0.5445
vn -0.8617 -0.1733 -0.4769
vn -0.8551 -0.2024 0.4774
vn -0.9751 -0.1585 0.1549
vn -0.7287 -0.6639 0.1682
vn -0.7087 -0.5195 0.4773
vn -0.2389 -0.9177 0.3175
vn -0.5081 -0.8523 0.1241
vn 0.4360 -0.8930 0.1121
vn 0.1540 -0.9355 0.3181
vn 0.8870 -0.4196 0.1926
vn 0.7067 -0.5115 0.4888
vn 0.5097 -0.7751 0.3733
vn 0.5805 -0.8136 0.0322
vn 0.4162 0.8477 -0.3290
vn -0.0037 0.9994 0.0341
vn -0.1048 0.8475 0.5204
vn 0.1382 0.4794 0.8666
vn 0.9409 0.2217 0.2562
vn 0.9629 -0.1038 0.2489
vn 0.9166 -0.3998 0.0069
vn 0.8285 -0.4620 -0.3164
vn -0.0845 -0.5047 0.8592
vn 0.2359 -0.4006 0.8854
vn -0.6448 -0.0886 0.7592
vn -0.4535 -0.3799 0.8063
vn -0.3918 -0.5691 0.7230
vn -0.1813 -0.7916 0.5835
vn -0.2211 0.0672 0.9729
vn -0.4141 -0.2121 0.8852
vn -0.7300 0.0212 0.6831
vt 0.281953 0.473460
vt 0.045000 0.473460
vt 0.045000 0.710413
vt 0.281953 0.710413
s 1
usemtl Leaves
f 2292/2063/1863 2291/2064/1864 2290/2065/1865 2289/2066/1866
f 1964/2063/1867 1963/2064/1868 1962/2065/1869 1961/2066/1870
f 2167/2064/1871 2168/2063/1872 2166/2066/1873 2165/2065/1874
f 1923/2064/1875 1924/2063/1876 1922/2066/1877 1921/2065/1878
f 2195/2064/1879 2196/2063/1880 2194/2066/1881 2193/2065/1882
f 1909/2064/1883 1912/2063/1884 1911/2066/1885 1910/2065/1886
f 2141/2064/1887 2144/2063/1888 2143/2066/1889 2142/2065/1890
f 2249/2064/1891 2252/2063/1892 2251/2066/1893 2250/2065/1894
f 2093/2064/1895 2096/2063/1896 2095/2066/1897 2094/2065/1898
f 2273/2064/1899 2276/2063/1900 2275/2066/1901 2274/2065/1902
f 2173/2064/1903 2176/2063/1904 2175/2066/1905 2174/2065/1906
f 1969/2064/1907 1972/2063/1908 1971/2066/1909 1970/2065/1910
f 2383/2064/1911 2384/2063/1912 2382/2066/1913 2381/2065/1914
f 1920/2063/1915 1919/2064/1916 1918/2065/1917 1917/2066/1918
f 2321/2064/1919 2324/2063/1920 2323/2066/1921 2322/2065/1922
f 2136/2063/1923 2134/2064/1924 2133/2065/1925 2135/2066/1926
f 2241/2064/1927 2244/2063/1928 2243/2066/1929 2242/2065/1930
f 2369/2064/1931 2372/2063/1932 2371/2066/1933 2370/2065/1934
f 1988/2063/1935 1987/2064/1936 1986/2065/1937 1985/2066/1938
f 1896/2063/1939 1894/2064/1940 1893/2065/1941 1895/2066/1942
f 1951/2064/1943 1952/2063/1944 1950/2066/1945 1949/2065/1946
f 2164/2063/1947 2163/2064/1948 2162/2065/1949 2161/2066/1950
f 1984/2063/1951 1982/2064/1952 1981/2065/1953 1983/2066/1954
f 1991/2064/1955 1992/2063/1956 1990/2066/1957 1989/2065/1958
f 2380/2063/1959 2379/2064/1960 2378/2065/1961 2377/2066/1962
f 2188/2063/1963 2186/2064/1964 2185/2065/1965 2187/2066/1966
f 2028/2063/1967 2026/2064/1968 2025/2065/1969 2027/2066/1970
f 1944/2063/1971 1942/2064/1972 1941/2065/1973 1943/2066/1974
f 2257/2064/1975 2260/2063/1976 2259/2066/1977 2258/2065/1978
f 1929/2064/1979 1932/2063/1980 1931/2066/1981 1930/2065/1982
f 2271/2064/1983 2272/2063/1984 2270/2066/1985 2269/2065/1986
f 2048/2063/1987 2047/2064/1988 2046/2065/1989 2045/2066/1990
f 2281/2064/1991 2284/2063/1992 2283/2066/1993 2282/2065/1994
f 2009/2064/1995 2012/2063/1996 2011/2066/1997 2010/2065/1998
f 2100/2063/1999 2098/2064/2000 2097/2065/2001 2099/2066/2002
f 1889/2064/2003 1892/2063/2004 1891/2066/2005 1890/2065/2006
f 2180/2063/2007 2178/2064/2008 2177/2065/2009 2179/2066/2010
f 2121/2064/2011 2124/2063/2012 2123/2066/2013 2122/2065/2014
f 1937/2064/2015 1940/2063/2016 1939/2066/2017 1938/2065/2018
f 2256/2063/2019 2254/2064/2020 2253/2065/2021 2255/2066/2022
f 2212/2063/2023 2210/2064/2024 2209/2065/2025 2211/2066/2026
f 2037/2064/2027 2040/2063/2028 2039/2066/2029 2038/2065/2030
f 2044/2063/2031 2042/2064/2032 2041/2065/2033 2043/2066/2034
f 2152/2063/2035 2151/2064/2036 2150/2065/2037 2149/2066/2038
f 2235/2064/2039 2236/2063/2040 2234/2066/2041 2233/2065/2042
f 1948/2063/2043 1947/2064/2044 1946/2065/2045 1945/2066/2046
f 2069/2064/2047 2072/2063/2048 2071/2066/2049 2070/2065/2050
f 2036/2063/2051 2034/2064/2052 2033/2065/2053 2035/2066/2054
f 2120/2063/2055 2118/2064/2056 2117/2065/2057 2119/2066/2058
f 2115/2064/2059 2116/2063/2060 2114/2066/2061 2113/2065/2062
f 2060/2063/2063 2058/2064/2064 2057/2065/2065 2059/2066/2066
f 1876/2063/2067 1874/2064/2068 1873/2065/2069 1875/2066/2070
f 1977/2064/2071 1980/2063/2072 1979/2066/2073 1978/2065/2074
f 2053/2064/2075 2056/2063/2076 2055/2066/2077 2054/2065/2078
f 2264/2063/2079 2262/2064/2080 2261/2065/2081 2263/2066/2082
f 2061/2064/2083 2064/2063/2084 2063/2066/2085 2062/2065/2086
f 2051/2064/2087 2052/2063/2088 2050/2066/2089 2049/2065/2090
f 2288/2063/2091 2286/2064/2092 2285/2065/2093 2287/2066/2094
f 2203/2064/2095 2204/2063/2096 2202/2066/2097 2201/2065/2098
f 2016/2063/2099 2014/2064/2100 2013/2065/2101 2015/2066/2102
f 2304/2063/2103 2302/2064/2104 2301/2065/2105 2303/2066/2106
f 2020/2063/2107 2019/2064/2108 2018/2065/2109 2017/2066/2110
f 2155/2064/2111 2156/2063/2112 2154/2066/2113 2153/2065/2114
f 2148/2063/2115 2146/2064/2116 2145/2065/2117 2147/2066/2118
f 1901/2064/2119 1904/2063/2120 1903/2066/2121 1902/2065/2122
f 2088/2063/2123 2087/2064/2124 2086/2065/2125 2085/2066/2126
f 2223/2064/2127 2224/2063/2128 2222/2066/2129 2221/2065/2130
f 2232/2063/2131 2231/2064/2132 2230/2065/2133 2229/2066/2134
f 1916/2063/2135 1914/2064/2136 1913/2065/2137 1915/2066/2138
f 1899/2064/2139 1900/2063/2140 1898/2066/2141 1897/2065/2142
f 1956/2063/2143 1954/2064/2144 1953/2065/2145 1955/2066/2146
f 1881/2064/2147 1884/2063/2148 1883/2066/2149 1882/2065/2150
f 2140/2063/2151 2138/2064/2152 2137/2065/2153 2139/2066/2154
f 2160/2063/2155 2158/2064/2156 2157/2065/2157 2159/2066/2158
f 2340/2063/2159 2339/2064/2160 2338/2065/2161 2337/2066/2162
f 2295/2064/2163 2296/2063/2164 2294/2066/2165 2293/2065/2166
f 2359/2064/2167 2360/2063/2168 2358/2066/2169 2357/2065/2170
f 2181/2064/2171 2184/2063/2172 2183/2066/2173 2182/2065/2174
f 2192/2063/2175 2191/2064/2176 2190/2065/2177 2189/2066/2178
f 2205/2064/2179 2208/2063/2180 2207/2066/2181 2206/2065/2182
f 2216/2063/2183 2214/2064/2184 2213/2065/2185 2215/2066/2186
f 2132/2063/2187 2131/2064/2188 2130/2065/2189 2129/2066/2190
f 2225/2064/2191 2228/2063/2192 2227/2066/2193 2226/2065/2194
f 1880/2063/2195 1878/2064/2196 1877/2065/2197 1879/2066/2198
f 1967/2064/2199 1968/2063/2200 1966/2066/2201 1965/2065/2202
f 2240/2063/2203 2238/2064/2204 2237/2065/2205 2239/2066/2206
f 2336/2063/2207 2334/2064/2208 2333/2065/2209 2335/2066/2210
f 2084/2063/2211 2082/2064/2212 2081/2065/2213 2083/2066/2214
f 2076/2063/2215 2074/2064/2216 2073/2065/2217 2075/2066/2218
f 1888/2063/2219 1886/2064/2220 1885/2065/2221 1887/2066/2222
f 2068/2063/2223 2066/2064/2224 2065/2065/2225 2067/2066/2226
f 2029/2064/2227 2032/2063/2228 2031/2066/2229 2030/2065/2230
f 2004/2063/2231 2003/2064/2232 2002/2065/2233 2001/2066/2234
f 2343/2064/2235 2344/2063/2236 2342/2066/2237 2341/2065/2238
f 2220/2063/2239 2219/2064/2240 2218/2065/2241 2217/2066/2242
f 2311/2064/2243 2312/2063/2244 2310/2066/2245 2309/2065/2246
f 2280/2063/2247 2278/2064/2248 2277/2065/2249 2279/2066/2250
f 2308/2063/2251 2307/2064/2252 2306/2065/2253 2305/2066/2254
f 2000/2063/2255 1998/2064/2256 1997/2065/2257 1999/2066/2258
f 2248/2063/2259 2246/2064/2260 2245/2065/2261 2247/2066/2262
f 2021/2064/2263 2024/2063/2264 2023/2066/2265 2022/2065/2266
f 1936/2063/2267 1934/2064/2268 1933/2065/2269 1935/2066/2270
f 2329/2064/2271 2332/2063/2272 2331/2066/2273 2330/2065/2274
f 1976/2063/2275 1974/2064/2276 1973/2065/2277 1975/2066/2278
f 2128/2063/2279 2126/2064/2280 2125/2065/2281 2127/2066/2282
f 2108/2063/2283 2106/2064/2284 2105/2065/2285 2107/2066/2286
f 2101/2064/2287 2104/2063/2288 2103/2066/2289 2102/2065/2290
f 2376/2063/2291 2374/2064/2292 2373/2065/2293 2375/2066/2294
f 1957/2064/2295 1960/2063/2296 1959/2066/2297 1958/2065/2298
f 2328/2063/2299 2326/2064/2300 2325/2065/2301 2327/2066/2302
f 1995/2064/2303 1996/2063/2304 1994/2066/2305 1993/2065/2306
f 1908/2063/2307 1906/2064/2308 1905/2065/2309 1907/2066/2310
f 2268/2063/2311 2267/2064/2312 2266/2065/2313 2265/2066/2314
f 2077/2064/2315 2080/2063/2316 2079/2066/2317 2078/2065/2318
f 2112/2063/2319 2111/2064/2320 2110/2065/2321 2109/2066/2322
f 2361/2064/2323 2364/2063/2324 2363/2066/2325 2362/2065/2326
f 2316/2063/2327 2314/2064/2328 2313/2065/2329 2315/2066/2330
f 2345/2064/2331 2348/2063/2332 2347/2066/2333 2346/2065/2334
f 2352/2063/2335 2350/2064/2336 2349/2065/2337 2351/2066/2338
f 2297/2064/2339 2300/2063/2340 2299/2066/2341 2298/2065/2342
f 2200/2063/2343 2198/2064/2344 2197/2065/2345 2199/2066/2346
f 2169/2064/2347 2172/2063/2348 2171/2066/2349 2170/2065/2350
f 2091/2064/2351 2092/2063/2352 2090/2066/2353 2089/2065/2354
f 2368/2063/2355 2366/2064/2356 2365/2065/2357 2367/2066/2358
f 2356/2063/2359 2354/2064/2360 2353/2065/2361 2355/2066/2362
f 1928/2063/2363 1927/2064/2364 1926/2065/2365 1925/2066/2366
f 2007/2064/2367 2008/2063/2368 2006/2066/2369 2005/2065/2370
f 2319/2064/2371 2320/2063/2372 2318/2066/2373 2317/2065/2374
f 2512/2063/1863 2511/2064/1864 2510/2065/1865 2509/2066/1866
f 2501/2064/1899 2504/2063/1900 2503/2066/1901 2502/2065/1902
f 2535/2064/1911 2536/2063/1912 2534/2066/1913 2533/2065/1914
f 2521/2064/1931 2524/2063/1932 2523/2066/1933 2522/2065/1934
f 2407/2064/1955 2408/2063/1956 2406/2066/1957 2405/2065/1958
f 2532/2063/1959 2531/2064/1960 2530/2065/1961 2529/2066/1962
f 2472/2063/1963 2470/2064/1964 2469/2065/1965 2471/2066/1966
f 2400/2063/1971 2398/2064/1972 2397/2065/1973 2399/2066/1974
f 2436/2063/1987 2435/2064/1988 2434/2065/1989 2433/2066/1990
f 2385/2064/2003 2388/2063/2004 2387/2066/2005 2386/2065/2006
f 2393/2064/2015 2396/2063/2016 2395/2066/2017 2394/2065/2018
f 2496/2063/2019 2494/2064/2020 2493/2065/2021 2495/2066/2022
f 2480/2063/2023 2478/2064/2024 2477/2065/2025 2479/2066/2026
f 2425/2064/2027 2428/2063/2028 2427/2066/2029 2426/2065/2030
f 2432/2063/2031 2430/2064/2032 2429/2065/2033 2431/2066/2034
f 2441/2064/2047 2444/2063/2048 2443/2066/2049 2442/2065/2050
f 2424/2063/2051 2422/2064/2052 2421/2065/2053 2423/2066/2054
f 2500/2063/2079 2498/2064/2080 2497/2065/2081 2499/2066/2082
f 2439/2064/2087 2440/2063/2088 2438/2066/2089 2437/2065/2090
f 2516/2063/2103 2514/2064/2104 2513/2065/2105 2515/2066/2106
f 2420/2063/2107 2419/2064/2108 2418/2065/2109 2417/2066/2110
f 2460/2063/2123 2459/2064/2124 2458/2065/2125 2457/2066/2126
f 2487/2064/2127 2488/2063/2128 2486/2066/2129 2485/2065/2130
f 2391/2064/2139 2392/2063/2140 2390/2066/2141 2389/2065/2142
f 2404/2063/2143 2402/2064/2144 2401/2065/2145 2403/2066/2146
f 2465/2064/2171 2468/2063/2172 2467/2066/2173 2466/2065/2174
f 2473/2064/2179 2476/2063/2180 2475/2066/2181 2474/2065/2182
f 2456/2063/2211 2454/2064/2212 2453/2065/2213 2455/2066/2214
f 2448/2063/2215 2446/2064/2216 2445/2065/2217 2447/2066/2218
f 2412/2063/2231 2411/2064/2232 2410/2065/2233 2409/2066/2234
f 2484/2063/2239 2483/2064/2240 2482/2065/2241 2481/2066/2242
f 2508/2063/2247 2506/2064/2248 2505/2065/2249 2507/2066/2250
f 2492/2063/2259 2490/2064/2260 2489/2065/2261 2491/2066/2262
f 2528/2063/2291 2526/2064/2292 2525/2065/2293 2527/2066/2294
f 2449/2064/2315 2452/2063/2316 2451/2066/2317 2450/2065/2318
f 2463/2064/2351 2464/2063/2352 2462/2066/2353 2461/2065/2354
f 2520/2063/2355 2518/2064/2356 2517/2065/2357 2519/2066/2358
f 2415/2064/2367 2416/2063/2368 2414/2066/2369 2413/2065/2370
f 2623/2064/1871 2624/2063/1872 2622/2066/1873 2621/2065/1874
f 2567/2064/1875 2568/2063/1876 2566/2066/1877 2565/2065/1878
f 2553/2064/1883 2556/2063/1884 2555/2066/1885 2554/2065/1886
f 2564/2063/1915 2563/2064/1916 2562/2065/1917 2561/2066/1918
f 2620/2063/1947 2619/2064/1948 2618/2065/1949 2617/2066/1950
f 2596/2063/1967 2594/2064/1968 2593/2065/1969 2595/2066/1970
f 2576/2063/1971 2574/2064/1972 2573/2065/1973 2575/2066/1974
f 2569/2064/1979 2572/2063/1980 2571/2066/1981 2570/2065/1982
f 2632/2063/2007 2630/2064/2008 2629/2065/2009 2631/2066/2010
f 2540/2063/2067 2538/2064/2068 2537/2065/2069 2539/2066/2070
f 2601/2064/2075 2604/2063/2076 2603/2066/2077 2602/2065/2078
f 2605/2064/2083 2608/2063/2084 2607/2066/2085 2606/2065/2086
f 2584/2063/2099 2582/2064/2100 2581/2065/2101 2583/2066/2102
f 2588/2063/2107 2587/2064/2108 2586/2065/2109 2585/2066/2110
f 2545/2064/2119 2548/2063/2120 2547/2066/2121 2546/2065/2122
f 2640/2063/2131 2639/2064/2132 2638/2065/2133 2637/2066/2134
f 2560/2063/2135 2558/2064/2136 2557/2065/2137 2559/2066/2138
f 2616/2063/2155 2614/2064/2156 2613/2065/2157 2615/2066/2158
f 2663/2064/2167 2664/2063/2168 2662/2066/2169 2661/2065/2170
f 2636/2063/2175 2635/2064/2176 2634/2065/2177 2633/2066/2178
f 2544/2063/2195 2542/2064/2196 2541/2065/2197 2543/2066/2198
f 2612/2063/2223 2610/2064/2224 2609/2065/2225 2611/2066/2226
f 2597/2064/2227 2600/2063/2228 2599/2066/2229 2598/2065/2230
f 2589/2064/2263 2592/2063/2264 2591/2066/2265 2590/2065/2266
f 2579/2064/2375 2580/2063/2304 2578/2066/2305 2577/2065/2306
f 2552/2063/2307 2550/2064/2308 2549/2065/2309 2551/2066/2310
f 2644/2063/2327 2642/2064/2328 2641/2065/2329 2643/2066/2330
f 2649/2064/2331 2652/2063/2332 2651/2066/2333 2650/2065/2334
f 2656/2063/2335 2654/2064/2336 2653/2065/2337 2655/2066/2338
f 2625/2064/2347 2628/2063/2348 2627/2066/2349 2626/2065/2350
f 2660/2063/2359 2658/2064/2360 2657/2065/2361 2659/2066/2362
f 2647/2064/2371 2648/2063/2372 2646/2066/2373 2645/2065/2374
o Tree_1.043
v -1.654136 8.181602 3.888762
v -2.069344 8.586913 4.428824
v -1.689904 8.801506 3.396032
v -2.105112 9.206817 3.936095
v 0.104456 8.125873 4.606828
v -0.321413 8.521805 5.145546
v -0.035966 8.697383 4.075789
v -0.461833 9.093315 4.614508
v -0.811004 7.404790 4.073960
v -1.055739 6.712185 4.371861
v -1.667606 6.711638 3.867917
v -1.422872 7.404243 3.570016
v -1.055739 6.712185 4.371861
v -0.811004 7.404790 4.073960
v -1.667606 6.711638 3.867917
v -1.422872 7.404243 3.570016
v -0.222171 8.173379 2.960577
v -0.466906 7.480775 3.258478
v -0.907433 7.866314 3.792929
v -0.662697 8.558919 3.495028
v -1.141409 6.519142 3.852664
v -0.896674 7.211746 3.554763
v -1.581936 6.904681 4.387115
v -1.337201 7.597286 4.089213
v -0.903332 6.854857 3.563235
v -1.647488 7.127087 3.584806
v -0.782176 7.127861 4.297491
v -1.526331 7.400092 4.319062
v -2.439752 7.327389 3.941886
v -1.698435 7.606216 3.909575
v -1.978229 8.347547 3.887489
v -2.719548 8.068718 3.919800
v -1.275302 7.813639 4.237566
v -2.016619 7.534811 4.269877
v -1.555096 8.554970 4.215480
v -2.296415 8.276140 4.247791
v -2.057836 8.541206 4.230292
v -1.844116 8.039677 4.805736
v -1.662144 7.492808 4.261527
v -1.875864 7.994337 3.686084
v -0.966726 8.348272 4.244244
v -0.279679 8.177904 4.020580
v -0.039928 8.841386 4.251660
v -0.726976 9.011753 4.475324
v -2.218917 7.331452 3.259840
v -1.631825 7.352620 2.806010
v -1.429100 8.004045 3.098648
v -2.016192 7.982875 3.552477
v -1.292735 7.198298 2.413023
v -1.879827 7.177129 2.866852
v -1.090010 7.849722 2.705661
v -1.677102 7.828553 3.159490
v -1.232863 7.506120 3.619028
v -0.645772 7.527288 3.165199
v -1.052358 7.882655 2.655799
v -1.639450 7.861487 3.109628
v -0.984862 7.681611 3.558186
v -1.571953 7.660442 4.012015
v -1.391448 8.036977 3.048786
v -1.978540 8.015809 3.502615
v -1.397061 8.307220 3.782710
v -1.252909 7.595312 3.935984
v -1.683757 7.385968 3.368858
v -1.827908 8.097877 3.215584
v -1.595217 7.414350 3.584827
v -1.739370 8.126257 3.431553
v -2.026065 7.205005 3.017701
v -2.170216 7.916914 2.864427
v 0.011642 8.035130 3.775142
v -0.294191 8.069612 3.099595
v -0.636434 7.807806 4.056935
v -0.942267 7.842289 3.381389
v -0.182250 7.448704 2.785628
v 0.123583 7.414221 3.461174
v -0.070195 8.120068 3.584929
v -0.376027 8.154552 2.909383
v -0.211352 7.975102 3.409332
v 0.383927 7.636734 3.122566
v 0.705166 8.296586 3.010816
v 0.109887 8.634953 3.297583
v 0.383927 7.636734 3.122566
v -0.211352 7.975102 3.409332
v 0.705166 8.296586 3.010816
v 0.109887 8.634953 3.297583
v -1.006023 7.112810 2.974058
v -0.337532 7.152367 3.294438
v -0.621977 7.572915 3.836024
v -1.290467 7.533360 3.515644
v -0.989785 7.242534 3.120455
v -1.658275 7.202977 2.800075
v -1.274230 7.663082 3.662040
v -1.942719 7.623527 3.341660
v -1.876817 7.108023 3.267799
v -1.208327 7.147579 3.588179
v -1.055687 7.758037 3.194317
v -1.724177 7.718481 2.873936
v -0.556074 7.057413 3.762162
v -1.224564 7.017856 3.441782
v -0.403434 7.667870 3.368300
v -1.071925 7.628314 3.047920
v -1.081981 7.636281 3.755962
v -0.988781 6.907248 3.651506
v -0.679716 7.041533 2.990044
v -0.772915 7.770567 3.094501
v -0.988781 6.907248 3.651506
v -1.081981 7.636281 3.755962
v -0.679716 7.041533 2.990044
v -0.772915 7.770567 3.094501
v -0.356927 7.539050 5.128056
v -1.035233 7.840394 5.141361
v -0.055310 8.216262 5.166777
v -0.733618 8.517605 5.180082
v -1.018575 7.629524 3.901077
v -1.683592 7.432793 3.636242
v -1.009666 8.214518 3.444143
v -1.674680 8.017788 3.179309
v -1.646325 8.095672 3.882600
v -1.419430 7.390328 3.836810
v -1.179933 7.512294 3.144819
v -1.406829 8.217635 3.190609
v -1.419430 7.390328 3.836810
v -1.646325 8.095672 3.882600
v -1.179933 7.512294 3.144819
v -1.406829 8.217635 3.190609
v -1.210712 8.543587 2.748898
v -1.216775 7.887785 2.869670
v -1.883516 7.895721 2.879284
v -1.877453 8.551523 2.758513
v -0.874467 8.068748 3.220827
v -0.868404 8.724549 3.100055
v -1.541207 8.076684 3.230442
v -1.535145 8.732486 3.109670
v -2.269334 7.536636 3.730990
v -1.805580 7.445703 3.260499
v -1.326420 7.525413 3.717393
v -1.790177 7.616345 4.187883
v -0.684411 9.171402 4.582267
v -0.137539 8.857848 4.364745
v -0.264887 9.066221 3.744211
v -0.811760 9.379775 3.961733
v -0.137539 8.857848 4.364745
v -0.684411 9.171402 4.582267
v -0.264887 9.066221 3.744211
v -0.811760 9.379775 3.961733
v -0.568214 9.550800 4.327501
v -0.021342 9.237247 4.109979
v -0.381084 8.686825 3.998977
v -0.927955 9.000377 4.216499
v -1.283918 7.328677 3.531788
v -1.303359 7.993339 3.481313
v -1.929683 7.297376 3.368367
v -1.949127 7.962037 3.317891
v -1.543618 7.955630 3.077326
v -1.524173 7.290971 3.127802
v -1.689425 7.335085 3.772353
v -1.708870 7.999744 3.721877
v -0.264140 8.165337 1.981160
v -0.283585 8.829996 1.930684
v -0.429393 8.209451 2.625711
v -0.448837 8.874110 2.575235
v -2.075092 7.689690 3.304235
v -1.501615 7.680629 2.964026
v -1.161840 7.733956 3.535348
v -1.735316 7.743016 3.875558
v -1.162524 7.526307 2.571039
v -1.736001 7.535367 2.911248
v -0.822750 7.579634 3.142361
v -1.396226 7.588694 3.482571
v -0.281404 8.545585 5.640268
v 0.273685 8.199318 5.511129
v 0.315842 8.490150 4.912514
v -0.239246 8.836417 5.041653
v 0.273685 8.199318 5.511129
v -0.281404 8.545585 5.640268
v 0.315842 8.490150 4.912514
v -0.239246 8.836417 5.041653
v -0.761837 8.626193 4.940793
v -0.206751 8.279926 4.811654
v -0.573901 7.789807 4.547678
v -1.128989 8.136073 4.676817
v 0.196962 8.627935 4.904005
v -0.358124 8.974202 5.033144
v -0.170188 8.137816 4.640029
v -0.725277 8.484083 4.769168
v -0.486754 7.577761 2.981404
v -0.425120 6.956740 2.746382
v -0.814109 7.114261 2.228140
v -0.875742 7.735282 2.463162
v -0.425120 6.956740 2.746382
v -0.486754 7.577761 2.981404
v -0.814109 7.114261 2.228140
v -0.875742 7.735282 2.463162
v -0.412181 7.749016 2.548437
v -0.350548 7.127995 2.313415
v -0.888682 6.943006 2.661107
v -0.950316 7.564025 2.896129
v -0.350548 7.127995 2.313415
v -0.412181 7.749016 2.548437
v -0.888682 6.943006 2.661107
v -0.950316 7.564025 2.896129
v -0.931651 7.519496 2.261822
v -0.276075 7.538920 2.382419
v -0.381539 7.296729 2.994727
v -1.037113 7.277305 2.874130
v 0.312672 7.786938 2.574107
v -0.342904 7.767515 2.453510
v 0.207208 7.544746 3.186414
v -0.448366 7.525323 3.065818
v 0.150146 8.366785 5.260467
v 0.761749 8.201705 5.052162
v 0.808192 8.782679 4.728106
v 0.196589 8.947760 4.936411
v 0.514689 7.853349 4.575926
v -0.096914 8.018430 4.784231
v 0.561133 8.434324 4.251870
v -0.050470 8.599404 4.460176
v -0.346555 8.102257 4.802018
v 0.265046 7.937175 4.593712
v 0.003349 7.654479 4.049381
v -0.608253 7.819560 4.257687
v 0.265046 7.937175 4.593712
v -0.346555 8.102257 4.802018
v 0.003349 7.654479 4.049381
v -0.608253 7.819560 4.257687
v 0.203788 8.653694 4.309739
v 0.355997 8.442781 4.923781
v 0.138109 7.832074 4.768023
v -0.014100 8.042987 4.153980
v 0.355997 8.442781 4.923781
v 0.203788 8.653694 4.309739
v 0.138109 7.832074 4.768023
v -0.014100 8.042987 4.153980
v -0.031926 6.987465 4.066987
v -0.247506 7.580718 4.282103
v -0.032730 7.214528 3.439977
v -0.248308 7.807784 3.655093
v -0.537869 8.211984 4.731078
v -0.322290 7.618730 4.515960
v -0.953341 7.415773 4.443272
v -1.168920 8.009027 4.658388
v -0.322290 7.618730 4.515960
v -0.537869 8.211984 4.731078
v -0.953341 7.415773 4.443272
v -1.168920 8.009027 4.658388
v -0.767732 8.033762 4.165324
v -0.320943 8.016715 4.660085
v -0.766594 7.712645 5.052049
v -1.213384 7.729692 4.557287
v -0.282486 8.169603 4.487571
v -0.684496 8.675642 4.651929
v -0.812779 7.805301 4.312152
v -1.214789 8.311338 4.476510
v -0.772826 7.033068 4.588908
v -0.582420 7.799130 4.516527
v -1.216779 7.081536 3.934004
v -1.026373 7.847596 3.861623
v -0.490153 7.724438 3.968733
v -0.680559 6.958378 4.041114
v -1.309046 7.156227 4.481799
v -1.118640 7.922287 4.409418
v -0.680559 6.958378 4.041114
v -0.490153 7.724438 3.968733
v -1.309046 7.156227 4.481799
v -1.118640 7.922287 4.409418
v -1.194480 7.551210 3.754940
v -0.436152 7.377038 3.906416
v -0.566637 7.482667 4.681115
v -1.324965 7.656839 4.529639
v -0.436152 7.377038 3.906416
v -1.194480 7.551210 3.754940
v -0.566637 7.482667 4.681115
v -1.324965 7.656839 4.529639
v -1.622890 7.733446 4.592128
v -2.284783 7.373236 4.346187
v -2.011948 8.423089 4.629121
v -2.673841 8.062879 4.383179
v -2.489661 8.349792 4.489217
v -2.353971 7.754942 4.995266
v -1.939449 7.374489 4.436902
v -2.075141 7.969338 3.930853
v -0.423750 9.561594 4.381420
v -0.124265 9.068333 3.837964
v -0.851667 8.790740 3.689064
v -1.151152 9.284002 4.232520
v -0.927748 8.339171 3.346907
v -0.253440 8.531740 3.103365
v -0.254332 9.115248 3.562281
v -0.928639 8.922677 3.805823
v -0.253440 8.531740 3.103365
v -0.927748 8.339171 3.346907
v -0.254332 9.115248 3.562281
v -0.928639 8.922677 3.805823
v -1.176668 8.074635 3.749141
v -0.502361 8.267205 3.505599
v -0.812837 8.683764 2.975345
v -1.487144 8.491195 3.218887
v -0.509274 7.979277 3.568908
v -1.183582 7.786706 3.812450
v -0.819749 8.395836 3.038655
v -1.494056 8.203267 3.282196
v -1.062812 8.772545 3.711100
v -0.842644 8.065391 3.761544
v -1.061553 7.947341 3.062095
v -1.281722 8.654495 3.011652
v -0.842644 8.065391 3.761544
v -1.062812 8.772545 3.711100
v -1.061553 7.947341 3.062095
v -1.281722 8.654495 3.011652
v 0.213488 8.328169 4.723419
v 0.099364 8.485003 4.006855
v -0.127080 8.959125 4.915758
v -0.241204 9.115959 4.199193
v 0.215548 8.291595 4.253646
v -0.484659 8.484387 4.407361
v 0.434118 8.991109 4.371938
v -0.266087 9.183902 4.525653
v -1.050184 6.608869 3.542956
v -0.510105 6.647357 4.050816
v -0.998821 6.894904 4.551776
v -1.538900 6.856417 4.043917
v -0.510105 6.647357 4.050816
v -1.050184 6.608869 3.542956
v -0.998821 6.894904 4.551776
v -1.538900 6.856417 4.043917
v -0.826154 6.421729 4.404013
v -1.366232 6.383242 3.896153
v -0.682773 7.120531 4.198579
v -1.222851 7.082044 3.690720
v -0.749582 7.884714 3.756627
v -0.505393 7.215543 3.547658
v -0.058431 7.534628 3.048161
v -0.302621 8.203798 3.257131
v -0.505393 7.215543 3.547658
v -0.749582 7.884714 3.756627
v -0.058431 7.534628 3.048161
v -0.302621 8.203798 3.257131
v -0.489121 7.858236 4.370722
v -0.684592 7.645159 5.054444
v -1.289410 7.314752 4.778563
v -1.093941 7.527828 4.094841
v -1.474791 7.323809 4.831577
v -0.775945 7.112182 4.965418
v -0.619447 7.791077 5.221731
v -1.318295 8.002704 5.087890
v -0.775945 7.112182 4.965418
v -1.474791 7.323809 4.831577
v -0.619447 7.791077 5.221731
v -1.318295 8.002704 5.087890
v -0.495164 8.249967 3.945738
v -1.019320 8.047091 3.460776
v -1.020069 8.489303 4.412942
v -1.544225 8.286427 3.927979
v -0.875310 8.688820 3.488342
v -0.488725 8.388429 3.035553
v -0.645438 8.858869 2.589652
v -1.032023 9.159260 3.042441
v -0.149634 8.234106 2.642566
v -0.536220 8.534498 3.095355
v -0.306348 8.704546 2.196665
v -0.692933 9.004937 2.649454
v -1.081713 8.251159 3.480536
v -1.004917 7.588892 3.466183
v -1.640364 7.519321 3.276275
v -1.717163 8.181585 3.290627
v -1.004917 7.588892 3.466183
v -1.081713 8.251159 3.480536
v -1.640364 7.519321 3.276275
v -1.717163 8.181585 3.290627
v -1.305887 8.234145 3.066039
v -1.229090 7.571879 3.051686
v -1.416193 7.536331 3.690771
v -1.492989 8.198598 3.705123
v -1.229090 7.571879 3.051686
v -1.305887 8.234145 3.066039
v -1.416193 7.536331 3.690771
v -1.492989 8.198598 3.705123
v -1.818048 7.902271 3.245555
v -1.236417 7.976601 2.927940
v -0.919390 8.000659 3.514126
v -1.501020 7.926331 3.831741
v -1.236417 7.976601 2.927940
v -1.818048 7.902271 3.245555
v -0.919390 8.000659 3.514126
v -1.501020 7.926331 3.831741
v -0.838014 8.550409 3.397630
v -0.716611 7.898891 3.323566
v -1.278803 7.834238 2.970777
v -1.400205 8.485757 3.044841
v -0.716611 7.898891 3.323566
v -0.838014 8.550409 3.397630
v -1.278803 7.834238 2.970777
v -1.400205 8.485757 3.044841
v -0.950363 8.581415 2.940721
v -0.828960 7.929897 2.866657
v -1.166454 7.803232 3.427687
v -1.287857 8.454750 3.501751
v -0.828960 7.929897 2.866657
v -0.950363 8.581415 2.940721
v -1.166454 7.803232 3.427687
v -1.287857 8.454750 3.501751
v -0.889463 7.836562 2.453003
v -0.253288 7.971845 2.305756
v -0.094403 7.927996 2.951923
v -0.730577 7.792713 3.099171
v -0.831905 8.347041 2.794903
v -1.468078 8.211759 2.942151
v -0.673019 8.303191 3.441070
v -1.309192 8.167909 3.588318
v 0.539592 8.628303 2.730637
v 0.770039 8.090421 2.410830
v 0.199354 7.769957 2.538593
v -0.031091 8.307839 2.858401
v 0.430949 8.244743 2.803817
v 0.200502 8.782625 3.123624
v -0.139736 7.924279 2.931580
v -0.370182 8.462162 3.251388
v 0.164887 8.415222 2.262801
v 0.749963 8.479520 2.576254
v 0.527969 8.090613 3.070390
v -0.057106 8.026316 2.756938
v 0.346251 8.131511 2.483903
v -0.238825 8.067213 2.170451
v 0.124257 7.742604 2.978039
v -0.460819 7.678306 2.664587
v -0.039105 7.808694 5.305243
v -0.703294 7.850640 5.347609
v -0.009896 8.450760 5.127478
v -0.674086 8.492704 5.169843
v -0.386264 8.278778 5.695269
v -0.402360 8.608903 5.116081
v -0.443668 7.700886 5.367478
v -0.459764 8.031012 4.788291
v -0.696411 8.218160 5.214592
v -0.330383 7.719752 4.964964
v -0.202430 8.085535 4.422257
v -0.568460 8.583941 4.671884
v -0.330383 7.719752 4.964964
v -0.696411 8.218160 5.214592
v -0.202430 8.085535 4.422257
v -0.568460 8.583941 4.671884
v -0.361164 8.526044 5.091439
v 0.004863 8.027637 4.841812
v -0.537676 7.777650 4.545410
v -0.903706 8.276056 4.795036
v -0.064153 6.649749 4.709863
v -0.430180 7.148156 4.959491
v -0.606692 6.399762 4.413461
v -0.972722 6.898168 4.663087
v -0.464563 7.082448 4.327686
v -0.171405 7.000568 4.921027
v -0.645515 6.565152 5.095190
v -0.938675 6.647032 4.501849
v -0.171405 7.000568 4.921027
v -0.464563 7.082448 4.327686
v -0.645515 6.565152 5.095190
v -0.938675 6.647032 4.501849
v 0.173274 8.403997 1.956937
v 0.111085 7.750982 2.076950
v -0.503740 7.762117 1.818943
v -0.441549 8.415133 1.698930
v -0.955987 7.835405 2.971169
v -0.893798 8.488420 2.851155
v -1.570812 7.846539 2.713161
v -1.508622 8.499556 2.593149
v -1.075886 8.426634 2.420602
v -1.138076 7.773617 2.540615
v -1.388723 7.908327 3.143715
v -1.326534 8.561342 3.023701
v -0.552547 7.686350 1.988158
v -0.490357 8.339366 1.868146
v -0.803194 7.821060 2.591259
v -0.741005 8.474075 2.471245
v -0.732995 8.334351 2.386419
v -0.121014 8.231223 2.142402
v 0.136498 8.318604 2.751296
v -0.475483 8.421731 2.995314
v -0.463322 8.050261 1.791245
v -1.075303 8.153388 2.035262
v -0.205810 8.137641 2.400139
v -0.817791 8.240768 2.644157
v 0.734843 7.518294 2.922023
v 0.490108 6.825690 3.219924
v 0.049581 7.211229 3.754375
v 0.294317 7.903834 3.456474
v 0.122699 7.577660 3.656630
v -0.621458 7.849890 3.678202
v 0.243854 7.850664 4.390886
v -0.500301 8.122895 4.412458
v -0.618157 6.670072 3.229318
v -0.031066 6.691241 2.775488
v -0.437652 7.046607 2.266089
v -1.024744 7.025439 2.719918
v 0.304347 7.807197 2.574290
v -0.282744 7.786027 3.028119
v -0.102239 8.162562 2.064890
v -0.689331 8.141395 2.518719
v 0.968657 7.380044 3.736589
v 0.662823 7.414526 3.061042
v 0.320581 7.152721 4.018382
v 0.014748 7.187204 3.342835
v 1.178478 7.141628 2.839425
v 1.484310 7.107145 3.514972
v 1.290533 7.812993 3.638727
v 0.984700 7.847476 2.963181
v 0.745662 7.320017 3.370779
v 1.340942 6.981649 3.084013
v 1.662181 7.641501 2.972263
v 1.066901 7.979869 3.259030
v 1.340942 6.981649 3.084013
v 0.745662 7.320017 3.370779
v 1.662181 7.641501 2.972263
v 1.066901 7.979869 3.259030
v 0.037250 7.630052 3.744902
v -0.055951 8.359084 3.849357
v 0.346315 7.764337 3.083440
v 0.253115 8.493370 3.187896
v -0.689310 7.440587 3.844047
v -0.462416 6.735243 3.798257
v -0.222919 6.857209 3.106265
v -0.449815 7.562551 3.152055
v -0.462416 6.735243 3.798257
v -0.689310 7.440587 3.844047
v -0.222919 6.857209 3.106265
v -0.449815 7.562551 3.152055
v -1.735452 6.674128 3.364445
v -1.271698 6.583195 2.893954
v -0.792538 6.662906 3.350848
v -1.256295 6.753838 3.821339
v -0.600196 7.870517 3.274026
v -0.619637 8.535179 3.223551
v -1.245961 7.839216 3.110605
v -1.265405 8.503877 3.060129
v -0.254408 8.081216 2.093430
v -0.234963 7.416556 2.143906
v -0.400216 7.460670 2.788456
v -0.419660 8.125330 2.737980
v -0.626774 6.935774 2.404977
v -0.646219 7.600433 2.354501
v -0.792026 6.979888 3.049528
v -0.811471 7.644548 2.999052
v -0.197135 8.063293 2.512027
v 0.376342 8.054233 2.171817
v 0.716117 8.107560 2.743140
v 0.142641 8.116619 3.083350
v 0.040929 6.938277 2.373016
v -0.532548 6.947338 2.713226
v 0.380704 6.991604 2.944339
v -0.192773 7.000664 3.284549
v 0.413863 7.557850 3.002723
v 0.475497 6.936829 2.767701
v 0.086508 7.094349 2.249459
v 0.024875 7.715371 2.484481
v 0.600910 7.679543 2.839778
v 0.539277 8.300564 3.074800
v 0.211921 7.837064 2.321536
v 0.150288 8.458085 2.556557
v 0.613850 8.471819 2.641833
v 0.675483 7.850798 2.406810
v 0.137348 7.665809 2.754503
v 0.075715 8.286828 2.989525
v 0.675483 7.850798 2.406810
v 0.613850 8.471819 2.641833
v 0.137348 7.665809 2.754503
v 0.075715 8.286828 2.989525
v 0.094379 8.242300 2.355217
v 0.749955 8.261724 2.475815
v 0.644491 8.019532 3.088122
v -0.011083 8.000108 2.967525
v 0.749955 8.261724 2.475815
v 0.094379 8.242300 2.355217
v 0.644491 8.019532 3.088122
v -0.011083 8.000108 2.967525
v 0.184060 7.767559 3.802939
v 0.858366 7.960129 3.559396
v 0.547890 8.376688 3.029143
v -0.126417 8.184119 3.272685
v 0.105432 7.143229 3.179197
v -0.568876 6.950659 3.422740
v -0.205043 7.559789 2.648944
v -0.879350 7.367220 2.892486
v -0.024153 7.331672 3.636351
v 0.515926 7.370160 4.144211
v 0.027209 7.617707 4.645172
v -0.512870 7.579220 4.137312
v 0.390512 6.627446 4.072134
v -0.149567 6.588957 3.564275
v -0.098204 6.874993 4.573095
v -0.638283 6.836506 4.065236
v 0.276448 8.607517 3.850023
v 0.520638 7.938346 3.641054
v 0.967599 8.257432 3.141557
v 0.723409 8.926601 3.350527
v -0.153865 6.976713 4.235240
v -0.398055 7.645884 4.444208
v 0.293096 7.295799 3.735743
v 0.048906 7.964969 3.944712
v 1.211092 7.927031 2.696363
v 0.824507 8.227423 3.149152
v 1.054379 8.397470 2.250463
v 0.667794 8.697863 2.703252
v -0.047903 6.933807 3.427629
v -0.124698 7.596074 3.441982
v -0.683350 6.864236 3.237721
v -0.760149 7.526501 3.252074
v -0.272076 6.916794 3.013133
v -0.348873 7.579061 3.027486
v -0.459179 6.881247 3.652217
v -0.535974 7.543513 3.666570
v 0.119001 7.895324 3.359077
v 0.240404 7.243806 3.285013
v -0.321789 7.179153 2.932224
v -0.443191 7.830672 3.006288
v 0.240404 7.243806 3.285013
v 0.119001 7.895324 3.359077
v -0.321789 7.179153 2.932224
v -0.443191 7.830672 3.006288
v -0.521196 6.933460 2.222762
v 0.114979 7.068742 2.075515
v 0.273865 7.024893 2.721682
v -0.362310 6.889610 2.868930
v 1.496606 7.973218 2.692084
v 1.727054 7.435335 2.372277
v 1.156369 7.114872 2.500040
v 0.925923 7.652754 2.819847
v 1.387964 7.589658 2.765264
v 1.157516 8.127541 3.085071
v 0.817279 7.269194 2.893027
v 0.586833 7.807076 3.212834
v 1.121902 7.760138 2.224248
v 1.706978 7.824435 2.537700
v 1.484984 7.435528 3.031837
v 0.899908 7.371230 2.718385
v 1.706978 7.824435 2.537700
v 1.121902 7.760138 2.224248
v 1.484984 7.435528 3.031837
v 0.899908 7.371230 2.718385
v 0.247467 7.247375 2.773146
v 0.309655 7.900391 2.653133
v -0.367358 7.258510 2.515139
v -0.305168 7.911525 2.395126
v 0.127567 7.838604 2.222579
v 0.065378 7.185587 2.342592
v -0.185269 7.320298 2.945692
v -0.123080 7.973313 2.825679
v 0.404468 7.031265 1.949605
v 0.466657 7.684281 1.829592
v 0.153821 7.165975 2.552705
v 0.216010 7.818990 2.432691
v -0.118288 7.498302 1.996708
v 0.493692 7.395175 1.752692
v 0.751205 7.482556 2.361586
v 0.139223 7.585683 2.605604
v 0.493692 7.395175 1.752692
v -0.118288 7.498302 1.996708
v 0.751205 7.482556 2.361586
v 0.139223 7.585683 2.605604
v -2.224281 8.061234 4.242299
v -1.637189 8.082401 3.788470
v -1.434464 8.733827 4.081107
v -2.021556 8.712656 4.534936
v -1.332535 8.230430 4.189488
v -1.919626 8.209261 4.643317
v -1.739120 8.585796 3.680088
v -2.326212 8.564629 4.133917
v -2.319775 7.448511 4.118324
v -2.313712 8.104313 3.997552
v -2.986516 7.456447 4.127938
v -2.980453 8.112248 4.007166
v -2.697831 8.058994 4.385458
v -2.234076 7.968061 3.914967
v -1.754917 8.047771 4.371861
v -2.218674 8.138704 4.842351
v -2.108595 8.587012 4.494551
v -1.972906 7.992163 5.000599
v -1.558384 7.611710 4.442235
v -1.694076 8.206558 3.936187
v -0.647620 8.667603 3.721401
v -1.321928 8.475035 3.964943
v -0.648512 9.251110 4.180317
v -1.322818 9.058540 4.423859
v -1.456992 8.908408 4.329136
v -1.236823 8.201254 4.379580
v -1.455732 8.083204 3.680131
v -1.675902 8.790358 3.629688
v -1.773578 7.883430 5.470828
v -1.147740 7.825115 5.693595
v -1.049955 8.476483 5.589396
v -1.675795 8.534799 5.366629
v -0.507628 7.255534 5.486606
v -1.133467 7.313850 5.263839
v -0.409844 7.906903 5.382406
v -1.035684 7.965218 5.159639
v -1.025688 8.266383 5.431038
v -1.651526 8.324700 5.208272
v -0.817207 8.135931 4.811186
v -1.443046 8.194246 4.588418
v -1.444369 8.328392 5.425754
v -1.227807 8.696733 4.913772
v -1.366094 7.775559 5.061131
v -1.149533 8.143901 4.549150
vn 0.2553 0.8604 0.4411
vn 0.3849 0.9110 0.1479
vn 0.2815 0.9337 -0.2215
vn 0.0044 0.9096 -0.4155
vn 0.0977 0.2754 -0.9564
vn 0.1478 -0.0424 -0.9881
vn -0.0282 -0.3778 -0.9255
vn -0.3200 -0.4992 -0.8052
vn 0.8570 -0.3192 -0.4046
vn 0.7128 -0.1809 -0.6776
vn 0.9784 0.0117 0.2064
vn 0.9691 -0.2442 -0.0352
vn 0.8597 -0.0062 0.5107
vn 0.6607 0.1701 0.7311
vn 0.5132 -0.3697 0.7746
vn 0.7651 -0.3395 0.5472
vn 0.3330 0.2702 0.9034
vn -0.2111 0.6032 0.7692
vn -0.0726 -0.6882 0.7219
vn 0.3684 -0.2847 0.8850
vn -0.5686 -0.7844 -0.2478
vn -0.8924 -0.2379 -0.3835
vn 0.3059 -0.5388 -0.7849
vn -0.0584 -0.8978 -0.4366
vn 0.0792 0.1581 0.9842
vn -0.4357 0.4878 0.7564
vn -0.2050 -0.7805 0.5905
vn 0.1544 -0.3882 0.9086
vn -0.5403 -0.1134 -0.8338
vn -0.9002 0.2016 -0.3860
vn 0.2869 0.5427 -0.7894
vn -0.0364 0.0576 -0.9977
vn 0.1628 0.2683 -0.9495
vn -0.3867 0.5477 -0.7419
vn 0.7730 0.6136 -0.1609
vn 0.6517 0.3163 -0.6894
vn 0.4801 -0.8692 0.1181
vn 0.4125 -0.7966 0.4418
vn 0.0064 -0.9148 -0.4038
vn 0.3162 -0.9188 -0.2361
vn -0.6021 -0.7979 -0.0272
vn -0.6018 -0.7436 0.2912
vn -0.6931 -0.4711 0.5456
vn -0.8164 -0.1567 0.5558
vn -0.8695 -0.4278 0.2471
vn -0.9888 0.1460 -0.0324
vn -0.2606 -0.8102 -0.5251
vn -0.5610 -0.8277 0.0154
vn -0.1868 0.8462 -0.4991
vn 0.3862 0.7757 -0.4992
vn 0.6785 0.3679 -0.6359
vn 0.5563 -0.1495 -0.8174
vn -0.5942 -0.7277 0.3426
vn -0.9485 -0.1862 0.2562
vn -0.1868 -0.7518 -0.6324
vn -0.2805 -0.9583 -0.0553
vn 0.9977 0.0558 -0.0393
vn 0.9400 0.2213 0.2596
vn 0.8728 -0.3282 0.3613
vn 0.9584 -0.2835 0.0333
vn -0.5394 -0.2837 -0.7928
vn -0.6152 -0.5231 -0.5899
vn -0.7763 -0.5802 -0.2464
vn -0.9142 -0.4053 0.0074
vn -0.2846 0.4609 -0.8406
vn -0.1860 -0.0903 -0.9784
vn -0.3629 -0.5303 -0.7662
vn -0.6950 -0.6397 -0.3282
vn 0.6542 -0.5359 -0.5338
vn 0.4511 -0.4292 -0.7825
vn 0.9900 -0.1208 -0.0729
vn 0.8798 -0.4125 -0.2363
vn -0.4230 -0.8320 -0.3589
vn -0.5179 -0.8539 -0.0509
vn -0.7205 -0.6605 0.2114
vn -0.8952 -0.3731 0.2439
vn -0.8948 0.2420 0.3751
vn -0.6257 -0.0719 0.7767
vn -0.1537 -0.0212 0.9879
vn 0.2695 0.3365 0.9023
vn 0.8866 -0.4458 0.1228
vn 0.9726 -0.2096 -0.1008
vn 0.5761 -0.3357 0.7453
vn 0.7217 -0.5040 0.4744
vn 0.5396 0.8325 0.1254
vn 0.6223 0.7617 -0.1806
vn 0.4625 0.7132 -0.5268
vn 0.1575 0.7203 -0.6756
vn -0.4980 0.3270 0.8031
vn 0.0415 0.2052 0.9778
vn 0.5012 0.3581 0.7878
vn 0.6500 0.6754 0.3484
vn 0.3336 0.9039 0.2676
vn 0.4378 0.7108 0.5506
vn 0.7197 0.5482 0.4261
vn 0.7559 0.6481 0.0927
vn -0.1935 0.5567 0.8079
vn 0.3563 0.3779 0.8546
vn 0.7517 0.4085 0.5177
vn 0.7963 0.6049 -0.0071
vn 0.9553 0.2693 -0.1218
vn 0.9092 0.3604 0.2088
vn 0.9595 -0.1996 0.1988
vn 0.9899 -0.0778 -0.1188
vn -0.7751 -0.1742 -0.6074
vn -0.9459 0.2788 -0.1658
vn 0.0955 0.3229 -0.9416
vn -0.3278 -0.1288 -0.9359
vn 0.6445 -0.7561 -0.1136
vn 0.6098 -0.7607 0.2224
vn 0.1219 -0.8012 -0.5858
vn 0.4462 -0.7719 -0.4528
vn 0.4712 0.8705 0.1424
vn 0.5115 0.8406 -0.1782
vn 0.3050 0.8100 -0.5009
vn -0.0184 0.7982 -0.6021
vn 0.9357 0.3147 0.1594
vn 0.8027 0.3592 0.4760
vn 0.8907 -0.1928 0.4117
vn 0.9912 -0.0287 0.1293
vn 0.6173 0.3753 0.6915
vn 0.0991 0.7666 0.6345
vn 0.0708 -0.5139 0.8549
vn 0.5829 -0.1704 0.7945
vn 0.1596 0.4436 0.8819
vn 0.1907 0.1005 0.9765
vn 0.5093 0.0227 0.8603
vn 0.6346 0.3110 0.7076
vn 0.9671 -0.0591 0.2476
vn 0.8647 0.1882 0.4658
vn 0.6773 -0.2989 0.6723
vn 0.8509 -0.3574 0.3850
vn 0.1913 -0.6294 0.7532
vn 0.2440 -0.8472 0.4719
vn 0.5595 -0.7452 0.3628
vn 0.6618 -0.4837 0.5728
vn 0.3284 -0.0484 0.9433
vn -0.0111 -0.0758 0.9971
vn 0.1645 -0.5723 0.8034
vn 0.4302 -0.3606 0.8276
vn -0.1488 -0.9888 0.0117
vn -0.4251 -0.8884 -0.1732
vn 0.0204 -0.8562 -0.5162
vn 0.1210 -0.9703 -0.2096
vn 0.2736 0.2920 -0.9165
vn 0.5950 0.2415 -0.7666
vn 0.6236 -0.1058 -0.7745
vn 0.3282 -0.2291 -0.9164
vn -0.3404 -0.9364 0.0849
vn -0.0428 -0.9936 -0.1048
vn 0.2034 -0.9690 0.1400
vn 0.0409 -0.8967 0.4408
vn 0.9695 0.1703 -0.1762
vn 0.9437 0.2972 0.1450
vn 0.9456 -0.2637 0.1904
vn 0.9744 -0.1768 -0.1389
vn -0.7031 0.5825 -0.4080
vn -0.5997 0.1561 -0.7848
vn -0.5930 -0.3600 -0.7202
vn -0.6672 -0.6929 -0.2733
vn 0.4402 0.8008 0.4061
vn 0.6693 0.7173 0.1939
vn 0.7205 0.6688 -0.1834
vn 0.5482 0.6894 -0.4735
vn 0.3206 -0.2255 0.9200
vn 0.2024 0.0845 0.9757
vn -0.0389 -0.7643 0.6437
vn 0.2256 -0.5807 0.7822
vn -0.8553 -0.4547 0.2484
vn -0.6619 -0.5724 0.4841
vn -0.4406 -0.4517 0.7758
vn -0.3404 -0.1621 0.9262
vn -0.2831 -0.1203 0.9515
vn -0.6288 0.3648 0.6867
vn -0.5058 -0.8372 0.2081
vn -0.2505 -0.6313 0.7340
vn 0.2625 0.1752 -0.9489
vn 0.5842 0.1113 -0.8039
vn 0.5827 -0.2364 -0.7775
vn 0.2725 -0.3465 -0.8976
vn 0.8412 0.4973 0.2121
vn 0.8158 0.2890 0.5010
vn 0.9255 -0.0174 0.3783
vn 0.9988 0.0294 0.0401
vn 0.8218 -0.5372 0.1898
vn 0.6814 -0.7304 -0.0472
vn 0.9804 0.1469 0.1310
vn 0.9472 -0.1735 0.2695
vn 0.3337 0.8242 0.4576
vn 0.3510 0.5894 0.7276
vn 0.6401 0.4113 0.6489
vn 0.7630 0.5440 0.3492
vn 0.7043 0.4435 0.5543
vn 0.7152 0.1106 0.6901
vn 0.8945 -0.0587 0.4432
vn 0.9665 0.1724 0.1902
vn 0.1252 -0.8485 -0.5142
vn 0.1225 -0.6212 -0.7741
vn 0.6239 -0.5785 -0.5255
vn 0.4402 -0.8188 -0.3685
vn -0.6631 -0.6904 0.2893
vn -0.9585 -0.2647 -0.1060
vn 0.1326 -0.9211 -0.3661
vn -0.1999 -0.9675 0.1547
vn -0.7396 0.5586 -0.3755
vn -0.5882 0.1831 -0.7877
vn -0.5377 -0.3343 -0.7741
vn -0.5948 -0.7159 -0.3656
vn 0.0337 -0.0204 0.9992
vn -0.2345 -0.2317 0.9441
vn 0.2308 -0.5224 0.8209
vn 0.3176 -0.2089 0.9249
vn 0.5728 -0.8178 -0.0550
vn 0.5502 -0.7863 0.2810
vn 0.0305 -0.8626 -0.5049
vn 0.3613 -0.8492 -0.3852
vn -0.6584 0.5788 -0.4812
vn -0.3844 0.2668 -0.8838
vn -0.3050 -0.2460 -0.9201
vn -0.4369 -0.6804 -0.5884
vn 0.6815 -0.1443 0.7174
vn 0.5830 0.1683 0.7949
vn 0.2635 -0.7078 0.6554
vn 0.5537 -0.5108 0.6577
vn 0.0165 0.0588 -0.9981
vn 0.3603 -0.0177 -0.9327
vn 0.3459 -0.3596 -0.8666
vn 0.0096 -0.4540 -0.8909
vn -0.3526 0.8564 -0.3770
vn 0.1379 0.7394 -0.6590
vn 0.2940 0.3084 -0.9047
vn 0.0619 -0.1982 -0.9782
vn 0.5407 0.8370 -0.0838
vn 0.4945 0.7728 -0.3979
vn 0.2101 0.7284 -0.6521
vn -0.1282 0.7345 -0.6664
vn 0.2803 -0.8930 0.3521
vn 0.0543 -0.8083 0.5863
vn 0.1659 -0.9251 -0.3416
vn 0.3324 -0.9425 -0.0339
vn -0.1244 0.6096 -0.7829
vn 0.1026 0.1206 -0.9874
vn -0.0448 -0.3738 -0.9264
vn -0.4579 -0.6192 -0.6379
vn -0.0408 -0.6822 -0.7300
vn -0.5899 -0.3334 -0.7355
vn 0.6188 0.1400 -0.7730
vn 0.4675 -0.4590 -0.7555
vn 0.1694 0.6380 0.7512
vn 0.4055 0.7305 0.5494
vn 0.4540 0.8695 0.1947
vn 0.2712 0.9595 -0.0759
vn 0.8849 -0.3596 0.2961
vn 0.9850 -0.0694 0.1581
vn 0.4042 -0.4336 0.8054
vn 0.6444 -0.5165 0.5639
vn 0.6163 0.5436 -0.5698
vn 0.7461 0.2519 -0.6164
vn 0.6536 -0.0951 -0.7509
vn 0.3903 -0.2599 -0.8833
vn 0.2708 -0.8443 0.4624
vn 0.1368 -0.6780 0.7222
vn -0.0496 -0.9878 -0.1476
vn 0.1986 -0.9750 0.0994
vn 0.1822 -0.9026 -0.3900
vn 0.5016 -0.7479 -0.4347
vn 0.6342 -0.7648 -0.1132
vn 0.3923 -0.9155 0.0890
vn 0.1212 0.5859 0.8013
vn -0.1638 0.9303 0.3283
vn -0.5691 -0.2120 0.7945
vn -0.0747 0.1019 0.9920
vn 0.8441 -0.0147 -0.5360
vn 0.9716 -0.1025 -0.2135
vn 0.8791 -0.4372 -0.1897
vn 0.7069 -0.5167 -0.4830
vn -0.4247 -0.3206 0.8467
vn -0.1725 -0.5702 0.8032
vn 0.1130 -0.4016 0.9088
vn 0.0139 -0.0784 0.9968
vn -0.6266 0.3108 0.7147
vn -0.3552 0.4476 0.8206
vn -0.0884 0.6990 0.7096
vn -0.0117 0.8947 0.4464
vn 0.7007 -0.7125 -0.0356
vn 0.5834 -0.7632 0.2776
vn 0.3158 -0.7116 -0.6276
vn 0.5946 -0.6894 -0.4137
vn 0.0293 -0.9744 -0.2229
vn -0.2002 -0.8653 -0.4594
vn 0.3082 -0.7039 -0.6399
vn 0.3410 -0.8744 -0.3450
vn -0.7971 -0.5934 -0.1119
vn -0.6566 -0.7404 0.1440
vn -0.5466 -0.6671 0.5061
vn -0.5429 -0.4114 0.7321
vn 0.3623 0.4994 -0.7870
vn -0.2629 0.6589 -0.7047
vn 0.6678 0.7172 0.1993
vn 0.7470 0.5399 -0.3878
vn -0.9908 0.0453 0.1278
vn -0.7888 -0.3214 0.5239
vn -0.4074 -0.2687 0.8728
vn -0.0463 0.1443 0.9884
vn -0.3437 0.5467 0.7635
vn -0.0394 0.6515 0.7576
vn 0.2082 0.8263 0.5234
vn 0.2237 0.9515 0.2111
vn 0.1653 0.9827 0.0832
vn -0.1590 0.8689 -0.4688
vn -0.5065 0.4755 0.7192
vn -0.0058 0.8120 0.5836
vn 0.6786 0.5628 0.4719
vn 0.7379 0.2463 0.6284
vn 0.9203 0.0795 0.3831
vn 0.9484 0.2969 0.1110
vn 0.8449 -0.1217 0.5209
vn 0.8100 0.2122 0.5467
vn 0.3670 -0.6045 0.7071
vn 0.6646 -0.4646 0.5851
vn -0.1839 -0.9544 0.2352
vn 0.1211 -0.9914 0.0491
vn 0.3588 -0.8894 0.2833
vn 0.1850 -0.7981 0.5734
vn -0.0522 0.9541 -0.2950
vn 0.5066 0.8190 -0.2694
vn 0.7709 0.4226 -0.4765
vn 0.6200 -0.0211 -0.7843
vn -0.3510 0.8169 -0.4577
vn 0.0157 0.5639 -0.8257
vn 0.0412 0.0733 -0.9965
vn -0.2577 -0.3893 -0.8844
vn 0.7788 0.4845 -0.3985
vn 0.9417 0.3095 -0.1317
vn 0.9651 -0.0131 -0.2617
vn 0.8158 -0.0063 -0.5784
vn 0.6367 -0.2647 -0.7243
vn 0.8445 -0.3101 -0.4367
vn 0.7265 -0.6126 -0.3113
vn 0.4663 -0.7153 -0.5206
vn -0.3779 0.7906 -0.4819
vn 0.1849 0.8954 -0.4050
vn 0.6027 0.6072 -0.5177
vn 0.6685 0.0944 -0.7377
vn 0.2609 0.1199 0.9579
vn 0.0128 -0.1185 0.9929
vn 0.4677 -0.3837 0.7963
vn 0.5400 -0.0529 0.8400
vn -0.5158 -0.4572 -0.7245
vn -0.5332 -0.6868 -0.4939
vn -0.6611 -0.7382 -0.1343
vn -0.8165 -0.5658 0.1148
vn 0.5609 -0.8006 0.2107
vn 0.2761 -0.9539 0.1178
vn 0.9273 -0.3340 -0.1691
vn 0.8343 -0.5428 0.0965
vn -0.2480 -0.1493 -0.9572
vn -0.3324 -0.4365 -0.8361
vn -0.5672 -0.5901 -0.5745
vn -0.7967 -0.4959 -0.3453
vn 0.6930 -0.7208 -0.0140
vn 0.4304 -0.8964 0.1060
vn 0.7056 -0.3514 -0.6153
vn 0.8124 -0.4929 -0.3115
vn 0.4730 0.4205 -0.7743
vn 0.7499 0.3611 -0.5543
vn 0.8023 0.0190 -0.5966
vn 0.5601 -0.0942 -0.8231
vn -0.1533 0.4596 0.8748
vn 0.1083 0.6227 0.7749
vn 0.2251 0.8452 0.4847
vn 0.1090 0.9749 0.1941
vn -0.9025 0.1080 0.4170
vn -0.5538 -0.1087 0.8255
vn -0.0891 0.0526 0.9946
vn 0.2503 0.4743 0.8440
vn 0.6259 0.6177 0.4762
vn 0.7117 0.3062 0.6323
vn 0.9088 0.1556 0.3871
vn 0.9194 0.3762 0.1149
vn -0.4984 -0.6966 0.5161
vn -0.9215 -0.3553 0.1570
vn 0.1492 -0.9485 -0.2794
vn -0.0495 -0.9503 0.3074
vn 0.3368 -0.4973 0.7995
vn 0.2776 -0.7708 0.5734
vn 0.5551 -0.7484 0.3629
vn 0.7445 -0.4737 0.4704
vn 0.0660 -0.2303 0.9709
vn -0.2652 -0.3076 0.9138
vn 0.0402 -0.7220 0.6907
vn 0.2482 -0.4934 0.8337
vn -0.4022 -0.8284 0.3898
vn -0.1838 -0.9721 0.1459
vn 0.1258 -0.9447 0.3027
vn 0.0704 -0.7889 0.6105
vn -0.0308 0.8742 -0.4846
vn 0.4910 0.6506 -0.5794
vn 0.6345 0.1819 -0.7513
vn 0.3491 -0.2791 -0.8946
vn -0.4545 0.8905 -0.0189
vn 0.0748 0.9789 0.1901
vn 0.5407 0.8412 0.0061
vn 0.7058 0.5514 -0.4448
vn -0.0486 -0.5799 0.8132
vn -0.2740 -0.7436 0.6098
vn 0.2390 -0.8739 0.4234
vn 0.2663 -0.6688 0.6941
vn -0.5676 0.5949 -0.5692
vn -0.4590 0.1193 -0.8804
vn -0.5193 -0.3841 -0.7634
vn -0.6939 -0.6538 -0.3019
vn 0.8297 -0.0957 -0.5500
vn 0.7550 0.2359 -0.6119
vn 0.9727 0.2117 -0.0949
vn 0.9679 -0.1012 -0.2301
vn 0.6525 0.5253 0.5461
vn 0.5873 0.2538 0.7686
vn 0.7779 -0.0012 0.6284
vn 0.9300 0.1313 0.3433
vn 0.5548 -0.0981 0.8262
vn 0.4944 0.2326 0.8375
vn 0.0707 -0.6083 0.7906
vn 0.3834 -0.4509 0.8060
vn -0.1838 -0.0732 0.9802
vn 0.0139 -0.3669 0.9302
vn 0.3350 -0.2339 0.9127
vn 0.3039 0.1124 0.9460
vn 0.3878 0.8888 0.2442
vn 0.4398 0.8949 -0.0755
vn 0.2465 0.8796 -0.4069
vn -0.0711 0.8507 -0.5208
vn 0.8350 0.0415 0.5487
vn 0.5980 0.0330 0.8008
vn 0.6372 -0.4891 0.5956
vn 0.8563 -0.2859 0.4301
vn -0.8406 -0.2863 0.4599
vn -0.7059 -0.1170 0.6985
vn -0.5835 0.2376 0.7766
vn -0.5579 0.5401 0.6301
vn 0.2941 0.3872 0.8738
vn -0.1540 0.7797 0.6069
vn -0.2844 -0.4958 0.8205
vn 0.2141 -0.1563 0.9642
vn -0.1637 0.2402 0.9568
vn -0.0995 -0.1098 0.9890
vn 0.2472 -0.1219 0.9613
vn 0.3563 0.2063 0.9113
vn 0.6360 0.0057 0.7716
vn 0.3454 -0.0881 0.9343
vn 0.5292 -0.5399 0.6545
vn 0.7455 -0.2804 0.6046
vn -0.6722 -0.3867 -0.6313
vn -0.4305 -0.8305 -0.3535
vn -0.3648 -0.9182 0.1546
vn -0.4855 -0.6214 0.6149
vn 0.4209 -0.3979 0.8152
vn 0.0905 -0.4907 0.8666
vn 0.2947 -0.8325 0.4692
vn 0.5401 -0.6178 0.5715
vn 0.5710 -0.8203 -0.0309
vn 0.3387 -0.9209 0.1929
vn 0.4438 -0.5807 -0.6825
vn 0.6204 -0.6781 -0.3942
vn 0.4145 0.0372 -0.9093
vn 0.7030 -0.0395 -0.7101
vn 0.6588 -0.3801 -0.6492
vn 0.3588 -0.4736 -0.8044
vn 0.2712 0.6387 -0.7201
vn 0.3728 0.3597 -0.8554
vn 0.2369 0.0184 -0.9714
vn -0.0561 -0.1550 -0.9863
vn 0.9620 -0.2556 0.0957
vn 0.9877 -0.0287 -0.1535
vn 0.6713 -0.1407 0.7277
vn 0.8314 -0.3077 0.4627
vn 0.8215 -0.4707 0.3217
vn 0.7861 -0.6178 0.0211
vn 0.8676 0.2215 0.4452
vn 0.8551 -0.1241 0.5034
vn 0.6246 -0.5148 0.5872
vn 0.7120 -0.6405 0.2878
vn 0.6175 0.1657 0.7690
vn 0.5829 -0.1823 0.7919
vn -0.0861 -0.7150 -0.6938
vn -0.3737 -0.1751 -0.9109
vn 0.8428 -0.2698 -0.4657
vn 0.4394 -0.7362 -0.5147
vn -0.5323 0.1803 0.8272
vn -0.4862 -0.1725 0.8566
vn -0.1575 -0.1928 0.9685
vn -0.0376 0.1344 0.9902
vn -0.5396 0.8271 -0.1574
vn -0.2940 0.8856 0.3597
vn 0.2011 0.8370 0.5089
vn 0.6727 0.7005 0.2381
vt 0.281953 0.473460
vt 0.045000 0.473460
vt 0.045000 0.710413
vt 0.281953 0.710413
s 1
usemtl Leaves
f 3068/2067/2376 3067/2068/2377 3066/2069/2378 3065/2070/2379
f 2744/2067/2380 2743/2068/2381 2742/2069/2382 2741/2070/2383
f 2971/2068/2384 2972/2067/2385 2970/2070/2386 2969/2069/2387
f 2921/2068/2388 2924/2067/2389 2923/2070/2390 2922/2069/2391
f 3025/2068/2392 3028/2067/2393 3027/2070/2394 3026/2069/2395
f 2873/2068/2396 2876/2067/2397 2875/2070/2398 2874/2069/2399
f 3049/2068/2400 3052/2067/2401 3051/2070/2402 3050/2069/2403
f 2949/2068/2404 2952/2067/2405 2951/2070/2406 2950/2069/2407
f 2749/2068/2408 2752/2067/2409 2751/2070/2410 2750/2069/2411
f 3143/2068/2412 3144/2067/2413 3142/2070/2414 3141/2069/2415
f 2704/2067/2416 2703/2068/2417 2702/2069/2418 2701/2070/2419
f 3097/2068/2420 3100/2067/2421 3099/2070/2422 3098/2069/2423
f 2916/2067/2424 2914/2068/2425 2913/2069/2426 2915/2070/2427
f 3017/2068/2428 3020/2067/2429 3019/2070/2430 3018/2069/2431
f 3129/2068/2432 3132/2067/2433 3131/2070/2434 3130/2069/2435
f 2768/2067/2436 2767/2068/2437 2766/2069/2438 2765/2070/2439
f 2688/2067/2440 2686/2068/2441 2685/2069/2442 2687/2070/2443
f 2731/2068/2444 2732/2067/2445 2730/2070/2446 2729/2069/2447
f 2944/2067/2448 2943/2068/2449 2942/2069/2450 2941/2070/2451
f 2764/2067/2452 2762/2068/2453 2761/2069/2454 2763/2070/2455
f 2771/2068/2456 2772/2067/2457 2770/2070/2458 2769/2069/2459
f 3140/2067/2460 3139/2068/2461 3138/2069/2462 3137/2070/2463
f 2964/2067/2464 2962/2068/2465 2961/2069/2466 2963/2070/2467
f 2808/2067/2468 2806/2068/2469 2805/2069/2470 2807/2070/2471
f 2724/2067/2472 2722/2068/2473 2721/2069/2474 2723/2070/2475
f 3033/2068/2476 3036/2067/2477 3035/2070/2478 3034/2069/2479
f 2709/2068/2480 2712/2067/2481 2711/2070/2482 2710/2069/2483
f 3047/2068/2484 3048/2067/2485 3046/2070/2486 3045/2069/2487
f 2828/2067/2488 2827/2068/2489 2826/2069/2490 2825/2070/2491
f 3057/2068/2492 3060/2067/2493 3059/2070/2494 3058/2069/2495
f 2789/2068/2496 2792/2067/2497 2791/2070/2498 2790/2069/2499
f 2880/2067/2500 2878/2068/2501 2877/2069/2502 2879/2070/2503
f 2681/2068/2504 2684/2067/2505 2683/2070/2506 2682/2069/2507
f 2956/2067/2508 2954/2068/2509 2953/2069/2510 2955/2070/2511
f 2901/2068/2512 2904/2067/2513 2903/2070/2514 2902/2069/2515
f 2717/2068/2516 2720/2067/2517 2719/2070/2518 2718/2069/2519
f 3032/2067/2520 3030/2068/2521 3029/2069/2522 3031/2070/2523
f 2988/2067/2524 2986/2068/2525 2985/2069/2526 2987/2070/2527
f 2817/2068/2528 2820/2067/2529 2819/2070/2530 2818/2069/2531
f 2824/2067/2532 2822/2068/2533 2821/2069/2534 2823/2070/2535
f 2932/2067/2536 2931/2068/2537 2930/2069/2538 2929/2070/2539
f 3011/2068/2540 3012/2067/2541 3010/2070/2542 3009/2069/2543
f 2728/2067/2544 2727/2068/2545 2726/2069/2546 2725/2070/2547
f 2849/2068/2548 2852/2067/2549 2851/2070/2550 2850/2069/2551
f 2816/2067/2552 2814/2068/2553 2813/2069/2554 2815/2070/2555
f 2900/2067/2556 2898/2068/2557 2897/2069/2558 2899/2070/2559
f 2895/2068/2560 2896/2067/2561 2894/2070/2562 2893/2069/2563
f 2840/2067/2564 2838/2068/2565 2837/2069/2566 2839/2070/2567
f 2668/2067/2568 2666/2068/2569 2665/2069/2570 2667/2070/2571
f 2757/2068/2572 2760/2067/2573 2759/2070/2574 2758/2069/2575
f 2833/2068/2576 2836/2067/2577 2835/2070/2578 2834/2069/2579
f 3040/2067/2580 3038/2068/2581 3037/2069/2582 3039/2070/2583
f 2841/2068/2584 2844/2067/2585 2843/2070/2586 2842/2069/2587
f 2831/2068/2588 2832/2067/2589 2830/2070/2590 2829/2069/2591
f 3064/2067/2592 3062/2068/2593 3061/2069/2594 3063/2070/2595
f 2979/2068/2596 2980/2067/2597 2978/2070/2598 2977/2069/2599
f 2796/2067/2600 2794/2068/2601 2793/2069/2602 2795/2070/2603
f 3080/2067/2604 3078/2068/2605 3077/2069/2606 3079/2070/2607
f 2800/2067/2608 2799/2068/2609 2798/2069/2610 2797/2070/2611
f 2935/2068/2612 2936/2067/2613 2934/2070/2614 2933/2069/2615
f 2928/2067/2616 2926/2068/2617 2925/2069/2618 2927/2070/2619
f 2693/2068/2620 2696/2067/2621 2695/2070/2622 2694/2069/2623
f 2868/2067/2624 2867/2068/2625 2866/2069/2626 2865/2070/2627
f 2999/2068/2628 3000/2067/2629 2998/2070/2630 2997/2069/2631
f 3008/2067/2632 3007/2068/2633 3006/2069/2634 3005/2070/2635
f 2691/2068/2636 2692/2067/2637 2690/2070/2638 2689/2069/2639
f 2736/2067/2640 2734/2068/2641 2733/2069/2642 2735/2070/2643
f 2673/2068/2644 2676/2067/2645 2675/2070/2646 2674/2069/2647
f 2920/2067/2648 2918/2068/2649 2917/2069/2650 2919/2070/2651
f 2940/2067/2652 2938/2068/2653 2937/2069/2654 2939/2070/2655
f 3116/2067/2656 3115/2068/2657 3114/2069/2658 3113/2070/2659
f 3071/2068/2660 3072/2067/2661 3070/2070/2662 3069/2069/2663
f 2957/2068/2664 2960/2067/2665 2959/2070/2666 2958/2069/2667
f 2968/2067/2668 2967/2068/2669 2966/2069/2670 2965/2070/2671
f 2981/2068/2672 2984/2067/2673 2983/2070/2674 2982/2069/2675
f 2992/2067/2676 2990/2068/2677 2989/2069/2678 2991/2070/2679
f 2912/2067/2680 2911/2068/2681 2910/2069/2682 2909/2070/2683
f 3001/2068/2684 3004/2067/2685 3003/2070/2686 3002/2069/2687
f 2672/2067/2688 2670/2068/2689 2669/2069/2690 2671/2070/2691
f 2747/2068/2692 2748/2067/2693 2746/2070/2694 2745/2069/2695
f 3016/2067/2696 3014/2068/2697 3013/2069/2698 3015/2070/2699
f 3112/2067/2700 3110/2068/2701 3109/2069/2702 3111/2070/2703
f 2864/2067/2704 2862/2068/2705 2861/2069/2706 2863/2070/2707
f 2856/2067/2708 2854/2068/2709 2853/2069/2710 2855/2070/2711
f 2680/2067/2712 2678/2068/2713 2677/2069/2714 2679/2070/2715
f 2848/2067/2716 2846/2068/2717 2845/2069/2718 2847/2070/2719
f 2809/2068/2720 2812/2067/2721 2811/2070/2722 2810/2069/2723
f 2784/2067/2724 2783/2068/2725 2782/2069/2726 2781/2070/2727
f 3119/2068/2728 3120/2067/2729 3118/2070/2730 3117/2069/2731
f 2996/2067/2732 2995/2068/2733 2994/2069/2734 2993/2070/2735
f 3087/2068/2736 3088/2067/2737 3086/2070/2738 3085/2069/2739
f 3056/2067/2740 3054/2068/2741 3053/2069/2742 3055/2070/2743
f 3084/2067/2744 3083/2068/2745 3082/2069/2746 3081/2070/2747
f 2780/2067/2748 2778/2068/2749 2777/2069/2750 2779/2070/2751
f 3024/2067/2752 3022/2068/2753 3021/2069/2754 3023/2070/2755
f 2801/2068/2756 2804/2067/2757 2803/2070/2758 2802/2069/2759
f 2716/2067/2760 2714/2068/2761 2713/2069/2762 2715/2070/2763
f 3105/2068/2764 3108/2067/2765 3107/2070/2766 3106/2069/2767
f 2756/2067/2768 2754/2068/2769 2753/2069/2770 2755/2070/2771
f 2908/2067/2772 2906/2068/2773 2905/2069/2774 2907/2070/2775
f 2888/2067/2776 2886/2068/2777 2885/2069/2778 2887/2070/2779
f 2881/2068/2780 2884/2067/2781 2883/2070/2782 2882/2069/2783
f 3136/2067/2784 3134/2068/2785 3133/2069/2786 3135/2070/2787
f 2737/2068/2788 2740/2067/2789 2739/2070/2790 2738/2069/2791
f 3104/2067/2792 3102/2068/2793 3101/2069/2794 3103/2070/2795
f 2775/2068/2796 2776/2067/2797 2774/2070/2798 2773/2069/2799
f 2700/2067/2800 2698/2068/2801 2697/2069/2802 2699/2070/2803
f 3044/2067/2804 3043/2068/2805 3042/2069/2806 3041/2070/2807
f 2857/2068/2808 2860/2067/2809 2859/2070/2810 2858/2069/2811
f 2892/2067/2812 2891/2068/2813 2890/2069/2814 2889/2070/2815
f 3121/2068/2816 3124/2067/2817 3123/2070/2818 3122/2069/2819
f 3092/2067/2820 3090/2068/2821 3089/2069/2822 3091/2070/2823
f 3073/2068/2824 3076/2067/2825 3075/2070/2826 3074/2069/2827
f 2976/2067/2828 2974/2068/2829 2973/2069/2830 2975/2070/2831
f 2945/2068/2832 2948/2067/2833 2947/2070/2834 2946/2069/2835
f 2871/2068/2836 2872/2067/2837 2870/2070/2838 2869/2069/2839
f 3128/2067/2840 3126/2068/2841 3125/2069/2842 3127/2070/2843
f 2708/2067/2844 2707/2068/2845 2706/2069/2846 2705/2070/2847
f 2787/2068/2848 2788/2067/2849 2786/2070/2850 2785/2069/2851
f 3095/2068/2852 3096/2067/2853 3094/2070/2854 3093/2069/2855
f 3284/2067/2376 3283/2068/2377 3282/2069/2378 3281/2070/2379
f 3172/2067/2380 3171/2068/2381 3170/2069/2382 3169/2070/2383
f 3273/2068/2400 3276/2067/2401 3275/2070/2402 3274/2069/2403
f 3319/2068/2412 3320/2067/2413 3318/2070/2414 3317/2069/2415
f 3305/2068/2432 3308/2067/2433 3307/2070/2434 3306/2069/2435
f 3179/2068/2456 3180/2067/2457 3178/2070/2458 3177/2069/2459
f 3316/2067/2460 3315/2068/2461 3314/2069/2462 3313/2070/2463
f 3244/2067/2464 3242/2068/2465 3241/2069/2466 3243/2070/2467
f 3160/2067/2472 3158/2068/2473 3157/2069/2474 3159/2070/2475
f 3208/2067/2488 3207/2068/2489 3206/2069/2490 3205/2070/2491
f 3145/2068/2504 3148/2067/2505 3147/2070/2506 3146/2069/2507
f 3153/2068/2516 3156/2067/2517 3155/2070/2518 3154/2069/2519
f 3268/2067/2520 3266/2068/2521 3265/2069/2522 3267/2070/2523
f 3252/2067/2524 3250/2068/2525 3249/2069/2526 3251/2070/2527
f 3197/2068/2528 3200/2067/2529 3199/2070/2530 3198/2069/2531
f 3204/2067/2532 3202/2068/2533 3201/2069/2534 3203/2070/2535
f 3213/2068/2548 3216/2067/2549 3215/2070/2550 3214/2069/2551
f 3196/2067/2552 3194/2068/2553 3193/2069/2554 3195/2070/2555
f 3272/2067/2580 3270/2068/2581 3269/2069/2582 3271/2070/2583
f 3211/2068/2588 3212/2067/2589 3210/2070/2590 3209/2069/2591
f 3292/2067/2604 3290/2068/2605 3289/2069/2606 3291/2070/2607
f 3192/2067/2608 3191/2068/2609 3190/2069/2610 3189/2070/2611
f 3232/2067/2624 3231/2068/2625 3230/2069/2626 3229/2070/2627
f 3259/2068/2628 3260/2067/2629 3258/2070/2630 3257/2069/2631
f 3151/2068/2636 3152/2067/2637 3150/2070/2638 3149/2069/2639
f 3164/2067/2640 3162/2068/2641 3161/2069/2642 3163/2070/2643
f 3237/2068/2664 3240/2067/2665 3239/2070/2666 3238/2069/2667
f 3245/2068/2672 3248/2067/2673 3247/2070/2674 3246/2069/2675
f 3175/2068/2692 3176/2067/2693 3174/2070/2694 3173/2069/2695
f 3228/2067/2704 3226/2068/2705 3225/2069/2706 3227/2070/2707
f 3220/2067/2708 3218/2068/2709 3217/2069/2710 3219/2070/2711
f 3184/2067/2724 3183/2068/2725 3182/2069/2726 3181/2070/2727
f 3256/2067/2732 3255/2068/2733 3254/2069/2734 3253/2070/2735
f 3299/2068/2736 3300/2067/2737 3298/2070/2738 3297/2069/2739
f 3280/2067/2740 3278/2068/2741 3277/2069/2742 3279/2070/2743
f 3296/2067/2744 3295/2068/2745 3294/2069/2746 3293/2070/2747
f 3264/2067/2752 3262/2068/2753 3261/2069/2754 3263/2070/2755
f 3312/2067/2784 3310/2068/2785 3309/2069/2786 3311/2070/2787
f 3165/2068/2788 3168/2067/2789 3167/2070/2790 3166/2069/2791
f 3221/2068/2808 3224/2067/2809 3223/2070/2810 3222/2069/2811
f 3285/2068/2824 3288/2067/2825 3287/2070/2826 3286/2069/2827
f 3235/2068/2836 3236/2067/2837 3234/2070/2838 3233/2069/2839
f 3304/2067/2840 3302/2068/2841 3301/2069/2842 3303/2070/2843
f 3187/2068/2848 3188/2067/2849 3186/2070/2850 3185/2069/2851
f 3340/2067/2448 3339/2068/2449 3338/2069/2450 3337/2070/2451
f 3328/2067/2472 3326/2068/2473 3325/2069/2474 3327/2070/2475
f 3321/2068/2480 3324/2067/2481 3323/2070/2482 3322/2069/2483
f 3344/2067/2508 3342/2068/2509 3341/2069/2510 3343/2070/2511
f 3332/2067/2600 3330/2068/2601 3329/2069/2602 3331/2070/2603
f 3336/2067/2608 3335/2068/2609 3334/2069/2610 3333/2070/2611
f 3363/2068/2856 3364/2067/2857 3362/2070/2858 3361/2069/2859
f 3348/2067/2668 3347/2068/2669 3346/2069/2670 3345/2070/2671
f 3349/2068/2860 3352/2067/2861 3351/2070/2862 3350/2069/2863
f 3356/2067/2864 3354/2068/2865 3353/2069/2866 3355/2070/2867
f 3360/2067/2868 3358/2068/2869 3357/2069/2870 3359/2070/2871
o Tree_1.044
v 2.264669 12.098501 5.667233
v 2.386430 12.503813 6.337486
v 1.875362 12.718405 5.363092
v 1.997123 13.123716 6.033346
v 4.318575 12.042772 4.508615
v 4.432185 12.438704 5.185870
v 3.830636 12.614283 4.256356
v 3.944247 13.010214 4.933610
v 2.967779 11.321691 5.166426
v 3.024404 10.629085 5.547784
v 2.240176 10.628538 5.663231
v 2.183551 11.321142 5.281874
v 3.024404 10.629085 5.547784
v 2.967779 11.321691 5.166426
v 2.240176 10.628538 5.663231
v 2.183551 11.321142 5.281874
v 2.537480 12.090279 3.982708
v 2.594105 11.397675 4.364066
v 2.694714 11.783214 5.049325
v 2.638089 12.475819 4.667966
v 2.581985 10.436042 5.262878
v 2.525360 11.128646 4.881520
v 2.682594 10.821581 5.948137
v 2.625970 11.514186 5.566779
v 2.527174 10.771757 4.892141
v 2.043782 11.043986 5.458327
v 3.152848 11.044761 5.295059
v 2.669456 11.316992 5.861244
v 1.776847 11.244288 6.285330
v 2.250372 11.523116 5.714043
v 2.046235 12.264446 5.906657
v 1.572709 11.985618 6.477946
v 2.777495 11.730539 5.620443
v 2.303971 11.451712 6.191731
v 2.573358 12.471869 5.813058
v 2.099832 12.193041 6.384347
v 2.246964 12.458105 6.195724
v 2.817014 11.956576 6.423441
v 2.535659 11.409708 5.923324
v 1.965610 11.911237 5.695607
v 3.330915 12.265172 5.059457
v 3.626155 12.094804 4.399992
v 3.958365 12.758285 4.377316
v 3.663126 12.928653 5.036781
v 1.419383 11.248352 5.663901
v 1.476902 11.269520 4.924084
v 1.829904 11.920944 4.970168
v 1.772385 11.899775 5.709984
v 1.206158 11.020137 4.672608
v 1.148639 10.998969 5.412426
v 1.559160 11.671562 4.718692
v 1.501641 11.650393 5.458509
v 2.347398 11.423019 5.173894
v 2.404916 11.444188 4.434078
v 1.754403 11.799555 4.393670
v 1.696884 11.778387 5.133487
v 2.468718 11.598511 4.949199
v 2.411199 11.577342 5.689016
v 1.818204 11.953876 4.908792
v 1.760685 11.932709 5.648609
v 2.358560 12.224119 5.405472
v 2.568933 11.512212 5.401458
v 1.859341 11.302867 5.340299
v 1.648969 12.014776 5.344312
v 2.078875 11.331249 5.419588
v 1.868502 12.043157 5.423603
v 1.369282 11.121904 5.358429
v 1.158910 11.833814 5.362442
v 3.639688 11.952028 4.019302
v 2.933608 11.986510 3.792701
v 3.413698 11.724706 4.688883
v 2.707618 11.759189 4.462282
v 2.775957 11.365603 3.499013
v 3.482036 11.331120 3.725615
v 3.443748 12.036967 3.952328
v 2.737668 12.071450 3.725726
v 3.218834 11.892001 3.939142
v 3.405707 11.553633 3.305366
v 3.538432 12.213486 2.992211
v 3.351561 12.551853 3.625987
v 3.405707 11.553633 3.305366
v 3.218834 11.892001 3.939142
v 3.538432 12.213486 2.992211
v 3.351561 12.551853 3.625987
v 2.021451 11.029710 4.572894
v 2.707585 11.069266 4.292281
v 2.918227 11.489815 4.866611
v 2.232094 11.450259 5.147223
v 2.140885 11.159433 4.659098
v 1.454751 11.119877 4.939711
v 2.351526 11.579982 5.233428
v 1.665393 11.540426 5.514040
v 1.654858 11.024922 5.415613
v 2.340992 11.064479 5.135001
v 2.151420 11.674936 4.757524
v 1.465286 11.635381 5.038136
v 2.907692 10.974312 4.768184
v 2.221559 10.934755 5.048796
v 2.718120 11.584769 4.390707
v 2.031986 11.545214 4.671319
v 2.550173 11.553181 5.153925
v 2.535274 10.824148 5.014729
v 2.252280 10.958433 4.341701
v 2.267179 11.687467 4.480896
v 2.535274 10.824148 5.014729
v 2.550173 11.553181 5.153925
v 2.252280 10.958433 4.341701
v 2.267179 11.687467 4.480896
v 4.053994 11.455950 5.537156
v 3.608663 11.757295 6.048974
v 4.285109 12.133162 5.339526
v 3.839777 12.434505 5.851345
v 2.700309 11.546424 5.204299
v 2.057687 11.349692 5.519611
v 2.367522 12.131417 4.891057
v 1.724902 11.934688 5.206367
v 2.265343 12.012571 5.657307
v 2.383658 11.307228 5.458361
v 2.031344 11.429193 4.816422
v 1.913028 12.134535 5.015369
v 2.383658 11.307228 5.458361
v 2.265343 12.012571 5.657307
v 2.031344 11.429193 4.816422
v 1.913028 12.134535 5.015369
v 1.717158 12.460486 4.573549
v 1.802628 11.804685 4.659091
v 1.362323 11.812620 5.159857
v 1.276853 12.468423 5.074315
v 2.292687 11.985647 4.640960
v 2.207217 12.641449 4.555418
v 1.852382 11.993584 5.141726
v 1.766911 12.649385 5.056185
v 1.734855 11.453536 6.017457
v 1.697252 11.362602 5.357900
v 2.357541 11.442313 5.309267
v 2.395142 11.533245 5.968825
v 3.429586 13.088302 5.413684
v 3.635310 12.774748 4.862266
v 3.089792 12.983122 4.540255
v 2.884068 13.296675 5.091674
v 3.635310 12.774748 4.862266
v 3.429586 13.088302 5.413684
v 3.089792 12.983122 4.540255
v 2.884068 13.296675 5.091674
v 3.318682 13.467700 5.156570
v 3.524406 13.154147 4.605151
v 3.200696 12.603724 4.797369
v 2.994973 12.917276 5.348787
v 2.248457 11.245577 5.153201
v 2.197989 11.910238 5.133742
v 1.693941 11.214275 5.522296
v 1.643471 11.878937 5.502838
v 1.737246 11.872530 5.040761
v 1.787717 11.207870 5.060218
v 2.154684 11.251985 5.615276
v 2.104212 11.916644 5.595819
v 1.548815 11.606589 5.587063
v 1.681434 11.597528 4.933588
v 2.333021 11.650856 5.065083
v 2.200402 11.659916 5.718559
v 1.410690 11.348146 4.682112
v 1.278071 11.357207 5.335588
v 2.062277 11.401474 4.813608
v 1.929659 11.410534 5.467083
v 4.244730 12.462484 5.636756
v 4.521494 12.116219 5.138557
v 4.105978 12.407050 4.705586
v 3.829214 12.753317 5.203784
v 4.521494 12.116219 5.138557
v 4.244730 12.462484 5.636756
v 4.105978 12.407050 4.705586
v 3.829214 12.753317 5.203784
v 3.643434 12.543093 5.711685
v 3.920197 12.196826 5.213488
v 3.478102 11.706707 5.308542
v 3.201338 12.052973 5.806740
v 4.259586 12.544835 4.976154
v 3.982824 12.891102 5.474351
v 3.817492 12.054716 5.071208
v 3.540728 12.400983 5.569406
v 2.375366 11.494660 4.192843
v 2.242484 10.873640 3.989431
v 1.597224 11.031160 3.930044
v 1.730106 11.652182 4.133455
v 2.242484 10.873640 3.989431
v 2.375366 11.494660 4.192843
v 1.597224 11.031160 3.930044
v 1.730106 11.652182 4.133455
v 2.104413 11.665915 3.847002
v 1.971531 11.044894 3.643590
v 1.868177 10.859905 4.275885
v 2.001059 11.480926 4.479297
v 1.971531 11.044894 3.643590
v 2.104413 11.665915 3.847002
v 1.868177 10.859905 4.275885
v 2.001059 11.480926 4.479297
v 1.543316 11.436397 4.039791
v 2.072666 11.455820 3.634684
v 2.455850 11.213628 4.123778
v 1.926501 11.194205 4.528884
v 2.609876 11.703838 3.326831
v 2.080525 11.684414 3.731937
v 2.993060 11.461646 3.815925
v 2.463711 11.442223 4.221031
v 4.570962 11.770248 4.183736
v 4.314966 11.935329 4.776959
v 4.361878 12.351223 3.931837
v 4.105882 12.516304 4.525061
v 4.160625 12.019156 4.973977
v 4.416619 11.854074 4.380754
v 3.837440 11.571379 4.209486
v 3.581445 11.736459 4.802710
v 4.416619 11.854074 4.380754
v 4.160625 12.019156 4.973977
v 3.837440 11.571379 4.209486
v 3.581445 11.736459 4.802710
v 4.164976 12.570594 4.235602
v 4.722364 12.359681 4.534825
v 4.460668 11.748973 4.591840
v 3.903279 11.959887 4.292617
v 4.380972 12.359682 4.871519
v 3.823584 12.570594 4.572296
v 4.119276 11.748974 4.928533
v 3.561887 11.959887 4.629310
v 3.485429 10.904365 4.584146
v 3.500243 11.497618 4.888334
v 3.020031 11.131428 4.163972
v 3.034847 11.724684 4.468159
v 3.638253 12.128883 5.404902
v 3.623437 11.535630 5.100715
v 3.146064 11.332672 5.519789
v 3.160879 11.925927 5.823977
v 3.623437 11.535630 5.100715
v 3.638253 12.128883 5.404902
v 3.146064 11.332672 5.519789
v 3.160879 11.925927 5.823977
v 3.064554 11.950662 5.195656
v 3.731193 11.933615 5.196434
v 3.722726 11.629545 5.789873
v 3.056085 11.646591 5.789095
v 3.629101 12.086503 5.052153
v 3.481175 12.592542 5.460496
v 3.143180 11.722200 5.327588
v 2.995254 12.228238 5.735929
v 3.375176 10.949968 5.483691
v 3.449290 11.716029 5.293953
v 2.591711 10.998435 5.373342
v 2.665826 11.764496 5.183604
v 3.105080 11.641337 4.857936
v 3.030965 10.875278 5.047673
v 2.935922 11.073127 5.809359
v 3.010036 11.839187 5.619622
v 3.030965 10.875278 5.047673
v 3.105080 11.641337 4.857936
v 2.935922 11.073127 5.809359
v 3.010036 11.839187 5.619622
v 2.473920 11.468110 5.236645
v 3.095118 11.293938 4.776081
v 3.581905 11.399567 5.392703
v 2.960707 11.573739 5.853267
v 3.095118 11.293938 4.776081
v 2.473920 11.468110 5.236645
v 3.581905 11.399567 5.392703
v 2.960707 11.573739 5.853267
v 2.807106 11.650346 6.116080
v 2.180588 11.290135 6.441754
v 2.573444 12.339989 6.429348
v 1.946926 11.979778 6.755023
v 2.149140 12.266692 6.689632
v 2.615377 11.671842 6.928631
v 2.479588 11.291389 6.246605
v 2.013350 11.886237 6.007608
v 3.796995 13.478493 4.748956
v 3.595060 12.985232 4.162220
v 2.996525 12.707640 4.601585
v 3.198460 13.200902 5.188320
v 2.350406 12.256071 4.765071
v 2.622357 12.448640 4.101712
v 2.961994 13.032146 4.410341
v 2.690043 12.839577 5.073699
v 2.622357 12.448640 4.101712
v 2.350406 12.256071 4.765071
v 2.961994 13.032146 4.410341
v 2.690043 12.839577 5.073699
v 2.481574 11.991535 5.219547
v 2.753525 12.184105 4.556188
v 2.152048 12.600664 4.430532
v 1.880096 12.408094 5.093891
v 2.795822 11.896176 4.603799
v 2.523870 11.703606 5.267159
v 2.194346 12.312736 4.478142
v 1.922394 12.120167 5.141500
v 2.529776 12.689445 5.109608
v 2.714924 11.982290 4.980228
v 2.049456 11.864241 4.673142
v 1.864307 12.571394 4.802522
v 2.714924 11.982290 4.980228
v 2.529776 12.689445 5.109608
v 2.049456 11.864241 4.673142
v 1.864307 12.571394 4.802522
v 4.478184 12.245069 4.506022
v 3.870345 12.401903 4.109763
v 4.392235 12.876024 4.887589
v 3.784396 13.032859 4.491330
v 4.131281 12.208494 4.189241
v 3.775352 12.401286 4.811521
v 4.365659 12.908009 4.106579
v 4.009731 13.100801 4.728858
v 2.413590 10.525768 4.987407
v 3.152546 10.564257 4.927811
v 3.195987 10.811804 5.626323
v 2.457032 10.773316 5.685919
v 3.152546 10.564257 4.927811
v 2.413590 10.525768 4.987407
v 3.195987 10.811804 5.626323
v 2.457032 10.773316 5.685919
v 3.202309 10.338629 5.399148
v 2.463355 10.300141 5.458745
v 3.146223 11.037431 5.154986
v 2.407268 10.998943 5.214582
v 2.773730 11.801614 4.907934
v 2.782672 11.132442 4.586661
v 2.712296 11.451528 3.920089
v 2.703354 12.120698 4.241363
v 2.782672 11.132442 4.586661
v 2.773730 11.801614 4.907934
v 2.712296 11.451528 3.920089
v 2.703354 12.120698 4.241363
v 3.403802 11.775135 5.126935
v 3.779531 11.562058 5.730685
v 3.169117 11.231651 5.993954
v 2.793388 11.444728 5.390206
v 3.084016 11.240709 6.166969
v 3.652223 11.029081 5.738669
v 3.947272 11.707976 5.794649
v 3.379065 11.919603 6.222949
v 3.652223 11.029081 5.738669
v 3.084016 11.240709 6.166969
v 3.947272 11.707976 5.794649
v 3.379065 11.919603 6.222949
v 3.084669 12.166866 4.846220
v 2.373375 11.963991 4.909376
v 3.078798 12.406202 5.548907
v 2.367503 12.203326 5.612064
v 2.490454 12.605721 4.821107
v 2.414189 12.305328 4.230642
v 1.978436 12.775768 4.047595
v 2.054701 13.076159 4.638061
v 2.350388 12.151006 3.715521
v 2.426652 12.451398 4.305986
v 1.914635 12.621446 3.532473
v 1.990900 12.921837 4.122939
v 2.346154 12.168058 4.968894
v 2.387049 11.505791 4.902327
v 1.819820 11.436220 5.245997
v 1.778923 12.098485 5.312567
v 2.387049 11.505791 4.902327
v 2.346154 12.168058 4.968894
v 1.819820 11.436220 5.245997
v 1.778923 12.098485 5.312567
v 1.888413 12.151045 4.856936
v 1.929309 11.488779 4.790368
v 2.277559 11.453231 5.357958
v 2.236664 12.115498 5.424525
v 1.929309 11.488779 4.790368
v 1.888413 12.151045 4.856936
v 2.277559 11.453231 5.357958
v 2.236664 12.115498 5.424525
v 1.677805 11.819171 5.357115
v 1.832648 11.893501 4.712757
v 2.479989 11.917559 4.871091
v 2.325147 11.843230 5.515450
v 1.832648 11.893501 4.712757
v 1.677805 11.819171 5.357115
v 2.479989 11.917559 4.871091
v 2.325147 11.843230 5.515450
v 2.448230 12.467309 4.732583
v 2.474790 11.815791 4.592874
v 1.835962 11.751138 4.772928
v 1.809403 12.402657 4.912637
v 2.474790 11.815791 4.592874
v 2.448230 12.467309 4.732583
v 1.835962 11.751138 4.772928
v 1.809403 12.402657 4.912637
v 2.034087 12.498315 4.509256
v 2.060647 11.846797 4.369547
v 2.250105 11.720132 4.996254
v 2.223545 12.371650 5.135964
v 2.060647 11.846797 4.369547
v 2.034087 12.498315 4.509256
v 2.250105 11.720132 4.996254
v 2.223545 12.371650 5.135964
v 1.713367 11.753462 4.136810
v 2.031121 11.888744 3.566344
v 2.616806 11.844895 3.882174
v 2.299053 11.709613 4.452641
v 2.005474 12.263941 4.323578
v 1.687721 12.128658 4.894044
v 2.591160 12.220091 4.639409
v 2.273407 12.084808 5.209875
v 2.900683 12.458635 3.003270
v 2.818229 11.920753 2.617804
v 2.529978 11.600289 3.126642
v 2.612434 12.138172 3.512108
v 3.200945 12.161642 3.056601
v 3.283399 12.699524 3.442066
v 2.912694 11.841179 3.565439
v 2.995150 12.379061 3.950903
v 1.961687 12.245555 3.188161
v 2.586708 12.309853 2.964742
v 2.804080 11.920945 3.460928
v 2.179060 11.856647 3.684348
v 2.565533 12.048410 3.241402
v 1.940513 11.984113 3.464821
v 2.782905 11.659504 3.737588
v 2.157886 11.595205 3.961007
v 4.398641 11.725595 5.420433
v 3.984329 11.767540 5.941285
v 4.286449 12.367660 5.279484
v 3.872137 12.409604 5.800337
v 4.215137 12.195678 5.751408
v 3.774933 12.525803 5.374662
v 3.933595 11.617785 5.573994
v 3.493390 11.947911 5.197249
v 3.890331 12.135059 5.846918
v 3.950892 11.636652 5.408031
v 3.634401 12.002435 4.948970
v 3.573838 12.500841 5.387859
v 3.950892 11.636652 5.408031
v 3.890331 12.135059 5.846918
v 3.634401 12.002435 4.948970
v 3.573838 12.500841 5.387859
v 4.024003 12.442944 5.515726
v 4.084564 11.944537 5.076838
v 3.500730 11.694550 5.280162
v 3.440166 12.192956 5.719051
v 3.940424 10.566648 5.039458
v 3.879863 11.065056 5.478345
v 3.356589 10.316662 5.242782
v 3.296026 10.815068 5.681671
v 3.388377 10.999348 5.079848
v 4.025004 10.917468 5.260680
v 3.835963 10.482052 5.729057
v 3.199334 10.563931 5.548225
v 4.025004 10.917468 5.260680
v 3.388377 10.999348 5.079848
v 3.835963 10.482052 5.729057
v 3.199334 10.563931 5.548225
v 2.052887 11.752304 4.533859
v 2.005643 12.405320 4.407215
v 1.449009 11.763439 4.816540
v 1.401767 12.416454 4.689896
v 1.564241 12.343534 4.253279
v 1.611483 11.690517 4.379923
v 1.890412 11.825227 4.970476
v 1.843169 12.478242 4.843832
v 1.769004 12.251250 3.976123
v 1.998779 12.148123 3.358654
v 2.623016 12.235503 3.576351
v 2.393242 12.338631 4.193822
v 3.151126 11.435194 3.247316
v 3.207751 10.742590 3.628673
v 3.308360 11.128129 4.313932
v 3.251735 11.820734 3.932574
v 3.626352 11.494559 3.857436
v 3.142960 11.766789 4.423621
v 4.252026 11.767564 4.260354
v 3.768634 12.039795 4.826539
v 2.470985 10.586971 4.456633
v 2.528504 10.608141 3.716816
v 1.877990 10.963507 3.676409
v 1.820471 10.942339 4.416226
v 2.604424 11.724096 3.333125
v 2.546906 11.702927 4.072942
v 1.953911 12.079462 3.292717
v 1.896392 12.058294 4.032535
v 3.634453 11.546951 3.980024
v 3.649350 12.275984 4.119219
v 3.351458 11.681236 3.306995
v 3.366357 12.410270 3.446191
v 2.878989 11.357487 4.921915
v 2.997304 10.652143 4.722969
v 2.644990 10.774109 4.081030
v 2.526674 11.479450 4.279977
v 2.997304 10.652143 4.722969
v 2.878989 11.357487 4.921915
v 2.644990 10.774109 4.081030
v 2.526674 11.479450 4.279977
v 1.614435 10.495968 5.639310
v 1.576833 10.405035 4.979753
v 2.237121 10.484745 4.931119
v 2.274722 10.575677 5.590679
v 2.516185 11.787416 4.473320
v 2.465716 12.452079 4.453860
v 1.961669 11.756116 4.842414
v 1.911198 12.420776 4.822957
v 1.854045 10.852674 3.909826
v 1.803574 11.517333 3.890369
v 2.221011 10.896788 4.464885
v 2.170540 11.561448 4.445427
v 1.903516 11.893626 3.623809
v 2.036135 11.884565 2.970333
v 2.687722 11.937892 3.101829
v 2.555104 11.946952 3.755305
v 2.278429 10.855177 3.393351
v 2.145810 10.864238 4.046826
v 2.930016 10.908504 3.524846
v 2.797398 10.917563 4.178322
v 2.682055 11.509875 3.252093
v 2.814937 12.130897 3.455505
v 2.036795 11.667397 3.192706
v 2.169677 12.288418 3.396117
v 2.543984 12.302151 3.109663
v 2.411102 11.681130 2.906252
v 2.307748 11.496141 3.538547
v 2.440630 12.117161 3.741959
v 2.411102 11.681130 2.906252
v 2.543984 12.302151 3.109663
v 2.307748 11.496141 3.538547
v 2.440630 12.117161 3.741959
v 1.982887 12.072632 3.302453
v 2.512238 12.092056 2.897346
v 2.895421 11.849864 3.386441
v 2.366072 11.830441 3.791546
v 2.852930 12.092056 2.676304
v 2.323579 12.072633 3.081411
v 3.236114 11.849864 3.165399
v 2.706765 11.830441 3.570505
v 2.919409 11.060128 3.886537
v 2.647458 10.867558 4.549897
v 2.317934 11.476688 3.760880
v 2.045981 11.284120 4.424239
v 3.512768 11.248571 3.952702
v 4.251724 11.287060 3.893106
v 4.295165 11.534607 4.591618
v 3.556210 11.496119 4.651213
v 4.114125 10.544345 3.937717
v 3.375170 10.505857 3.997313
v 4.157567 10.791892 4.636229
v 3.418612 10.753406 4.695825
v 3.869731 10.893612 4.450768
v 3.860789 11.562783 4.772041
v 3.799355 11.212698 3.784196
v 3.790412 11.881868 4.105470
v 3.000695 10.850706 4.166934
v 2.959800 11.512974 4.233502
v 2.433466 10.781136 4.510605
v 2.392569 11.443400 4.577175
v 2.542955 10.833694 4.054976
v 2.502059 11.495960 4.121544
v 2.891205 10.798146 4.622566
v 2.850310 11.460413 4.689133
v 3.061876 11.812224 3.997190
v 3.088436 11.160707 3.857481
v 2.449608 11.096052 4.037536
v 2.423049 11.747571 4.177245
v 3.088436 11.160707 3.857481
v 3.061876 11.812224 3.997190
v 2.449608 11.096052 4.037536
v 2.423049 11.747571 4.177245
v 2.713683 11.164275 3.508744
v 2.666440 11.817290 3.382099
v 2.109806 11.175409 3.791425
v 2.062564 11.828425 3.664781
v 2.144167 11.978133 6.327182
v 2.201687 11.999301 5.587365
v 2.554689 12.650726 5.633449
v 2.497169 12.629557 6.373266
v 2.703444 12.147329 5.630611
v 2.645925 12.126161 6.370428
v 2.052930 12.502696 5.590204
v 1.995411 12.481528 6.330021
v 1.988170 11.365410 6.314784
v 1.902699 12.021213 6.229241
v 1.547865 11.373346 6.815550
v 1.462394 12.029148 6.730008
v 1.932516 11.975894 6.774338
v 1.894914 11.884961 6.114780
v 2.555202 11.964672 6.066147
v 2.592803 12.055604 6.725706
v 2.408818 12.503912 6.410694
v 2.875055 11.909062 6.649692
v 2.739265 11.528609 5.967667
v 2.273027 12.123458 5.728670
v 2.816038 12.584503 4.808702
v 2.544086 12.391933 5.472061
v 3.155675 13.168010 5.117330
v 2.883723 12.975440 5.780688
v 2.723457 12.825308 5.816597
v 2.908605 12.118154 5.687218
v 2.243137 12.000104 5.380132
v 2.057988 12.707257 5.509512
v 3.117747 11.800330 6.629331
v 3.702889 11.742015 6.314834
v 3.691258 12.393383 6.172412
v 3.106115 12.451698 6.486909
v 4.218687 11.172434 5.889499
v 3.633544 11.230750 6.203996
v 4.207055 11.823803 5.747077
v 3.621912 11.882117 6.061574
v 3.590138 12.183283 6.048151
v 3.004997 12.241600 6.362648
v 3.270493 12.052830 5.477618
v 2.685350 12.111146 5.792114
v 3.305254 12.245292 6.355011
v 3.071006 12.613633 5.850875
v 3.087455 11.692459 6.052289
v 2.853207 12.060801 5.548154
vn 0.4984 0.8604 0.1067
vn 0.3680 0.9110 -0.1861
vn 0.0247 0.9337 -0.3573
vn -0.3051 0.9096 -0.2822
vn -0.6434 0.2754 -0.7143
vn -0.6334 -0.0424 -0.7727
vn -0.7050 -0.3778 -0.6002
vn -0.8117 -0.4992 -0.3031
vn 0.2752 -0.3192 -0.9069
vn -0.0240 -0.1809 -0.9832
vn 0.8096 0.0117 -0.5869
vn 0.6242 -0.2442 -0.7421
vn 0.9556 -0.0062 -0.2947
vn 0.9854 0.1700 0.0008
vn 0.9187 -0.3696 0.1394
vn 0.9191 -0.3395 -0.2000
vn 0.8932 0.2703 0.3593
vn 0.4285 0.6032 0.6727
vn 0.4864 -0.6883 0.5382
vn 0.9034 -0.2847 0.3207
vn 0.7829 0.1582 0.6017
vn 0.2684 0.4879 0.8306
vn 0.3002 -0.7806 0.5482
vn 0.7773 -0.3882 0.4952
vn -0.9807 -0.1135 -0.1590
vn -0.8903 0.2016 0.4084
vn -0.3926 0.5427 -0.7425
vn -0.7640 0.0575 -0.6426
vn -0.5947 0.2682 -0.7579
vn -0.8096 0.5477 -0.2111
vn 0.3996 0.6136 -0.6811
vn -0.0738 0.3162 -0.9458
vn -0.4242 -0.7979 0.4282
vn -0.1879 -0.7436 0.6416
vn -0.0607 -0.4711 0.8800
vn -0.1359 -0.1567 0.9783
vn -0.4002 -0.4278 0.8105
vn -0.6875 0.1460 0.7114
vn -0.5641 -0.8102 -0.1592
vn -0.3649 -0.8277 0.4262
vn -0.4954 0.8462 -0.1963
vn -0.1108 0.7757 -0.6213
vn -0.0160 0.3679 -0.9297
vn -0.2327 -0.1496 -0.9610
vn -0.1447 -0.7277 0.6705
vn -0.4465 -0.1862 0.8752
vn -0.5942 -0.7518 -0.2860
vn -0.2292 -0.9583 0.1708
vn 0.6404 0.0558 -0.7661
vn 0.8233 0.2212 -0.5227
vn 0.8536 -0.3281 -0.4047
vn 0.6678 -0.2835 -0.6882
vn -0.9498 -0.2837 -0.1321
vn -0.8501 -0.5231 0.0602
vn -0.7036 -0.5802 0.4102
vn -0.6080 -0.4053 0.6827
vn -0.8141 0.4609 -0.3532
vn -0.8501 -0.0903 -0.5188
vn -0.8116 -0.5303 -0.2452
vn -0.7097 -0.6398 0.2951
vn 0.0433 -0.5359 -0.8432
vn -0.2774 -0.4292 -0.8595
vn 0.6103 -0.1208 -0.7829
vn 0.4152 -0.4125 -0.8108
vn -0.5500 -0.8320 0.0728
vn -0.3853 -0.8539 0.3498
vn -0.3268 -0.6605 0.6760
vn -0.4199 -0.3731 0.8274
vn -0.3225 0.2419 0.9151
vn 0.1559 -0.0720 0.9851
vn 0.6293 -0.0213 0.7769
vn 0.8499 0.3364 0.4056
vn 0.6861 -0.4458 -0.5749
vn 0.5779 -0.2096 -0.7887
vn 0.9391 -0.3357 0.0730
vn 0.8361 -0.5040 -0.2167
vn 0.4551 0.8325 -0.3159
vn 0.2837 0.7617 -0.5825
vn -0.0802 0.7132 -0.6964
vn -0.3952 0.7203 -0.5701
vn 0.2612 0.3269 0.9082
vn 0.7528 0.2051 0.6255
vn 0.9204 0.3580 0.1571
vn 0.6945 0.6754 -0.2482
vn 0.4223 0.9039 -0.0678
vn 0.7019 0.7108 0.0449
vn 0.7988 0.5482 -0.2476
vn 0.5759 0.6482 -0.4981
vn 0.4691 0.5566 0.6857
vn 0.8727 0.3778 0.3094
vn 0.8883 0.4085 -0.2100
vn 0.5291 0.6048 -0.5952
vn 0.5508 0.2693 -0.7900
vn 0.7649 0.3603 -0.5339
vn 0.7913 -0.1995 -0.5779
vn 0.5762 -0.0778 -0.8136
vn -0.9704 -0.1743 0.1671
vn -0.7577 0.2787 0.5901
vn -0.6339 0.3229 -0.7028
vn -0.9139 -0.1289 -0.3850
vn 0.3483 -0.7561 -0.5540
vn 0.5741 -0.7607 -0.3028
vn -0.3525 -0.8012 -0.4835
vn -0.0363 -0.7719 -0.6347
vn 0.4217 0.8705 -0.2538
vn 0.2111 0.8406 -0.4988
vn -0.1666 0.8100 -0.5623
vn -0.4588 0.7982 -0.3904
vn 0.7461 0.3147 -0.5868
vn 0.8916 0.3591 -0.2757
vn 0.9030 -0.1927 -0.3840
vn 0.7610 -0.0287 -0.6481
vn 0.9269 0.3753 0.0063
vn 0.5368 0.7666 0.3523
vn 0.6813 -0.5140 0.5212
vn 0.9802 -0.1704 0.1009
vn 0.7610 0.4436 0.4734
vn 0.8519 0.1006 0.5139
vn 0.9796 0.0228 0.1997
vn 0.9504 0.3110 0.0045
vn 0.8325 -0.0591 -0.5509
vn 0.9256 0.1881 -0.3284
vn 0.9529 -0.2988 -0.0510
vn 0.8564 -0.3574 -0.3725
vn 0.6868 -0.6293 0.3636
vn 0.5137 -0.8472 0.1358
vn 0.6445 -0.7452 -0.1712
vn 0.8688 -0.4837 -0.1062
vn 0.9197 -0.0484 0.3896
vn 0.7318 -0.0759 0.6773
vn 0.7060 -0.5722 0.4173
vn 0.9022 -0.3606 0.2365
vn -0.0912 -0.9888 0.1182
vn -0.4137 -0.8884 0.1988
vn -0.3691 -0.8563 -0.3614
vn -0.0742 -0.9703 -0.2303
vn -0.4959 0.2919 -0.8178
vn -0.1691 0.2414 -0.9556
vn -0.1558 -0.1058 -0.9821
vn -0.4592 -0.2290 -0.8583
vn -0.1654 -0.9364 0.3094
vn -0.1064 -0.9936 -0.0385
vn 0.2403 -0.9690 -0.0568
vn 0.3542 -0.8967 0.2655
vn 0.5200 0.1703 -0.8370
vn 0.7409 0.2971 -0.6024
vn 0.7758 -0.2636 -0.5733
vn 0.5509 -0.1768 -0.8156
vn 0.5965 0.8008 -0.0538
vn 0.5929 0.7173 -0.3661
vn 0.3476 0.6688 -0.6572
vn 0.0168 0.6894 -0.7242
vn 0.8972 -0.2255 0.3797
vn 0.8592 0.0845 0.5047
vn 0.4511 -0.7643 0.4608
vn 0.7313 -0.5807 0.3577
vn -0.3898 -0.4547 0.8008
vn -0.0853 -0.5724 0.8156
vn 0.2795 -0.4517 0.8473
vn 0.4582 -0.1621 0.8739
vn 0.5155 -0.1203 0.8484
vn 0.0872 0.3649 0.9269
vn -0.1851 -0.8373 0.5145
vn 0.3761 -0.6314 0.6782
vn -0.5273 0.1751 -0.8314
vn -0.2041 0.1112 -0.9726
vn -0.1855 -0.2364 -0.9538
vn -0.4826 -0.3464 -0.8044
vn 0.7218 0.4973 -0.4814
vn 0.9188 0.2890 -0.2687
vn 0.9016 -0.0174 -0.4323
vn 0.7000 0.0295 -0.7136
vn 0.6923 -0.5372 -0.4819
vn 0.4223 -0.7304 -0.5368
vn 0.7550 0.1469 -0.6390
vn 0.8355 -0.1735 -0.5214
vn 0.5632 0.8242 0.0596
vn 0.7749 0.5895 0.2280
vn 0.9106 0.4114 -0.0391
vn 0.7708 0.5441 -0.3313
vn 0.8836 0.4435 -0.1503
vn 0.9916 0.1107 -0.0672
vn 0.9289 -0.0586 -0.3657
vn 0.7896 0.1725 -0.5889
vn -0.2972 -0.8485 -0.4379
vn -0.4916 -0.6211 -0.6103
vn 0.0290 -0.5785 -0.8152
vn 0.0222 -0.8188 -0.5737
vn -0.2304 -0.6904 0.6858
vn -0.7218 -0.2646 0.6395
vn -0.1824 -0.9211 -0.3441
vn -0.0193 -0.9675 0.2520
vn -0.7747 0.5586 0.2963
vn -0.9787 0.1832 -0.0926
vn -0.9347 -0.3343 -0.1209
vn -0.6702 -0.7160 0.1956
vn 0.7634 -0.0204 0.6456
vn 0.5426 -0.2318 0.8074
vn 0.7635 -0.5224 0.3799
vn 0.8989 -0.2089 0.3852
vn 0.3436 -0.8178 -0.4616
vn 0.5776 -0.7863 -0.2193
vn -0.3539 -0.8626 -0.3614
vn -0.0431 -0.8492 -0.5263
vn -0.7985 0.5789 0.1652
vn -0.9132 0.2668 -0.3081
vn -0.8867 -0.2460 -0.3914
vn -0.7294 -0.6804 -0.0710
vn 0.9892 -0.1443 -0.0238
vn 0.9805 0.1683 0.1012
vn 0.6628 -0.7078 0.2445
vn 0.8592 -0.5108 0.0309
vn -0.7290 0.0587 -0.6820
vn -0.4498 -0.0177 -0.8930
vn -0.4104 -0.3596 -0.8380
vn -0.6541 -0.4539 -0.6051
vn -0.5161 0.8565 0.0085
vn -0.3960 0.7394 -0.5445
vn -0.4733 0.3083 -0.8252
vn -0.6836 -0.1982 -0.7024
vn 0.3007 0.8370 -0.4571
vn 0.0368 0.7728 -0.6336
vn -0.3425 0.7284 -0.5934
vn -0.5801 0.7345 -0.3522
vn 0.4491 -0.8930 0.0285
vn 0.4711 -0.8083 0.3532
vn -0.1419 -0.9251 -0.3523
vn 0.1979 -0.9425 -0.2692
vn -0.6638 0.6096 -0.4332
vn -0.6631 0.1206 -0.7388
vn -0.7168 -0.3739 -0.5886
vn -0.7801 -0.6193 -0.0886
vn -0.5685 -0.6823 -0.4596
vn -0.9411 -0.3334 -0.0561
vn -0.1577 0.1400 -0.9775
vn -0.2463 -0.4590 -0.8536
vn 0.6706 0.6380 0.3785
vn 0.6795 0.7305 0.0681
vn 0.4490 0.8695 -0.2059
vn 0.1258 0.9595 -0.2520
vn 0.8133 -0.3596 -0.4574
vn 0.7782 -0.0694 -0.6242
vn 0.8683 -0.4336 0.2408
vn 0.8505 -0.5165 -0.0994
vn -0.0089 0.5436 -0.8393
vn 0.0437 0.2519 -0.9668
vn -0.1181 -0.0951 -0.9884
vn -0.3929 -0.2599 -0.8821
vn 0.5246 -0.8443 0.1095
vn 0.6272 -0.6780 0.3832
vn -0.1427 -0.9878 -0.0623
vn 0.2069 -0.9750 -0.0806
vn -0.1668 -0.9026 -0.3967
vn 0.0143 -0.7480 -0.6636
vn 0.3416 -0.7649 -0.5462
vn 0.3292 -0.9155 -0.2311
vn 0.6754 0.5859 0.4478
vn 0.1335 0.9303 0.3416
vn 0.2071 -0.2121 0.9550
vn 0.6854 0.1019 0.7210
vn 0.1691 -0.0148 -0.9855
vn 0.4936 -0.1025 -0.8636
vn 0.4493 -0.4372 -0.7791
vn 0.1163 -0.5166 -0.8483
vn 0.3428 -0.3205 0.8831
vn 0.4797 -0.5702 0.6669
vn 0.7496 -0.4016 0.5262
vn 0.7483 -0.0785 0.6587
vn 0.1094 0.3108 0.9442
vn 0.3700 0.4476 0.8141
vn 0.4667 0.6990 0.5417
vn 0.3231 0.8947 0.3083
vn 0.4439 -0.7125 -0.5434
vn 0.5973 -0.7632 -0.2462
vn -0.2533 -0.7116 -0.6553
vn 0.0923 -0.6894 -0.7184
vn -0.1456 -0.9744 -0.1713
vn -0.4750 -0.8653 -0.1600
vn -0.2676 -0.7040 -0.6579
vn -0.0269 -0.8744 -0.4844
vn -0.6179 -0.5934 0.5159
vn -0.3339 -0.7404 0.5834
vn 0.0084 -0.6671 0.7449
vn 0.1784 -0.4114 0.8938
vn -0.3403 0.4993 -0.7968
vn -0.6990 0.6589 -0.2780
vn 0.5960 0.7171 -0.3613
vn 0.2138 0.5399 -0.8141
vn -0.5702 0.0453 0.8203
vn -0.1409 -0.3215 0.9364
vn 0.3737 -0.2688 0.8877
vn 0.7018 0.1443 0.6976
vn 0.3355 0.5467 0.7672
vn 0.5352 0.6515 0.5377
vn 0.5277 0.8263 0.1969
vn 0.3067 0.9515 -0.0242
vn 0.1727 0.9827 -0.0668
vn -0.4543 0.8689 -0.1968
vn 0.1934 0.4754 0.8582
vn 0.4289 0.8120 0.3959
vn 0.8053 0.5628 -0.1865
vn 0.9610 0.2464 -0.1255
vn 0.9016 0.0796 -0.4252
vn 0.7188 0.2970 -0.6286
vn 0.9532 -0.1217 -0.2768
vn 0.9489 0.2122 -0.2336
vn 0.7705 -0.6045 0.2024
vn 0.8798 -0.4646 -0.1001
vn 0.0511 -0.9544 0.2942
vn 0.1178 -0.9914 -0.0568
vn 0.4508 -0.8894 -0.0758
vn 0.5492 -0.7982 0.2476
vn -0.2537 0.9541 -0.1591
vn 0.1403 0.8190 -0.5563
vn 0.1642 0.4226 -0.8913
vn -0.1654 -0.0212 -0.9860
vn -0.5748 0.8169 -0.0469
vn -0.6016 0.5639 -0.5658
vn -0.7110 0.0733 -0.6993
vn -0.8285 -0.3893 -0.4025
vn 0.2271 0.4844 -0.8448
vn 0.5342 0.3095 -0.7866
vn 0.4536 -0.0130 -0.8911
vn 0.1187 -0.0062 -0.9929
vn -0.1097 -0.2648 -0.9581
vn 0.2429 -0.3102 -0.9191
vn 0.2566 -0.6126 -0.7476
vn -0.0731 -0.7152 -0.6951
vn -0.6108 0.7906 -0.0431
vn -0.1761 0.8955 -0.4088
vn 0.0207 0.6072 -0.7943
vn -0.0982 0.0943 -0.9907
vn 0.8853 0.1199 0.4494
vn 0.7447 -0.1186 0.6568
vn 0.9042 -0.3837 0.1877
vn 0.9851 -0.0529 0.1634
vn -0.8833 -0.4572 -0.1038
vn -0.7240 -0.6868 0.0638
vn -0.5432 -0.7382 0.4000
vn -0.4628 -0.5658 0.6824
vn 0.5326 -0.8006 -0.2745
vn 0.2727 -0.9539 -0.1257
vn 0.4969 -0.3340 -0.8010
vn 0.6314 -0.5428 -0.5538
vn -0.8761 -0.1493 -0.4585
vn -0.8429 -0.4365 -0.3147
vn -0.8066 -0.5901 0.0350
vn -0.7907 -0.4959 0.3590
vn 0.4546 -0.7208 -0.5232
vn 0.3674 -0.8964 -0.2480
vn 0.0174 -0.3514 -0.9361
vn 0.3143 -0.4929 -0.8113
vn -0.2566 0.4204 -0.8703
vn 0.0922 0.3611 -0.9280
vn 0.0960 0.0190 -0.9952
vn -0.2344 -0.0941 -0.9676
vn 0.5457 0.4596 0.7007
vn 0.6472 0.6227 0.4398
vn 0.5104 0.8452 0.1583
vn 0.2170 0.9749 0.0495
vn -0.2965 0.1079 0.9489
vn 0.2404 -0.1088 0.9646
vn 0.6777 0.0525 0.7335
vn 0.7938 0.4742 0.3808
vn 0.7731 0.6176 -0.1446
vn 0.9463 0.3063 -0.1034
vn 0.8968 0.1557 -0.4140
vn 0.7022 0.3762 -0.6045
vn 0.0482 -0.6965 0.7159
vn -0.5020 -0.3552 0.7886
vn -0.1069 -0.9485 -0.2982
vn 0.1948 -0.9503 0.2430
vn 0.8188 -0.4973 0.2868
vn 0.6115 -0.7707 0.1790
vn 0.6416 -0.7484 -0.1680
vn 0.8484 -0.4737 -0.2362
vn 0.7641 -0.2303 0.6026
vn 0.4995 -0.3077 0.8098
vn 0.5391 -0.7220 0.4338
vn 0.7846 -0.4934 0.3754
vn 0.0192 -0.8284 0.5598
vn -0.0151 -0.9721 0.2342
vn 0.3088 -0.9447 0.1100
vn 0.4998 -0.7889 0.3576
vn -0.3799 0.8742 -0.3023
vn -0.1000 0.6506 -0.7528
vn -0.1311 0.1818 -0.9745
vn -0.4289 -0.2791 -0.8591
vn -0.3190 0.8905 0.3244
vn 0.1912 0.9789 0.0722
vn 0.3675 0.8412 -0.3967
vn 0.1439 0.5513 -0.8218
vn 0.5703 -0.5799 0.5818
vn 0.2683 -0.7437 0.6123
vn 0.4742 -0.8739 0.1070
vn 0.6933 -0.6688 0.2683
vn 0.1490 -0.0957 -0.9842
vn 0.0531 0.2359 -0.9703
vn 0.5823 0.2118 -0.7849
vn 0.4789 -0.1012 -0.8720
vn 0.8428 0.5253 -0.1173
vn 0.9639 0.2538 0.0803
vn 0.9879 -0.0011 -0.1551
vn 0.8786 0.1314 -0.4591
vn 0.9848 -0.0981 0.1431
vn 0.9527 0.2326 0.1954
vn 0.6336 -0.6083 0.4781
vn 0.8549 -0.4509 0.2566
vn 0.6034 -0.0732 0.7940
vn 0.6990 -0.3668 0.6139
vn 0.9015 -0.2339 0.3642
vn 0.9053 0.1124 0.4096
vn 0.4413 0.8888 -0.1236
vn 0.2392 0.8949 -0.3767
vn -0.1362 0.8796 -0.4558
vn -0.4339 0.8507 -0.2968
vn 0.9671 0.0415 -0.2508
vn 0.9950 0.0329 0.0940
vn 0.8692 -0.4890 -0.0727
vn 0.8935 -0.2859 -0.3462
vn -0.2231 -0.2863 0.9318
vn 0.0441 -0.1170 0.9922
vn 0.1841 0.2376 0.9537
vn 0.0928 0.5401 0.8365
vn 0.5996 0.2402 0.7634
vn 0.6665 -0.1097 0.7374
vn 0.8785 -0.1218 0.4619
vn 0.9147 0.2063 0.3475
vn 0.9989 0.0057 0.0463
vn 0.9245 -0.0882 0.3709
vn 0.8404 -0.5399 0.0469
vn 0.9486 -0.2804 -0.1470
vn -0.9192 -0.3867 0.0747
vn -0.5509 -0.8305 0.0819
vn -0.1301 -0.9182 0.3741
vn 0.1302 -0.6214 0.7726
vn 0.8868 -0.3979 0.2350
vn 0.7032 -0.4908 0.5144
vn 0.5456 -0.8325 0.0965
vn 0.7862 -0.6178 -0.0169
vn 0.3603 -0.8203 -0.4441
vn 0.3703 -0.9209 -0.1217
vn -0.2081 -0.5807 -0.7871
vn 0.1241 -0.6781 -0.7245
vn -0.3960 0.0371 -0.9175
vn -0.0548 -0.0395 -0.9977
vn -0.0392 -0.3801 -0.9241
vn -0.3556 -0.4735 -0.8058
vn -0.3519 0.6387 -0.6843
vn -0.3840 0.3597 -0.8504
vn -0.5612 0.0184 -0.8275
vn -0.7689 -0.1550 -0.6203
vn 0.7166 -0.2556 -0.6490
vn 0.5491 -0.0287 -0.8353
vn 0.9900 -0.1407 -0.0094
vn 0.9010 -0.3077 -0.3059
vn 0.7898 -0.4707 -0.3932
vn 0.5431 -0.6178 -0.5687
vn 0.9123 0.2215 -0.3445
vn 0.9470 -0.1241 -0.2962
vn -0.7742 0.5825 0.2474
vn -0.9843 0.1561 -0.0821
vn -0.9319 -0.3600 -0.0437
vn -0.6503 -0.6930 0.3112
vn 0.8692 -0.4891 -0.0727
vn 0.8545 -0.5148 -0.0690
vn 0.6912 -0.6405 -0.3348
vn 0.9845 0.1657 0.0583
vn 0.9782 -0.1823 0.0993
vn -0.5721 -0.7150 -0.4017
vn -0.9261 -0.1751 -0.3341
vn 0.2204 -0.2698 -0.9373
vn -0.0866 -0.7362 -0.6711
vn 0.2562 0.1803 0.9497
vn 0.3089 -0.1724 0.9354
vn 0.6123 -0.1927 0.7667
vn 0.7088 0.1345 0.6925
vn -0.4789 0.8270 0.2945
vn 0.0694 0.8855 0.4594
vn 0.5123 0.8369 0.1924
vn 0.6281 0.7005 -0.3389
vt 0.281953 0.473460
vt 0.045000 0.473460
vt 0.045000 0.710413
vt 0.281953 0.710413
s 1
usemtl Leaves
f 3760/2071/2872 3759/2072/2873 3758/2073/2874 3757/2074/2875
f 3444/2071/2876 3443/2072/2877 3442/2073/2878 3441/2074/2879
f 3663/2072/2880 3664/2071/2881 3662/2074/2882 3661/2073/2883
f 3613/2072/2884 3616/2071/2885 3615/2074/2886 3614/2073/2887
f 3717/2072/2888 3720/2071/2889 3719/2074/2890 3718/2073/2891
f 3741/2072/2892 3744/2071/2893 3743/2074/2894 3742/2073/2895
f 3641/2072/2896 3644/2071/2897 3643/2074/2898 3642/2073/2899
f 3449/2072/2900 3452/2071/2901 3451/2074/2902 3450/2073/2903
f 3404/2071/2904 3403/2072/2905 3402/2073/2906 3401/2074/2907
f 3789/2072/2908 3792/2071/2909 3791/2074/2910 3790/2073/2911
f 3608/2071/2912 3606/2072/2913 3605/2073/2914 3607/2074/2915
f 3709/2072/2916 3712/2071/2917 3711/2074/2918 3710/2073/2919
f 3817/2072/2920 3820/2071/2921 3819/2074/2922 3818/2073/2923
f 3468/2071/2924 3467/2072/2925 3466/2073/2926 3465/2074/2927
f 3388/2071/2928 3386/2072/2929 3385/2073/2930 3387/2074/2931
f 3431/2072/2932 3432/2071/2933 3430/2074/2934 3429/2073/2935
f 3636/2071/2936 3635/2072/2937 3634/2073/2938 3633/2074/2939
f 3464/2071/2940 3462/2072/2941 3461/2073/2942 3463/2074/2943
f 3471/2072/2944 3472/2071/2945 3470/2074/2946 3469/2073/2947
f 3824/2071/2948 3823/2072/2949 3822/2073/2950 3821/2074/2951
f 3656/2071/2952 3654/2072/2953 3653/2073/2954 3655/2074/2955
f 3508/2071/2956 3506/2072/2957 3505/2073/2958 3507/2074/2959
f 3424/2071/2960 3422/2072/2961 3421/2073/2962 3423/2074/2963
f 3725/2072/2964 3728/2071/2965 3727/2074/2966 3726/2073/2967
f 3409/2072/2968 3412/2071/2969 3411/2074/2970 3410/2073/2971
f 3739/2072/2972 3740/2071/2973 3738/2074/2974 3737/2073/2975
f 3524/2071/2976 3523/2072/2977 3522/2073/2978 3521/2074/2979
f 3749/2072/2980 3752/2071/2981 3751/2074/2982 3750/2073/2983
f 3489/2072/2984 3492/2071/2985 3491/2074/2986 3490/2073/2987
f 3572/2071/2988 3570/2072/2989 3569/2073/2990 3571/2074/2991
f 3381/2072/2992 3384/2071/2993 3383/2074/2994 3382/2073/2995
f 3648/2071/2996 3646/2072/2997 3645/2073/2998 3647/2074/2999
f 3593/2072/3000 3596/2071/3001 3595/2074/3002 3594/2073/3003
f 3417/2072/3004 3420/2071/3005 3419/2074/3006 3418/2073/3007
f 3724/2071/3008 3722/2072/3009 3721/2073/3010 3723/2074/3011
f 3680/2071/3012 3678/2072/3013 3677/2073/3014 3679/2074/3015
f 3517/2072/3016 3520/2071/3017 3519/2074/3018 3518/2073/3019
f 3624/2071/3020 3623/2072/3021 3622/2073/3022 3621/2074/3023
f 3703/2072/3024 3704/2071/3025 3702/2074/3026 3701/2073/3027
f 3428/2071/3028 3427/2072/3029 3426/2073/3030 3425/2074/3031
f 3545/2072/3032 3548/2071/3033 3547/2074/3034 3546/2073/3035
f 3516/2071/3036 3514/2072/3037 3513/2073/3038 3515/2074/3039
f 3592/2071/3040 3590/2072/3041 3589/2073/3042 3591/2074/3043
f 3587/2072/3044 3588/2071/3045 3586/2074/3046 3585/2073/3047
f 3536/2071/3048 3534/2072/3049 3533/2073/3050 3535/2074/3051
f 3368/2071/3052 3366/2072/3053 3365/2073/3054 3367/2074/3055
f 3457/2072/3056 3460/2071/3057 3459/2074/3058 3458/2073/3059
f 3529/2072/3060 3532/2071/3061 3531/2074/3062 3530/2073/3063
f 3732/2071/3064 3730/2072/3065 3729/2073/3066 3731/2074/3067
f 3537/2072/3068 3540/2071/3069 3539/2074/3070 3538/2073/3071
f 3527/2072/3072 3528/2071/3073 3526/2074/3074 3525/2073/3075
f 3756/2071/3076 3754/2072/3077 3753/2073/3078 3755/2074/3079
f 3671/2072/3080 3672/2071/3081 3670/2074/3082 3669/2073/3083
f 3496/2071/3084 3494/2072/3085 3493/2073/3086 3495/2074/3087
f 3772/2071/3088 3770/2072/3089 3769/2073/3090 3771/2074/3091
f 3500/2071/3092 3499/2072/3093 3498/2073/3094 3497/2074/3095
f 3627/2072/3096 3628/2071/3097 3626/2074/3098 3625/2073/3099
f 3620/2071/3100 3618/2072/3101 3617/2073/3102 3619/2074/3103
f 3393/2072/3104 3396/2071/3105 3395/2074/3106 3394/2073/3107
f 3564/2071/3108 3563/2072/3109 3562/2073/3110 3561/2074/3111
f 3691/2072/3112 3692/2071/3113 3690/2074/3114 3689/2073/3115
f 3700/2071/3116 3699/2072/3117 3698/2073/3118 3697/2074/3119
f 3391/2072/3120 3392/2071/3121 3390/2074/3122 3389/2073/3123
f 3436/2071/3124 3434/2072/3125 3433/2073/3126 3435/2074/3127
f 3373/2072/3128 3376/2071/3129 3375/2074/3130 3374/2073/3131
f 3612/2071/3132 3610/2072/3133 3609/2073/3134 3611/2074/3135
f 3632/2071/3136 3630/2072/3137 3629/2073/3138 3631/2074/3139
f 3808/2071/3140 3807/2072/3141 3806/2073/3142 3805/2074/3143
f 3763/2072/3144 3764/2071/3145 3762/2074/3146 3761/2073/3147
f 3649/2072/3148 3652/2071/3149 3651/2074/3150 3650/2073/3151
f 3660/2071/3152 3659/2072/3153 3658/2073/3154 3657/2074/3155
f 3673/2072/3156 3676/2071/3157 3675/2074/3158 3674/2073/3159
f 3684/2071/3160 3682/2072/3161 3681/2073/3162 3683/2074/3163
f 3604/2071/3164 3603/2072/3165 3602/2073/3166 3601/2074/3167
f 3693/2072/3168 3696/2071/3169 3695/2074/3170 3694/2073/3171
f 3372/2071/3172 3370/2072/3173 3369/2073/3174 3371/2074/3175
f 3447/2072/3176 3448/2071/3177 3446/2074/3178 3445/2073/3179
f 3708/2071/3180 3706/2072/3181 3705/2073/3182 3707/2074/3183
f 3804/2071/3184 3802/2072/3185 3801/2073/3186 3803/2074/3187
f 3560/2071/3188 3558/2072/3189 3557/2073/3190 3559/2074/3191
f 3552/2071/3192 3550/2072/3193 3549/2073/3194 3551/2074/3195
f 3380/2071/3196 3378/2072/3197 3377/2073/3198 3379/2074/3199
f 3544/2071/3200 3542/2072/3201 3541/2073/3202 3543/2074/3203
f 3509/2072/3204 3512/2071/3205 3511/2074/3206 3510/2073/3207
f 3484/2071/3208 3483/2072/3209 3482/2073/3210 3481/2074/3211
f 3811/2072/3212 3812/2071/3213 3810/2074/3214 3809/2073/3215
f 3688/2071/3216 3687/2072/3217 3686/2073/3218 3685/2074/3219
f 3779/2072/3220 3780/2071/3221 3778/2074/3222 3777/2073/3223
f 3748/2071/3224 3746/2072/3225 3745/2073/3226 3747/2074/3227
f 3776/2071/3228 3775/2072/3229 3774/2073/3230 3773/2074/3231
f 3480/2071/3232 3478/2072/3233 3477/2073/3234 3479/2074/3235
f 3716/2071/3236 3714/2072/3237 3713/2073/3238 3715/2074/3239
f 3501/2072/3240 3504/2071/3241 3503/2074/3242 3502/2073/3243
f 3416/2071/3244 3414/2072/3245 3413/2073/3246 3415/2074/3247
f 3797/2072/3248 3800/2071/3249 3799/2074/3250 3798/2073/3251
f 3456/2071/3252 3454/2072/3253 3453/2073/3254 3455/2074/3255
f 3600/2071/3256 3598/2072/3257 3597/2073/3258 3599/2074/3259
f 3580/2071/3260 3578/2072/3261 3577/2073/3262 3579/2074/3263
f 3573/2072/3264 3576/2071/3265 3575/2074/3266 3574/2073/3267
f 3437/2072/3268 3440/2071/3269 3439/2074/3270 3438/2073/3271
f 3796/2071/3272 3794/2072/3273 3793/2073/3274 3795/2074/3275
f 3475/2072/3276 3476/2071/3277 3474/2074/3278 3473/2073/3279
f 3400/2071/3280 3398/2072/3281 3397/2073/3282 3399/2074/3283
f 3736/2071/3284 3735/2072/3285 3734/2073/3286 3733/2074/3287
f 3553/2072/3288 3556/2071/3289 3555/2074/3290 3554/2073/3291
f 3584/2071/3292 3583/2072/3293 3582/2073/3294 3581/2074/3295
f 3784/2071/3296 3782/2072/3297 3781/2073/3298 3783/2074/3299
f 3765/2072/3300 3768/2071/3301 3767/2074/3302 3766/2073/3303
f 3668/2071/3304 3666/2072/3305 3665/2073/3306 3667/2074/3307
f 3637/2072/3308 3640/2071/3309 3639/2074/3310 3638/2073/3311
f 3567/2072/3312 3568/2071/3313 3566/2074/3314 3565/2073/3315
f 3816/2071/3316 3814/2072/3317 3813/2073/3318 3815/2074/3319
f 3408/2071/3320 3407/2072/3321 3406/2073/3322 3405/2074/3323
f 3487/2072/3324 3488/2071/3325 3486/2074/3326 3485/2073/3327
f 3787/2072/3328 3788/2071/3329 3786/2074/3330 3785/2073/3331
f 3917/2072/2892 3920/2071/2893 3919/2074/2894 3918/2073/2895
f 3843/2072/2944 3844/2071/2945 3842/2074/2946 3841/2073/2947
f 3896/2071/2952 3894/2072/2953 3893/2073/2954 3895/2074/2955
f 3840/2071/2960 3838/2072/2961 3837/2073/2962 3839/2074/2963
f 3868/2071/2976 3867/2072/2977 3866/2073/2978 3865/2074/2979
f 3825/2072/2992 3828/2071/2993 3827/2074/2994 3826/2073/2995
f 3833/2072/3004 3836/2071/3005 3835/2074/3006 3834/2073/3007
f 3912/2071/3008 3910/2072/3009 3909/2073/3010 3911/2074/3011
f 3904/2071/3012 3902/2072/3013 3901/2073/3014 3903/2074/3015
f 3864/2071/3332 3862/2072/3333 3861/2073/3334 3863/2074/3335
f 3860/2071/3036 3858/2072/3037 3857/2073/3038 3859/2074/3039
f 3916/2071/3064 3914/2072/3065 3913/2073/3066 3915/2074/3067
f 3871/2072/3072 3872/2071/3073 3870/2074/3074 3869/2073/3075
f 3856/2071/3092 3855/2072/3093 3854/2073/3094 3853/2074/3095
f 3888/2071/3108 3887/2072/3109 3886/2073/3110 3885/2074/3111
f 3907/2072/3112 3908/2071/3113 3906/2074/3114 3905/2073/3115
f 3831/2072/3120 3832/2071/3121 3830/2074/3122 3829/2073/3123
f 3897/2072/3156 3900/2071/3157 3899/2074/3158 3898/2073/3159
f 3884/2071/3188 3882/2072/3189 3881/2073/3190 3883/2074/3191
f 3876/2071/3192 3874/2072/3193 3873/2073/3194 3875/2074/3195
f 3848/2071/3208 3847/2072/3209 3846/2073/3210 3845/2074/3211
f 3924/2071/3224 3922/2072/3225 3921/2073/3226 3923/2074/3227
f 3877/2072/3288 3880/2071/3289 3879/2074/3336 3878/2073/3291
f 3891/2072/3312 3892/2071/3313 3890/2074/3314 3889/2073/3315
f 3928/2071/3316 3926/2072/3317 3925/2073/3318 3927/2074/3319
f 3851/2072/3324 3852/2071/3325 3850/2074/3326 3849/2073/3327
f 3948/2071/2936 3947/2072/2937 3946/2073/2938 3945/2074/2939
f 3936/2071/2960 3934/2072/2961 3933/2073/2962 3935/2074/2963
f 3929/2072/2968 3932/2071/2969 3931/2074/2970 3930/2073/2971
f 3952/2071/2996 3950/2072/2997 3949/2073/2998 3951/2074/2999
f 3940/2071/3084 3938/2072/3085 3937/2073/3086 3939/2074/3087
f 3944/2071/3092 3943/2072/3093 3942/2073/3094 3941/2074/3095
f 3971/2072/3337 3972/2071/3338 3970/2074/3339 3969/2073/3340
f 3956/2071/3152 3955/2072/3153 3954/2073/3154 3953/2074/3155
f 3957/2072/3341 3960/2071/3342 3959/2074/3343 3958/2073/3344
f 3964/2071/3345 3962/2072/3346 3961/2073/3347 3963/2074/3348
f 3968/2071/3349 3966/2072/3350 3965/2073/3351 3967/2074/3352
o Tree_1.045
v 5.039575 13.745653 -0.576309
v 5.757562 14.219704 -0.421799
v 5.442661 13.353214 -1.245349
v 6.160647 13.827265 -1.090839
v 4.093446 13.205469 1.307117
v 4.803469 13.692548 1.457857
v 4.450572 12.914835 0.564085
v 5.160595 13.401913 0.714828
v 3.647158 12.888769 1.447343
v 3.136553 13.495522 1.815088
v 3.023840 13.873472 1.034993
v 3.534444 13.266721 0.667248
v 3.136553 13.495522 1.815088
v 3.647158 12.888769 1.447343
v 3.023840 13.873472 1.034993
v 3.534444 13.266721 0.667248
v 3.240557 12.826199 0.986028
v 2.729954 13.432949 1.353773
v 3.430440 13.936044 1.496308
v 3.941044 13.329291 1.128564
v 2.729954 13.432949 1.353773
v 3.240557 12.826199 0.986028
v 3.430440 13.936044 1.496308
v 3.941044 13.329291 1.128564
v 2.891241 12.964704 1.103606
v 3.306859 13.587698 0.652783
v 3.466259 13.053194 1.756004
v 3.881878 13.676188 1.305182
v 3.808859 14.421046 0.509014
v 3.936040 13.597712 0.773671
v 4.713225 13.589179 0.373655
v 4.586043 14.412516 0.108996
v 4.760077 13.659575 0.057407
v 4.632896 14.482909 -0.207251
v 5.537263 13.651042 -0.342610
v 5.410080 14.474379 -0.607268
v 5.668045 14.302814 1.842914
v 5.795226 13.479479 2.107571
v 5.415871 13.185970 1.376789
v 5.288689 14.009307 1.112131
v 4.525298 13.501595 2.330099
v 4.398116 14.324931 2.065441
v 4.145942 13.208088 1.599317
v 4.018759 14.031425 1.334658
v 5.621912 14.143278 -0.584251
v 5.340606 14.356851 0.215346
v 4.522809 14.155341 -0.018541
v 4.804115 13.941769 -0.818138
v 5.232943 14.156643 1.227113
v 5.514250 13.943069 0.427517
v 4.415146 13.955133 0.993226
v 4.696453 13.741560 0.193629
v 4.687823 12.767969 1.224499
v 4.293992 12.079561 1.427339
v 5.011531 11.706261 1.553577
v 5.405362 12.394669 1.350737
v 3.469678 13.926908 -0.006548
v 3.182005 13.170195 -0.128129
v 3.921672 12.862066 0.039520
v 4.209343 13.618779 0.161101
v 2.792393 12.739190 -0.266078
v 3.080066 13.495903 -0.144497
v 3.532059 12.431062 -0.098429
v 3.819730 13.187776 0.023152
v 3.349532 13.316369 0.335328
v 3.061860 12.559656 0.213746
v 3.262591 12.610598 -0.578254
v 3.550264 13.367311 -0.456673
v 3.451472 12.990661 0.351696
v 3.739144 13.747374 0.473277
v 3.652203 13.041602 -0.440305
v 3.939877 13.798315 -0.318724
v 5.071502 13.314142 -0.569074
v 4.406541 13.495999 -0.127590
v 4.025457 13.749900 -0.806165
v 4.690418 13.568041 -1.247648
v 3.582504 13.434137 0.588674
v 4.247464 13.252279 0.147191
v 3.201420 13.688037 -0.089900
v 3.866381 13.506178 -0.531384
v 3.990090 11.750973 1.396983
v 3.780095 11.752618 0.605748
v 4.007828 12.569402 1.393977
v 3.797834 12.571048 0.602742
v 3.003834 11.739785 0.571286
v 3.213828 11.738141 1.362521
v 4.004865 11.720226 1.152540
v 3.794870 11.721870 0.361306
v 3.627963 13.037219 1.068434
v 3.056072 12.471169 1.219038
v 3.602879 11.879782 1.072686
v 4.174769 12.445831 0.922083
v 3.056072 12.471169 1.219038
v 3.627963 13.037219 1.068434
v 3.602879 11.879782 1.072686
v 4.174769 12.445831 0.922083
v 2.336718 13.964251 0.930037
v 2.396298 13.442333 1.557896
v 3.106227 13.786367 1.776512
v 3.046648 14.308285 1.148654
v 2.527554 13.962334 1.032139
v 2.467974 14.484252 0.404281
v 3.237483 14.306368 1.250756
v 3.177904 14.828285 0.622897
v 2.621319 14.920558 0.752417
v 2.680899 14.398640 1.380275
v 3.084139 13.870061 0.902621
v 3.024559 14.391979 0.274762
v 2.549643 13.878639 1.906032
v 2.490063 14.400557 1.278173
v 2.952882 13.350060 1.428377
v 2.893302 13.871979 0.800518
v 3.217511 14.170769 1.445074
v 2.430381 14.301262 1.628242
v 2.213518 13.684232 1.135904
v 3.000649 13.553738 0.952737
v 2.430381 14.301262 1.628242
v 3.217511 14.170769 1.445074
v 2.213518 13.684232 1.135904
v 3.000649 13.553738 0.952737
v 4.165744 12.840554 2.610349
v 4.594577 13.386622 2.176685
v 4.800192 12.323753 2.586976
v 5.229025 12.869823 2.153311
v 3.831350 12.935122 1.109581
v 3.639774 13.533278 0.584546
v 4.207525 12.527269 0.507666
v 4.015950 13.125423 -0.017368
v 4.400448 13.360290 0.620471
v 3.638495 13.378485 0.919220
v 3.408537 12.819885 0.366735
v 4.170488 12.801693 0.067985
v 3.638495 13.378485 0.919220
v 4.400448 13.360290 0.620471
v 3.408537 12.819885 0.366735
v 4.170488 12.801693 0.067985
v 3.694439 13.551569 0.163026
v 3.098151 13.843566 0.479187
v 3.231960 14.482800 0.141170
v 3.828249 14.190803 -0.174990
v 3.098151 13.843566 0.479187
v 3.694439 13.551569 0.163026
v 3.231960 14.482800 0.141170
v 3.828249 14.190803 -0.174990
v 3.617446 14.439990 -0.118531
v 3.233592 13.834856 -0.283602
v 3.428212 13.535976 0.359496
v 3.812065 14.141113 0.524566
v 6.299924 13.251532 0.778212
v 5.792254 12.751429 0.959733
v 5.746751 12.542260 0.256200
v 6.254421 13.042364 0.074679
v 5.792254 12.751429 0.959733
v 6.299924 13.251532 0.778212
v 5.746751 12.542260 0.256200
v 6.254421 13.042364 0.074679
v 5.665110 13.189517 1.230139
v 5.157440 12.689413 1.411660
v 4.627362 13.186332 1.298206
v 5.135031 13.686435 1.116685
v 3.143949 13.393209 0.284878
v 3.784908 13.151422 0.017495
v 3.158128 13.955140 -0.189266
v 3.799085 13.713355 -0.456651
v 3.611890 13.228334 -0.466800
v 2.970933 13.470118 -0.199415
v 3.331146 13.878227 0.295028
v 3.972102 13.636444 0.027643
v 2.581321 13.039113 -0.337365
v 3.222277 12.797330 -0.604750
v 2.941533 13.447224 0.157079
v 3.582490 13.205440 -0.110306
v 3.545639 13.926449 -0.447895
v 3.280904 13.240525 -0.462248
v 3.525587 13.131757 0.222647
v 3.790322 13.817679 0.237001
v 2.891291 12.809521 -0.600197
v 3.156027 13.495444 -0.585845
v 3.135975 12.700752 0.084697
v 3.400709 13.386676 0.099051
v 5.039497 13.849736 1.926736
v 4.537107 13.390016 2.204300
v 4.552268 12.997933 1.582348
v 5.054658 13.457655 1.304784
v 5.101648 13.267641 3.077314
v 5.604038 13.727362 2.799750
v 5.116808 12.875560 2.455362
v 5.619199 13.335280 2.177798
v 5.235696 12.758994 1.883848
v 4.733305 12.299274 2.161411
v 4.196504 12.718452 1.884076
v 4.698895 13.178173 1.606511
v 4.865376 13.027604 2.449182
v 5.367767 13.487324 2.171619
v 4.328575 13.446782 2.171846
v 4.830966 13.906504 1.894282
v 3.274466 12.065454 0.553435
v 2.542333 12.133373 0.565754
v 2.539520 12.235139 -0.162543
v 3.271652 12.167218 -0.174862
v 2.542333 12.133373 0.565754
v 3.274466 12.065454 0.553435
v 2.539520 12.235139 -0.162543
v 3.271652 12.167218 -0.174862
v 3.238573 11.753772 0.138759
v 2.506441 11.821692 0.151078
v 2.575412 12.546821 0.252133
v 3.307543 12.478901 0.239814
v 2.506441 11.821692 0.151078
v 3.238573 11.753772 0.138759
v 2.575412 12.546821 0.252133
v 3.307543 12.478901 0.239814
v 2.978216 12.215463 -0.320770
v 2.931436 11.630760 0.122757
v 2.982195 12.071547 0.709198
v 3.028975 12.656248 0.265672
v 2.931436 11.630760 0.122757
v 2.978216 12.215463 -0.320770
v 2.982195 12.071547 0.709198
v 3.028975 12.656248 0.265672
v 4.772985 13.313568 2.836231
v 4.404990 12.701796 3.012577
v 4.829341 12.314276 2.553735
v 5.197336 12.926048 2.377389
v 3.892736 12.867391 2.556753
v 4.260732 13.479161 2.380407
v 4.317089 12.479870 2.097911
v 4.685083 13.091641 1.921565
v 4.578158 12.493145 2.136688
v 4.210163 11.881376 2.313032
v 3.735519 12.009226 1.766088
v 4.103514 12.620996 1.589744
v 4.210163 11.881376 2.313032
v 4.578158 12.493145 2.136688
v 3.735519 12.009226 1.766088
v 4.103514 12.620996 1.589744
v 4.625770 12.766677 1.897074
v 4.661334 12.950289 2.608272
v 4.025648 13.314711 2.545974
v 3.990084 13.131099 1.834776
v 4.714399 12.597398 2.577570
v 4.678835 12.413786 1.866372
v 4.078712 12.961820 2.515273
v 4.043150 12.778207 1.804074
v 2.519945 13.527924 2.479747
v 3.243761 13.609142 2.378388
v 2.467029 13.188234 1.829676
v 3.190847 13.269450 1.728318
v 3.276612 13.115725 2.217607
v 2.552795 13.034507 2.318964
v 2.434178 13.681651 1.990459
v 3.157996 13.762869 1.889101
v 2.552795 13.034507 2.318964
v 3.276612 13.115725 2.217607
v 2.434178 13.681651 1.990459
v 3.157996 13.762869 1.889101
v 2.890360 13.166613 1.634228
v 3.011651 12.949210 2.326185
v 2.965194 13.647006 2.553566
v 2.843902 13.864410 1.861607
v 4.493669 12.277855 1.858733
v 5.142379 12.548004 1.641994
v 4.150868 12.844350 1.538809
v 4.799578 13.114499 1.322069
v 3.499878 13.198610 2.059369
v 4.193479 12.710397 1.848021
v 3.338137 13.335921 1.211378
v 4.031737 12.847708 1.000031
v 3.859201 12.423070 1.414718
v 3.165601 12.911283 1.626065
v 3.672414 13.623248 1.644682
v 4.366014 13.135036 1.433334
v 3.165601 12.911283 1.626065
v 3.859201 12.423070 1.414718
v 3.672414 13.623248 1.644682
v 4.366014 13.135036 1.433334
v 3.720799 13.071430 0.908946
v 3.476796 12.470901 1.495401
v 3.949536 12.877245 2.108185
v 4.193539 13.477773 1.521729
v 3.476796 12.470901 1.495401
v 3.720799 13.071430 0.908946
v 3.949536 12.877245 2.108185
v 4.193539 13.477773 1.521729
v 4.901364 14.167394 0.229962
v 4.555319 14.829279 -0.224197
v 5.673414 14.306435 -0.155666
v 5.327369 14.968319 -0.609825
v 5.625683 14.732362 -0.508027
v 5.235151 15.025631 0.216943
v 4.533840 14.535729 0.037332
v 4.924370 14.242463 -0.687638
v 5.235151 15.025631 0.216943
v 5.625683 14.732362 -0.508027
v 4.533840 14.535729 0.037332
v 4.924370 14.242463 -0.687638
v 6.497448 13.131464 0.634735
v 5.711761 12.798472 0.445229
v 5.502784 13.533301 0.020428
v 6.288473 13.866292 0.209932
v 4.273139 12.363830 0.420855
v 4.233102 11.548597 0.483672
v 5.016348 11.528412 0.720885
v 5.056384 12.343643 0.658068
v 4.076837 12.587785 0.574081
v 4.116874 13.403017 0.511265
v 4.860083 12.567598 0.811294
v 4.900119 13.382830 0.748478
v 4.234592 12.863323 0.746763
v 4.194556 12.048092 0.809580
v 4.429236 11.976389 0.028596
v 4.469273 12.791621 -0.034222
v 3.664954 12.432611 0.512778
v 3.704990 13.247845 0.449962
v 3.899635 12.360909 -0.268205
v 3.939672 13.176140 -0.331023
v 5.713795 12.548966 -0.167131
v 4.994011 12.613944 0.217373
v 4.606116 12.577517 -0.502602
v 5.325899 12.512541 -0.887106
v 4.169974 12.552081 0.933637
v 4.889757 12.487103 0.549133
v 3.782079 12.515654 0.213663
v 4.501862 12.450678 -0.170841
v 4.484571 13.045354 2.386445
v 4.342840 12.802497 1.617624
v 5.258506 13.223211 2.187589
v 5.116775 12.980355 1.418768
v 4.239245 12.862803 1.966337
v 4.626672 13.526872 1.685148
v 4.946328 12.450266 1.966300
v 5.333755 13.114332 1.685112
v 2.664831 13.185555 1.087110
v 2.830048 12.864251 1.821700
v 3.387464 13.449393 1.952268
v 3.222249 13.770697 1.217678
v 2.830048 12.864251 1.821700
v 2.664831 13.185555 1.087110
v 3.387464 13.449393 1.952268
v 3.222249 13.770697 1.217678
v 2.820596 13.393744 2.055420
v 2.655380 13.715047 1.320831
v 3.396915 12.919902 1.718548
v 3.231699 13.241205 0.983958
v 3.403780 13.763361 1.538556
v 2.602107 13.684661 1.684436
v 2.615473 12.935845 1.353905
v 3.417145 13.014547 1.208025
v 2.602107 13.684661 1.684436
v 3.403780 13.763361 1.538556
v 2.615473 12.935845 1.353905
v 3.417145 13.014547 1.208025
v 4.170373 12.539659 1.743136
v 4.298177 13.085550 2.339644
v 3.958006 13.669720 1.877928
v 3.830203 13.123829 1.281419
v 4.024369 13.865746 1.828148
v 3.746205 13.328374 2.379518
v 4.505444 13.039604 2.481113
v 4.783607 13.576978 1.929743
v 3.746205 13.328374 2.379518
v 4.024369 13.865746 1.828148
v 4.505444 13.039604 2.481113
v 4.783607 13.576978 1.929743
v 5.195647 12.290819 0.507975
v 4.874503 12.665580 -0.145151
v 5.736522 12.899632 0.591359
v 5.415377 13.274394 -0.061767
v 5.341265 13.346998 -0.158537
v 4.771420 12.898521 -0.280712
v 5.068995 12.695026 -0.921664
v 5.638841 13.143503 -0.799489
v 4.381807 12.467517 -0.418661
v 4.951653 12.915994 -0.296486
v 4.679383 12.264022 -1.059614
v 5.249228 12.712499 -0.937438
v 4.273210 12.598028 0.492359
v 3.595370 12.757319 0.728882
v 3.557912 13.312245 0.247807
v 4.235748 13.152957 0.011282
v 3.595370 12.757319 0.728882
v 4.273210 12.598028 0.492359
v 3.557912 13.312245 0.247807
v 4.235748 13.152957 0.011282
v 4.113134 12.647752 0.000124
v 3.435296 12.807042 0.236648
v 3.717985 13.262525 0.740040
v 4.395823 13.103232 0.503517
v 3.435296 12.807042 0.236648
v 4.113134 12.647752 0.000124
v 3.717985 13.262525 0.740040
v 4.395823 13.103232 0.503517
v 3.956856 13.331600 0.006258
v 3.783452 12.617134 -0.009521
v 4.009831 12.546817 0.686602
v 4.183236 13.261282 0.702382
v 3.783452 12.617134 -0.009521
v 3.956856 13.331600 0.006258
v 4.009831 12.546817 0.686602
v 4.183236 13.261282 0.702382
v 4.488995 12.222728 0.446921
v 3.787168 12.310823 0.648065
v 3.668883 12.726685 0.053211
v 4.370711 12.638587 -0.147933
v 4.611206 12.372686 -0.068200
v 5.313032 12.284591 -0.269344
v 4.492920 12.788548 -0.663054
v 5.194748 12.700450 -0.864198
v 4.337348 12.130624 -0.041864
v 3.635521 12.218720 0.159280
v 3.820531 12.818788 0.541996
v 4.522358 12.730692 0.340852
v 3.635521 12.218720 0.159280
v 4.337348 12.130624 -0.041864
v 3.820531 12.818788 0.541996
v 4.522358 12.730692 0.340852
v 3.146268 12.713470 -0.625425
v 3.099086 11.995100 -0.475419
v 3.313548 12.125355 0.215826
v 3.360729 12.843725 0.065822
v 4.842338 12.103447 -0.756933
v 4.889520 12.821815 -0.906938
v 5.056799 12.233702 -0.065688
v 5.103981 12.952071 -0.215691
v 3.837959 11.803123 0.623832
v 3.119901 11.644536 0.618859
v 2.962645 12.358937 0.543470
v 3.680702 12.517523 0.548445
v 3.509514 12.075540 0.756808
v 4.227571 12.234127 0.761781
v 3.352257 12.789942 0.681420
v 4.070315 12.948527 0.686394
v 3.330755 13.084776 0.157319
v 3.427039 12.630918 0.727866
v 3.300930 13.187376 1.191797
v 3.204644 13.641234 0.621251
v 3.294968 11.902588 0.440095
v 3.198684 12.356446 -0.130452
v 3.168859 12.459045 0.904026
v 3.072573 12.912904 0.333480
v 4.454129 12.512262 2.852192
v 4.635780 13.150303 2.534878
v 5.007244 12.179556 2.499840
v 5.188894 12.817597 2.182525
v 5.157363 12.835953 2.883081
v 5.230789 12.493474 2.236476
v 4.448565 12.963992 2.734778
v 4.521992 12.621514 2.088172
v 3.526416 13.464666 2.579196
v 2.853976 13.191034 2.696379
v 2.952718 12.712883 2.146467
v 3.625156 12.986517 2.029284
v 2.853976 13.191034 2.696379
v 3.526416 13.464666 2.579196
v 2.952718 12.712883 2.146467
v 3.625156 12.986517 2.029284
v 3.716193 12.982035 2.541225
v 3.043754 12.708404 2.658406
v 2.762940 13.195514 2.184439
v 3.435379 13.469148 2.067256
v 3.043754 12.708404 2.658406
v 3.716193 12.982035 2.541225
v 2.762940 13.195514 2.184439
v 3.435379 13.469148 2.067256
v 3.376632 12.778034 1.962267
v 3.505377 12.771698 2.686259
v 3.236990 13.454242 2.739960
v 3.108245 13.460579 2.015967
v 3.505377 12.771698 2.686259
v 3.376632 12.778034 1.962267
v 3.236990 13.454242 2.739960
v 3.108245 13.460579 2.015967
v 4.185482 14.784053 1.085725
v 4.112331 14.297973 1.632677
v 4.694842 13.926623 1.380563
v 4.767992 14.412704 0.833610
v 3.902700 13.682886 2.826288
v 3.975852 14.168966 2.279336
v 4.485212 13.311537 2.574173
v 4.558362 13.797618 2.027221
v 4.411510 13.913812 1.313858
v 4.484662 14.399891 0.766906
v 3.968668 13.505635 0.891882
v 4.041819 13.991715 0.344930
v 4.547117 14.289995 1.073081
v 4.645877 13.738789 0.596427
v 3.822081 14.263955 0.952971
v 3.920841 13.712748 0.476318
v 2.727674 12.524454 -0.209473
v 2.144056 12.868852 0.076117
v 2.152708 13.346862 -0.482645
v 2.736326 13.002462 -0.768233
v 2.770499 13.902722 0.281108
v 3.354116 13.558325 -0.004482
v 2.779151 14.380732 -0.277654
v 3.362768 14.036333 -0.563242
v 3.134782 13.577285 -0.475569
v 2.551164 13.921683 -0.189980
v 2.998486 14.361772 0.193435
v 3.582103 14.017373 -0.092156
v 2.161551 13.490679 -0.327930
v 2.745170 13.146280 -0.613519
v 2.608873 13.930767 0.055485
v 3.192491 13.586370 -0.230105
v 2.741500 13.842088 -0.702680
v 2.419079 13.192894 -0.578690
v 2.729265 13.166080 0.087528
v 3.051687 13.815274 -0.036461
v 2.419079 13.192894 -0.578690
v 2.741500 13.842088 -0.702680
v 2.729265 13.166080 0.087528
v 3.051687 13.815274 -0.036461
v 2.398486 12.130474 1.652591
v 1.887883 12.737225 2.020336
v 2.588369 13.240320 2.162871
v 3.098973 12.633568 1.795127
v 2.049170 12.268980 1.770169
v 2.464787 12.891974 1.319346
v 2.624188 12.357470 2.422567
v 3.039807 12.980463 1.971745
v 2.507461 12.620646 1.001891
v 2.219789 11.863933 0.880309
v 2.420520 11.914874 0.088309
v 2.708193 12.671587 0.209890
v 2.609401 12.294937 1.018259
v 2.897073 13.051649 1.139841
v 2.810132 12.345878 0.226259
v 3.097806 13.102592 0.347839
v 2.967261 12.257315 2.168126
v 2.757266 12.258959 1.376891
v 2.984999 13.075744 2.165120
v 2.775005 13.077390 1.373885
v 1.247597 13.930607 2.408102
v 1.457591 13.928963 3.199337
v 2.248628 13.911048 2.989356
v 2.038633 13.912692 2.198122
v 2.629627 13.380682 1.825407
v 2.057736 12.814632 1.976011
v 2.604542 12.223245 1.829659
v 3.176433 12.789294 1.679055
v 2.057736 12.814632 1.976011
v 2.629627 13.380682 1.825407
v 2.604542 12.223245 1.829659
v 3.176433 12.789294 1.679055
v 1.588310 13.605537 2.294806
v 2.375440 13.475044 2.111637
v 1.371447 12.988508 1.802468
v 2.158578 12.858014 1.619300
v 3.558377 12.664566 1.287034
v 2.796424 12.682760 1.585784
v 2.566466 12.124162 1.033299
v 3.328417 12.105968 0.734549
v 2.796424 12.682760 1.585784
v 3.558377 12.664566 1.287034
v 2.566466 12.124162 1.033299
v 3.328417 12.105968 0.734549
v 2.775375 13.744267 0.548032
v 2.391521 13.139132 0.382961
v 2.586141 12.840253 1.026059
v 2.969994 13.445390 1.191129
v 2.301878 12.697485 0.951441
v 2.942837 12.455698 0.684058
v 2.316057 13.259416 0.477297
v 2.957014 13.017632 0.209913
v 2.769819 12.532610 0.199763
v 2.128862 12.774393 0.467148
v 2.489075 13.182503 0.961591
v 3.130032 12.940720 0.694207
v 1.739249 12.343390 0.329199
v 2.380206 12.101606 0.061814
v 2.099463 12.751499 0.823642
v 2.740419 12.509716 0.556257
v 2.703568 13.230724 0.218668
v 2.438833 12.544801 0.204315
v 2.683516 12.436032 0.889210
v 2.948251 13.121956 0.903564
v 2.049220 12.113797 0.066366
v 2.313956 12.799721 0.080719
v 2.293904 12.005028 0.751261
v 2.558638 12.690951 0.765615
v 1.386158 13.527946 2.102480
v 0.654025 13.595865 2.114799
v 0.651212 13.697630 1.386502
v 1.383344 13.629710 1.374182
v 0.654025 13.595865 2.114799
v 1.386158 13.527946 2.102480
v 0.651212 13.697630 1.386502
v 1.383344 13.629710 1.374182
v 1.350265 13.216263 1.687804
v 0.618133 13.284184 1.700122
v 0.687104 14.009312 1.801178
v 1.419235 13.941393 1.788859
v 0.618133 13.284184 1.700122
v 1.350265 13.216263 1.687804
v 0.687104 14.009312 1.801178
v 1.419235 13.941393 1.788859
v 1.089908 13.677955 1.228275
v 1.043128 13.093252 1.671802
v 1.093887 13.534038 2.258242
v 1.140667 14.118739 1.814717
v 1.043128 13.093252 1.671802
v 1.089908 13.677955 1.228275
v 1.093887 13.534038 2.258242
v 1.140667 14.118739 1.814717
v 3.524592 12.895929 1.701098
v 3.484556 12.080697 1.763913
v 3.719236 12.008995 0.982930
v 3.759273 12.824227 0.920112
v 2.822883 11.736887 1.179341
v 2.862919 12.552121 1.116525
v 3.057564 11.665184 0.398358
v 3.097601 12.480416 0.335540
v 1.094564 13.492623 2.147386
v 1.259781 13.171319 2.881976
v 1.817198 13.756461 3.012545
v 1.651982 14.077765 2.277955
v 1.259781 13.171319 2.881976
v 1.094564 13.492623 2.147386
v 1.817198 13.756461 3.012545
v 1.651982 14.077765 2.277955
v 1.833513 14.070429 2.598832
v 1.031841 13.991729 2.744713
v 1.045206 13.242913 2.414181
v 1.846879 13.321615 2.268301
v 1.760036 12.988936 2.350999
v 2.561709 13.067637 2.205119
v 1.773402 12.240121 2.020468
v 2.575074 12.318824 1.874588
v 2.847770 12.438260 1.251937
v 3.417616 12.886737 1.374113
v 3.145346 12.234765 0.610985
v 3.715191 12.683242 0.733160
v 2.753299 12.061596 1.395445
v 3.431139 11.902304 1.158922
v 2.715841 12.616521 0.914370
v 3.393677 12.457232 0.677845
v 2.593225 12.111319 0.903211
v 3.271063 11.952028 0.666688
v 2.875914 12.566801 1.406604
v 3.553752 12.407509 1.170080
v 3.646924 11.527003 1.113484
v 2.945097 11.615100 1.314628
v 2.826812 12.030960 0.719774
v 3.528640 11.942863 0.518630
v 2.788832 12.654286 1.405037
v 3.490659 12.566191 1.203893
v 2.670547 13.070148 0.810184
v 3.372375 12.982050 0.609040
v 1.257960 14.175961 0.923620
v 1.210778 13.457592 1.073625
v 1.425240 13.587847 1.764871
v 1.472421 14.306217 1.614867
v 2.111427 13.149378 1.774517
v 1.393370 12.990790 1.769545
v 1.236113 13.705193 1.694156
v 1.954170 13.863778 1.699131
v 1.621206 13.538032 2.305853
v 2.339263 13.696618 2.310826
v 1.463949 14.252434 2.230465
v 2.182007 14.411019 2.235439
v 2.488683 12.389052 0.823882
v 2.584969 11.935194 1.394429
v 2.458858 12.491652 1.858360
v 2.362573 12.945510 1.287814
v 1.719489 12.891344 2.172330
v 1.623204 13.345201 1.601784
v 1.593379 13.447802 2.636262
v 1.497094 13.901660 2.065716
v 1.928428 13.206998 0.947671
v 2.512045 12.862600 0.662081
v 1.937080 13.685008 0.388910
v 2.520697 13.340609 0.103321
v 2.292711 12.881560 0.190994
v 1.709093 13.225959 0.476583
v 2.156415 13.666047 0.859998
v 2.740032 13.321650 0.574407
v 1.319480 12.794954 0.338634
v 1.903099 12.450556 0.053044
v 1.766802 13.235044 0.722048
v 2.350420 12.890645 0.436458
v 1.899429 13.146363 -0.036117
v 1.577008 12.497170 0.087873
v 1.887194 12.470356 0.754091
v 2.209616 13.119550 0.630102
v 1.577008 12.497170 0.087873
v 1.899429 13.146363 -0.036117
v 1.887194 12.470356 0.754091
v 2.209616 13.119550 0.630102
v 5.926994 14.237420 -0.360397
v 6.644980 14.711470 -0.205887
v 6.330080 13.844980 -1.029437
v 7.048066 14.319031 -0.874926
v 4.980864 13.697235 1.523028
v 5.690887 14.184315 1.673769
v 5.337990 13.406602 0.779997
v 6.048014 13.893679 0.930740
v 4.696278 14.912813 0.724926
v 4.823459 14.089478 0.989583
v 5.600644 14.080946 0.589567
v 5.473461 14.904283 0.324908
v 5.647496 14.151341 0.273319
v 5.520315 14.974676 0.008661
v 6.424682 14.142809 -0.126698
v 6.297499 14.966146 -0.391356
v 5.990923 14.916954 1.185811
v 6.118104 14.093620 1.450469
v 5.738750 13.800111 0.719687
v 5.611567 14.623447 0.455028
v 4.848175 14.115737 1.672997
v 4.720994 14.939073 1.408339
v 4.468820 13.822229 0.942214
v 4.341637 14.645566 0.677556
v 6.509331 14.635044 -0.368339
v 6.228024 14.848617 0.431258
v 5.410228 14.647108 0.197371
v 5.691534 14.433536 -0.602226
v 6.120361 14.648409 1.443025
v 6.401669 14.434835 0.643429
v 5.302564 14.446900 1.209138
v 5.583872 14.233327 0.409541
v 5.181134 14.480537 -0.506900
v 4.893461 13.723824 -0.628482
v 5.633128 13.415695 -0.460833
v 5.920798 14.172409 -0.339251
v 5.162928 13.544291 -0.148657
v 5.450600 14.301003 -0.027075
v 5.363659 13.595232 -0.940657
v 5.651332 14.351945 -0.819076
v 4.488622 13.454696 1.953247
v 4.917455 14.000763 1.519583
v 5.123070 12.937894 1.929873
v 5.551903 13.483963 1.496209
v 4.809607 14.397196 -0.021166
v 5.405895 14.105198 -0.337327
v 4.943416 15.036429 -0.359182
v 5.539704 14.744432 -0.675343
v 5.328902 14.993620 -0.618884
v 4.945048 14.388485 -0.783955
v 5.139668 14.089606 -0.140857
v 5.523520 14.694743 0.024214
v 5.496554 14.523470 1.183747
v 4.988884 14.023367 1.365268
v 4.943381 13.814198 0.661735
v 5.451051 14.314302 0.480214
v 4.988884 14.023367 1.365268
v 5.496554 14.523470 1.183747
v 4.943381 13.814198 0.661735
v 5.451051 14.314302 0.480214
v 4.861740 14.461454 1.635674
v 4.354070 13.961351 1.817195
v 3.823992 14.458270 1.703741
v 4.331661 14.958373 1.522220
v 5.926916 14.341503 2.142648
v 5.424525 13.881782 2.420212
v 5.439686 13.489700 1.798260
v 5.942077 13.949421 1.520696
v 5.558574 13.373135 1.226746
v 5.056183 12.913415 1.504308
v 4.519382 13.332593 1.226973
v 5.021772 13.792314 0.949409
v 4.242764 13.097477 2.750137
v 4.745155 13.557197 2.472574
v 3.705963 13.516654 2.472801
v 4.208354 13.976376 2.195237
v 5.788783 14.659161 0.445873
v 5.442738 15.321046 -0.008285
v 6.560833 14.798201 0.060246
v 6.214787 15.460087 -0.393913
v 6.513102 15.224129 -0.292115
v 6.122570 15.517397 0.432854
v 5.421258 15.027496 0.253245
v 5.811789 14.734229 -0.471726
v 6.122570 15.517397 0.432854
v 6.513102 15.224129 -0.292115
v 5.421258 15.027496 0.253245
v 5.811789 14.734229 -0.471726
v 5.694078 14.403402 1.040270
v 4.908391 14.070410 0.850765
v 4.699415 14.805239 0.425963
v 5.485103 15.138230 0.615467
v 5.763800 13.304293 0.087899
v 5.803837 14.119525 0.025082
v 6.547046 13.284107 0.325112
v 6.587082 14.099339 0.262295
v 6.601213 13.040733 0.048781
v 5.881430 13.105711 0.433285
v 5.493535 13.069283 -0.286690
v 6.213318 13.004307 -0.671194
v 4.347247 14.479886 1.171046
v 4.069083 13.942514 1.722415
v 4.828321 13.653746 1.824011
v 5.106485 14.191118 1.272641
v 4.777007 13.126403 2.195090
v 4.958658 13.764443 1.877775
v 5.330122 12.793696 1.842738
v 5.511772 13.431738 1.525422
v 5.480241 13.450093 2.225979
v 5.553667 13.107615 1.579374
v 4.771443 13.578133 2.077676
v 4.844870 13.235655 1.431070
v 5.072900 15.275820 1.301637
v 4.999749 14.789740 1.848589
v 5.582261 14.418390 1.596475
v 5.655411 14.904471 1.049522
v 4.225578 14.297027 2.169186
v 4.298729 14.783108 1.622234
v 4.808090 13.925677 1.917071
v 4.881240 14.411758 1.370119
v 5.298929 14.405579 1.529770
v 5.372081 14.891658 0.982818
v 4.856086 13.997402 1.107794
v 4.929237 14.483482 0.560842
v 5.434536 14.781762 1.288993
v 5.533295 14.230555 0.812339
v 4.709499 14.755721 1.168883
v 4.808260 14.204515 0.692229
v 3.819380 13.266833 0.104468
v 4.321771 13.726554 -0.173096
v 3.834540 12.874751 -0.517484
v 4.336931 13.334473 -0.795048
v 3.875095 12.835144 -0.089764
v 3.948521 12.492666 -0.736369
v 3.166297 12.963184 -0.238068
v 3.239724 12.620706 -0.884674
v 4.644649 14.340694 -0.830198
v 4.142258 13.880974 -0.552634
v 4.157418 13.488893 -1.174586
v 4.659809 13.948613 -1.452150
v 4.651285 12.316497 -0.412333
v 5.153676 12.776217 -0.689895
v 4.114484 12.735675 -0.689668
v 4.616875 13.195395 -0.967232
vn 0.9099 -0.3379 0.2406
vn 0.8160 -0.5765 0.0418
vn 0.7047 -0.6323 -0.3218
vn 0.6507 -0.4566 -0.6067
vn -0.1534 -0.5325 -0.8324
vn -0.4606 -0.4840 -0.7440
vn -0.7082 -0.1982 -0.6776
vn -0.7207 0.1397 -0.6790
vn -0.0534 -0.5487 0.8343
vn -0.1937 -0.7631 0.6166
vn 0.5818 -0.2519 0.7734
vn 0.2672 -0.3333 0.9042
vn -0.2180 -0.6910 0.6891
vn -0.4174 -0.7954 0.4393
vn 0.4774 -0.5908 0.6504
vn 0.1532 -0.6039 0.7822
vn -0.5921 -0.7908 0.1552
vn -0.5537 -0.8130 -0.1802
vn -0.0682 -0.7758 0.6273
vn -0.3944 -0.7744 0.4947
vn -0.6527 0.2880 0.7007
vn -0.8615 0.2762 0.4261
vn -0.7706 -0.2546 0.5843
vn -0.6051 -0.0440 0.7949
vn 0.0579 -0.5531 0.8311
vn 0.3383 -0.3556 0.8713
vn -0.1058 -0.0348 0.9938
vn -0.2118 -0.3484 0.9131
vn 0.5520 -0.0393 0.8329
vn 0.8877 0.2738 0.3702
vn -0.3167 0.5580 0.7670
vn 0.0392 0.1044 0.9938
vn -0.7119 0.6572 -0.2477
vn -0.2210 0.7087 -0.6700
vn -0.8518 -0.3829 -0.3575
vn -0.9744 0.1808 -0.1339
vn 0.5256 0.2478 0.8138
vn 0.8158 0.5017 0.2876
vn -0.4308 0.6540 0.6218
vn -0.0090 0.3328 0.9430
vn -0.3484 0.1941 -0.9170
vn 0.1750 0.5709 -0.8021
vn 0.1232 -0.7216 -0.6813
vn -0.3439 -0.3604 -0.8671
vn -0.1677 -0.5841 -0.7941
vn 0.2583 -0.1210 -0.9585
vn 0.3597 -0.9317 0.0511
vn -0.1006 -0.9268 -0.3618
vn -0.8144 -0.0884 0.5736
vn -0.6075 0.0676 0.7914
vn -0.9872 0.1424 -0.0712
vn -0.9746 -0.0624 0.2152
vn -0.6296 0.7732 -0.0752
vn -0.4526 0.8743 0.1754
vn -0.0897 0.9596 0.2666
vn 0.2179 0.9677 0.1270
vn -0.1418 0.9868 -0.0778
vn 0.2819 0.7983 -0.5322
vn -0.8977 0.2946 -0.3277
vn -0.6461 0.7632 -0.0118
vn 0.5916 -0.3011 -0.7479
vn 0.4333 -0.7754 -0.4593
vn -0.0372 -0.9469 -0.3194
vn -0.5558 -0.7397 -0.3794
vn -0.4188 0.8817 0.2172
vn 0.0924 0.9799 -0.1767
vn -0.9005 0.1714 -0.3996
vn -0.8385 0.5360 0.0980
vn -0.1307 -0.8988 0.4184
vn 0.1483 -0.7912 0.5934
vn -0.2945 -0.5151 0.8050
vn -0.4004 -0.7267 0.5582
vn -0.4854 0.2643 -0.8334
vn -0.6067 0.4843 -0.6304
vn -0.4931 0.7712 -0.4025
vn -0.2106 0.9287 -0.3054
vn 0.1234 -0.2180 -0.9681
vn -0.4445 -0.1749 -0.8785
vn -0.7259 0.2018 -0.6576
vn -0.5930 0.6896 -0.4158
vn -0.8056 -0.5922 0.0146
vn -0.7762 -0.5439 -0.3190
vn -0.3019 -0.8470 0.4375
vn -0.6121 -0.7171 0.3333
vn -0.8235 0.5049 -0.2587
vn -0.7036 0.7095 -0.0394
vn -0.3902 0.9203 0.0291
vn -0.0895 0.9901 -0.1081
vn 0.5170 0.8378 -0.1753
vn 0.3517 0.8571 0.3765
vn 0.4043 0.5099 0.7593
vn 0.6218 -0.0064 0.7832
vn -0.4986 -0.5778 0.6461
vn -0.3902 -0.8133 0.4316
vn -0.0974 -0.1115 0.9890
vn -0.3821 -0.2842 0.8793
vn 0.7107 -0.6935 0.1180
vn 0.5100 -0.8566 -0.0785
vn 0.3533 -0.8315 -0.4286
vn 0.3503 -0.6248 -0.6978
vn 0.7003 0.6257 0.3436
vn 0.5718 0.2626 0.7772
vn 0.5568 -0.2573 0.7898
vn 0.6408 -0.6545 0.4012
vn 0.8664 -0.4848 0.1198
vn 0.7892 -0.4063 0.4606
vn 0.5459 -0.6444 0.5354
vn 0.4956 -0.8333 0.2450
vn 0.8586 0.2881 0.4241
vn 0.6254 -0.1131 0.7720
vn 0.4520 -0.5923 0.6670
vn 0.4100 -0.8914 0.1930
vn 0.0353 -0.9627 0.2682
vn 0.2581 -0.8288 0.4965
vn -0.2585 -0.6931 0.6729
vn -0.2817 -0.8781 0.3868
vn -0.2731 0.5024 -0.8204
vn 0.3407 0.6678 -0.6618
vn -0.1043 -0.5406 -0.8348
vn -0.4385 -0.0234 -0.8984
vn -0.8331 -0.3547 0.4245
vn -0.6961 -0.1974 0.6902
vn -0.9774 -0.0631 -0.2018
vn -0.9511 -0.3043 0.0527
vn 0.7630 -0.6402 0.0892
vn 0.6004 -0.7853 -0.1511
vn 0.4770 -0.7168 -0.5086
vn 0.4791 -0.4701 -0.7412
vn 0.1926 -0.8554 0.4809
vn 0.3823 -0.6361 0.6702
vn -0.1552 -0.5560 0.8166
vn -0.1378 -0.8025 0.5805
vn 0.5142 -0.3997 0.7588
vn 0.9292 -0.0992 0.3560
vn -0.1299 0.4263 0.8952
vn 0.0702 -0.1530 0.9857
vn 0.7281 0.0465 0.6839
vn 0.4522 0.1670 0.8762
vn 0.2826 -0.1277 0.9507
vn 0.4598 -0.3878 0.7989
vn -0.1135 -0.7274 0.6767
vn 0.2139 -0.6378 0.7399
vn -0.1105 -0.2386 0.9648
vn -0.3075 -0.4777 0.8230
vn -0.2949 0.3215 0.8998
vn -0.6131 0.2417 0.7521
vn -0.6174 -0.1063 0.7795
vn -0.3143 -0.2021 0.9276
vn 0.2820 0.0836 0.9558
vn 0.3352 0.4073 0.8495
vn -0.2189 0.3448 0.9128
vn -0.0625 0.0541 0.9966
vn -0.8608 0.4567 0.2245
vn -0.7992 0.5946 -0.0882
vn -0.9821 0.0690 -0.1754
vn -0.9779 0.1338 0.1606
vn -0.1514 -0.6757 -0.7215
vn -0.1898 -0.8821 -0.4311
vn -0.5104 -0.7964 -0.3244
vn -0.6297 -0.5527 -0.5459
vn -0.7525 0.6333 0.1808
vn -0.9296 0.3227 0.1782
vn -0.8496 0.1925 0.4910
vn -0.6364 0.4224 0.6454
vn -0.0781 -0.9630 0.2579
vn 0.1698 -0.8620 0.4776
vn -0.3173 -0.6633 0.6778
vn -0.3763 -0.8399 0.3912
vn 0.4763 0.2673 -0.8376
vn -0.0763 0.1760 -0.9814
vn -0.5159 0.3631 -0.7759
vn -0.6234 0.7034 -0.3415
vn 0.8116 -0.4919 0.3151
vn 0.6131 -0.7428 0.2691
vn 0.4090 -0.9125 -0.0081
vn 0.3392 -0.8782 -0.3371
vn 0.1144 0.1396 0.9836
vn 0.4355 0.1617 0.8856
vn -0.4224 0.5243 0.7394
vn -0.2451 0.2866 0.9262
vn -0.1677 0.9839 -0.0622
vn -0.2108 0.9426 0.2591
vn -0.0213 0.8202 0.5717
vn 0.2834 0.6949 0.6609
vn 0.3217 0.6410 0.6968
vn 0.7090 0.6834 0.1742
vn -0.5861 0.7905 0.1778
vn -0.2312 0.6983 0.6774
vn -0.2678 -0.6400 -0.7202
vn -0.3203 -0.8442 -0.4299
vn -0.6224 -0.7193 -0.3085
vn -0.7186 -0.4589 -0.5225
vn 0.3940 -0.8133 0.4281
vn 0.3270 -0.6150 0.7175
vn -0.0165 -0.6560 0.7546
vn -0.1228 -0.8614 0.4928
vn -0.5431 -0.4667 0.6980
vn -0.7893 -0.3703 0.4898
vn 0.0227 -0.8500 0.5263
vn -0.2044 -0.6646 0.7187
vn 0.8711 -0.3878 0.3014
vn 0.7656 -0.2251 0.6027
vn 0.5257 -0.4472 0.7236
vn 0.5041 -0.7094 0.4926
vn 0.5060 -0.5489 0.6653
vn 0.2591 -0.3987 0.8797
vn -0.0225 -0.5913 0.8061
vn 0.0718 -0.8241 0.5619
vn -0.9916 -0.0237 -0.1269
vn -0.8912 -0.1927 -0.4107
vn -0.8356 -0.5490 0.0197
vn -0.9584 -0.2523 0.1339
vn -0.3953 0.9093 0.1297
vn -0.1225 0.8787 -0.4613
vn -0.9986 0.0491 0.0211
vn -0.7756 0.5476 0.3139
vn 0.4739 0.3190 -0.8208
vn -0.0551 0.1562 -0.9862
vn -0.5237 0.2865 -0.8023
vn -0.6932 0.6136 -0.3781
vn 0.3785 0.3511 0.8564
vn 0.2105 0.6324 0.7455
vn -0.1779 0.2774 0.9442
vn 0.1319 0.1386 0.9815
vn -0.8532 -0.2504 0.4576
vn -0.6857 -0.1154 0.7186
vn -0.9850 0.0667 -0.1594
vn -0.9794 -0.1801 0.0917
vn 0.4362 0.2023 -0.8768
vn -0.0522 -0.0840 -0.9951
vn -0.5415 0.0010 -0.8407
vn -0.7771 0.3816 -0.5005
vn 0.0463 -0.2760 0.9600
vn 0.3751 -0.2637 0.8887
vn -0.4168 0.2478 0.8746
vn -0.2865 -0.0676 0.9557
vn -0.3517 -0.4069 -0.8431
vn -0.4511 -0.6558 -0.6053
vn -0.7301 -0.5068 -0.4584
vn -0.7692 -0.1932 -0.6091
vn 0.6774 -0.1149 -0.7266
vn 0.3773 -0.6078 -0.6987
vn -0.1354 -0.6943 -0.7068
vn -0.5825 -0.3548 -0.7313
vn 0.6303 -0.7742 -0.0576
vn 0.4536 -0.8306 -0.3231
vn 0.3584 -0.6643 -0.6559
vn 0.4140 -0.3780 -0.8281
vn -0.7085 0.1803 0.6823
vn -0.5005 0.4363 0.7478
vn -0.9978 0.0306 0.0584
vn -0.9171 0.0069 0.3985
vn 0.2540 -0.3840 -0.8877
vn -0.3060 -0.4977 -0.8115
vn -0.7022 -0.1854 -0.6874
vn -0.7385 0.3612 -0.5693
vn -0.9014 -0.0147 -0.4328
vn -0.4987 0.3458 -0.7948
vn -0.2877 -0.8719 -0.3963
vn -0.7948 -0.5383 -0.2803
vn 0.8488 -0.0746 0.5233
vn 0.8118 -0.3852 0.4388
vn 0.7860 -0.6054 0.1252
vn 0.7884 -0.5774 -0.2124
vn -0.3509 -0.5397 0.7652
vn -0.1618 -0.7730 0.6134
vn -0.1329 0.0922 0.9868
vn -0.3445 -0.1795 0.9214
vn 0.1579 -0.9257 -0.3437
vn -0.1449 -0.9604 -0.2380
vn -0.4962 -0.8170 -0.2938
vn -0.6543 -0.5841 -0.4803
vn 0.6585 0.6486 -0.3816
vn 0.9075 0.4121 0.0812
vn 0.9729 -0.0856 0.2146
vn 0.8211 -0.5704 -0.0220
vn -0.6186 0.2139 0.7560
vn -0.3422 0.3730 0.8624
vn -0.9405 0.3107 0.1377
vn -0.8706 0.1835 0.4565
vn -0.9998 -0.0090 0.0190
vn -0.9314 -0.3536 0.0869
vn -0.8390 -0.3429 0.4225
vn -0.8532 -0.0079 0.5216
vn 0.8301 0.0031 0.5576
vn 0.9968 -0.0390 -0.0700
vn 0.2234 0.8603 0.4582
vn 0.5037 0.4026 0.7643
vn -0.3687 -0.9283 -0.0482
vn -0.3389 -0.8896 0.3062
vn -0.6154 -0.6910 0.3792
vn -0.7767 -0.6253 0.0762
vn 0.1226 0.7901 0.6005
vn -0.1614 0.6365 0.7542
vn -0.0143 0.3730 0.9277
vn 0.3286 0.3864 0.8618
vn 0.6713 0.7095 0.2142
vn 0.7922 0.4689 0.3904
vn 0.9297 0.1136 0.3503
vn 0.9872 -0.1153 0.1101
vn -0.7717 -0.3886 0.5034
vn -0.6718 -0.1531 0.7247
vn -0.9456 -0.2762 -0.1716
vn -0.8856 -0.4454 0.1312
vn -0.3303 -0.1542 0.9312
vn -0.5785 -0.3010 0.7581
vn 0.3567 -0.3024 0.8839
vn 0.0584 -0.1501 0.9869
vn -0.9718 0.2097 0.1078
vn -0.9309 0.2849 -0.2287
vn -0.9424 -0.2768 -0.1877
vn -0.9826 -0.1392 0.1230
vn -0.4474 0.8439 -0.2961
vn -0.4999 0.8657 0.0257
vn -0.3063 0.8818 0.3587
vn 0.0143 0.8795 0.4757
vn 0.0728 -0.7720 -0.6314
vn 0.3529 -0.2509 -0.9014
vn 0.6154 -0.7394 0.2729
vn 0.2063 -0.9699 -0.1295
vn 0.2563 0.8929 -0.3702
vn 0.0523 0.9856 0.1607
vn 0.1771 0.7679 0.6156
vn 0.5357 0.3627 0.7625
vn 0.8565 0.4052 0.3196
vn 0.8981 0.1047 0.4271
vn 0.9202 -0.2550 0.2970
vn 0.9046 -0.4262 0.0075
vn 0.8909 -0.4335 -0.1358
vn 0.6198 -0.3213 -0.7160
vn 0.8016 0.5532 0.2268
vn 0.9670 -0.0420 0.2511
vn 0.5845 -0.5964 0.5502
vn 0.3527 -0.4858 0.7997
vn 0.0735 -0.6814 0.7282
vn 0.1550 -0.8787 0.4515
vn -0.0396 -0.4987 0.8659
vn 0.2772 -0.5679 0.7750
vn -0.3201 0.1436 0.9364
vn -0.2926 -0.2061 0.9338
vn -0.7340 0.5595 0.3848
vn -0.8928 0.2372 0.3829
vn -0.7459 0.0851 0.6605
vn -0.5181 0.3147 0.7953
vn 0.7487 -0.3769 -0.5454
vn 0.5449 -0.8082 -0.2234
vn 0.0610 -0.9854 -0.1587
vn -0.4374 -0.8246 -0.3588
vn 0.6090 -0.1335 -0.7818
vn 0.1724 -0.5067 -0.8447
vn -0.3421 -0.4324 -0.8343
vn -0.6639 0.0201 -0.7476
vn 0.1469 -0.9833 -0.1075
vn 0.0698 -0.9677 0.2421
vn -0.2769 -0.9312 0.2372
vn -0.3737 -0.9222 -0.0993
vn -0.6352 -0.7370 -0.2308
vn -0.5947 -0.7949 0.1200
vn -0.7971 -0.5467 0.2565
vn -0.9308 -0.3655 -0.0107
vn 0.5801 -0.1107 -0.8070
vn 0.6123 -0.6046 -0.5094
vn 0.2384 -0.9152 -0.3250
vn -0.3227 -0.8869 -0.3304
vn 0.4505 0.0927 0.8879
vn 0.2912 0.3990 0.8695
vn -0.1022 0.0172 0.9946
vn 0.2013 -0.1372 0.9699
vn -0.6181 0.3261 -0.7153
vn -0.7290 0.5025 -0.4648
vn -0.6092 0.7648 -0.2095
vn -0.3280 0.9365 -0.1237
vn -0.7287 -0.1463 0.6690
vn -0.8569 0.1162 0.5021
vn -0.5222 -0.7589 0.3891
vn -0.5878 -0.5106 0.6275
vn -0.4788 -0.0940 -0.8729
vn -0.6747 0.1184 -0.7286
vn -0.6687 0.4703 -0.5759
vn -0.4537 0.7245 -0.5190
vn -0.7692 -0.3711 0.5202
vn -0.8355 -0.0409 0.5480
vn -0.6809 -0.7277 -0.0825
vn -0.7036 -0.6605 0.2621
vn -0.0114 -0.8375 -0.5463
vn -0.0222 -0.9762 -0.2157
vn -0.3560 -0.9257 -0.1280
vn -0.5090 -0.7632 -0.3981
vn 0.7914 0.3100 0.5268
vn 0.8548 -0.0076 0.5190
vn 0.9188 -0.2904 0.2672
vn 0.9378 -0.3406 -0.0673
vn 0.4146 0.9039 -0.1053
vn 0.3263 0.8249 0.4615
vn 0.4628 0.4322 0.7740
vn 0.7255 -0.0565 0.6859
vn 0.6443 -0.5669 0.5133
vn 0.4125 -0.4812 0.7735
vn 0.1455 -0.6948 0.7043
vn 0.2327 -0.8780 0.4184
vn -0.3368 0.8533 0.3980
vn -0.1042 0.9746 -0.1982
vn -0.9911 0.0761 0.1093
vn -0.7235 0.4686 0.5069
vn -0.1814 0.1694 0.9687
vn -0.5089 0.2255 0.8307
vn -0.6195 -0.1015 0.7784
vn -0.3602 -0.3155 0.8779
vn 0.1728 0.3812 0.9082
vn 0.1351 0.6725 0.7277
vn -0.3785 0.4594 0.8035
vn -0.1495 0.2576 0.9546
vn -0.5222 0.7657 0.3755
vn -0.7860 0.5318 0.3153
vn -0.7494 0.3128 0.5835
vn -0.4759 0.4250 0.7700
vn 0.5968 -0.4402 -0.6708
vn 0.2711 -0.8554 -0.4413
vn -0.2438 -0.8911 -0.3829
vn -0.6692 -0.5464 -0.5036
vn 0.8693 0.0962 -0.4848
vn 0.9454 -0.3138 -0.0878
vn 0.6703 -0.7419 0.0163
vn 0.2005 -0.9591 -0.1997
vn -0.1865 0.5359 0.8234
vn -0.3784 0.7091 0.5950
vn -0.6557 0.2365 0.7170
vn -0.3667 0.2471 0.8970
vn 0.4001 0.0854 -0.9125
vn -0.1712 0.0301 -0.9848
vn -0.5672 0.2907 -0.7705
vn -0.5953 0.7030 -0.3891
vn -0.4449 -0.8945 -0.0434
vn -0.1590 -0.9612 -0.2255
vn -0.0086 -0.9489 0.3154
vn -0.3440 -0.8930 0.2902
vn 0.5850 -0.5337 0.6107
vn 0.4408 -0.3051 0.8442
vn 0.1232 -0.4397 0.8897
vn 0.1025 -0.7217 0.6846
vn 0.1526 -0.1404 0.9783
vn 0.4649 -0.1919 0.8643
vn -0.2409 0.4332 0.8685
vn -0.1447 0.1161 0.9826
vn 0.3592 0.5502 0.7538
vn 0.0419 0.4558 0.8891
vn 0.1015 0.1270 0.9867
vn 0.4319 0.0532 0.9004
vn 0.8343 -0.5358 0.1300
vn 0.7025 -0.7024 -0.1145
vn 0.5872 -0.6536 -0.4775
vn 0.5678 -0.4112 -0.7131
vn 0.1202 -0.5330 0.8375
vn 0.2533 -0.2303 0.9396
vn -0.3060 -0.1704 0.9367
vn -0.2259 -0.4889 0.8426
vn 0.0666 0.9951 0.0729
vn 0.2928 0.9122 0.2866
vn 0.6232 0.7192 0.3071
vn 0.8323 0.5433 0.1097
vn 0.6518 -0.0549 0.7564
vn 0.9718 0.1059 0.2106
vn -0.0688 0.7158 0.6949
vn 0.2123 0.2259 0.9507
vn 0.6286 0.4215 0.6535
vn 0.3159 0.4922 0.8111
vn 0.2364 0.1848 0.9539
vn 0.4937 -0.0358 0.8689
vn -0.9088 0.0488 -0.4143
vn -0.4627 0.0408 -0.8856
vn -0.5699 -0.8175 0.0832
vn -0.9427 -0.3333 -0.0125
vn 0.5835 0.7124 0.3898
vn 0.2701 0.7988 0.5375
vn 0.2425 0.5620 0.7908
vn 0.5260 0.3590 0.7710
vn 0.2106 -0.2653 0.9409
vn 0.2399 0.0785 0.9676
vn -0.3101 -0.0381 0.9499
vn -0.1323 -0.3293 0.9349
vn -0.4911 0.4738 -0.7309
vn -0.8187 0.5130 -0.2580
vn -0.7039 0.6746 0.2223
vn -0.2314 0.8546 0.4650
vn -0.0995 0.0697 0.9926
vn -0.1076 0.4060 0.9075
vn -0.6093 0.1918 0.7694
vn -0.4153 -0.0530 0.9081
vn -0.8454 -0.2390 0.4777
vn -0.8074 0.0792 0.5847
vn -0.8711 -0.4507 -0.1952
vn -0.8718 -0.4642 0.1563
vn -0.4012 -0.7121 -0.5762
vn -0.4378 -0.8628 -0.2526
vn -0.7127 -0.6904 -0.1243
vn -0.8097 -0.4574 -0.3676
vn 0.7705 0.1390 -0.6222
vn 0.9907 0.1001 -0.0920
vn 0.9252 -0.2579 0.2785
vn 0.6153 -0.7238 0.3124
vn 0.2400 -0.7135 -0.6583
vn -0.0824 -0.7610 -0.6434
vn -0.4138 -0.5749 -0.7058
vn -0.5275 -0.2695 -0.8056
vn -0.3507 -0.7156 0.6041
vn -0.2511 -0.9053 0.3427
vn 0.0553 -0.2645 0.9628
vn -0.2282 -0.4479 0.8645
vn -0.4301 -0.4388 0.7889
vn -0.6777 -0.4725 0.5635
vn 0.2351 -0.6589 0.7145
vn -0.0505 -0.5133 0.8567
vt 0.281953 0.473460
vt 0.045000 0.473460
vt 0.045000 0.710413
vt 0.281953 0.710413
s 1
usemtl Leaves
f 4392/2075/3353 4391/2076/3354 4390/2077/3355 4389/2078/3356
f 4064/2075/3357 4063/2076/3358 4062/2077/3359 4061/2078/3360
f 4267/2076/3361 4268/2075/3362 4266/2078/3363 4265/2077/3364
f 4023/2076/3365 4024/2075/3366 4022/2078/3367 4021/2077/3368
f 4295/2076/3369 4296/2075/3370 4294/2078/3371 4293/2077/3372
f 4009/2076/3373 4012/2075/3374 4011/2078/3375 4010/2077/3376
f 4241/2076/3377 4244/2075/3378 4243/2078/3379 4242/2077/3380
f 4349/2076/3381 4352/2075/3382 4351/2078/3383 4350/2077/3384
f 4193/2076/3385 4196/2075/3386 4195/2078/3387 4194/2077/3388
f 4373/2076/3389 4376/2075/3390 4375/2078/3391 4374/2077/3392
f 4273/2076/3393 4276/2075/3394 4275/2078/3395 4274/2077/3396
f 4069/2076/3397 4072/2075/3398 4071/2078/3399 4070/2077/3400
f 4483/2076/3401 4484/2075/3402 4482/2078/3403 4481/2077/3404
f 4020/2075/3405 4019/2076/3406 4018/2077/3407 4017/2078/3408
f 4421/2076/3409 4424/2075/3410 4423/2078/3411 4422/2077/3412
f 4236/2075/3413 4234/2076/3414 4233/2077/3415 4235/2078/3416
f 4341/2076/3417 4344/2075/3418 4343/2078/3419 4342/2077/3420
f 4469/2076/3421 4472/2075/3422 4471/2078/3423 4470/2077/3424
f 4088/2075/3425 4087/2076/3426 4086/2077/3427 4085/2078/3428
f 3996/2075/3429 3994/2076/3430 3993/2077/3431 3995/2078/3432
f 4051/2076/3433 4052/2075/3434 4050/2078/3435 4049/2077/3436
f 4264/2075/3437 4263/2076/3438 4262/2077/3439 4261/2078/3440
f 4084/2075/3441 4082/2076/3442 4081/2077/3443 4083/2078/3444
f 4091/2076/3445 4092/2075/3446 4090/2078/3447 4089/2077/3448
f 4480/2075/3449 4479/2076/3450 4478/2077/3451 4477/2078/3452
f 4288/2075/3453 4286/2076/3454 4285/2077/3455 4287/2078/3456
f 4128/2075/3457 4126/2076/3458 4125/2077/3459 4127/2078/3460
f 4044/2075/3461 4042/2076/3462 4041/2077/3463 4043/2078/3464
f 4357/2076/3465 4360/2075/3466 4359/2078/3467 4358/2077/3468
f 4029/2076/3469 4032/2075/3470 4031/2078/3471 4030/2077/3472
f 4371/2076/3473 4372/2075/3474 4370/2078/3475 4369/2077/3476
f 4148/2075/3477 4147/2076/3478 4146/2077/3479 4145/2078/3480
f 4381/2076/3481 4384/2075/3482 4383/2078/3483 4382/2077/3484
f 4109/2076/3485 4112/2075/3486 4111/2078/3487 4110/2077/3488
f 4200/2075/3489 4198/2076/3490 4197/2077/3491 4199/2078/3492
f 3989/2076/3493 3992/2075/3494 3991/2078/3495 3990/2077/3496
f 4280/2075/3497 4278/2076/3498 4277/2077/3499 4279/2078/3500
f 4221/2076/3501 4224/2075/3502 4223/2078/3503 4222/2077/3504
f 4037/2076/3505 4040/2075/3506 4039/2078/3507 4038/2077/3508
f 4356/2075/3509 4354/2076/3510 4353/2077/3511 4355/2078/3512
f 4312/2075/3513 4310/2076/3514 4309/2077/3515 4311/2078/3516
f 4137/2076/3517 4140/2075/3518 4139/2078/3519 4138/2077/3520
f 4144/2075/3521 4142/2076/3522 4141/2077/3523 4143/2078/3524
f 4252/2075/3525 4251/2076/3526 4250/2077/3527 4249/2078/3528
f 4335/2076/3529 4336/2075/3530 4334/2078/3531 4333/2077/3532
f 4048/2075/3533 4047/2076/3534 4046/2077/3535 4045/2078/3536
f 4169/2076/3537 4172/2075/3538 4171/2078/3539 4170/2077/3540
f 4136/2075/3541 4134/2076/3542 4133/2077/3543 4135/2078/3544
f 4220/2075/3545 4218/2076/3546 4217/2077/3547 4219/2078/3548
f 4215/2076/3549 4216/2075/3550 4214/2078/3551 4213/2077/3552
f 4160/2075/3553 4158/2076/3554 4157/2077/3555 4159/2078/3556
f 3976/2075/3557 3974/2076/3558 3973/2077/3559 3975/2078/3560
f 4077/2076/3561 4080/2075/3562 4079/2078/3563 4078/2077/3564
f 4153/2076/3565 4156/2075/3566 4155/2078/3567 4154/2077/3568
f 4364/2075/3569 4362/2076/3570 4361/2077/3571 4363/2078/3572
f 4161/2076/3573 4164/2075/3574 4163/2078/3575 4162/2077/3576
f 4151/2076/3577 4152/2075/3578 4150/2078/3579 4149/2077/3580
f 4388/2075/3581 4386/2076/3582 4385/2077/3583 4387/2078/3584
f 4303/2076/3585 4304/2075/3586 4302/2078/3587 4301/2077/3588
f 4116/2075/3589 4114/2076/3590 4113/2077/3591 4115/2078/3592
f 4404/2075/3593 4402/2076/3594 4401/2077/3595 4403/2078/3596
f 4120/2075/3597 4119/2076/3598 4118/2077/3599 4117/2078/3600
f 4255/2076/3601 4256/2075/3602 4254/2078/3603 4253/2077/3604
f 4248/2075/3605 4246/2076/3606 4245/2077/3607 4247/2078/3608
f 4001/2076/3609 4004/2075/3610 4003/2078/3611 4002/2077/3612
f 4188/2075/3613 4187/2076/3614 4186/2077/3615 4185/2078/3616
f 4323/2076/3617 4324/2075/3618 4322/2078/3619 4321/2077/3620
f 4332/2075/3621 4331/2076/3622 4330/2077/3623 4329/2078/3624
f 4016/2075/3625 4014/2076/3626 4013/2077/3627 4015/2078/3628
f 3999/2076/3629 4000/2075/3630 3998/2078/3631 3997/2077/3632
f 4056/2075/3633 4054/2076/3634 4053/2077/3635 4055/2078/3636
f 3981/2076/3637 3984/2075/3638 3983/2078/3639 3982/2077/3640
f 4240/2075/3641 4238/2076/3642 4237/2077/3643 4239/2078/3644
f 4260/2075/3645 4258/2076/3646 4257/2077/3647 4259/2078/3648
f 4440/2075/3649 4439/2076/3650 4438/2077/3651 4437/2078/3652
f 4395/2076/3653 4396/2075/3654 4394/2078/3655 4393/2077/3656
f 4459/2076/3657 4460/2075/3658 4458/2078/3659 4457/2077/3660
f 4281/2076/3661 4284/2075/3662 4283/2078/3663 4282/2077/3664
f 4292/2075/3665 4291/2076/3666 4290/2077/3667 4289/2078/3668
f 4305/2076/3669 4308/2075/3670 4307/2078/3671 4306/2077/3672
f 4316/2075/3673 4314/2076/3674 4313/2077/3675 4315/2078/3676
f 4232/2075/3677 4231/2076/3678 4230/2077/3679 4229/2078/3680
f 4325/2076/3681 4328/2075/3682 4327/2078/3683 4326/2077/3684
f 3980/2075/3685 3978/2076/3686 3977/2077/3687 3979/2078/3688
f 4067/2076/3689 4068/2075/3690 4066/2078/3691 4065/2077/3692
f 4340/2075/3693 4338/2076/3694 4337/2077/3695 4339/2078/3696
f 4436/2075/3697 4434/2076/3698 4433/2077/3699 4435/2078/3700
f 4184/2075/3701 4182/2076/3702 4181/2077/3703 4183/2078/3704
f 4176/2075/3705 4174/2076/3706 4173/2077/3707 4175/2078/3708
f 3988/2075/3709 3986/2076/3710 3985/2077/3711 3987/2078/3712
f 4168/2075/3713 4166/2076/3714 4165/2077/3715 4167/2078/3716
f 4129/2076/3717 4132/2075/3718 4131/2078/3719 4130/2077/3720
f 4104/2075/3721 4103/2076/3722 4102/2077/3723 4101/2078/3724
f 4443/2076/3725 4444/2075/3726 4442/2078/3727 4441/2077/3728
f 4320/2075/3729 4319/2076/3730 4318/2077/3731 4317/2078/3732
f 4411/2076/3733 4412/2075/3734 4410/2078/3735 4409/2077/3736
f 4380/2075/3737 4378/2076/3738 4377/2077/3739 4379/2078/3740
f 4408/2075/3741 4407/2076/3742 4406/2077/3743 4405/2078/3744
f 4100/2075/3745 4098/2076/3746 4097/2077/3747 4099/2078/3748
f 4348/2075/3749 4346/2076/3750 4345/2077/3751 4347/2078/3752
f 4121/2076/3753 4124/2075/3754 4123/2078/3755 4122/2077/3756
f 4036/2075/3757 4034/2076/3758 4033/2077/3759 4035/2078/3760
f 4429/2076/3761 4432/2075/3762 4431/2078/3763 4430/2077/3764
f 4076/2075/3765 4074/2076/3766 4073/2077/3767 4075/2078/3768
f 4228/2075/3769 4226/2076/3770 4225/2077/3771 4227/2078/3772
f 4208/2075/3773 4206/2076/3774 4205/2077/3775 4207/2078/3776
f 4201/2076/3777 4204/2075/3778 4203/2078/3779 4202/2077/3780
f 4476/2075/3781 4474/2076/3782 4473/2077/3783 4475/2078/3784
f 4057/2076/3785 4060/2075/3786 4059/2078/3787 4058/2077/3788
f 4428/2075/3789 4426/2076/3790 4425/2077/3791 4427/2078/3792
f 4095/2076/3793 4096/2075/3794 4094/2078/3795 4093/2077/3796
f 4008/2075/3797 4006/2076/3798 4005/2077/3799 4007/2078/3800
f 4368/2075/3801 4367/2076/3802 4366/2077/3803 4365/2078/3804
f 4177/2076/3805 4180/2075/3806 4179/2078/3807 4178/2077/3808
f 4212/2075/3809 4211/2076/3810 4210/2077/3811 4209/2078/3812
f 4461/2076/3813 4464/2075/3814 4463/2078/3815 4462/2077/3816
f 4416/2075/3817 4414/2076/3818 4413/2077/3819 4415/2078/3820
f 4445/2076/3821 4448/2075/3822 4447/2078/3823 4446/2077/3824
f 4452/2075/3825 4450/2076/3826 4449/2077/3827 4451/2078/3828
f 4397/2076/3829 4400/2075/3830 4399/2078/3831 4398/2077/3832
f 4300/2075/3833 4298/2076/3834 4297/2077/3835 4299/2078/3836
f 4269/2076/3837 4272/2075/3838 4271/2078/3839 4270/2077/3840
f 4191/2076/3841 4192/2075/3842 4190/2078/3843 4189/2077/3844
f 4468/2075/3845 4466/2076/3846 4465/2077/3847 4467/2078/3848
f 4456/2075/3849 4454/2076/3850 4453/2077/3851 4455/2078/3852
f 4028/2075/3853 4027/2076/3854 4026/2077/3855 4025/2078/3856
f 4107/2076/3857 4108/2075/3858 4106/2078/3859 4105/2077/3860
f 4419/2076/3861 4420/2075/3862 4418/2078/3863 4417/2077/3864
f 4624/2075/3353 4623/2076/3354 4622/2077/3355 4621/2078/3356
f 4512/2075/3357 4511/2076/3358 4510/2077/3359 4509/2078/3360
f 4613/2076/3389 4616/2075/3390 4615/2078/3391 4614/2077/3392
f 4659/2076/3401 4660/2075/3402 4658/2078/3403 4657/2077/3404
f 4645/2076/3421 4648/2075/3422 4647/2078/3423 4646/2077/3424
f 4519/2076/3445 4520/2075/3446 4518/2078/3447 4517/2077/3448
f 4656/2075/3449 4655/2076/3450 4654/2077/3451 4653/2078/3452
f 4584/2075/3453 4582/2076/3454 4581/2077/3455 4583/2078/3456
f 4500/2075/3461 4498/2076/3462 4497/2077/3463 4499/2078/3464
f 4548/2075/3477 4547/2076/3478 4546/2077/3479 4545/2078/3480
f 4485/2076/3493 4488/2075/3494 4487/2078/3495 4486/2077/3496
f 4493/2076/3505 4496/2075/3506 4495/2078/3507 4494/2077/3508
f 4608/2075/3509 4606/2076/3510 4605/2077/3511 4607/2078/3512
f 4592/2075/3513 4590/2076/3514 4589/2077/3515 4591/2078/3516
f 4537/2076/3517 4540/2075/3518 4539/2078/3519 4538/2077/3520
f 4544/2075/3521 4542/2076/3522 4541/2077/3523 4543/2078/3524
f 4553/2076/3537 4556/2075/3538 4555/2078/3539 4554/2077/3540
f 4536/2075/3541 4534/2076/3542 4533/2077/3543 4535/2078/3544
f 4612/2075/3569 4610/2076/3570 4609/2077/3571 4611/2078/3572
f 4551/2076/3577 4552/2075/3578 4550/2078/3579 4549/2077/3580
f 4632/2075/3593 4630/2076/3594 4629/2077/3595 4631/2078/3596
f 4532/2075/3597 4531/2076/3598 4530/2077/3599 4529/2078/3600
f 4572/2075/3613 4571/2076/3614 4570/2077/3615 4569/2078/3616
f 4599/2076/3617 4600/2075/3618 4598/2078/3619 4597/2077/3620
f 4491/2076/3629 4492/2075/3630 4490/2078/3631 4489/2077/3632
f 4504/2075/3633 4502/2076/3634 4501/2077/3635 4503/2078/3636
f 4577/2076/3661 4580/2075/3662 4579/2078/3663 4578/2077/3664
f 4585/2076/3669 4588/2075/3670 4587/2078/3671 4586/2077/3672
f 4515/2076/3689 4516/2075/3690 4514/2078/3691 4513/2077/3692
f 4568/2075/3701 4566/2076/3702 4565/2077/3703 4567/2078/3704
f 4560/2075/3705 4558/2076/3706 4557/2077/3707 4559/2078/3708
f 4524/2075/3721 4523/2076/3722 4522/2077/3723 4521/2078/3724
f 4596/2075/3729 4595/2076/3730 4594/2077/3731 4593/2078/3732
f 4639/2076/3733 4640/2075/3734 4638/2078/3735 4637/2077/3736
f 4620/2075/3737 4618/2076/3738 4617/2077/3739 4619/2078/3740
f 4636/2075/3741 4635/2076/3742 4634/2077/3743 4633/2078/3744
f 4604/2075/3749 4602/2076/3750 4601/2077/3751 4603/2078/3752
f 4652/2075/3781 4650/2076/3782 4649/2077/3783 4651/2078/3784
f 4505/2076/3785 4508/2075/3786 4507/2078/3787 4506/2077/3788
f 4561/2076/3805 4564/2075/3806 4563/2078/3807 4562/2077/3808
f 4625/2076/3829 4628/2075/3830 4627/2078/3831 4626/2077/3832
f 4575/2076/3841 4576/2075/3842 4574/2078/3843 4573/2077/3844
f 4644/2075/3845 4642/2076/3846 4641/2077/3847 4643/2078/3848
f 4527/2076/3857 4528/2075/3858 4526/2078/3859 4525/2077/3860
f 4747/2076/3361 4748/2075/3362 4746/2078/3363 4745/2077/3364
f 4691/2076/3365 4692/2075/3366 4690/2078/3367 4689/2077/3368
f 4677/2076/3373 4680/2075/3374 4679/2078/3375 4678/2077/3376
f 4688/2075/3405 4687/2076/3406 4686/2077/3407 4685/2078/3408
f 4744/2075/3437 4743/2076/3438 4742/2077/3439 4741/2078/3440
f 4720/2075/3457 4718/2076/3458 4717/2077/3459 4719/2078/3460
f 4700/2075/3461 4698/2076/3462 4697/2077/3463 4699/2078/3464
f 4693/2076/3469 4696/2075/3470 4695/2078/3471 4694/2077/3472
f 4756/2075/3497 4754/2076/3498 4753/2077/3499 4755/2078/3500
f 4664/2075/3557 4662/2076/3558 4661/2077/3559 4663/2078/3560
f 4725/2076/3565 4728/2075/3566 4727/2078/3567 4726/2077/3568
f 4729/2076/3573 4732/2075/3574 4731/2078/3575 4730/2077/3576
f 4708/2075/3589 4706/2076/3590 4705/2077/3591 4707/2078/3592
f 4712/2075/3597 4711/2076/3598 4710/2077/3599 4709/2078/3600
f 4669/2076/3609 4672/2075/3610 4671/2078/3611 4670/2077/3612
f 4764/2075/3621 4763/2076/3622 4762/2077/3623 4761/2078/3624
f 4684/2075/3625 4682/2076/3626 4681/2077/3627 4683/2078/3628
f 4740/2075/3645 4738/2076/3646 4737/2077/3647 4739/2078/3648
f 4787/2076/3657 4788/2075/3658 4786/2078/3659 4785/2077/3660
f 4760/2075/3665 4759/2076/3666 4758/2077/3667 4757/2078/3668
f 4668/2075/3685 4666/2076/3686 4665/2077/3687 4667/2078/3688
f 4736/2075/3713 4734/2076/3714 4733/2077/3715 4735/2078/3716
f 4721/2076/3717 4724/2075/3718 4723/2078/3719 4722/2077/3720
f 4713/2076/3753 4716/2075/3754 4715/2078/3755 4714/2077/3756
f 4703/2076/3793 4704/2075/3794 4702/2078/3795 4701/2077/3796
f 4676/2075/3797 4674/2076/3798 4673/2077/3799 4675/2078/3800
f 4768/2075/3817 4766/2076/3818 4765/2077/3819 4767/2078/3820
f 4773/2076/3821 4776/2075/3822 4775/2078/3823 4774/2077/3824
f 4780/2075/3825 4778/2076/3826 4777/2077/3827 4779/2078/3828
f 4749/2076/3837 4752/2075/3838 4751/2078/3839 4750/2077/3840
f 4784/2075/3849 4782/2076/3850 4781/2077/3851 4783/2078/3852
f 4771/2076/3861 4772/2075/3862 4770/2078/3863 4769/2077/3864
f 4792/2075/3553 4790/2076/3554 4789/2077/3555 4791/2078/3556
f 4795/2076/3861 4796/2075/3862 4794/2078/3863 4793/2077/3864
f 4797/2076/3565 4800/2075/3566 4799/2078/3567 4798/2077/3568
f 4804/2075/3713 4802/2076/3714 4801/2077/3715 4803/2078/3716
o Plane.119
v 0.297805 4.551505 0.173182
v 0.790699 5.190614 0.560066
v -1.178269 6.391240 -0.985423
v -0.685375 7.030350 -0.598539
vn -0.6174 -0.0000 0.7866
vt 0.560449 0.506451
vt 0.689222 0.506451
vt 0.689222 0.794231
vt 0.560449 0.794231
s 1
usemtl Leaves
f 4805/2079/3865 4806/2080/3865 4808/2081/3865 4807/2082/3865
o Plane.120
v 0.325053 5.066692 0.211285
v 0.535240 5.463877 0.812709
v -1.048047 6.686951 -0.378872
v -0.837860 7.084136 0.222552
vn -0.7305 -0.4241 0.5353
vt 0.560449 0.506451
vt 0.689222 0.506451
vt 0.689222 0.794231
vt 0.560449 0.794231
s 1
usemtl Leaves
f 4809/2083/3866 4810/2084/3866 4812/2085/3866 4811/2086/3866
o Tree_1.046
v -0.735707 6.375687 -0.076250
v -0.911822 6.238379 -0.605946
v -0.190734 6.281499 -0.233029
v -0.366849 6.144190 -0.762725
v -1.024015 6.653527 -1.130387
v -0.847900 6.790835 -0.600691
v -0.897242 6.240634 -0.441661
v -1.073357 6.103325 -0.971358
v 0.030185 6.231259 -0.513235
v -0.010743 6.690232 -0.169554
v -0.574937 6.596550 -0.111632
v -0.534009 6.137576 -0.455313
v -0.233074 6.285516 -0.377566
v 0.117390 5.829863 -0.375975
v -0.653319 5.963066 -0.154257
v -0.302854 5.507413 -0.152664
vn -0.5955 0.6759 -0.4343
vn -0.3574 0.8711 -0.3369
vn 0.0198 0.9236 -0.3829
vn 0.2822 0.7882 -0.5470
vn -0.2016 0.5189 0.8308
vn -0.2910 0.2110 0.9332
vn 0.4254 0.7040 0.5687
vn 0.0933 0.7287 0.6784
vn -0.8699 0.4932 -0.0062
vn -0.9857 0.1682 0.0055
vn -0.8018 0.2939 0.5203
vn -0.7619 0.5647 0.3172
vn -0.0188 0.8774 -0.4794
vn -0.3230 0.8998 -0.2933
vn -0.2060 0.9782 0.0249
vn 0.1425 0.9898 0.0050
vt 0.281953 0.473460
vt 0.045000 0.473460
vt 0.045000 0.710413
vt 0.281953 0.710413
s 1
usemtl Leaves
f 4824/2087/3867 4823/2088/3868 4822/2089/3869 4821/2090/3870
f 4827/2088/3871 4828/2087/3872 4826/2090/3873 4825/2089/3874
f 4817/2088/3875 4820/2087/3876 4819/2090/3877 4818/2089/3878
f 4816/2087/3879 4814/2088/3880 4813/2089/3881 4815/2090/3882
o Plane.121
v 1.300361 6.849391 1.182949
v 1.131212 7.630379 0.779797
v 1.596222 8.097445 3.476552
v 1.427073 8.878433 3.073400
vn 0.9755 0.1142 -0.1880
vt 0.560449 0.506451
vt 0.689222 0.506451
vt 0.689222 0.794231
vt 0.560449 0.794231
s 1
usemtl Leaves
f 4829/2091/3883 4830/2092/3883 4832/2093/3883 4831/2094/3883
o Plane.122
v 1.274709 7.355406 1.287370
v 1.473170 7.920002 0.834061
v 1.865183 8.554944 3.039905
v 2.063644 9.119539 2.586595
vn 0.9265 -0.3719 -0.0576
vt 0.560449 0.506451
vt 0.689222 0.506451
vt 0.689222 0.794231
vt 0.560449 0.794231
s 1
usemtl Leaves
f 4833/2095/3884 4834/2096/3884 4836/2097/3884 4835/2098/3884
o Tree_1.047
v 1.834747 8.380219 2.535358
v 1.641097 8.087313 2.990499
v 1.320893 8.327880 2.283045
v 1.127243 8.034973 2.738186
v 1.370584 8.332824 3.561919
v 1.564234 8.625730 3.106778
v 1.734238 8.133883 2.862581
v 1.540588 7.840976 3.317722
v 0.975470 8.239321 2.334864
v 1.199796 8.760585 2.243163
v 1.676113 8.605178 2.524975
v 1.451787 8.083914 2.616675
v 1.261324 8.288414 2.415687
v 1.018185 7.903616 2.064601
v 1.744884 7.977635 2.421426
v 1.501746 7.592837 2.070339
vn 0.1442 0.4487 0.8820
vn 0.0119 0.6943 0.7195
vn -0.3107 0.7867 0.5335
vn -0.6093 0.6526 0.4503
vn 0.6544 0.6810 -0.3287
vn 0.8056 0.4004 -0.4367
vn -0.0052 0.8802 -0.4746
vn 0.3188 0.8845 -0.3407
vn 0.6379 0.3451 0.6885
vn 0.7527 0.0210 0.6580
vn 0.9315 0.3001 0.2055
vn 0.7565 0.5122 0.4067
vn -0.3397 0.7122 0.6143
vn 0.0116 0.7380 0.6747
vn 0.1195 0.9117 0.3932
vn -0.1620 0.9675 0.1942
vt 0.281953 0.473460
vt 0.045000 0.473460
vt 0.045000 0.710413
vt 0.281953 0.710413
s 1
usemtl Leaves
f 4848/2099/3885 4847/2100/3886 4846/2101/3887 4845/2102/3888
f 4851/2100/3889 4852/2099/3890 4850/2102/3891 4849/2101/3892
f 4841/2100/3893 4844/2099/3894 4843/2102/3895 4842/2101/3896
f 4840/2099/3897 4838/2100/3898 4837/2101/3899 4839/2102/3900
o Plane.123
v 1.689566 9.393001 1.365524
v 1.272727 10.173989 1.233662
v 3.629843 10.641055 2.623887
v 3.213004 11.422043 2.492023
vn 0.4878 0.1142 -0.8654
vt 0.560449 0.506451
vt 0.689222 0.506451
vt 0.689222 0.794231
vt 0.560449 0.794231
s 1
usemtl Leaves
f 4853/2103/3901 4854/2104/3901 4856/2105/3901 4855/2106/3901
o Plane.124
v 1.752590 9.899015 1.452646
v 1.535349 10.463612 1.008032
v 3.470919 11.098554 2.136299
v 3.253678 11.663150 1.691684
vn 0.5555 -0.3719 -0.7437
vt 0.560449 0.506451
vt 0.689222 0.506451
vt 0.689222 0.794231
vt 0.560449 0.794231
s 1
usemtl Leaves
f 4857/2107/3902 4858/2108/3902 4860/2109/3902 4859/2110/3902
o Tree_1.048
v 3.066514 10.923828 1.833063
v 3.288266 10.630922 2.275195
v 2.541666 10.871490 2.061627
v 2.763417 10.578583 2.503758
v 3.548949 10.876433 2.851165
v 3.327197 11.169339 2.409034
v 3.250990 10.677493 2.121412
v 3.472742 10.384586 2.563544
v 2.357690 10.782930 2.358536
v 2.432907 11.304194 2.128159
v 2.955962 11.148787 1.947302
v 2.880744 10.627523 2.177679
v 2.604264 10.832024 2.192867
v 2.179253 10.447226 2.151107
v 2.921502 10.521245 1.827869
v 2.496490 10.136447 1.786108
vn 0.7658 0.4487 0.4607
vn 0.5563 0.6943 0.4565
vn 0.2058 0.7867 0.5820
vn -0.0508 0.6526 0.7560
vn 0.1728 0.6810 -0.7116
vn 0.1883 0.4004 -0.8968
vn -0.3652 0.8802 -0.3032
vn -0.0535 0.8845 -0.4635
vn 0.9377 0.3451 -0.0409
vn 0.9887 0.0210 -0.1482
vn 0.7594 0.3001 -0.5773
vn 0.7996 0.5122 -0.3136
vn 0.2486 0.7122 0.6565
vn 0.5220 0.7380 0.4277
vn 0.3771 0.9117 0.1633
vn 0.0432 0.9675 0.2492
vt 0.281953 0.473460
vt 0.045000 0.473460
vt 0.045000 0.710413
vt 0.281953 0.710413
s 1
usemtl Leaves
f 4872/2111/3903 4871/2112/3904 4870/2113/3905 4869/2114/3906
f 4875/2112/3907 4876/2111/3908 4874/2114/3909 4873/2113/3910
f 4865/2112/3911 4868/2111/3912 4867/2114/3913 4866/2113/3914
f 4864/2111/3915 4862/2112/3916 4861/2113/3917 4863/2114/3918
o Plane.125
v 1.205930 5.439649 0.654737
v 0.636558 6.078759 0.916344
v 2.911036 7.279385 -0.128703
v 2.341663 7.918494 0.132905
vn -0.4175 -0.0000 -0.9087
vt 0.560449 0.506451
vt 0.689222 0.506451
vt 0.689222 0.794231
vt 0.560449 0.794231
s 1
usemtl Leaves
f 4877/2115/3919 4878/2116/3919 4880/2117/3919 4879/2118/3919
o Plane.126
v 1.159586 5.954837 0.661559
v 0.528584 6.352023 0.573663
v 2.312016 7.575096 -0.290067
v 1.681014 7.972281 -0.377963
vn -0.1423 -0.4241 -0.8944
vt 0.560449 0.506451
vt 0.689222 0.506451
vt 0.689222 0.794231
vt 0.560449 0.794231
s 1
usemtl Leaves
f 4881/2119/3920 4882/2120/3920 4884/2121/3920 4883/2122/3920
o Tree_1.049
v 1.900107 7.263831 -0.150551
v 2.451738 7.126523 -0.065129
v 1.790504 7.169643 0.405833
v 2.342135 7.032335 0.491255
v 2.969483 7.541672 0.074748
v 2.417851 7.678979 -0.010674
v 2.298949 7.128778 -0.127238
v 2.850581 6.991470 -0.041816
v 1.938779 7.119404 0.730387
v 1.651790 7.578376 0.536921
v 1.858106 7.484694 0.008618
v 2.145095 7.025721 0.202084
v 1.938415 7.173660 0.434226
v 1.776837 6.718007 0.745225
v 1.931839 6.851210 -0.041620
v 1.770261 6.395557 0.269379
vn 0.6584 0.6759 -0.3312
vn 0.4630 0.8711 -0.1639
vn 0.3315 0.9236 0.1927
vn 0.3575 0.7882 0.5010
vn -0.6468 0.5189 -0.5589
vn -0.6971 0.2110 -0.6853
vn -0.7003 0.7040 0.1184
vn -0.6461 0.7287 -0.2270
vn 0.4031 0.4932 -0.7709
vn 0.4456 0.1682 -0.8793
vn -0.0964 0.2939 -0.9510
vn 0.0660 0.5647 -0.8227
vn 0.4350 0.8774 0.2024
vn 0.4085 0.8998 -0.1533
vn 0.0720 0.9782 -0.1946
vn -0.0695 0.9898 0.1244
vt 0.281953 0.473460
vt 0.045000 0.473460
vt 0.045000 0.710413
vt 0.281953 0.710413
s 1
usemtl Leaves
f 4896/2123/3921 4895/2124/3922 4894/2125/3923 4893/2126/3924
f 4899/2124/3925 4900/2123/3926 4898/2126/3927 4897/2125/3928
f 4889/2124/3929 4892/2123/3930 4891/2126/3931 4890/2125/3932
f 4888/2123/3933 4886/2124/3934 4885/2125/3935 4887/2126/3936
o Plane.127
v 0.161560 3.180929 0.033541
v 0.330732 3.875458 0.263009
v 0.539712 3.778601 -2.054213
v 0.708884 4.473130 -1.824744
vn -0.9591 0.2659 -0.0976
vt 0.560449 0.506451
vt 0.689222 0.506451
vt 0.689222 0.794231
vt 0.560449 0.794231
s 1
usemtl Leaves
f 4901/2127/3937 4902/2128/3937 4904/2129/3937 4903/2130/3937
