# Blender 5.2.0 LTS
# www.blender.org
mtllib tree_fat1.mtl
o Tree_0.077
v -27.369629 1.218284 8.372786
v -27.573730 1.222039 9.026498
v -27.119701 -0.011291 9.528854
v -26.545689 -0.011308 8.848273
v -27.606213 1.217850 7.690809
v -26.728895 -0.011351 7.916708
v -27.642944 1.219483 7.166242
v -27.068951 -0.011372 7.173096
v -27.387539 1.220274 6.520759
v -26.987202 -0.011373 6.414129
v -27.472233 1.218314 5.822344
v -26.942369 -0.011367 5.460177
v -28.115189 1.214391 5.531317
v -27.548925 -0.011368 4.818672
v -28.803751 1.215117 5.568797
v -28.503860 -0.011377 4.810009
v -29.287617 1.218399 5.360338
v -29.266134 -0.011379 4.849139
v -29.862768 1.219404 4.918838
v -29.989334 -0.011364 4.468040
v -30.545683 1.217779 4.919568
v -30.908892 -0.011324 4.233272
v -30.943262 1.214600 5.528675
v -31.620356 -0.011308 4.768433
v -31.112318 1.216895 6.149302
v -31.846935 -0.011323 5.685472
v -31.538395 1.211035 6.522079
v -32.106812 -0.011319 6.360076
v -32.127296 1.195586 7.002654
v -32.746479 -0.011266 6.955179
v -32.208225 1.163054 7.704181
v -33.132717 -0.011206 7.803525
v -31.691465 1.134393 8.247731
v -32.682266 -0.011215 8.591523
v -31.210773 1.135242 8.596921
v -31.880005 -0.011257 9.035393
v -31.026304 1.158443 9.148375
v -31.393795 -0.011259 9.549486
v -30.679195 1.204686 9.758816
v -30.995253 -0.011214 10.375633
v -30.011959 1.217844 9.866693
v -30.233902 -0.011192 10.869837
v -29.394917 1.220178 9.460810
v -29.365740 -0.011248 10.531317
v -28.919142 1.220566 9.181218
v -28.736168 -0.011300 9.925602
v -28.271049 1.223285 9.221517
v -28.048103 -0.011305 9.703775
v -27.573730 1.222039 9.026498
v -27.119701 -0.011291 9.528854
v -27.787386 3.175226 8.789158
v -27.585293 3.172576 8.173431
v -27.713537 3.170149 7.564663
v -27.735935 3.167713 7.057525
v -27.588490 3.166136 6.495724
v -27.694916 3.164666 5.928525
v -28.200453 3.163460 5.650211
v -28.758961 3.163165 5.620612
v -29.189884 3.163386 5.452679
v -29.685400 3.164320 5.151916
v -30.252268 3.166087 5.173442
v -30.618553 3.167618 5.632465
v -30.809536 3.169009 6.128941
v -31.147516 3.171471 6.466847
v -31.570862 3.175302 6.881047
v -31.624907 3.177989 7.441320
v -31.244877 3.178307 7.949208
v -30.870749 3.178882 8.371981
v -30.679758 3.180686 8.912465
v -30.373699 3.182881 9.492905
v -29.831303 3.182508 9.704375
v -29.308321 3.179629 9.476984
v -28.880289 3.177499 9.230349
v -28.344563 3.176716 9.120193
v -27.787386 3.175226 8.789158
v -27.802750 5.145384 8.220716
v -27.591112 5.146406 7.749872
v -27.615612 5.146484 7.238699
v -27.619867 5.144092 6.793986
v -27.563404 5.141803 6.313164
v -27.703829 5.140776 5.833622
v -28.134644 5.139408 5.564029
v -28.666012 5.146219 5.446202
v -29.143087 5.159204 5.256470
v -29.665071 5.173607 5.012793
v -30.262243 5.196218 4.979658
v -30.763382 5.226053 5.219967
v -31.104218 5.246790 5.538363
v -31.444096 5.255214 5.833579
v -31.755299 5.256042 6.229694
v -31.753647 5.249693 6.758344
v -31.387779 5.232680 7.260437
v -30.947403 5.210691 7.705578
v -30.574551 5.184964 8.223187
v -30.142851 5.159872 8.706508
v -29.612577 5.149364 8.864148
v -29.126362 5.147500 8.706701
v -28.715246 5.147565 8.538819
v -28.254007 5.146402 8.451542
v -27.802750 5.145384 8.220716
v -27.736401 7.504406 7.682794
v -27.524317 7.501901 7.293758
v -27.462030 7.498574 6.869705
v -27.458666 7.494782 6.465811
v -27.493334 7.492559 6.052588
v -27.664820 7.490306 5.668245
v -27.995396 7.489036 5.401204
v -28.386829 7.485897 5.251430
v -28.776506 7.482374 5.135551
v -29.187441 7.482906 5.058131
v -29.606571 7.487693 5.131693
v -29.951813 7.491794 5.378612
v -30.211201 7.495234 5.696838
v -30.444498 7.499802 6.027239
v -30.626959 7.505983 6.406928
v -30.647800 7.510381 6.832342
v -30.490719 7.511606 7.225139
v -30.262255 7.512638 7.562070
v -30.013529 7.514749 7.884366
v -29.689434 7.515656 8.156305
v -29.279121 7.514437 8.269482
v -28.861467 7.511280 8.214510
v -28.474703 7.507766 8.096002
v -28.087654 7.505961 7.944488
v -27.736401 7.504406 7.682794
v -29.210514 9.588378 6.042731
v -29.104736 9.591782 5.912994
v -28.961321 9.595339 5.813714
v -28.774675 9.593038 5.775885
v -28.585962 9.587402 5.796637
v -28.416422 9.586001 5.846321
v -28.256817 9.589634 5.923872
v -28.120972 9.591542 6.049044
v -28.041679 9.587260 6.209768
v -28.016870 9.581734 6.377033
v -28.017673 9.581628 6.551459
v -28.048830 9.585975 6.740521
v -28.138912 9.587731 6.906934
v -28.138912 9.587731 6.906934
v -28.280981 9.583999 7.007779
v -28.441626 9.580711 7.064564
v -28.614147 9.583368 7.121787
v -28.805912 9.589411 7.158630
v -28.987680 9.591416 7.114140
v -29.122887 9.588093 6.989501
v -29.227369 9.586225 6.845449
v -29.333334 9.590334 6.707686
v -29.411095 9.596018 6.549097
v -29.402094 9.595804 6.364583
v -29.314825 9.590675 6.189878
v -27.830011 9.480871 6.156872
v -27.488844 9.192643 6.064191
v -27.497654 8.855463 5.941236
v -27.624409 8.854604 5.641621
v -27.628754 9.200821 5.772365
v -27.948912 9.489655 5.938831
v -29.372608 9.418661 6.893698
v -29.578455 9.120946 7.156527
v -29.780254 8.881419 7.450060
v -29.585730 8.883900 7.680174
v -29.388657 9.121032 7.412683
v -29.220852 9.418851 7.091513
v -28.363024 9.481051 5.649615
v -28.162916 9.191382 5.412426
v -28.157507 8.844934 5.322977
v -28.460569 8.842073 5.253363
v -28.467430 9.187363 5.323132
v -28.595858 9.479100 5.571759
v -29.420324 8.848457 5.567244
v -29.397484 9.165181 5.529893
v -29.288157 9.463428 5.687318
v -29.419508 9.451582 5.848356
v -29.583241 9.154786 5.757725
v -29.643721 8.853144 5.862756
v -29.855921 8.860641 6.174510
v -29.764833 9.149365 6.014939
v -29.548346 9.446056 6.033402
v -29.955763 8.880252 7.197735
v -29.776077 9.128135 6.918021
v -29.528679 9.425843 6.707495
v -27.866762 8.850047 5.433894
v -27.873890 9.198616 5.548878
v -28.141634 9.487729 5.763619
v -27.724457 8.865747 7.264442
v -27.655502 9.161247 7.306660
v -27.907505 9.452493 7.066871
v -29.652769 9.443645 6.256859
v -29.915602 9.146299 6.321391
v -30.030067 8.869938 6.521774
v -30.068287 8.877347 6.884661
v -29.924580 9.138973 6.643992
v -29.649338 9.436759 6.497287
v -29.030636 9.422637 7.267941
v -29.149002 9.124787 7.640525
v -29.326563 8.885267 7.857110
v -28.992712 8.881869 7.899560
v -28.826187 9.127246 7.724988
v -28.782436 9.424081 7.340786
v -28.852776 9.480525 5.531068
v -28.804972 9.185232 5.284062
v -28.794596 8.841743 5.231176
v -29.136061 8.845160 5.331010
v -29.140345 9.177350 5.352131
v -29.102547 9.475802 5.567808
v -28.525812 9.423712 7.305889
v -28.486208 9.128768 7.664326
v -28.646740 8.875484 7.806523
v -28.323774 8.870487 7.663707
v -28.183481 9.134516 7.570363
v -28.298374 9.427861 7.244755
v -28.007378 8.867929 7.501563
v -27.903673 9.147134 7.479145
v -28.089014 9.439358 7.185872
v -27.907505 9.452493 7.066871
v -27.655502 9.161247 7.306660
v -27.724455 8.865747 7.264442
v -27.549473 8.861887 6.939908
v -27.497900 9.169751 7.012921
v -27.799034 9.459429 6.855016
v -27.771160 9.461992 6.608105
v -27.445227 9.173792 6.677355
v -27.487900 8.857469 6.593934
v -27.473650 8.855389 6.266112
v -27.445564 9.180945 6.366226
v -27.783598 9.468592 6.378760
v -27.219957 6.452785 6.237014
v -30.172047 6.422062 5.438815
v -29.886774 6.435779 8.455249
v -27.209404 6.452173 5.790416
v -30.462841 6.427700 5.775639
v -29.431906 6.436273 8.561284
v -27.384356 6.449391 5.381847
v -30.758743 6.433765 6.081216
v -28.949688 6.437726 8.407176
v -27.806183 6.444142 5.167040
v -31.015240 6.437791 6.461263
v -28.501213 6.439859 8.202045
v -28.297752 6.435342 5.116220
v -31.041588 6.440275 6.924680
v -28.028620 6.442183 8.023034
v -27.571732 6.446357 7.708323
v -28.765289 6.424671 5.067651
v -30.791784 6.438123 7.362638
v -27.571732 6.446357 7.708323
v -27.235086 6.453144 6.680480
v -29.776184 6.417101 5.137121
v -30.213257 6.435288 8.119431
v -27.298643 6.450994 7.203049
v -29.270420 6.417205 5.021028
v -30.479525 6.435342 7.735664
v -27.714100 4.100207 5.899196
v -31.080462 4.121600 6.325232
v -29.208580 4.115596 8.937688
v -28.175133 4.098734 5.619352
v -31.444056 4.125663 6.733379
v -28.789694 4.113616 8.733827
v -28.691357 4.098279 5.556170
v -31.474419 4.125884 7.273702
v -28.292278 4.112922 8.655013
v -27.790594 4.111658 8.413340
v -29.112175 4.098487 5.398716
v -31.124111 4.122194 7.731328
v -27.790594 4.111658 8.413340
v -27.590975 4.109305 7.913283
v -29.591021 4.099971 5.150800
v -30.758636 4.118519 8.084370
v -27.675417 4.106601 7.383622
v -30.139158 4.104845 5.172533
v -30.536562 4.117962 8.539270
v -27.592268 4.102032 6.424525
v -30.764183 4.118156 5.990261
v -29.708920 4.118550 9.152012
v -27.693462 4.103922 6.934637
v -30.533596 4.112528 5.554117
v -30.222790 4.119489 9.009119
v -28.210739 2.184843 5.662868
v -31.764469 2.162153 6.985866
v -28.916756 2.193748 9.012453
v -27.750523 2.192900 8.765280
v -27.554407 2.191221 8.187360
v -29.763401 2.185565 5.134206
v -31.000895 2.116629 8.425367
v -28.809675 2.184671 5.666122
v -31.842899 2.132771 7.613009
v -28.350794 2.193522 8.991009
v -27.729954 2.189398 7.588202
v -30.363386 2.186917 5.142715
v -30.814980 2.128516 8.918768
v -27.761374 2.187811 7.114441
v -30.732672 2.187997 5.651354
v -30.491331 2.166684 9.448178
v -27.571260 2.186759 6.546480
v -30.905630 2.188965 6.188905
v -29.901894 2.190788 9.569074
v -29.249798 2.184851 5.488213
v -31.414595 2.117170 8.096525
v -27.750523 2.192900 8.765280
v -27.662472 2.185719 5.939265
v -31.272333 2.181526 6.538063
v -29.350750 2.194892 9.256115
v -27.452694 8.438022 5.948187
v -30.037949 8.462171 7.429376
v -28.265776 8.429415 5.197919
v -29.981514 8.440182 5.677780
v -30.375523 8.454786 6.357154
v -29.495754 8.465077 7.952979
v -29.011061 8.427665 5.033411
v -28.716122 8.457184 7.977253
v -27.665569 8.449709 7.451695
v -27.425182 8.441484 6.710649
v -27.606421 8.436333 5.585687
v -29.802799 8.463857 7.716994
v -28.626040 8.427782 5.094923
v -29.733751 8.436230 5.364947
v -30.202990 8.446428 5.996793
v -30.251673 8.461628 7.121756
v -27.907003 8.432984 5.335300
v -27.665569 8.449709 7.451695
v -30.396872 8.460624 6.756597
v -29.108795 8.462491 8.041790
v -29.405752 8.432502 5.116619
v -28.351696 8.453095 7.852964
v -27.989237 8.451368 7.699437
v -27.476332 8.445948 7.096448
v -27.421864 8.439198 6.334833
v -28.162964 1.708184 5.597093
v -31.963156 1.653841 7.034342
v -28.917950 1.715794 9.096836
v -27.662127 1.716114 8.895889
v -27.462019 1.713402 8.280073
v -29.813086 1.710999 5.026522
v -31.138048 1.571635 8.585897
v -28.806713 1.708437 5.617459
v -32.051651 1.605613 7.719136
v -28.310923 1.717016 9.106263
v -27.668083 1.712237 7.639505
v -30.454535 1.710941 5.031141
v -30.948120 1.598372 9.097333
v -27.702160 1.712189 7.140341
v -30.837967 1.709961 5.590014
v -30.601173 1.663230 9.640417
v -27.479401 1.712033 6.533620
v -31.011292 1.707068 6.174480
v -29.964258 1.698779 9.734896
v -29.268707 1.710120 5.424275
v -31.585482 1.571138 8.247433
v -27.662127 1.716114 8.895889
v -27.567352 1.710550 5.880805
v -31.415619 1.684988 6.553868
v -29.375784 1.710489 9.365311
v -28.205597 2.683311 5.656540
v -31.659237 2.693800 6.913897
v -28.898521 2.694717 9.121401
v -27.768955 2.693250 8.777220
v -27.569849 2.691097 8.180396
v -29.724400 2.684120 5.143061
v -30.915480 2.695182 8.351474
v -28.784319 2.683078 5.643367
v -31.717180 2.696051 7.488358
v -28.347679 2.694257 9.055601
v -27.721745 2.688945 7.576433
v -30.307827 2.685699 5.158078
v -30.729340 2.697658 8.873782
v -27.748655 2.686937 7.085983
v -30.675613 2.687012 5.641910
v -30.424152 2.699644 9.451136
v -27.579876 2.685623 6.521102
v -30.857582 2.688198 6.158923
v -29.864845 2.699062 9.632657
v -29.219841 2.683285 5.470446
v -31.309437 2.695110 7.975762
v -27.768955 2.693250 8.777220
v -27.678694 2.684362 5.933895
v -31.207451 2.690362 6.496715
v -29.329477 2.696459 9.366410
v -27.704510 3.641145 5.913860
v -31.113989 3.655542 6.396039
v -29.258451 3.656511 9.207336
v -28.187794 3.639797 5.634782
v -31.507460 3.659531 6.807213
v -28.834991 3.654419 8.982088
v -28.725159 3.639423 5.588391
v -31.549664 3.660968 7.357512
v -28.318420 3.653666 8.887604
v -27.788990 3.652267 8.601250
v -29.151030 3.639642 5.425697
v -31.184494 3.659220 7.840268
v -27.788990 3.652267 8.601250
v -27.588133 3.649725 8.043357
v -29.638210 3.640873 5.151358
v -30.814692 3.657677 8.228175
v -27.694477 3.647132 7.474143
v -30.195713 3.644262 5.172987
v -30.608160 3.658216 8.725867
v -27.590378 3.642798 6.460124
v -30.786860 3.652557 6.059601
v -29.770111 3.659469 9.428194
v -27.714699 3.644541 6.996080
v -30.576075 3.648973 5.593291
v -30.298244 3.660116 9.251012
v -27.708965 4.581149 5.866409
v -31.229221 4.644244 6.106272
v -29.167471 4.591763 8.822194
v -28.154888 4.579456 5.591691
v -31.563885 4.646564 6.510626
v -28.752470 4.590950 8.636323
v -28.678684 4.581892 5.501186
v -31.578260 4.643158 7.045097
v -28.273144 4.590172 8.553278
v -27.796671 4.589136 8.317028
v -29.127630 4.587836 5.327593
v -31.222858 4.633091 7.522774
v -27.796671 4.589136 8.317028
v -27.591043 4.588511 7.831577
v -29.628046 4.595050 5.081797
v -30.834579 4.621084 7.909960
v -27.645515 4.587248 7.311161
v -30.200497 4.608023 5.076260
v -30.552944 4.609268 8.383351
v -27.577835 4.582751 6.368845
v -30.911079 4.638612 5.783103
v -29.660748 4.593849 9.008080
v -27.656664 4.584783 6.864312
v -30.639362 4.625918 5.394460
v -30.182819 4.598887 8.857813
v -27.419912 5.813073 6.515500
v -30.502781 5.838442 5.300892
v -30.015268 5.810773 8.580507
v -27.386404 5.811483 6.051790
v -30.839409 5.851446 5.611586
v -29.522242 5.805961 8.712716
v -27.544092 5.809889 5.607735
v -31.174307 5.858358 5.898159
v -29.038025 5.806476 8.556938
v -27.970413 5.806682 5.365535
v -31.467932 5.860241 6.278296
v -28.608231 5.808344 8.370432
v -28.481882 5.805483 5.281212
v -31.480318 5.858385 6.774299
v -28.141314 5.808936 8.237288
v -27.687241 5.810749 7.964520
v -28.954187 5.804742 5.162061
v -31.160713 5.849067 7.253889
v -27.687241 5.810749 7.964520
v -27.425350 5.814785 6.959589
v -30.028681 5.821142 5.050695
v -30.418734 5.823467 8.151129
v -27.444878 5.813848 7.476460
v -29.467747 5.810251 5.016911
v -30.763247 5.836638 7.680161
v -27.339312 7.005731 6.351413
v -30.056330 6.989995 5.413265
v -29.788103 7.009889 8.305778
v -27.351368 7.004797 5.921501
v -30.319328 6.994428 5.750617
v -29.355513 7.009371 8.415382
v -27.524588 7.002395 5.525046
v -30.572186 6.999913 6.078150
v -28.905579 7.007887 8.310843
v -27.900789 6.999223 5.284122
v -30.785307 7.005421 6.463185
v -28.487959 7.006641 8.149024
v -28.342291 6.993104 5.183825
v -30.808922 7.008947 6.907585
v -28.058136 7.006635 7.983761
v -27.654066 7.007761 7.695559
v -28.770899 6.986004 5.101601
v -30.614843 7.008443 7.315351
v -27.654066 7.007761 7.695559
v -27.348558 7.007704 6.775092
v -29.691378 6.985458 5.134408
v -30.111111 7.008983 8.003754
v -27.411480 7.008482 7.248404
v -29.228931 6.982793 5.039579
v -30.358040 7.007738 7.659310
v -27.473013 8.072995 6.000387
v -30.150101 8.097552 7.495723
v -28.326355 8.065541 5.224738
v -30.096357 8.077034 5.687309
v -30.501242 8.090209 6.382041
v -29.592594 8.100533 8.054643
v -29.099251 8.063348 5.045771
v -28.788795 8.094026 8.095881
v -27.700985 8.085928 7.567245
v -27.443605 8.078101 6.790177
v -27.635620 8.070971 5.626966
v -29.908163 8.099387 7.800680
v -28.701273 8.063212 5.115237
v -29.842781 8.073028 5.371779
v -30.323744 8.082717 6.012016
v -30.371195 8.096693 7.173447
v -27.951200 8.068423 5.368254
v -27.700985 8.085928 7.567245
v -30.522337 8.095436 6.794469
v -29.193958 8.098480 8.155636
v -29.506163 8.068669 5.124156
v -28.413200 8.089797 7.974483
v -28.038446 8.087812 7.821963
v -27.500324 8.082296 7.195103
v -27.440277 8.074882 6.400337
v -26.957659 0.616619 8.610529
v -27.355947 0.617093 7.169669
v -31.281809 0.614760 5.148554
v -30.832247 0.642493 10.055674
v -27.832056 0.614459 5.174994
v -32.430023 0.619219 6.962995
v -28.827656 0.617801 9.553411
v -27.346714 0.618522 9.277677
v -29.926052 0.617016 4.693439
v -31.524378 0.617724 8.767399
v -27.187370 0.617460 6.467444
v -31.479626 0.615898 5.917387
v -30.122421 0.640177 10.367084
v -28.653805 0.614734 5.189403
v -32.656258 0.618021 7.720865
v -28.159576 0.619106 9.462646
v -27.167553 0.616305 7.803759
v -30.727287 0.616324 4.576420
v -31.193705 0.619842 9.311002
v -27.207302 0.616503 5.641261
v -31.820040 0.618161 6.435133
v -29.380329 0.617850 9.996063
v -29.276876 0.616432 5.104739
v -32.165974 0.617275 8.371145
v -27.346714 0.618522 9.277677
v -28.694347 9.782327 6.355213
v -28.679499 9.784359 6.337001
v -28.659462 9.786241 6.323024
v -28.633789 9.784794 6.317972
v -28.608036 9.781721 6.321276
v -28.584692 9.780800 6.328284
v -28.562401 9.782461 6.338752
v -28.543501 9.783354 6.355933
v -28.532787 9.781212 6.378484
v -28.529713 9.778458 6.402061
v -28.529831 9.778370 6.426198
v -28.533854 9.780487 6.452000
v -28.546202 9.781316 6.474880
v -28.546202 9.781316 6.474880
v -28.566090 9.779434 6.489120
v -28.588531 9.777773 6.497244
v -28.612215 9.779054 6.504938
v -28.638359 9.782013 6.509561
v -28.663383 9.782991 6.503258
v -28.682287 9.781344 6.486262
v -28.696859 9.780429 6.466480
v -28.711264 9.782484 6.447109
v -28.721693 9.785365 6.424767
v -28.720453 9.785439 6.399249
v -28.708658 9.783151 6.375424
v -28.963572 9.670176 7.049375
v -28.807793 9.668155 7.087562
v -28.643553 9.662076 7.056160
v -28.357927 9.662737 6.958397
v -28.236040 9.666512 6.871827
v -28.337044 9.668524 6.029026
v -28.473917 9.664967 5.962614
v -28.940689 9.674917 5.934252
v -29.063702 9.671258 6.019446
v -29.154505 9.667649 6.130817
v -29.243935 9.669767 6.256971
v -29.326443 9.674889 6.564883
v -29.259895 9.669100 6.700970
v -28.495735 9.659415 7.007198
v -28.132265 9.660390 6.567290
v -28.131569 9.660516 6.417756
v -28.152683 9.666085 6.274186
v -28.220562 9.670416 6.136291
v -28.619173 9.666553 5.919926
v -29.318701 9.674784 6.406680
v -29.169159 9.664940 6.819186
v -29.079546 9.666819 6.942618
v -28.780781 9.672422 5.901935
v -28.158857 9.664753 6.729220
v -28.236040 9.666512 6.871827
v -28.596951 9.640183 6.387505
vn 0.7882 0.6153 0.0124
vn 0.9530 0.2095 0.2187
vn 0.9780 0.1717 -0.1184
vn 0.8368 0.5361 -0.1115
vn 0.2257 0.3582 -0.9059
vn -0.1798 0.7879 -0.5889
vn -0.6999 0.2554 -0.6671
vn 0.2477 0.2422 -0.9381
vn -0.6551 0.6649 -0.3587
vn -0.5826 0.7586 -0.2917
vn -0.7171 0.2369 -0.6555
vn -0.8830 0.3531 -0.3092
vn 0.2631 0.3625 -0.8941
vn 0.0257 0.1815 -0.9831
vn 0.6711 0.3184 -0.6694
vn 0.6709 0.5118 -0.5365
vn -0.6282 0.5387 -0.5614
vn -0.5942 0.2780 -0.7547
vn -0.8263 0.4745 -0.3035
vn -0.6398 0.7606 0.1104
vn -0.8160 0.3843 0.4318
vn -0.9039 0.3619 -0.2281
vn 0.5816 0.1334 -0.8025
vn 0.3857 0.5198 -0.7622
vn -0.5690 0.6356 0.5218
vn -0.6013 0.2315 0.7647
vn -0.6237 0.6448 0.4419
vn -0.7577 0.5067 0.4113
vn -0.8822 0.2594 0.3930
vn -0.8151 0.2881 0.5026
vn -0.4696 0.5362 0.7014
vn 0.0352 0.7893 0.6130
vn 0.4295 0.2999 0.8518
vn -0.4527 0.3950 0.7994
vn 0.3863 0.6114 0.6907
vn 0.5329 0.2994 0.7915
vn 0.1409 0.6656 0.7329
vn 0.1535 0.4995 0.8526
vn 0.1160 0.2971 0.9478
vn 0.0464 0.2439 0.9687
vn 0.3125 0.5924 0.7426
vn 0.8605 0.3215 0.3951
vn 0.8508 0.5170 0.0941
vn 0.9770 0.2130 -0.0058
vn 0.8780 0.4779 0.0254
vn 0.9429 0.3039 -0.1364
vn 0.8723 0.3326 0.3584
vn 0.7533 0.4711 0.4589
vn 0.0766 0.6365 -0.7675
vn 0.2018 0.2303 -0.9520
vn -0.8992 -0.1322 -0.4172
vn -0.7148 0.1773 -0.6764
vn 0.2936 -0.1817 -0.9385
vn 0.1490 0.0165 -0.9887
vn 0.4684 -0.0339 -0.8829
vn 0.4715 -0.1680 -0.8657
vn -0.8669 -0.0445 -0.4964
vn -0.8922 0.0808 -0.4444
vn -0.6404 0.1020 -0.7613
vn -0.3047 0.4710 -0.8279
vn -0.8846 0.1863 0.4276
vn -0.8557 0.2093 0.4732
vn -0.6914 -0.0230 -0.7221
vn -0.7081 0.0169 -0.7059
vn -0.7677 0.0245 -0.6404
vn -0.7611 -0.0484 -0.6468
vn 0.4476 0.1948 0.8727
vn -0.4163 0.3076 0.8556
vn -0.8384 0.2486 0.4851
vn 0.1099 0.4597 0.8813
vn 0.5378 0.2057 0.8176
vn -0.7697 0.1535 0.6197
vn -0.8113 0.3208 0.4887
vn -0.7322 0.1938 0.6529
vn -0.7136 0.2689 0.6469
vn 0.9108 0.2070 0.3572
vn 0.1804 0.2293 0.9565
vn -0.7443 0.0241 0.6674
vn -0.6237 -0.0614 0.7793
vn -0.8768 0.2951 0.3797
vn -0.9286 0.1325 0.3467
vn 0.2735 -0.1485 -0.9503
vn 0.3771 -0.1299 -0.9170
vn 0.3510 -0.1208 -0.9286
vn 0.2818 -0.1884 -0.9408
vn 0.4458 -0.2225 0.8670
vn 0.4511 0.1095 0.8857
vn 0.0257 0.4893 0.8717
vn -0.1375 -0.1080 0.9846
vn 0.9730 0.1998 0.1158
vn 0.9940 -0.0436 -0.1003
vn 0.9888 -0.1493 0.0053
vn 0.9940 -0.0394 0.1017
vn 0.9895 -0.1176 0.0844
vn 0.9610 -0.2493 -0.1201
vn 0.9723 -0.1068 -0.2079
vn 0.9852 -0.1485 0.0855
vn 0.2793 -0.1988 -0.9394
vn 0.3267 0.0729 -0.9423
vn 0.3815 -0.1183 -0.9168
vn 0.7317 -0.2750 -0.6237
vn 0.6951 0.0281 -0.7183
vn 0.2758 0.1569 -0.9483
vn 0.8712 0.0916 0.4824
vn 0.8792 0.1186 0.4615
vn -0.8231 -0.1662 -0.5430
vn -0.9072 0.2736 -0.3195
vn -0.7020 -0.0642 -0.7093
vn 0.2230 0.2098 -0.9520
vn 0.8801 0.0174 -0.4746
vn 0.7017 -0.4315 -0.5670
vn -0.6403 0.1116 0.7600
vn -0.8850 -0.3158 0.3420
vn -0.9087 0.1439 0.3918
vn -0.9787 0.1202 -0.1666
vn -0.9008 -0.0988 -0.4229
vn 0.3154 -0.4490 -0.8360
vn 0.6619 -0.2974 -0.6881
vn 0.9622 0.1244 0.2425
vn 0.9198 0.2022 0.3363
vn 0.8059 0.0074 0.5921
vn 0.8055 0.0397 0.5912
vn 0.2143 0.4454 0.8693
vn 0.4018 0.4282 0.8094
vn 0.3572 0.3128 0.8801
vn 0.3609 0.1705 0.9169
vn 0.3553 0.1333 0.9252
vn 0.1573 0.2335 0.9596
vn -0.0276 0.4570 0.8890
vn -0.7509 0.0655 0.6572
vn -0.7430 0.1832 0.6437
vn 0.9911 0.1280 -0.0357
vn 0.9897 0.0995 -0.1031
vn 0.9925 0.0901 0.0825
vn 0.9791 0.1927 0.0644
vn 0.2782 0.0069 -0.9605
vn -0.2109 -0.5037 -0.8377
vn -0.4251 0.0426 -0.9042
vn 0.1094 -0.0602 -0.9922
vn 0.9812 0.1849 -0.0544
vn 0.9865 -0.1275 -0.1025
vn 0.9821 -0.1415 -0.1243
vn 0.9810 -0.1853 0.0567
vn -0.9611 0.2088 0.1808
vn -0.8289 0.3012 0.4714
vn -0.8686 0.2134 0.4473
vn -0.9636 0.2466 0.1031
vn -0.9700 0.0671 -0.2336
vn -0.8974 0.4057 -0.1734
vn -0.1349 0.1621 -0.9775
vn -0.3328 0.1550 -0.9302
vn -0.3343 0.0417 -0.9415
vn -0.0372 -0.2247 -0.9737
vn 0.8119 0.3013 -0.4999
vn 0.9826 -0.0309 0.1831
vn 0.9678 -0.2290 0.1046
vn 0.9794 0.0948 0.1783
vn 0.9896 0.1039 0.0993
vn 0.9038 0.1229 0.4099
vn 0.9095 0.0618 0.4111
vn 0.3158 0.2619 0.9120
vn 0.3726 0.1719 0.9119
vn 0.3097 0.2432 0.9192
vn -0.7112 0.3946 0.5819
vn -0.7130 0.3356 0.6157
vn -0.7771 0.1806 0.6029
vn -0.7153 0.2294 0.6601
vn 0.2001 -0.0205 -0.9796
vn 0.0253 0.2763 -0.9607
vn 0.0851 0.8128 -0.5763
vn 0.0029 0.8728 -0.4881
vn 0.0866 0.8806 -0.4660
vn 0.1164 0.8559 -0.5039
vn 0.5289 0.8450 -0.0788
vn 0.4619 0.8792 -0.1169
vn 0.4776 0.8754 -0.0746
vn 0.5433 0.8392 -0.0235
vn 0.2201 0.8278 -0.5160
vn 0.1847 0.8499 -0.4936
vn -0.5408 0.6982 0.4691
vn -0.4965 0.7524 0.4328
vn -0.6145 0.6369 0.4656
vn -0.6320 0.6051 0.4842
vn 0.3931 0.8705 -0.2962
vn 0.4038 0.8811 -0.2460
vn 0.5373 0.8423 0.0436
vn 0.5070 0.8613 0.0325
vn 0.4479 0.8154 0.3666
vn 0.5046 0.8351 0.2190
vn 0.4550 0.8711 0.1847
vn 0.4401 0.8333 0.3344
vn 0.1725 0.7881 0.5909
vn 0.1601 0.8739 0.4590
vn 0.1616 0.7904 0.5910
vn 0.2020 0.7369 0.6451
vn 0.1786 0.7908 0.5854
vn 0.1924 0.6681 0.7188
vn -0.2243 0.8362 -0.5004
vn -0.1438 0.8883 -0.4361
vn -0.2513 0.7860 0.5648
vn -0.0303 0.7961 0.6044
vn -0.0559 0.7122 0.6998
vn -0.3949 0.5632 0.7259
vn -0.6307 0.7715 -0.0840
vn -0.5995 0.7910 0.1224
vn -0.6297 0.7657 0.1310
vn -0.6104 0.7759 -0.1594
vn 0.9683 -0.2450 0.0493
vn 0.9838 -0.0076 0.1793
vn -0.7752 0.1901 -0.6024
vn -0.7977 0.1512 -0.5837
vn -0.7861 0.1148 -0.6073
vn -0.7777 0.1073 -0.6194
vn 0.3289 0.1661 -0.9296
vn -0.7336 0.1583 -0.6609
vn -0.6503 0.2394 -0.7209
vn -0.5767 0.0298 0.8164
vn -0.4188 0.2615 0.8696
vn -0.8282 -0.0062 0.5604
vn -0.7986 0.2448 0.5498
vn -0.7954 0.1927 0.5747
vn -0.8126 0.0702 0.5785
vn 0.9324 0.1858 0.3100
vn 0.3472 0.4138 0.8416
vn 0.3052 0.2393 0.9217
vn 0.9543 0.0993 0.2820
vn -0.8440 0.1385 -0.5182
vn -0.8081 0.1312 -0.5743
vn -0.0033 0.0244 0.9997
vn -0.5445 0.3838 0.7458
vn 0.4529 -0.1102 0.8847
vn 0.5888 0.1610 0.7921
vn 0.3585 0.1430 0.9225
vn 0.3312 0.1119 0.9369
vn 0.2648 0.1564 0.9515
vn 0.3436 0.1187 0.9316
vn 0.3417 0.1367 0.9298
vn -0.9753 -0.0315 -0.2185
vn -0.7123 -0.0454 -0.7004
vn -0.8913 -0.2730 -0.3621
vn 0.2463 0.1588 0.9561
vn 0.2325 0.0708 0.9700
vn -0.0312 0.1705 0.9849
vn 0.0345 0.3248 0.9452
vn -0.8772 0.3110 -0.3658
vn -0.6228 0.4891 -0.6107
vn -0.7341 -0.0613 -0.6763
vn -0.6642 -0.4461 -0.5998
vn -0.6980 0.0664 -0.7130
vn -0.6411 -0.4479 -0.6232
vn -0.3624 0.4260 0.8290
vn -0.5401 0.2906 0.7899
vn -0.7340 0.2981 0.6103
vn -0.7495 0.1600 0.6424
vn 0.9035 0.0256 0.4278
vn 0.4341 0.2780 0.8569
vn 0.8826 0.0818 0.4630
vn 0.9687 -0.1370 -0.2068
vn 0.9728 -0.2177 0.0791
vn -0.6151 0.4902 -0.6175
vn -0.4989 0.3595 -0.7886
vn -0.6186 -0.1284 -0.7752
vn -0.7035 -0.3544 -0.6161
vn 0.2157 -0.1014 -0.9712
vn 0.1188 0.0210 -0.9927
vn 0.1888 0.3842 0.9038
vn -0.4435 0.5579 0.7015
vn 0.2510 -0.1473 -0.9567
vn 0.2138 -0.3011 -0.9293
vn 0.7578 0.2141 -0.6164
vn 0.7435 0.1446 -0.6529
vn 0.9764 0.0037 -0.2160
vn 0.9488 0.1681 -0.2674
vn 0.4774 0.3300 -0.8144
vn 0.1850 0.2026 -0.9616
vn 0.3238 0.0529 -0.9446
vn 0.4638 0.0098 -0.8859
vn 0.3186 0.3092 -0.8960
vn -0.4203 0.7538 -0.5052
vn -0.3100 0.8723 -0.3781
vn -0.7964 0.2059 -0.5687
vn -0.7781 0.1889 -0.5990
vn -0.8678 0.2544 0.4269
vn -0.9303 0.3495 0.1113
vn 0.5409 -0.1107 -0.8337
vn 0.7671 -0.0456 -0.6399
vn 0.2729 0.8642 -0.4228
vn 0.2780 0.8260 -0.4903
vn -0.5184 0.7683 -0.3754
vn -0.4266 0.8494 -0.3108
vn -0.6296 0.6487 0.4275
vn -0.5523 0.7196 0.4209
vn 0.8157 -0.2382 0.5272
vn 0.5658 0.2997 0.7681
vn 0.8280 -0.2005 0.5236
vn -0.5307 0.7818 -0.3274
vn -0.5943 0.7621 -0.2568
vn -0.7594 0.6157 -0.2103
vn -0.8153 0.5060 -0.2814
vn -0.8303 0.2711 -0.4870
vn -0.7804 0.5040 -0.3700
vn -0.8404 0.4445 -0.3100
vn -0.8702 0.1377 -0.4730
vn 0.5289 0.7711 0.3546
vn 0.5965 0.7108 0.3727
vn 0.5309 0.4367 0.7262
vn 0.8527 0.0381 0.5209
vn 0.6111 0.1648 0.7742
vn 0.8116 -0.2464 0.5298
vn 0.2090 0.3587 0.9098
vn 0.2127 0.3090 0.9270
vn 0.0027 0.4113 0.9115
vn 0.0280 0.3106 0.9501
vn 0.1600 0.5609 0.8123
vn -0.0052 0.6474 0.7622
vn -0.4070 0.1622 0.8989
vn -0.4283 0.5208 0.7384
vn -0.5812 0.5599 0.5905
vn -0.6314 0.4630 0.6221
vn -0.3698 0.7353 0.5680
vn -0.4941 0.7336 0.4666
vn 0.9955 0.0574 0.0758
vn 0.9968 -0.0032 0.0793
vn 0.9686 0.0304 0.2469
vn 0.9236 0.1111 0.3669
vn 0.9213 0.3808 0.0788
vn 0.8797 0.4076 0.2451
vn -0.7251 0.4263 0.5408
vn -0.6153 0.6537 0.4406
vn -0.6848 0.6127 0.3946
vn -0.7915 0.4188 0.4451
vn -0.5091 0.7743 0.3758
vn -0.5739 0.7241 0.3825
vn -0.7059 0.4746 -0.5257
vn -0.7453 0.3731 -0.5526
vn -0.6714 0.4403 -0.5962
vn -0.5864 0.4003 -0.7042
vn -0.7786 0.2557 -0.5731
vn -0.6980 0.3552 -0.6218
vn 0.2694 0.0338 -0.9624
vn 0.2765 0.1775 -0.9445
vn 0.5111 0.1422 -0.8477
vn 0.4605 0.0102 -0.8876
vn 0.2686 0.4741 -0.8385
vn 0.4723 0.5002 -0.7257
vn 0.6411 0.5557 -0.5293
vn 0.7503 0.1633 -0.6407
vn -0.7114 0.6831 0.1652
vn -0.7357 0.6553 0.1714
vn -0.4476 0.3765 -0.8111
vn -0.4159 0.2667 -0.8694
vn -0.3996 0.2375 -0.8854
vn -0.9114 0.3998 0.0977
vn -0.1777 0.2366 -0.9552
vn -0.0849 0.0880 -0.9925
vn -0.0480 0.2031 -0.9780
vn 0.3538 0.3393 0.8716
vn 0.3513 0.2562 0.9005
vn 0.2579 0.5018 0.8257
vn 0.3727 0.4165 0.8292
vn 0.8030 0.1393 0.5795
vn 0.8199 -0.0100 0.5724
vn 0.7724 0.2449 0.5861
vn 0.9926 0.1177 0.0299
vn 0.9989 0.0332 0.0315
vn 0.9010 0.4324 0.0339
vn 0.9864 0.0173 -0.1635
vn 0.8336 0.0240 -0.5518
vn 0.9611 -0.0532 -0.2709
vn 0.8833 0.3874 -0.2639
vn 0.1823 0.0063 -0.9832
vn 0.2270 0.2315 -0.9460
vn 0.2200 0.4640 -0.8581
vn 0.1719 -0.0320 -0.9846
vn 0.2714 -0.1301 -0.9536
vn 0.6781 -0.1605 -0.7173
vn 0.9956 0.0288 -0.0897
vn 0.1161 -0.0308 -0.9928
vn 0.1976 -0.0236 -0.9800
vn 0.0584 -0.1489 -0.9871
vn -0.6598 0.1901 -0.7270
vn -0.7003 0.3620 -0.6152
vn 0.9925 -0.1012 0.0679
vn 0.9208 0.1823 0.3449
vn 0.3745 0.2341 0.8972
vn 0.9183 0.0946 0.3843
vn -0.4385 0.4589 0.7727
vn -0.7743 0.2912 0.5619
vn -0.6703 0.4418 -0.5963
vn -0.7302 0.5928 -0.3397
vn 0.3443 0.0908 0.9345
vn 0.0994 0.1412 0.9850
vn 0.3408 0.1929 0.9201
vn -0.7549 0.2325 0.6132
vn -0.7520 0.3364 0.5668
vn -0.7503 0.3454 0.5638
vn -0.4639 0.2239 -0.8571
vn -0.1467 0.3551 -0.9233
vn 0.9369 -0.0230 0.3489
vn 0.9985 -0.0018 0.0542
vn -0.9063 0.3062 0.2914
vn -0.7928 0.5476 0.2674
vn 0.8067 0.0035 0.5909
vn 0.8226 -0.0404 0.5672
vn -0.7733 0.2264 0.5923
vn -0.7565 0.2706 0.5954
vn -0.7234 0.2223 0.6536
vn -0.7387 0.2773 0.6143
vn -0.6087 0.4679 0.6407
vn -0.0495 0.2156 0.9752
vn -0.8115 -0.0645 -0.5808
vn -0.4716 0.1877 -0.8616
vn -0.2989 0.3640 -0.8821
vn -0.7118 -0.2376 -0.6610
vn -0.7692 -0.1165 -0.6283
vn -0.8050 -0.4298 -0.4089
vn 0.3150 0.2293 0.9210
vn 0.2718 0.1990 0.9416
vn 0.9307 0.1093 0.3490
vn 0.9223 0.1575 0.3529
vn 0.2430 -0.2145 -0.9460
vn 0.1512 -0.1790 -0.9722
vn 0.4294 -0.0694 -0.9004
vn 0.4360 -0.1271 -0.8909
vn -0.8458 0.2238 0.4844
vn -0.7965 0.3394 0.5004
vn -0.9806 0.1453 0.1319
vn -0.9090 0.3189 0.2682
vn 0.4009 0.2970 0.8666
vn 0.8327 -0.2571 -0.4904
vn 0.9858 0.1352 0.0998
vn 0.9668 -0.2523 0.0400
vn 0.9894 -0.1237 0.0761
vn 0.9988 0.0227 0.0425
vn 0.9976 0.0111 -0.0690
vn 0.9978 -0.0090 -0.0662
vn 0.9677 0.2232 0.1170
vn 0.9754 -0.1350 0.1743
vn 0.8869 0.1563 0.4347
vn 0.8967 0.1793 0.4048
vn 0.3912 0.0480 -0.9190
vn 0.2029 -0.1507 -0.9675
vn 0.2120 -0.0398 -0.9765
vn 0.1635 0.0478 -0.9854
vn 0.2093 0.1492 -0.9664
vn 0.3838 0.0093 -0.9234
vn 0.9410 0.2457 0.2329
vn 0.9874 -0.1113 0.1124
vn 0.9671 0.2164 -0.1337
vn 0.9800 -0.1001 -0.1723
vn 0.6598 0.4848 -0.5741
vn 0.2549 -0.2126 -0.9433
vn 0.7226 -0.1329 -0.6783
vn 0.9896 0.0413 0.1378
vn 0.9874 -0.1567 0.0243
vn 0.8976 0.1810 0.4020
vn 0.8764 0.2891 0.3851
vn 0.9958 -0.0573 0.0707
vn 0.9649 0.2623 -0.0130
vn -0.8475 0.4805 0.2253
vn -0.9390 0.3210 0.1235
vn -0.7101 0.2774 0.6472
vn 0.3455 0.2030 -0.9162
vn -0.2585 -0.2181 -0.9411
vn -0.8271 0.2893 -0.4818
vn -0.7827 -0.1330 -0.6080
vn 0.2796 -0.2036 0.9383
vn 0.2335 -0.4110 0.8812
vn 0.3912 -0.2055 0.8971
vn 0.1645 0.0675 0.9841
vn 0.5103 -0.0570 0.8581
vn 0.1753 0.4759 0.8619
vn -0.5974 -0.0278 0.8014
vn -0.8422 0.3307 0.4258
vn 0.9683 -0.0426 0.2462
vn 0.9335 0.0845 0.3485
vn -0.7458 0.4415 0.4988
vn -0.8043 0.4736 -0.3588
vn -0.7098 0.4721 -0.5228
vn -0.7063 0.0234 -0.7076
vn 0.2226 -0.1849 -0.9572
vn 0.0062 0.2162 -0.9763
vn 0.9970 0.0780 -0.0007
vn 0.9436 -0.1109 -0.3121
vn 0.2970 -0.1580 -0.9417
vn -0.7516 0.3169 0.5785
vn -0.7044 0.1728 0.6884
vn 0.9963 -0.0420 0.0751
vn 0.8115 0.0019 0.5843
vn 0.9635 -0.0449 0.2640
vn 0.3472 0.2336 0.9082
vn 0.2379 0.3032 0.9228
vn -0.3869 0.1933 -0.9016
vn -0.4355 0.0851 0.8962
vn -0.0439 0.3175 0.9472
vn -0.9550 0.2548 -0.1520
vn -0.7407 0.1130 -0.6622
vn 0.8435 -0.1194 0.5237
vn -0.8808 0.2148 0.4220
vn 0.1552 -0.0618 -0.9859
vn 0.7738 0.5905 0.2292
vn 0.7845 0.5028 -0.3630
vn -0.1541 0.4894 -0.8583
vn 0.1648 0.3650 -0.9163
vn 0.5689 0.4875 0.6624
vn 0.5022 0.5756 0.6453
vn 0.3215 0.5730 -0.7538
vn 0.2825 0.4213 0.8618
vn 0.9427 0.2874 0.1697
vn 0.8783 0.4366 -0.1948
vn -0.7453 0.4485 0.4933
vn -0.7791 0.4182 0.4671
vn 0.8808 0.4040 -0.2468
vn 0.1512 0.3758 0.9143
vn 0.3702 0.4533 0.8108
vn -0.3786 0.5402 0.7515
vn -0.5085 0.6323 0.5844
vn -0.1287 0.6251 0.7699
vn -0.6827 0.3782 -0.6252
vn -0.7497 0.3952 -0.5309
vn -0.6757 0.6139 -0.4082
vn -0.0747 0.5166 -0.8530
vn -0.7877 0.6151 -0.0338
vn 0.4404 0.2767 -0.8541
vn -0.8419 0.5297 -0.1032
vn -0.1524 0.8915 0.4266
vn 0.0145 0.9011 0.4333
vn -0.3495 0.9280 0.1290
vn -0.2726 0.8399 0.4694
vn 0.1443 0.9096 0.3895
vn -0.2953 0.9236 0.2444
vn 0.2592 0.8935 0.3666
vn 0.5150 0.8181 0.2557
vn 0.0455 0.9855 0.1636
vn 0.1360 0.8370 0.5301
vn 0.1951 0.9160 -0.3505
vn 0.1297 0.9282 -0.3488
vn 0.4587 0.8886 0.0027
vn 0.3427 0.7729 -0.5341
vn -0.2032 0.9199 -0.3353
vn -0.2572 0.9359 -0.2409
vn 0.1724 0.9213 -0.3486
vn -0.3767 0.8173 -0.4361
vn -0.3315 0.9109 -0.2458
vn 0.1233 0.9023 -0.4130
vn -0.2761 0.9371 -0.2136
vn 0.1242 0.8552 -0.5033
vn -0.4114 0.8985 0.1530
vn -0.3608 0.8929 0.2693
vn -0.2968 0.9341 -0.1983
vn -0.5593 0.8085 0.1832
vn 0.1460 0.8937 0.4243
vn -0.3415 0.8922 0.2955
vn 0.4255 0.9049 0.0146
vn 0.3749 0.9270 -0.0099
vn 0.1901 0.8570 0.4789
vn 0.6077 0.7463 0.2716
vn 0.3483 0.9347 -0.0712
vn 0.2907 0.8394 0.4592
vn 0.2860 0.9366 -0.2026
vn 0.3852 0.8821 0.2713
vn 0.1022 0.9250 -0.3659
vn 0.5287 0.8473 -0.0512
vn -0.3440 0.9325 -0.1105
vn -0.0125 0.8680 -0.4964
vn -0.3507 0.8871 0.3000
vn -0.3257 0.9093 0.2589
vn -0.4260 0.8721 -0.2408
vn -0.4747 0.7923 0.3834
vn -0.0807 0.9201 -0.3834
vn -0.1576 0.8584 -0.4882
vn 0.4131 0.9068 0.0842
vn 0.5193 0.7539 0.4026
vn 0.3625 0.8852 0.2917
vn 0.0783 0.9612 0.2647
vn 0.0241 0.9723 0.2325
vt 0.394390 0.509315
vt 0.389302 0.478353
vt 0.403320 0.476996
vt 0.411940 0.508509
vt 0.276880 0.514144
vt 0.255764 0.515288
vt 0.260774 0.482221
vt 0.279611 0.482457
vt 0.235377 0.511352
vt 0.215891 0.504020
vt 0.225010 0.473109
vt 0.241399 0.478163
vt 0.334635 0.517371
vt 0.332322 0.483781
vt 0.351789 0.484128
vt 0.354788 0.517032
vt 0.199943 0.499981
vt 0.210134 0.470855
vt 0.032103 0.043453
vt 0.051744 0.037003
vt 0.058778 0.067243
vt 0.040328 0.072970
vt 0.299373 0.481683
vt 0.297011 0.512975
vt 0.073064 0.037046
vt 0.079389 0.065852
vt 0.092861 0.039032
vt 0.109548 0.037699
vt 0.111323 0.065851
vt 0.095492 0.066445
vt 0.131069 0.035514
vt 0.151244 0.035248
vt 0.149550 0.068526
vt 0.130896 0.066430
vt 0.021777 0.081073
vt 0.012709 0.051942
vt 0.172319 0.040026
vt 0.169048 0.073536
vt 0.190071 0.045695
vt 0.207810 0.048202
vt 0.200641 0.078789
vt 0.183423 0.076859
vt 0.229704 0.051554
vt 0.219671 0.082000
vt 0.375792 0.512846
vt 0.370900 0.481588
vt 0.433982 0.507529
vt 0.422729 0.475867
vt 0.440676 0.472035
vt 0.453553 0.501535
vt 0.313506 0.514148
vt 0.313618 0.481854
vt 0.045933 0.097137
vt 0.028035 0.104496
vt 0.287600 0.399619
vt 0.289126 0.370568
vt 0.304450 0.370815
vt 0.303644 0.399931
vt 0.256083 0.397839
vt 0.258665 0.369577
vt 0.274149 0.370297
vt 0.272117 0.399132
vt 0.112588 0.089309
vt 0.097631 0.089191
vt 0.228810 0.395179
vt 0.232011 0.368122
vt 0.244638 0.368795
vt 0.241644 0.396352
vt 0.147213 0.095311
vt 0.130213 0.091735
vt 0.063401 0.091080
vt 0.179571 0.102289
vt 0.165474 0.099508
vt 0.097153 0.152840
vt 0.098338 0.181849
vt 0.083695 0.182303
vt 0.082729 0.153143
vt 0.213683 0.107240
vt 0.195759 0.104353
vt 0.129154 0.152048
vt 0.129531 0.180396
vt 0.113012 0.181019
vt 0.111838 0.152238
vt 0.318047 0.278348
vt 0.305278 0.277966
vt 0.304441 0.238009
vt 0.318127 0.238750
vt 0.160578 0.154508
vt 0.158211 0.182854
vt 0.143986 0.181098
vt 0.144779 0.153070
vt 0.398659 0.279989
vt 0.384818 0.279492
vt 0.384791 0.240815
vt 0.398392 0.241715
vt 0.372987 0.279140
vt 0.359711 0.278757
vt 0.359938 0.239414
vt 0.372917 0.240167
vt 0.332743 0.238894
vt 0.332131 0.278427
vt 0.331487 0.340819
vt 0.346214 0.340807
vt 0.346760 0.370739
vt 0.331486 0.370827
vt 0.412032 0.242861
vt 0.412623 0.280455
vt 0.231542 0.448656
vt 0.247572 0.452069
vt 0.265382 0.455193
vt 0.282648 0.455658
vt 0.345983 0.278458
vt 0.346465 0.238818
vt 0.082306 0.089022
vt 0.064208 0.278866
vt 0.058536 0.321090
vt 0.044888 0.322868
vt 0.049900 0.280059
vt 0.332595 0.187672
vt 0.345574 0.187355
vt 0.392164 0.067788
vt 0.391034 0.000277
vt 0.402818 0.000148
vt 0.405692 0.067826
vt 0.169488 0.214796
vt 0.157037 0.212827
vt 0.170770 0.184542
vt 0.153971 0.274648
vt 0.152604 0.313372
vt 0.139140 0.312099
vt 0.139962 0.273042
vt 0.080063 0.277217
vt 0.074617 0.319215
vt 0.368238 0.067796
vt 0.368680 0.000649
vt 0.379557 0.000399
vt 0.379492 0.067682
vt 0.290498 0.277436
vt 0.275323 0.276681
vt 0.273415 0.236095
vt 0.289186 0.237208
vt 0.408627 0.396763
vt 0.392108 0.397762
vt 0.390813 0.369543
vt 0.407270 0.368902
vt 0.079489 0.484480
vt 0.091405 0.484000
vt 0.092742 0.552655
vt 0.081439 0.552900
vt 0.070097 0.553402
vt 0.067754 0.485390
vt 0.297461 0.069308
vt 0.284969 0.069254
vt 0.289107 0.000902
vt 0.300589 0.001230
vt 0.347511 0.399942
vt 0.362024 0.370446
vt 0.363357 0.399371
vt 0.379042 0.398532
vt 0.377384 0.370009
vt 0.424475 0.368116
vt 0.425276 0.395568
vt 0.164415 0.364626
vt 0.152096 0.363255
vt 0.164303 0.314612
vt 0.109724 0.363135
vt 0.094362 0.364789
vt 0.090888 0.317154
vt 0.107528 0.314562
vt 0.314643 0.455662
vt 0.332188 0.456569
vt 0.085035 0.831610
vt 0.087897 0.831488
vt 0.084903 0.886820
vt 0.082472 0.886888
vt 0.070838 0.831734
vt 0.073659 0.831661
vt 0.072795 0.886839
vt 0.070394 0.886864
vt 0.082282 0.831673
vt 0.080132 0.886915
vt 0.041552 0.728687
vt 0.038787 0.728621
vt 0.040053 0.673637
vt 0.042401 0.673692
vt 0.076555 0.831644
vt 0.075260 0.886852
vt 0.068098 0.831818
vt 0.068062 0.886898
vt 0.062366 0.832085
vt 0.065256 0.831925
vt 0.065645 0.886946
vt 0.063187 0.887027
vt 0.027410 0.728373
vt 0.024617 0.728308
vt 0.028019 0.673350
vt 0.030390 0.673410
vt 0.030161 0.728435
vt 0.032725 0.673468
vt 0.090815 0.831392
vt 0.087379 0.886768
vt 0.035914 0.728556
vt 0.033022 0.728496
vt 0.035157 0.673526
vt 0.037613 0.673581
vt 0.050086 0.729071
vt 0.047195 0.728872
vt 0.047193 0.673839
vt 0.049650 0.673987
vt 0.382035 0.189645
vt 0.395666 0.190884
vt 0.250561 0.068027
vt 0.256000 0.000149
vt 0.266750 0.000276
vt 0.261522 0.068372
vt 0.331628 0.400066
vt 0.272832 0.068836
vt 0.277715 0.000535
vt 0.125425 0.272763
vt 0.124529 0.312290
vt 0.109357 0.274138
vt 0.102734 0.483640
vt 0.103646 0.552518
vt 0.094675 0.275757
vt 0.199013 0.218715
vt 0.183321 0.216170
vt 0.184862 0.186234
vt 0.201790 0.188576
vt 0.247229 0.339820
vt 0.260764 0.340117
vt 0.138724 0.361890
vt 0.125251 0.361735
vt 0.173496 0.486119
vt 0.170581 0.553678
vt 0.159482 0.553385
vt 0.161333 0.485402
vt 0.178897 0.277347
vt 0.176706 0.315579
vt 0.166020 0.276105
vt 0.053417 0.214707
vt 0.038501 0.216198
vt 0.036858 0.186594
vt 0.052400 0.184561
vt 0.149525 0.484515
vt 0.148651 0.553064
vt 0.137359 0.552513
vt 0.137360 0.483461
vt 0.050791 0.368749
vt 0.038555 0.372011
vt 0.031683 0.324350
vt 0.236266 0.276508
vt 0.234569 0.233106
vt 0.246474 0.233265
vt 0.248283 0.276160
vt 0.125587 0.482999
vt 0.125929 0.552272
vt 0.114568 0.552365
vt 0.113918 0.483244
vt 0.191169 0.367299
vt 0.177224 0.365709
vt 0.190080 0.316919
vt 0.358041 0.187944
vt 0.370308 0.188829
vt 0.250640 0.186535
vt 0.262772 0.187568
vt 0.258789 0.234392
vt 0.260882 0.276035
vt 0.311938 0.001055
vt 0.309725 0.068772
vt 0.142576 0.210553
vt 0.127906 0.209975
vt 0.306028 0.188689
vt 0.318903 0.188241
vt 0.345287 0.068335
vt 0.346009 0.001106
vt 0.357454 0.000950
vt 0.356809 0.068090
vt 0.300966 0.455408
vt 0.321334 0.068143
vt 0.323013 0.000689
vt 0.334432 0.000796
vt 0.333396 0.068060
vt 0.093681 0.831774
vt 0.089819 0.887063
vt 0.118101 0.607908
vt 0.113558 0.607604
vt 0.116349 0.565291
vt 0.121001 0.565676
vt 0.042990 0.955007
vt 0.047669 0.955049
vt 0.047473 0.997750
vt 0.042575 0.997764
vt 0.085734 0.606853
vt 0.081071 0.606758
vt 0.081988 0.564103
vt 0.087002 0.564226
vt 0.077727 0.886894
vt 0.079453 0.831671
vt 0.096419 0.832433
vt 0.092158 0.887556
vt 0.044751 0.673747
vt 0.044319 0.728754
vt 0.006053 0.952927
vt 0.010894 0.953361
vt 0.008970 0.996009
vt 0.003951 0.995488
vt 0.052082 0.674164
vt 0.052947 0.729311
vt 0.052640 0.919366
vt 0.051508 0.866484
vt 0.056023 0.866148
vt 0.057239 0.919466
vt 0.051296 0.789886
vt 0.054757 0.789892
vt 0.025568 0.673279
vt 0.021732 0.728229
vt 0.020432 0.788896
vt 0.016974 0.788506
vt 0.013992 0.865124
vt 0.009403 0.864547
vt 0.021142 0.918223
vt 0.022646 0.866085
vt 0.026976 0.866545
vt 0.025751 0.918491
vt 0.027110 0.789524
vt 0.030573 0.789801
vt 0.030357 0.918703
vt 0.031187 0.866843
vt 0.035174 0.866954
vt 0.034849 0.918864
vt 0.034087 0.789968
vt 0.037583 0.790004
vt 0.067066 0.642333
vt 0.066421 0.694510
vt 0.062179 0.694321
vt 0.062607 0.642232
vt 0.067495 0.770520
vt 0.064082 0.770454
vt 0.039154 0.918995
vt 0.038989 0.866952
vt 0.042889 0.866926
vt 0.043489 0.919117
vt 0.040945 0.789978
vt 0.044303 0.789937
vt 0.111627 0.643006
vt 0.109365 0.695277
vt 0.104747 0.694910
vt 0.107073 0.642607
vt 0.101388 0.770729
vt 0.098057 0.770113
vt 0.089099 0.642315
vt 0.087261 0.694721
vt 0.083137 0.694903
vt 0.084728 0.642380
vt 0.084439 0.770736
vt 0.081067 0.770813
vt 0.077610 0.770770
vt 0.078993 0.694994
vt 0.047791 0.789902
vt 0.047085 0.866783
vt 0.094463 0.887996
vt 0.099121 0.833020
vt 0.104677 0.771238
vt 0.113816 0.695552
vt 0.102390 0.642195
vt 0.100014 0.694550
vt 0.094605 0.769873
vt 0.048030 0.919216
vt 0.097803 0.641891
vt 0.095524 0.694259
vt 0.091131 0.770240
vt 0.016690 0.917991
vt 0.018392 0.865617
vt 0.023794 0.789220
vt 0.012147 0.917757
vt 0.057985 0.642125
vt 0.057684 0.694127
vt 0.060600 0.770423
vt 0.071362 0.642408
vt 0.070522 0.694675
vt 0.070779 0.770591
vt 0.075788 0.642432
vt 0.080276 0.642401
vt 0.074770 0.694844
vt 0.074152 0.770671
vt 0.093363 0.642168
vt 0.091298 0.694495
vt 0.087722 0.770547
vt 0.319807 0.130653
vt 0.332502 0.129951
vt 0.344635 0.129820
vt 0.356021 0.129819
vt 0.307662 0.131792
vt 0.291903 0.188761
vt 0.294463 0.132866
vt 0.267739 0.132816
vt 0.255985 0.132114
vt 0.367523 0.130014
vt 0.186620 0.487052
vt 0.177543 0.423592
vt 0.192147 0.425266
vt 0.125563 0.418721
vt 0.113150 0.419010
vt 0.056158 0.486664
vt 0.050225 0.424704
vt 0.062131 0.422139
vt 0.151243 0.420866
vt 0.137917 0.419334
vt 0.164220 0.422345
vt 0.100766 0.419560
vt 0.087838 0.420058
vt 0.078988 0.365935
vt 0.280859 0.133254
vt 0.277010 0.188583
vt 0.238948 0.186236
vt 0.244721 0.131648
vt 0.392769 0.131303
vt 0.379021 0.130440
vt 0.063803 0.366941
vt 0.074410 0.420671
vt 0.407886 0.132349
vt 0.409960 0.192641
vt 0.097870 0.212083
vt 0.097613 0.242023
vt 0.083938 0.242752
vt 0.083776 0.212603
vt 0.126541 0.240228
vt 0.141059 0.240893
vt 0.261976 0.310439
vt 0.276687 0.310539
vt 0.275712 0.340503
vt 0.234796 0.339550
vt 0.236604 0.310930
vt 0.248823 0.310742
vt 0.035820 0.279694
vt 0.039197 0.245166
vt 0.053828 0.244845
vt 0.181398 0.245967
vt 0.168029 0.244628
vt 0.192928 0.278969
vt 0.196035 0.248041
vt 0.290422 0.340653
vt 0.291429 0.310763
vt 0.305856 0.310961
vt 0.305189 0.340834
vt 0.111963 0.211021
vt 0.111237 0.241047
vt 0.067862 0.213323
vt 0.068407 0.243719
vt 0.155657 0.242906
vt 0.345957 0.310949
vt 0.360244 0.311055
vt 0.360934 0.340736
vt 0.375455 0.340615
vt 0.374005 0.311193
vt 0.385893 0.311271
vt 0.388094 0.340448
vt 0.403403 0.340185
vt 0.400089 0.311334
vt 0.414353 0.311309
vt 0.419095 0.339801
vt 0.331649 0.310933
vt 0.317239 0.340904
vt 0.317828 0.311014
vt 0.316174 0.400079
vt 0.315442 0.429103
vt 0.302523 0.428937
vt 0.385012 0.452749
vt 0.381592 0.426855
vt 0.394305 0.425836
vt 0.398445 0.451500
vt 0.350024 0.456805
vt 0.331822 0.429453
vt 0.348621 0.429407
vt 0.416401 0.450085
vt 0.410976 0.424551
vt 0.427014 0.422702
vt 0.433329 0.447336
vt 0.367710 0.455029
vt 0.365387 0.428340
vt 0.065931 0.153866
vt 0.065566 0.120924
vt 0.083027 0.119659
vt 0.285514 0.428779
vt 0.269178 0.428125
vt 0.252252 0.425958
vt 0.237361 0.423556
vt 0.188248 0.158013
vt 0.173650 0.155925
vt 0.176610 0.127915
vt 0.191691 0.129968
vt 0.163210 0.126114
vt 0.145795 0.123578
vt 0.129114 0.120954
vt 0.111867 0.119398
vt 0.205118 0.159992
vt 0.208602 0.132356
vt 0.097387 0.119658
vt 0.050779 0.155831
vt 0.049031 0.125349
vt 0.216759 0.447282
vt 0.223970 0.422214
vt 0.034681 0.158457
vt 0.031947 0.130399
vt 0.094793 0.606695
vt 0.099419 0.606553
vt 0.071823 0.606720
vt 0.076414 0.606753
vt 0.090324 0.606850
vt 0.038512 0.954924
vt 0.034055 0.954826
vt 0.067359 0.606684
vt 0.057820 0.606499
vt 0.062673 0.606601
vt 0.015526 0.953707
vt 0.020042 0.954016
vt 0.104153 0.606851
vt 0.029419 0.954682
vt 0.024718 0.954409
vt 0.052413 0.955029
vt 0.108929 0.607246
vt 0.057129 0.954936
vt 0.007453 0.917499
vt 0.116073 0.643346
vt 0.067137 0.182977
vt 0.316686 0.370909
vt 0.058922 0.554092
vt 0.182231 0.554092
vt 0.052390 0.997660
vt 0.057239 0.997484
vt 0.018420 0.996775
vt 0.023287 0.997203
vt 0.028219 0.997501
vt 0.033129 0.997635
vt 0.067454 0.564095
vt 0.062478 0.564086
vt 0.037855 0.997716
vt 0.111598 0.564888
vt 0.091952 0.564254
vt 0.106660 0.564516
vt 0.101678 0.564189
vt 0.013753 0.996413
vt 0.057368 0.564054
vt 0.072171 0.564065
vt 0.077036 0.564054
vt 0.096754 0.564143
vt 0.444009 0.539391
vt 0.419621 0.540603
vt 0.313179 0.546728
vt 0.294875 0.544153
vt 0.196330 0.014135
vt 0.175861 0.006265
vt 0.336085 0.550670
vt 0.465967 0.531499
vt 0.380475 0.543964
vt 0.357697 0.549398
vt 0.130945 0.001907
vt 0.108737 0.005754
vt 0.398997 0.540453
vt 0.214570 0.017294
vt 0.239097 0.020617
vt 0.091437 0.006469
vt 0.069017 0.002996
vt 0.153435 0.000148
vt 0.024069 0.012380
vt 0.003318 0.021580
vt 0.229526 0.544539
vt 0.251710 0.547938
vt 0.046193 0.003772
vt 0.275099 0.545711
vt 0.207086 0.535581
vt 0.188997 0.529914
vt 0.039017 0.622100
vt 0.036906 0.622005
vt 0.039957 0.570187
vt 0.040923 0.570289
vt 0.034821 0.621856
vt 0.038422 0.570019
vt 0.030781 0.621638
vt 0.028681 0.621506
vt 0.034581 0.569461
vt 0.035555 0.569552
vt 0.075874 0.938588
vt 0.077926 0.938600
vt 0.075826 0.990540
vt 0.074041 0.990483
vt 0.084107 0.938453
vt 0.086197 0.938676
vt 0.080907 0.990908
vt 0.079873 0.990745
vt 0.088202 0.939067
vt 0.081964 0.991249
vt 0.090181 0.939417
vt 0.083176 0.991571
vt 0.047253 0.622183
vt 0.045153 0.622147
vt 0.044487 0.570250
vt 0.045376 0.570132
vt 0.032815 0.621736
vt 0.037294 0.569963
vt 0.067621 0.938596
vt 0.069616 0.938552
vt 0.071152 0.990553
vt 0.070159 0.990739
vt 0.071667 0.938509
vt 0.072116 0.990523
vt 0.073771 0.938521
vt 0.073048 0.990463
vt 0.079922 0.938573
vt 0.076757 0.990562
vt 0.051456 0.622279
vt 0.049366 0.622245
vt 0.046911 0.569996
vt 0.048160 0.569829
vt 0.043133 0.622126
vt 0.041114 0.622129
vt 0.042135 0.570302
vt 0.043260 0.570232
vt 0.081996 0.938518
vt 0.077813 0.990647
vt 0.065551 0.938608
vt 0.068693 0.990873
vt 0.063446 0.938674
vt 0.067439 0.991048
vt 0.075079 0.996759
vt 0.041490 0.564054
s 1
usemtl Trunk
f 502/1/1 7/2/2 5/3/3 517/4/4
f 509/5/5 518/6/6 21/7/7 19/8/8
f 503/9/9 512/10/10 25/11/11 23/12/12
f 505/13/13 13/14/14 11/15/15 520/16/16
f 512/10/10 521/17/17 27/18/18 25/11/11
f 506/19/19 515/20/20 31/21/21 29/22/22
f 509/5/5 19/8/8 17/23/23 523/24/24
f 515/20/20 524/25/25 33/26/26 31/21/21
f 503/9/9 23/12/12 21/7/7 518/6/6
f 510/27/27 519/28/28 37/29/29 35/30/30
f 504/31/31 513/32/32 41/33/33 39/34/34
f 506/19/19 29/22/22 27/35/18 521/36/17
f 513/32/32 522/37/35 43/38/36 41/33/33
f 507/39/37 516/40/38 47/41/39 45/42/40
f 510/27/27 35/30/30 33/26/26 524/25/25
f 516/40/38 525/43/41 49/44/42 47/41/39
f 502/1/1 511/45/43 9/46/44 7/2/2
f 504/31/31 39/34/34 37/29/29 519/28/28
f 511/45/43 520/16/16 11/15/15 9/46/44
f 501/47/45 1/48/46 2/49/47 508/50/48
f 505/13/13 514/51/49 15/52/50 13/14/14
f 507/39/37 45/42/40 43/38/36 522/37/35
f 514/51/49 523/24/24 17/23/23 15/52/50
f 501/47/45 517/4/4 5/3/3 1/48/46
f 327/53/51 349/54/52 27/35/18 29/22/22
f 356/55/53 60/56/54 59/57/55 370/58/56
f 365/59/57 62/60/58 61/61/59 362/62/60
f 338/63/61 332/64/62 35/30/30 37/29/29
f 374/65/63 64/66/64 63/67/65 368/68/66
f 344/69/67 341/70/68 39/34/34 41/33/33
f 334/71/69 327/53/51 29/22/22 31/21/21
f 328/72/70 350/73/71 43/38/36 45/42/40
f 357/74/72 68/75/73 67/76/74 371/77/75
f 347/78/76 335/79/77 47/41/39 49/44/42
f 366/80/78 70/81/79 69/82/80 363/83/81
f 407/84/82 411/85/83 84/86/84 83/87/85
f 375/88/86 72/89/87 71/90/88 369/91/89
f 414/92/90 417/93/91 78/94/92 77/95/93
f 335/79/77 328/72/70 45/42/40 47/41/39
f 423/96/94 420/97/95 80/98/96 79/99/97
f 407/84/82 83/87/85 82/100/98 404/101/99
f 379/102/100 376/103/101 56/104/102 57/105/103
f 414/92/90 77/95/93 76/106/104 410/107/105
f 343/108/106 340/109/107 23/12/12 25/11/11
f 423/96/94 79/99/97 78/94/92 417/93/91
f 337/110/108 331/111/109 19/8/8 21/7/7
f 401/112/110 81/113/111 80/98/96 420/97/95
f 346/114/112 334/71/69 31/21/21 33/26/26
f 408/115/113 91/116/114 90/117/115 405/118/116
f 435/119/117 432/120/118 81/113/111 82/100/98
f 473/121/119 102/122/120 101/123/121 466/124/122
f 381/125/123 378/126/124 72/89/87 73/127/125
f 403/128/126 97/129/127 96/130/128 422/131/129
f 408/115/113 412/132/130 92/133/131 91/116/114
f 451/134/132 104/135/133 103/136/134 470/137/135
f 415/138/136 418/139/137 86/140/138 85/141/139
f 355/142/140 361/143/141 53/144/142 52/145/143
f 464/146/144 468/147/145 117/148/146 116/149/147
f 464/146/144 116/149/147 115/150/148 461/151/149
f 474/152/150 471/153/151 111/154/152 110/155/153
f 373/156/154 56/104/102 55/157/155 367/158/156
f 364/159/157 367/158/156 55/157/155 54/160/158
f 355/142/140 52/145/143 51/161/159 354/162/160
f 437/163/161 434/164/162 97/129/127 98/165/163
f 447/166/164 450/167/165 93/168/166 94/169/167
f 333/170/168 326/171/169 13/14/14 15/52/50
f 168/172/170 199/173/171 129/174/172 130/175/173
f 225/176/174 151/177/175 134/178/176 135/179/177
f 163/180/178 168/172/170 130/175/173 131/181/179
f 157/182/180 162/183/181 145/184/182 146/185/183
f 151/177/175 156/186/184 133/187/185 134/178/176
f 220/188/186 225/176/174 135/179/177 136/189/187
f 214/190/188 219/191/189 137/192/190 138/193/191
f 210/194/192 213/195/193 140/196/194 141/197/195
f 205/198/196 210/194/192 141/197/195 142/199/197
f 199/173/171 204/200/198 128/201/199 129/174/172
f 193/202/200 198/203/201 143/204/202 144/205/203
f 187/206/204 192/207/205 148/208/206 149/209/207
f 445/210/208 448/211/209 77/95/93 78/94/92
f 458/212/210 114/213/211 113/214/212 455/215/213
f 373/156/154 351/216/214 57/105/103 56/104/102
f 452/217/215 112/218/216 111/154/152 471/153/151
f 425/219/217 95/220/218 94/169/167 419/221/219
f 475/222/220 118/223/221 117/148/146 468/147/145
f 416/224/222 419/221/219 94/169/167 93/168/166
f 415/138/136 85/141/139 84/86/84 411/85/83
f 388/225/223 384/226/224 74/227/225 75/228/226
f 396/229/227 399/230/228 62/60/58 63/67/65
f 431/231/229 428/232/230 95/220/218 96/130/128
f 465/233/231 124/234/232 123/235/233 462/236/234
f 409/237/235 99/238/236 98/165/163 406/239/237
f 380/240/238 377/241/239 64/242/64 65/243/240
f 459/244/241 122/245/242 121/246/243 456/247/244
f 436/248/245 433/249/246 89/250/247 90/117/115
f 402/251/248 89/252/247 88/253/249 421/254/250
f 364/159/157 54/160/158 53/144/142 361/143/141
f 453/255/251 120/256/252 119/257/253 472/258/254
f 444/259/255 440/260/256 99/238/236 100/261/257
f 429/262/258 426/263/259 79/99/97 80/98/96
f 430/264/260 427/265/261 87/266/262 88/253/249
f 424/267/263 87/266/262 86/140/138 418/139/137
f 474/152/150 110/155/153 109/268/264 467/269/265
f 397/270/266 400/271/267 70/81/79 71/90/88
f 442/272/268 438/273/269 83/87/85 84/86/84
f 457/274/270 106/275/271 105/276/272 454/277/273
f 333/170/168 15/52/50 17/23/23 345/278/274
f 416/224/222 93/168/166 92/133/131 412/132/130
f 463/279/275 108/280/276 107/281/277 460/282/278
f 204/200/198 171/283/279 127/284/280 128/201/199
f 490/285/281 479/286/282 113/287/212 114/288/211
f 491/289/283 494/290/284 116/291/147 117/292/146
f 492/293/285 486/294/286 106/295/271 107/296/277
f 163/180/178 131/181/179 132/297/287 183/298/288
f 172/299/289 126/300/290 127/284/280 171/283/279
f 157/182/180 146/185/183 147/301/291 180/302/292
f 220/188/186 136/189/187 137/192/190 219/191/189
f 193/202/200 144/205/203 145/184/182 162/183/181
f 205/198/196 142/199/197 143/204/202 198/203/201
f 493/303/293 498/304/294 124/305/232 125/306/295
f 187/206/204 149/209/207 150/307/296 177/308/297
f 305/309/298 189/310/299 175/311/300 315/312/301
f 189/310/299 188/313/302 176/314/303 175/311/300
f 188/313/302 187/206/204 177/308/297 176/314/303
f 139/315/304 140/196/194 213/195/193 186/316/305
f 186/316/305 213/195/193 212/317/306 185/318/307
f 185/318/307 212/317/306 211/319/308 184/320/309
f 308/321/310 207/322/311 196/323/312 320/324/313
f 207/322/311 206/325/314 197/326/315 196/323/312
f 206/325/314 205/198/196 198/203/201 197/326/315
f 306/327/316 195/328/317 160/329/318 312/330/319
f 195/328/317 194/331/320 161/332/321 160/329/318
f 194/331/320 193/202/200 162/183/181 161/332/321
f 310/333/322 222/334/323 217/335/324 324/336/325
f 222/334/323 221/337/326 218/338/327 217/335/324
f 221/337/326 220/188/186 219/191/189 218/338/327
f 302/339/328 159/340/329 178/341/330 316/342/331
f 159/340/329 158/343/332 179/344/333 178/341/330
f 158/343/332 157/182/180 180/302/292 179/344/333
f 304/345/334 174/346/335 169/347/336 314/348/337
f 174/346/335 173/349/338 170/350/339 169/347/336
f 173/349/338 172/299/289 171/283/279 170/350/339
f 303/351/340 165/352/341 181/353/342 317/354/343
f 165/352/341 164/355/344 182/356/345 181/353/342
f 164/355/344 163/180/178 183/298/288 182/356/345
f 132/297/287 133/187/185 156/186/184 183/298/288
f 183/298/288 156/186/184 155/357/346 182/356/345
f 182/356/345 155/357/346 154/358/347 181/353/342
f 147/301/291 148/208/206 192/207/205 180/302/292
f 180/302/292 192/207/205 191/359/348 179/344/333
f 179/344/333 191/359/348 190/360/349 178/341/330
f 150/361/296 126/300/290 172/299/289 177/362/297
f 177/362/297 172/299/289 173/349/338 176/363/303
f 176/363/303 173/349/338 174/346/335 175/364/300
f 321/365/350 314/348/337 169/347/336 202/366/351
f 202/366/351 169/347/336 170/350/339 203/367/352
f 203/367/352 170/350/339 171/283/279 204/200/198
f 305/309/298 319/368/353 190/360/349 189/310/299
f 189/310/299 190/360/349 191/359/348 188/313/302
f 188/313/302 191/359/348 192/207/205 187/206/204
f 306/327/316 320/324/313 196/323/312 195/328/317
f 195/328/317 196/323/312 197/326/315 194/331/320
f 194/331/320 197/326/315 198/203/201 193/202/200
f 307/369/354 321/365/350 202/366/351 201/370/355
f 201/370/355 202/366/351 203/367/352 200/371/356
f 200/371/356 203/367/352 204/200/198 199/173/171
f 308/321/310 322/372/357 208/373/358 207/322/311
f 207/322/311 208/373/358 209/374/359 206/325/314
f 206/325/314 209/374/359 210/194/192 205/198/196
f 322/372/357 323/375/360 211/319/308 208/373/358
f 208/373/358 211/319/308 212/317/306 209/374/359
f 209/374/359 212/317/306 213/195/193 210/194/192
f 309/376/361 324/336/325 217/335/324 216/377/362
f 216/377/362 217/335/324 218/338/327 215/378/363
f 215/378/363 218/338/327 219/191/189 214/190/188
f 310/333/322 325/379/364 223/380/365 222/334/323
f 222/334/323 223/380/365 224/381/366 221/337/326
f 221/337/326 224/381/366 225/176/174 220/188/186
f 301/382/367 311/383/368 154/358/347 153/384/369
f 153/384/369 154/358/347 155/357/346 152/385/370
f 152/385/370 155/357/346 156/186/184 151/177/175
f 302/339/328 312/330/319 160/329/318 159/340/329
f 159/340/329 160/329/318 161/332/321 158/343/332
f 158/343/332 161/332/321 162/183/181 157/182/180
f 303/351/340 313/386/371 166/387/372 165/352/341
f 165/352/341 166/387/372 167/388/373 164/355/344
f 164/355/344 167/388/373 168/172/170 163/180/178
f 325/379/364 301/382/367 153/384/369 223/380/365
f 223/380/365 153/384/369 152/385/370 224/381/366
f 224/381/366 152/385/370 151/177/175 225/176/174
f 313/386/371 307/369/354 201/370/355 166/387/372
f 166/387/372 201/370/355 200/371/356 167/388/373
f 167/388/373 200/371/356 199/173/171 168/172/170
f 438/273/269 238/389/374 235/390/375 435/119/117
f 432/120/118 232/391/376 229/392/377 429/262/258
f 467/269/265 463/279/275 238/389/374 242/393/378
f 449/394/379 249/395/380 242/393/378 442/272/268
f 455/215/213 452/217/215 227/396/381 230/397/382
f 454/277/273 451/134/132 226/398/383 229/392/377
f 469/399/384 465/233/231 240/400/385 244/401/386
f 428/232/230 228/402/387 247/403/388 447/166/164
f 461/151/149 458/404/210 233/405/389 236/406/390
f 434/164/162 234/407/391 231/408/392 431/231/229
f 440/260/256 240/400/385 237/409/393 437/163/161
f 456/247/244 453/255/251 228/402/387 231/408/392
f 450/167/165 250/410/394 243/411/395 443/412/396
f 427/265/261 227/396/381 246/413/397 446/414/398
f 433/415/246 233/416/389 230/397/382 430/264/260
f 470/137/135 473/121/119 248/417/399 245/418/400
f 472/258/254 475/222/220 250/410/394 247/403/388
f 462/236/234 459/244/241 234/407/391 237/409/393
f 449/394/379 446/414/398 246/413/397 249/395/380
f 439/419/401 239/420/402 236/406/390 436/248/245
f 439/419/401 443/412/396 243/411/395 239/420/402
f 426/263/259 226/398/383 245/418/400 445/210/208
f 448/211/209 248/417/399 241/421/403 441/422/404
f 460/282/278 457/274/270 232/391/376 235/390/375
f 391/423/405 266/424/406 262/425/407 387/426/408
f 422/131/129 425/219/217 275/427/409 272/428/410
f 399/230/228 274/429/411 268/430/412 393/431/413
f 377/432/239 252/433/414 271/434/415 396/229/227
f 405/118/116 402/435/248 252/436/414 255/437/416
f 384/226/224 259/438/417 256/439/418 381/125/123
f 421/254/250 424/267/263 274/429/411 271/434/415
f 413/440/419 409/237/235 259/438/417 263/441/420
f 390/442/421 265/443/422 261/444/423 386/445/424
f 391/423/405 394/446/425 269/447/426 266/424/406
f 400/271/267 275/427/409 269/447/426 394/446/425
f 390/442/421 393/431/413 268/430/412 265/443/422
f 383/448/427 387/426/408 262/425/407 258/449/428
f 378/126/124 253/450/429 272/428/410 397/270/266
f 406/239/237 403/128/126 253/450/429 256/439/418
f 383/448/427 258/449/428 255/437/416 380/240/238
f 376/103/101 251/451/430 270/452/431 395/453/432
f 398/454/433 273/455/434 267/456/435 392/457/436
f 389/458/437 264/459/438 260/460/439 385/461/440
f 404/101/99 401/112/110 251/451/430 254/462/441
f 382/463/442 257/464/443 254/462/441 379/102/100
f 398/454/433 395/453/432 270/452/431 273/455/434
f 389/458/437 392/457/436 267/456/435 264/459/438
f 382/463/442 386/445/424 261/444/423 257/464/443
f 358/465/444 283/466/445 295/467/446 370/58/56
f 339/468/447 289/469/448 286/470/449 336/471/450
f 348/472/451 326/171/169 276/473/452 298/474/453
f 358/465/444 351/216/214 276/473/452 283/466/445
f 330/475/454 280/476/455 279/477/456 329/478/457
f 339/468/447 342/479/458 292/480/459 289/469/448
f 348/472/451 298/474/453 292/480/459 342/479/458
f 330/475/454 336/471/450 286/470/449 280/476/455
f 371/77/75 359/481/460 284/482/461 296/483/462
f 362/62/60 356/55/53 281/484/463 287/485/464
f 368/68/66 365/59/57 290/486/465 293/487/466
f 360/488/467 353/489/468 278/490/469 285/491/470
f 350/73/71 300/492/471 294/493/472 344/69/67
f 341/70/68 291/494/473 288/495/474 338/63/61
f 372/496/475 360/488/467 285/491/470 297/497/476
f 332/64/62 282/498/477 296/483/462 346/114/112
f 353/489/468 375/88/86 300/492/471 278/490/469
f 359/481/460 352/499/478 277/500/479 284/482/461
f 369/91/89 366/80/78 291/494/473 294/493/472
f 349/501/52 299/502/480 293/487/466 343/108/106
f 363/83/81 357/74/72 282/498/477 288/495/474
f 340/109/107 290/486/465 287/485/464 337/110/108
f 331/111/109 281/484/463 295/467/446 345/278/274
f 352/499/478 374/503/63 299/504/480 277/500/479
f 488/505/481 482/506/482 307/369/354 313/386/371
f 500/507/483 476/508/484 301/382/367 325/379/364
f 478/509/485 488/505/481 313/386/371 303/351/340
f 477/510/486 487/511/487 312/330/319 302/339/328
f 476/508/484 486/294/286 311/383/368 301/382/367
f 485/512/488 500/507/483 325/379/364 310/333/322
f 484/513/489 499/514/490 324/336/325 309/376/361
f 497/515/491 498/304/294 323/375/360 322/372/357
f 483/516/492 497/515/491 322/372/357 308/321/310
f 482/506/482 496/517/493 321/365/350 307/369/354
f 481/518/494 495/519/495 320/324/313 306/327/316
f 480/520/496 494/290/284 319/368/353 305/309/298
f 496/517/493 489/521/497 314/348/337 321/365/350
f 478/509/485 303/351/340 317/354/343 492/293/285
f 479/286/282 304/345/334 314/348/337 489/521/497
f 477/510/486 302/339/328 316/342/331 491/289/283
f 485/512/488 310/333/322 324/336/325 499/514/490
f 481/518/494 306/327/316 312/330/319 487/511/487
f 483/516/492 308/321/310 320/324/313 495/519/495
f 480/520/496 305/309/298 315/312/301 490/522/281
f 184/320/309 211/319/308 323/375/360 318/523/498
f 181/353/342 154/358/347 311/383/368 317/354/343
f 178/341/330 190/360/349 319/368/353 316/342/331
f 175/364/300 174/346/335 304/345/334 315/524/301
f 19/8/8 331/111/109 345/278/274 17/23/23
f 23/12/12 340/109/107 337/110/108 21/7/7
f 27/18/18 349/501/52 343/108/106 25/11/11
f 35/30/30 332/64/62 346/114/112 33/26/26
f 39/34/34 341/70/68 338/63/61 37/29/29
f 43/38/36 350/73/71 344/69/67 41/33/33
f 1/48/46 5/3/3 336/471/450 330/475/454
f 11/15/15 348/472/451 342/479/458 9/46/44
f 7/2/2 9/46/44 342/479/458 339/468/447
f 1/48/46 330/475/454 329/478/457 2/49/47
f 11/15/15 13/14/14 326/171/169 348/472/451
f 7/2/2 339/468/447 336/471/450 5/3/3
f 283/466/445 333/170/168 345/278/274 295/467/446
f 283/466/445 276/473/452 326/171/169 333/170/168
f 296/483/462 284/482/461 334/71/69 346/114/112
f 287/485/464 281/484/463 331/111/109 337/110/108
f 293/487/466 290/486/465 340/109/107 343/108/106
f 285/491/470 278/490/469 328/72/70 335/79/77
f 297/497/476 285/491/470 335/79/77 347/78/76
f 278/490/469 300/492/471 350/73/71 328/72/70
f 284/482/461 277/500/479 327/53/51 334/71/69
f 294/493/472 291/494/473 341/70/68 344/69/67
f 288/495/474 282/498/477 332/64/62 338/63/61
f 277/500/479 299/504/480 349/54/52 327/53/51
f 65/243/240 64/242/64 374/503/63 352/499/478
f 69/82/80 68/75/73 357/74/72 363/83/81
f 71/90/88 70/81/79 366/80/78 369/91/89
f 66/525/499 65/243/240 352/499/478 359/481/460
f 73/127/125 72/89/87 375/88/86 353/489/468
f 75/228/226 74/227/225 360/488/467 372/496/475
f 74/227/225 73/127/125 353/489/468 360/488/467
f 63/67/65 62/60/58 365/59/57 368/68/66
f 61/61/59 60/56/54 356/55/53 362/62/60
f 67/76/74 66/525/499 359/481/460 371/77/75
f 58/526/500 57/105/103 351/216/214 358/465/444
f 58/526/500 358/465/444 370/58/56 59/57/55
f 289/469/448 364/159/157 361/143/141 286/470/449
f 298/474/453 276/473/452 351/216/214 373/156/154
f 280/476/455 355/142/140 354/162/160 279/477/456
f 289/469/448 292/480/459 367/158/156 364/159/157
f 298/474/453 373/156/154 367/158/156 292/480/459
f 280/476/455 286/470/449 361/143/141 355/142/140
f 300/492/471 375/88/86 369/91/89 294/493/472
f 291/494/473 366/80/78 363/83/81 288/495/474
f 282/498/477 357/74/72 371/77/75 296/483/462
f 299/502/480 374/65/63 368/68/66 293/487/466
f 290/486/465 365/59/57 362/62/60 287/485/464
f 281/484/463 356/55/53 370/58/56 295/467/446
f 58/526/500 59/57/55 386/445/424 382/463/442
f 52/145/143 53/144/142 392/457/436 389/458/437
f 54/160/158 55/157/155 395/453/432 398/454/433
f 58/526/500 382/463/442 379/102/100 57/105/103
f 52/145/143 389/458/437 385/461/440 51/161/159
f 54/160/158 398/454/433 392/457/436 53/144/142
f 56/104/102 376/103/101 395/453/432 55/157/155
f 66/525/499 383/448/427 380/240/238 65/243/240
f 72/89/87 378/126/124 397/270/266 71/90/88
f 66/525/499 67/76/74 387/426/408 383/448/427
f 60/56/54 61/61/59 393/431/413 390/442/421
f 70/81/79 400/271/267 394/446/425 69/82/80
f 68/75/73 69/82/80 394/446/425 391/423/405
f 60/56/54 390/442/421 386/445/424 59/57/55
f 74/227/225 384/226/224 381/125/123 73/127/125
f 64/66/64 377/432/239 396/229/227 63/67/65
f 62/60/58 399/230/228 393/431/413 61/61/59
f 68/75/73 391/423/405 387/426/408 67/76/74
f 272/428/410 275/427/409 400/271/267 397/270/266
f 255/437/416 252/436/414 377/241/239 380/240/238
f 271/434/415 274/429/411 399/230/228 396/229/227
f 263/441/420 259/438/417 384/226/224 388/225/223
f 256/439/418 253/450/429 378/126/124 381/125/123
f 254/462/441 251/451/430 376/103/101 379/102/100
f 82/100/98 81/113/111 401/112/110 404/101/99
f 98/165/163 97/129/127 403/128/126 406/239/237
f 100/261/257 99/238/236 409/237/235 413/440/419
f 88/253/249 87/266/262 424/267/263 421/254/250
f 90/117/115 89/250/247 402/435/248 405/118/116
f 96/130/128 95/220/218 425/219/217 422/131/129
f 266/424/406 416/224/222 412/132/130 262/425/407
f 274/429/411 424/267/263 418/139/137 268/430/412
f 252/433/414 402/251/248 421/254/250 271/434/415
f 259/438/417 409/237/235 406/239/237 256/439/418
f 265/443/422 415/138/136 411/85/83 261/444/423
f 266/424/406 269/447/426 419/221/219 416/224/222
f 275/427/409 425/219/217 419/221/219 269/447/426
f 265/443/422 268/430/412 418/139/137 415/138/136
f 258/449/428 262/425/407 412/132/130 408/115/113
f 253/450/429 403/128/126 422/131/129 272/428/410
f 258/449/428 408/115/113 405/118/116 255/437/416
f 251/451/430 401/112/110 420/97/95 270/452/431
f 273/455/434 423/96/94 417/93/91 267/456/435
f 264/459/438 414/92/90 410/107/105 260/460/439
f 257/464/443 407/84/82 404/101/99 254/462/441
f 273/455/434 270/452/431 420/97/95 423/96/94
f 264/459/438 267/456/435 417/93/91 414/92/90
f 257/464/443 261/444/423 411/85/83 407/84/82
f 77/95/93 448/211/209 441/422/404 76/106/104
f 79/99/97 426/263/259 445/210/208 78/94/92
f 91/116/114 92/133/131 443/412/396 439/419/401
f 91/116/114 439/419/401 436/248/245 90/117/115
f 85/141/139 86/140/138 446/414/398 449/394/379
f 89/252/247 433/415/246 430/264/260 88/253/249
f 87/266/262 427/265/261 446/414/398 86/140/138
f 93/168/166 450/167/165 443/412/396 92/133/131
f 99/238/236 440/260/256 437/163/161 98/165/163
f 97/129/127 434/164/162 431/231/229 96/130/128
f 95/220/218 428/232/230 447/166/164 94/169/167
f 85/141/139 449/394/379 442/272/268 84/86/84
f 81/113/111 432/120/118 429/262/258 80/98/96
f 83/87/85 438/273/269 435/119/117 82/100/98
f 242/393/378 238/389/374 438/273/269 442/272/268
f 230/397/382 227/396/381 427/265/261 430/264/260
f 229/392/377 226/398/383 426/263/259 429/262/258
f 244/401/386 240/400/385 440/260/256 444/259/255
f 236/406/390 233/405/389 433/249/246 436/248/245
f 231/408/392 228/402/387 428/232/230 431/231/229
f 245/418/400 248/417/399 448/211/209 445/210/208
f 247/403/388 250/410/394 450/167/165 447/166/164
f 237/409/393 234/407/391 434/164/162 437/163/161
f 235/390/375 232/391/376 432/120/118 435/119/117
f 107/281/277 106/275/271 457/274/270 460/282/278
f 123/235/233 122/245/242 459/244/241 462/236/234
f 119/257/253 118/223/221 475/222/220 472/258/254
f 103/136/134 102/122/120 473/121/119 470/137/135
f 121/246/243 120/256/252 453/255/251 456/247/244
f 115/150/148 114/527/211 458/404/210 461/151/149
f 125/528/295 124/234/232 465/233/231 469/399/384
f 105/276/272 104/135/133 451/134/132 454/277/273
f 113/214/212 112/218/216 452/217/215 455/215/213
f 109/268/264 108/280/276 463/279/275 467/269/265
f 238/389/374 463/279/275 460/282/278 235/390/375
f 232/391/376 457/274/270 454/277/273 229/392/377
f 249/395/380 474/152/150 467/269/265 242/393/378
f 228/402/387 453/255/251 472/258/254 247/403/388
f 234/407/391 459/244/241 456/247/244 231/408/392
f 240/400/385 465/233/231 462/236/234 237/409/393
f 250/410/394 475/222/220 468/147/145 243/411/395
f 227/396/381 452/217/215 471/153/151 246/413/397
f 233/416/389 458/212/210 455/215/213 230/397/382
f 249/395/380 246/413/397 471/153/151 474/152/150
f 239/420/402 464/146/144 461/151/149 236/406/390
f 239/420/402 243/411/395 468/147/145 464/146/144
f 226/398/383 451/134/132 470/137/135 245/418/400
f 248/417/399 473/121/119 466/124/122 241/421/403
f 115/529/148 480/520/496 490/522/281 114/530/211
f 122/531/242 483/516/492 495/519/495 121/532/243
f 120/533/252 481/518/494 487/511/487 119/534/253
f 103/535/134 485/512/488 499/514/490 102/536/120
f 118/537/221 477/510/486 491/289/283 117/292/146
f 113/287/212 479/286/282 489/521/497 112/538/216
f 108/539/276 478/509/485 492/293/285 107/296/277
f 111/540/152 112/538/216 489/521/497 496/517/493
f 115/529/148 116/291/147 494/290/284 480/520/496
f 120/533/252 121/532/243 495/519/495 481/518/494
f 110/541/153 111/540/152 496/517/493 482/506/482
f 122/531/242 123/542/233 497/515/491 483/516/492
f 123/542/233 124/305/232 498/304/294 497/515/491
f 101/543/121 102/536/120 499/514/490 484/513/489
f 103/535/134 104/544/133 500/507/483 485/512/488
f 105/545/272 106/295/271 486/294/286 476/508/484
f 118/537/221 119/534/253 487/511/487 477/510/486
f 108/539/276 109/546/264 488/505/481 478/509/485
f 104/544/133 105/545/272 476/508/484 500/507/483
f 109/546/264 110/541/153 482/506/482 488/505/481
f 318/523/498 323/375/360 498/304/294 493/303/293
f 317/354/343 311/383/368 486/294/286 492/293/285
f 316/342/331 319/368/353 494/290/284 491/289/283
f 315/524/301 304/345/334 479/286/282 490/285/281
f 4/547/501 6/548/502 517/4/4 501/47/45
f 16/549/503 18/550/504 523/24/24 514/51/49
f 46/551/505 507/39/37 522/37/35 44/552/506
f 14/553/507 16/549/503 514/51/49 505/13/13
f 4/547/501 501/47/45 508/50/48 3/554/508
f 10/555/509 12/556/510 520/16/16 511/45/43
f 40/557/511 504/31/31 519/28/28 38/558/512
f 8/559/513 10/555/509 511/45/43 502/1/1
f 48/560/514 50/561/515 525/43/41 516/40/38
f 36/562/516 510/27/27 524/25/25 34/563/517
f 46/551/505 48/560/514 516/40/38 507/39/37
f 42/564/518 44/552/506 522/37/35 513/32/32
f 30/565/519 506/19/19 521/36/17 28/566/520
f 40/557/511 42/564/518 513/32/32 504/31/31
f 36/562/516 38/558/512 519/28/28 510/27/27
f 24/567/521 503/9/9 518/6/6 22/568/522
f 32/569/523 34/563/517 524/25/25 515/20/20
f 20/570/524 509/5/5 523/24/24 18/550/504
f 30/565/519 32/569/523 515/20/20 506/19/19
f 26/571/525 28/572/520 521/17/17 512/10/10
f 14/553/507 505/13/13 520/16/16 12/556/510
f 24/567/521 26/571/525 512/10/10 503/9/9
f 20/570/524 22/568/522 518/6/6 509/5/5
f 8/559/513 502/1/1 517/4/4 6/548/502
f 551/573/526 552/574/527 543/575/528 544/576/529
f 552/574/527 553/577/530 542/578/531 543/575/528
f 554/579/532 555/580/533 539/581/534 540/582/535
f 556/583/536 557/584/537 531/585/538 532/586/539
f 558/587/540 559/588/541 527/589/542 528/590/543
f 559/588/541 560/591/544 526/592/545 527/589/542
f 560/591/544 561/593/546 550/594/547 526/592/545
f 562/595/548 563/596/549 547/597/550 548/598/551
f 553/577/530 564/599/552 541/600/553 542/578/531
f 565/601/554 566/602/555 535/603/556 536/604/557
f 566/602/555 567/605/558 534/606/559 535/603/556
f 567/605/558 568/607/560 533/608/561 534/606/559
f 557/584/537 569/609/562 530/610/563 531/585/538
f 561/611/546 570/612/564 549/613/565 550/614/547
f 571/615/566 572/616/567 545/617/568 546/618/569
f 572/616/567 551/573/526 544/576/529 545/617/568
f 564/599/552 554/579/532 540/582/535 541/600/553
f 573/619/570 558/587/540 528/590/543 529/620/571
f 574/621/572 565/601/554 536/604/557 537/622/573
f 563/596/549 571/615/566 546/618/569 547/597/550
f 569/609/562 573/619/570 529/620/571 530/610/563
f 575/623/574 574/621/572 537/622/573 538/624/575
f 570/612/564 562/595/548 548/598/551 549/613/565
f 568/607/560 556/583/536 532/586/539 533/608/561
f 133/187/185 132/297/287 556/583/536 568/607/560
f 149/209/207 148/208/206 562/595/548 570/612/564
f 138/193/191 137/192/190 574/621/572 575/623/574
f 130/175/173 129/174/172 573/619/570 569/609/562
f 147/301/291 146/185/183 571/615/566 563/596/549
f 137/192/190 136/189/187 565/601/554 574/621/572
f 129/174/172 128/201/199 558/587/540 573/619/570
f 141/197/195 140/196/194 554/579/532 564/599/552
f 145/184/182 144/205/203 551/573/526 572/616/567
f 146/185/183 145/184/182 572/616/567 571/615/566
f 150/307/296 149/209/207 570/612/564 561/611/546
f 131/181/179 130/175/173 569/609/562 557/584/537
f 134/178/176 133/187/185 568/607/560 567/605/558
f 135/179/177 134/178/176 567/605/558 566/602/555
f 136/189/187 135/179/177 566/602/555 565/601/554
f 142/199/197 141/197/195 564/599/552 553/577/530
f 148/208/206 147/301/291 563/596/549 562/595/548
f 126/300/290 150/361/296 561/593/546 560/591/544
f 127/284/280 126/300/290 560/591/544 559/588/541
f 128/201/199 127/284/280 559/588/541 558/587/540
f 132/297/287 131/181/179 557/584/537 556/583/536
f 140/196/194 139/315/304 555/580/533 554/579/532
f 143/204/202 142/199/197 553/577/530 552/574/527
f 144/205/203 143/204/202 552/574/527 551/573/526
f 526/592/545 550/594/547 576/625/576
f 541/600/553 540/582/535 576/626/576
f 546/618/569 545/617/568 576/626/576
f 534/606/559 533/608/561 576/625/576
f 549/613/565 548/598/551 576/626/576
f 529/620/571 528/590/543 576/625/576
f 547/597/550 546/618/569 576/626/576
f 544/576/529 543/575/528 576/626/576
f 532/586/539 531/585/538 576/625/576
f 537/622/573 536/604/557 576/625/576
f 530/610/563 529/620/571 576/625/576
f 527/589/542 526/592/545 576/625/576
f 542/578/531 541/600/553 576/626/576
f 538/624/575 537/622/573 576/625/576
f 535/603/556 534/606/559 576/625/576
f 550/614/547 549/613/565 576/626/576
f 540/582/535 539/581/534 576/626/576
f 545/617/568 544/576/529 576/626/576
f 533/608/561 532/586/539 576/625/576
f 548/598/551 547/597/550 576/626/576
f 528/590/543 527/589/542 576/625/576
f 543/575/528 542/578/531 576/626/576
f 531/585/538 530/610/563 576/625/576
f 536/604/557 535/603/556 576/625/576
o Tree_0.078
v -28.281366 8.396245 7.627550
v -28.508511 8.499878 7.789030
v -28.762115 7.993354 8.036776
v -28.423283 7.821990 7.972333
v -28.170134 8.369959 7.330493
v -28.232124 7.760734 7.606614
v -28.043266 8.324594 7.143692
v -28.134066 7.746510 7.259172
v -27.802977 8.214237 6.999848
v -27.913319 7.655294 7.027379
v -27.645161 8.158292 6.740679
v -27.652153 7.551007 6.719449
v -27.750942 8.242605 6.458523
v -27.655680 7.594765 6.330011
v -27.954239 8.369959 6.273953
v -27.922119 7.764700 6.053588
v -28.035393 8.436764 6.065409
v -28.146799 7.905000 5.848416
v -28.082092 8.495286 5.752240
v -28.250992 7.995907 5.513133
v -28.274944 8.616551 5.556783
v -28.448557 8.136715 5.170815
v -28.546265 8.747707 5.647571
v -28.788176 8.317990 5.146990
v -28.755121 8.841366 5.807924
v -29.090864 8.451058 5.390453
v -28.973591 8.952431 5.810938
v -29.339750 8.565624 5.542860
v -29.268147 9.099347 5.803118
v -29.674780 8.740120 5.559756
v -29.480795 9.171135 6.014379
v -30.004478 8.894842 5.734393
v -29.482998 9.122176 6.343935
v -30.083046 8.893787 6.128378
v -29.438499 9.071859 6.599077
v -29.972967 8.795062 6.507412
v -29.525517 9.103556 6.838314
v -29.970106 8.759973 6.819538
v -29.577299 9.121310 7.144959
v -30.073208 8.772072 7.211485
v -29.414780 9.018327 7.372931
v -29.987741 8.685768 7.595729
v -29.134632 8.868468 7.413342
v -29.655273 8.496293 7.730555
v -28.927685 8.755587 7.455645
v -29.320320 8.322534 7.707198
v -28.755278 8.644770 7.654933
v -29.068922 8.177069 7.829682
v -28.508511 8.499878 7.789030
v -28.762115 7.993354 8.036776
v -28.061829 9.359772 7.739016
v -27.844662 9.261251 7.589832
v -27.722216 9.222602 7.348382
v -27.596460 9.175286 7.171423
v -27.408709 9.092003 7.024723
v -27.290955 9.053644 6.803501
v -27.360664 9.116028 6.565126
v -27.510029 9.213082 6.395221
v -27.587494 9.273274 6.215336
v -27.648540 9.331591 5.972281
v -27.813566 9.435322 5.817176
v -28.036097 9.547409 5.866641
v -28.219080 9.631884 5.978905
v -28.402111 9.726644 5.995746
v -28.629013 9.844428 6.013797
v -28.790089 9.910841 6.186735
v -28.815466 9.894157 6.466366
v -28.820347 9.869904 6.715683
v -28.907373 9.890388 6.952137
v -28.972439 9.894310 7.234984
v -28.874977 9.818522 7.461432
v -28.668705 9.701785 7.534736
v -28.484106 9.600143 7.574380
v -28.304743 9.493054 7.690765
v -28.061829 9.359772 7.739016
v -27.372194 10.285025 7.645141
v -27.188223 10.200591 7.547379
v -27.059958 10.153898 7.368320
v -26.944441 10.109383 7.217391
v -26.802956 10.050007 7.071714
v -26.716686 10.026635 6.870124
v -26.766953 10.076400 6.655975
v -26.882563 10.163247 6.464402
v -26.962538 10.235649 6.264435
v -27.041319 10.310811 6.033524
v -27.193821 10.424360 5.852227
v -27.387886 10.551945 5.790678
v -27.560371 10.654483 5.800961
v -27.731775 10.748201 5.803280
v -27.924782 10.843067 5.847486
v -28.065773 10.892649 6.025581
v -28.099651 10.870187 6.298621
v -28.099821 10.825979 6.573648
v -28.140593 10.798538 6.853589
v -28.155092 10.757757 7.138868
v -28.050276 10.673916 7.343320
v -27.871883 10.571004 7.429559
v -27.711655 10.481066 7.490852
v -27.559368 10.389269 7.593556
v -27.372194 10.285025 7.645141
v -25.462521 11.510297 7.488959
v -25.298214 11.433520 7.418554
v -25.166626 11.378321 7.293141
v -25.057121 11.334248 7.157410
v -24.956631 11.296271 7.007782
v -24.902433 11.285666 6.828711
v -24.921837 11.316669 6.643528
v -24.993378 11.369350 6.480720
v -25.077845 11.424031 6.330192
v -25.177031 11.488108 6.186645
v -25.314045 11.571997 6.091582
v -25.475689 11.660795 6.076115
v -25.632914 11.741106 6.109303
v -25.787712 11.818007 6.154280
v -25.941616 11.891418 6.230570
v -26.061657 11.940643 6.368506
v -26.122458 11.954159 6.546250
v -26.148296 11.949138 6.725591
v -26.163664 11.938300 6.905571
v -26.143538 11.907715 7.089855
v -26.056023 11.845909 7.245268
v -25.921165 11.765876 7.346069
v -25.780745 11.684267 7.416827
v -25.631611 11.599438 7.476590
v -25.462521 11.510297 7.488959
v -21.343498 16.560345 6.771048
v -21.266273 16.515600 6.753837
v -21.185577 16.470798 6.761633
v -21.115763 16.434521 6.810264
v -21.066639 16.405781 6.883037
v -21.027161 16.380199 6.959327
v -20.993092 16.355469 7.041622
v -20.983887 16.341354 7.134943
v -21.011665 16.346424 7.224903
v -21.060698 16.364376 7.299679
v -21.113674 16.385174 7.367366
v -21.175512 16.411255 7.429540
v -21.252865 16.448521 7.464034
v -21.252865 16.448521 7.464034
v -21.334026 16.492237 7.457175
v -21.407446 16.534367 7.426896
v -21.477612 16.575340 7.391312
v -21.543829 16.615850 7.340551
v -21.587181 16.647184 7.262472
v -21.597628 16.662640 7.169975
v -21.590483 16.668522 7.079729
v -21.578495 16.671795 6.989911
v -21.549696 16.665323 6.900914
v -21.492395 16.640198 6.831941
v -21.418470 16.601906 6.793799
v -20.998055 15.033215 7.025731
v -21.118145 13.659899 6.843239
v -22.280052 12.597302 6.894380
v -22.231291 12.587681 6.740744
v -21.078896 13.652803 6.715739
v -20.965364 15.027266 6.919796
v -21.681896 15.414009 6.855297
v -21.939201 14.116998 6.637577
v -23.398214 13.204788 6.722332
v -23.402086 13.190712 6.870730
v -21.948837 14.108353 6.765398
v -21.689165 15.406313 6.961298
v -21.016653 15.072577 6.712946
v -21.139915 13.705812 6.466374
v -22.320377 12.654001 6.451180
v -22.398621 12.701724 6.327452
v -21.196093 13.740120 6.357908
v -21.062635 15.101611 6.622852
v -22.776859 12.927194 6.135841
v -21.482199 13.892431 6.174549
v -21.297861 15.229052 6.470389
v -21.389414 15.283293 6.491004
v -21.589952 13.957886 6.199089
v -22.926743 13.008766 6.175212
v -23.072853 13.085778 6.222937
v -21.695347 14.018686 6.231557
v -21.478348 15.333561 6.518105
v -23.381081 13.211946 6.571469
v -21.922646 14.121893 6.510346
v -21.668453 15.418334 6.749688
v -22.252184 12.610010 6.585178
v -21.091991 13.672346 6.583365
v -20.976809 15.044117 6.810011
v -22.715593 12.782193 7.314952
v -21.460239 13.804773 7.182281
v -21.282650 15.153817 7.307472
v -21.566389 15.380017 6.563381
v -21.800125 14.074915 6.285963
v -23.215685 13.154762 6.295233
v -23.326765 13.200066 6.418049
v -21.881695 14.112129 6.384062
v -21.634575 15.410565 6.644861
v -21.676613 15.387949 7.070167
v -21.933952 14.086353 6.896499
v -23.370558 13.158140 7.019964
v -23.280369 13.097505 7.143405
v -21.872513 14.041922 7.007185
v -21.625647 15.351097 7.162134
v -21.120123 15.134171 6.536883
v -21.266937 13.778767 6.254526
v -22.494986 12.758478 6.210528
v -22.623354 12.839285 6.137895
v -21.367937 13.828266 6.185502
v -21.202261 15.175659 6.479389
v -21.547668 15.303391 7.221912
v -21.778820 13.984585 7.079183
v -23.150400 13.021279 7.220584
v -23.014378 12.944226 7.271860
v -21.679478 13.926565 7.129655
v -21.464960 15.255091 7.263799
v -22.871128 12.864303 7.312961
v -21.575354 13.866800 7.172571
v -21.378405 15.205418 7.299436
v -21.282650 15.153817 7.307472
v -21.460239 13.804773 7.182281
v -22.715593 12.782193 7.314952
v -22.573135 12.714077 7.250462
v -21.350464 13.751863 7.133354
v -21.191330 15.109785 7.266797
v -21.118446 15.079027 7.193563
v -21.262772 13.714864 7.045206
v -22.463106 12.667692 7.142209
v -22.368748 12.630329 7.024632
v -21.187607 13.685335 6.949235
v -21.055992 15.054491 7.113837
v -25.992970 10.648149 7.173681
v -26.634398 11.076797 6.058822
v -27.359070 11.335045 7.158029
v -25.872820 10.599872 7.026202
v -26.803492 11.165257 6.089157
v -27.256432 11.265394 7.323858
v -25.815437 10.587830 6.838326
v -26.967560 11.250929 6.107635
v -27.074492 11.166506 7.409900
v -25.877762 10.639429 6.644850
v -27.142927 11.335655 6.162566
v -26.889729 11.068303 7.469208
v -26.005896 10.718357 6.486678
v -27.274139 11.388002 6.311377
v -26.707031 10.967448 7.544292
v -26.491852 10.856566 7.569205
v -26.131762 10.791355 6.336311
v -27.320496 11.387403 6.530487
v -26.491852 10.856566 7.569205
v -26.115742 10.696094 7.318919
v -26.444557 10.973370 6.070401
v -27.361923 11.359743 6.951442
v -26.276258 10.759268 7.477077
v -26.268793 10.872135 6.175989
v -27.333048 11.368526 6.745641
v -27.050161 9.507469 6.836923
v -28.104122 10.160694 6.016863
v -28.261356 10.083299 7.430788
v -27.106945 9.561749 6.610782
v -28.312664 10.267124 6.049987
v -28.090494 9.987572 7.482191
v -27.235641 9.647887 6.441700
v -28.462580 10.325955 6.222856
v -27.930115 9.890424 7.598135
v -27.726143 9.776001 7.660530
v -27.312984 9.707346 6.268234
v -28.484243 10.307579 6.476865
v -27.726143 9.776001 7.660530
v -27.539835 9.689548 7.549527
v -27.382988 9.768244 6.047750
v -28.474432 10.275855 6.700043
v -27.425688 9.651021 7.347221
v -27.542032 9.870100 5.898234
v -28.531040 10.280952 6.916495
v -27.152647 9.538894 7.048485
v -27.928135 10.069782 5.994758
v -28.457846 10.194679 7.359577
v -27.313881 9.608753 7.191059
v -27.750776 9.982320 5.913909
v -28.565140 10.272304 7.164360
v -27.598497 8.678922 6.519069
v -28.949875 9.435285 5.944703
v -28.669455 9.144039 7.443255
v -28.277027 8.910257 7.694147
v -28.071354 8.816698 7.555972
v -27.897556 8.903453 5.896610
v -29.120754 9.423687 6.645262
v -27.767820 8.786480 6.348628
v -29.142414 9.499166 6.131674
v -28.504669 9.040547 7.598136
v -27.964691 8.787532 7.304212
v -28.068537 9.011741 5.727636
v -29.194515 9.444942 6.864927
v -27.850145 8.745248 7.135898
v -28.304882 9.129290 5.792916
v -29.232981 9.456447 7.137362
v -27.648748 8.653782 6.999354
v -28.493534 9.214612 5.924148
v -29.093018 9.373875 7.347986
v -27.845285 8.847289 6.162750
v -29.151377 9.464698 6.416217
v -28.277027 8.910257 7.694147
v -27.516258 8.608714 6.769039
v -28.689730 9.311559 5.936106
v -28.855042 9.246287 7.400887
v -23.282848 12.031281 6.911198
v -24.405033 12.650078 6.671083
v -23.312527 12.089615 6.423613
v -23.924240 12.447964 6.094562
v -24.215950 12.595716 6.212139
v -24.388817 12.606136 7.002467
v -23.489582 12.199343 6.154896
v -24.172932 12.468330 7.233438
v -23.738400 12.225773 7.357087
v -23.476048 12.107056 7.176393
v -23.229736 12.017939 6.744299
v -24.413889 12.637256 6.835195
v -23.390110 12.140383 6.285606
v -23.774063 12.368345 6.059819
v -24.070984 12.523729 6.139245
v -24.385124 12.657078 6.506411
v -23.247166 12.042632 6.573117
v -23.738400 12.225773 7.357087
v -24.328880 12.644629 6.341521
v -24.302311 12.545633 7.143023
v -23.619843 12.281013 6.069983
v -24.037331 12.390048 7.295843
v -23.894955 12.309251 7.347904
v -23.591503 12.155512 7.291602
v -23.377298 12.068174 7.050922
v -27.674721 8.460763 6.488796
v -29.131695 9.260423 5.880931
v -28.798569 8.949813 7.449450
v -28.392769 8.705068 7.741589
v -28.176359 8.606472 7.591761
v -27.989824 8.699369 5.824425
v -29.321934 9.234918 6.635264
v -27.861029 8.578219 6.311290
v -29.345867 9.324739 6.083631
v -28.629974 8.842659 7.626534
v -28.067413 8.578745 7.317353
v -28.171740 8.814146 5.642210
v -29.396101 9.263284 6.862790
v -27.946705 8.534921 7.139795
v -28.425573 8.938498 5.720243
v -29.426035 9.282529 7.147628
v -27.725863 8.434010 6.999601
v -28.627371 9.027064 5.866978
v -29.263525 9.193175 7.363439
v -27.940340 8.642027 6.114079
v -29.359806 9.280487 6.393268
v -28.392769 8.705068 7.741589
v -27.580709 8.383503 6.754859
v -28.845129 9.127902 5.877690
v -28.998711 9.056200 7.408314
v -27.479580 8.897474 6.542098
v -28.778374 9.643220 5.975824
v -28.576780 9.372091 7.508817
v -28.169428 9.135015 7.716581
v -27.958008 9.038975 7.572902
v -27.773048 9.117521 5.934446
v -28.943838 9.654912 6.672204
v -27.638926 8.999781 6.371924
v -28.944288 9.711678 6.152406
v -28.404707 9.266801 7.644450
v -27.843454 9.005067 7.326297
v -27.941051 9.223532 5.772406
v -29.027267 9.674860 6.901205
v -27.723303 8.960267 7.153661
v -28.170490 9.338349 5.829779
v -29.091726 9.678716 7.182774
v -27.528728 8.872892 7.012039
v -28.356306 9.423247 5.951526
v -28.981695 9.596898 7.403997
v -27.716391 9.060282 6.189043
v -28.956762 9.687529 6.433040
v -28.169428 9.135015 7.716581
v -27.403606 8.831179 6.786270
v -28.542671 9.520088 5.964921
v -28.761795 9.474060 7.467787
v -27.170559 9.280556 6.820211
v -28.253117 9.943669 6.006305
v -28.465031 9.892542 7.482762
v -27.233805 9.338888 6.587954
v -28.470839 10.055777 6.031892
v -28.287300 9.793858 7.528285
v -27.372835 9.430485 6.418461
v -28.626335 10.118398 6.204795
v -28.117430 9.691739 7.644450
v -27.893986 9.567886 7.699773
v -27.450239 9.490311 6.241785
v -28.649855 10.100868 6.471615
v -27.893986 9.567886 7.699773
v -27.692249 9.475400 7.569680
v -27.515764 9.549917 6.010015
v -28.647390 10.072879 6.707863
v -27.573952 9.436811 7.347802
v -27.677799 9.652711 5.857705
v -28.719208 10.085670 6.934316
v -27.280680 9.315447 7.036604
v -28.073606 9.850833 5.986832
v -28.666412 10.006600 7.410505
v -27.455172 9.392018 7.181241
v -27.893436 9.764865 5.890275
v -28.768789 10.083307 7.199672
v -26.909920 9.749541 6.853789
v -27.946962 10.432551 5.929235
v -28.091288 10.308199 7.429962
v -26.963730 9.801553 6.633678
v -28.147091 10.532590 5.969314
v -27.925884 10.215545 7.486359
v -27.086527 9.887828 6.453393
v -28.292131 10.586284 6.144644
v -27.769514 10.121160 7.595693
v -27.573971 10.011918 7.652703
v -27.165928 9.953607 6.266742
v -28.319401 10.565916 6.406543
v -27.573971 10.011918 7.652703
v -27.389238 9.926731 7.548415
v -27.240990 10.021399 6.041086
v -28.314474 10.529345 6.647304
v -27.268543 9.884489 7.357860
v -27.397568 10.128862 5.875858
v -28.362453 10.519784 6.886428
v -27.003994 9.776879 7.060317
v -27.773972 10.341401 5.911497
v -28.278618 10.415049 7.351172
v -27.155170 9.841333 7.204391
v -27.599411 10.247778 5.858027
v -28.385183 10.495499 7.151352
v -26.523945 10.375429 7.201829
v -27.061184 10.814681 5.910511
v -27.809546 11.042850 7.154092
v -26.392958 10.321647 7.055238
v -27.232765 10.912057 5.919064
v -27.706697 10.966001 7.339592
v -26.320629 10.304173 6.860483
v -27.401871 11.003122 5.919918
v -27.526966 10.865219 7.425807
v -26.376783 10.354878 6.656657
v -27.587143 11.093554 5.964013
v -27.354698 10.771320 7.486165
v -26.497774 10.437721 6.481667
v -27.723310 11.144659 6.127476
v -27.187719 10.674898 7.575107
v -26.987059 10.567417 7.613434
v -26.599901 10.509598 6.306259
v -27.762703 11.132284 6.380200
v -26.987059 10.567417 7.613434
v -26.643045 10.421724 7.349919
v -26.868660 10.696842 5.961578
v -27.803177 11.078035 6.894254
v -26.787352 10.476656 7.518517
v -26.705074 10.588703 6.110498
v -27.768303 11.098778 6.637231
v -25.567953 10.996969 7.171882
v -26.099682 11.374431 6.077273
v -26.798069 11.627779 7.130866
v -25.457458 10.954059 7.023344
v -26.261726 11.457707 6.115779
v -26.702751 11.562054 7.291458
v -25.401863 10.942743 6.839895
v -26.420061 11.537979 6.154065
v -26.543711 11.472551 7.384793
v -25.442877 10.984116 6.650597
v -26.584478 11.616518 6.223277
v -26.380455 11.382607 7.449736
v -25.543154 11.049887 6.490156
v -26.710571 11.667211 6.366681
v -26.214281 11.289701 7.517117
v -26.021715 11.189631 7.535694
v -25.648891 11.113708 6.339777
v -26.765257 11.674439 6.559899
v -26.021715 11.189631 7.535694
v -25.684334 11.042881 7.312379
v -25.924400 11.278793 6.087658
v -26.809444 11.655330 6.936736
v -25.831688 11.102749 7.454444
v -25.767628 11.186159 6.187924
v -26.785688 11.663773 6.749589
v -24.047272 11.697615 6.956332
v -25.206402 12.334639 6.695659
v -24.079130 11.763742 6.448913
v -24.705807 12.128848 6.098819
v -25.007080 12.277674 6.218338
v -25.195259 12.291494 7.043322
v -24.260500 11.877972 6.167640
v -24.975470 12.151760 7.286848
v -24.528873 11.902509 7.420084
v -24.250244 11.777774 7.231995
v -23.993288 11.685687 6.783313
v -25.217838 12.322344 6.867540
v -24.160591 11.816466 6.304699
v -24.551926 12.048916 6.064836
v -24.857027 12.205102 6.143690
v -25.183491 12.340552 6.523631
v -24.011448 11.713535 6.605099
v -24.528873 11.902509 7.420084
v -25.124054 12.326653 6.352042
v -25.108095 12.230331 7.191286
v -24.394051 11.960809 6.077652
v -24.837730 12.071671 7.353438
v -24.691967 11.988839 7.409346
v -24.373131 11.828974 7.352118
v -24.145102 11.735362 7.101107
v -28.352324 8.109118 7.799941
v -28.088667 8.035552 7.201432
v -28.667221 8.532848 5.397281
v -29.814161 8.957333 7.177130
v -27.703312 7.918685 6.394267
v -29.462452 8.922471 5.678648
v -29.124002 8.539060 7.581421
v -28.635313 8.246616 7.912903
v -28.166542 8.245597 5.632686
v -29.678139 8.941846 6.544704
v -27.858147 7.934766 7.013614
v -28.922993 8.646212 5.599188
v -29.696037 8.860906 7.485054
v -27.938179 8.067329 6.163771
v -29.723967 9.038662 5.868608
v -28.912100 8.410919 7.742307
v -28.201128 8.065346 7.468554
v -28.361750 8.376633 5.363799
v -29.726336 8.938304 6.822284
v -27.648657 7.854650 6.730064
v -29.153307 8.760050 5.675858
v -29.394945 8.682395 7.571950
v -28.091097 8.170882 5.956913
v -29.755583 9.016319 6.227664
v -28.635313 8.246616 7.912903
v -21.734493 19.083145 7.570392
v -21.723717 19.077572 7.568106
v -21.712523 19.071503 7.569202
v -21.702969 19.065845 7.575832
v -21.696316 19.061352 7.585827
v -21.691032 19.057495 7.596348
v -21.686499 19.053917 7.607728
v -21.685293 19.051908 7.620636
v -21.689133 19.052608 7.633080
v -21.695915 19.055092 7.643424
v -21.703241 19.057968 7.652788
v -21.711796 19.061577 7.661388
v -21.722494 19.066730 7.666160
v -21.722494 19.066730 7.666160
v -21.733721 19.072777 7.665211
v -21.743874 19.078604 7.661021
v -21.753582 19.084270 7.656098
v -21.762741 19.089874 7.649076
v -21.768738 19.094210 7.638276
v -21.770184 19.096346 7.625480
v -21.769194 19.097160 7.612995
v -21.767536 19.097612 7.600570
v -21.763481 19.096771 7.588259
v -21.755394 19.093464 7.578727
v -21.744991 19.088455 7.573479
v -21.564789 17.826632 7.452152
v -21.527760 17.799839 7.519112
v -21.471497 17.765364 7.562732
v -21.348059 17.693951 7.619119
v -21.277916 17.656193 7.624878
v -21.053625 17.575687 7.262445
v -21.081236 17.596272 7.191594
v -21.207945 17.671278 7.020533
v -21.278372 17.710146 7.014085
v -21.348009 17.749418 7.029426
v -21.414604 17.785648 7.049322
v -21.531204 17.841511 7.141915
v -21.557396 17.847754 7.218513
v -21.411486 17.730310 7.593265
v -21.158915 17.602051 7.542078
v -21.113396 17.584167 7.484033
v -21.070625 17.568409 7.419776
v -21.046280 17.563799 7.342548
v -21.112547 17.617329 7.125730
v -21.480051 17.819159 7.082395
v -21.568123 17.845177 7.295605
v -21.574095 17.840054 7.372934
v -21.151180 17.640894 7.062728
v -21.211615 17.624250 7.595310
v -21.277916 17.656193 7.624878
v -21.675657 19.175259 7.629447
vn 0.7944 0.2253 0.5640
vn 0.5860 -0.1679 0.7927
vn 0.7862 -0.2953 0.5428
vn 0.8638 0.1013 0.4935
vn 0.8638 0.0020 -0.5038
vn 0.6092 0.6313 -0.4800
vn 0.0627 0.3424 -0.9374
vn 0.8406 -0.1254 -0.5270
vn 0.1015 0.7754 -0.6233
vn 0.1530 0.8436 -0.5148
vn 0.0361 0.3366 -0.9409
vn -0.2345 0.5946 -0.7691
vn 0.8806 -0.0118 -0.4736
vn 0.6966 -0.1041 -0.7098
vn 0.9841 -0.1696 -0.0530
vn 0.9968 0.0437 0.0662
vn 0.1860 0.6057 -0.7737
vn 0.2002 0.3003 -0.9326
vn -0.1351 0.6902 -0.7109
vn -0.1290 0.9610 -0.2447
vn -0.6291 0.7620 -0.1540
vn -0.2953 0.6295 -0.7186
vn 0.9196 -0.3225 -0.2245
vn 0.9528 0.1168 -0.2801
vn -0.3934 0.9145 0.0950
vn -0.7567 0.6171 0.2159
vn -0.3745 0.9272 0.0024
vn -0.5072 0.8538 -0.1176
vn -0.7011 0.6732 -0.2349
vn -0.7089 0.6970 -0.1074
vn -0.4843 0.8285 0.2811
vn 0.0159 0.8310 0.5560
vn -0.1111 0.2848 0.9521
vn -0.6079 0.7115 0.3525
vn 0.1126 0.5511 0.8268
vn -0.0055 0.2276 0.9737
vn -0.0467 0.7082 0.7044
vn -0.1906 0.5856 0.7878
vn -0.3765 0.4332 0.8189
vn -0.4595 0.4182 0.7836
vn 0.0257 0.5790 0.8149
vn 0.4680 0.0144 0.8836
vn 0.7417 0.1328 0.6574
vn 0.7395 -0.2271 0.6337
vn 0.7823 0.0647 0.6195
vn 0.8374 -0.1659 0.5209
vn 0.5044 0.0055 0.8634
vn 0.4330 0.2160 0.8751
vn 0.8143 0.3444 -0.4672
vn 0.8140 -0.1208 -0.5681
vn -0.4116 0.1177 -0.9037
vn 0.0228 0.2773 -0.9605
vn 0.6756 -0.5077 -0.5346
vn 0.7102 -0.2801 -0.6459
vn 0.8292 -0.4201 -0.3687
vn 0.7551 -0.5429 -0.3674
vn -0.2939 0.1838 -0.9380
vn -0.2812 0.3263 -0.9025
vn 0.0927 0.1627 -0.9823
vn 0.5307 0.3481 -0.7727
vn -0.7626 0.6091 -0.2180
vn -0.7605 0.6288 -0.1622
vn -0.0229 0.0837 -0.9962
vn -0.0213 0.1386 -0.9901
vn -0.0989 0.1851 -0.9777
vn -0.1298 0.1056 -0.9859
vn -0.1599 0.1913 0.9684
vn -0.6648 0.6258 0.4079
vn -0.7433 0.6532 -0.1440
vn -0.2584 0.5716 0.7788
vn -0.0612 0.1509 0.9867
vn -0.8130 0.5823 -0.0049
vn -0.6927 0.7125 -0.1117
vn -0.8000 0.5982 0.0459
vn -0.7455 0.6637 0.0615
vn 0.4677 -0.1237 0.8752
vn -0.3742 0.3451 0.8607
vn -0.8775 0.4781 0.0362
vn -0.9223 0.3427 0.1788
vn -0.6835 0.6887 -0.2420
vn -0.7613 0.5693 -0.3104
vn 0.6747 -0.4882 -0.5535
vn 0.7288 -0.5053 -0.4621
vn 0.6671 -0.5639 -0.4868
vn 0.6080 -0.5805 -0.5417
vn -0.3364 -0.1491 0.9298
vn -0.2121 0.1044 0.9717
vn -0.3071 0.6164 0.7251
vn -0.7345 0.2108 0.6450
vn 0.6524 -0.2120 0.7276
vn 0.6832 -0.4858 0.5452
vn 0.5417 -0.5831 0.6054
vn 0.5412 -0.4700 0.6973
vn 0.5346 -0.5075 0.6757
vn 0.5632 -0.6664 0.4886
vn 0.6767 -0.5922 0.4375
vn 0.4963 -0.5575 0.6655
vn 0.6037 -0.5842 -0.5424
vn 0.8086 -0.3165 -0.4960
vn 0.7524 -0.4738 -0.4576
vn 0.7217 -0.6912 -0.0363
vn 0.8989 -0.4267 -0.0998
vn 0.8324 -0.1914 -0.5201
vn 0.3029 -0.1988 0.9320
vn 0.3384 -0.1729 0.9250
vn -0.2973 0.0345 -0.9542
vn -0.2819 0.5297 -0.7999
vn -0.0688 0.0355 -0.9970
vn 0.8176 -0.1480 -0.5565
vn 0.8534 -0.4836 0.1947
vn 0.5282 -0.8484 -0.0350
vn -0.8377 0.5173 0.1751
vn -0.9168 0.2186 -0.3343
vn -0.7099 0.6632 -0.2370
vn -0.4622 0.5140 -0.7226
vn -0.3164 0.3042 -0.8985
vn 0.3906 -0.8049 -0.4468
vn 0.5945 -0.7933 -0.1316
vn 0.3444 -0.5344 0.7719
vn 0.3506 -0.3994 0.8471
vn 0.1108 -0.2658 0.9576
vn 0.1209 -0.2470 0.9614
vn -0.2354 0.4569 0.8578
vn -0.0801 0.3484 0.9339
vn -0.1772 0.3322 0.9264
vn -0.2639 0.2032 0.9429
vn -0.2613 0.2215 0.9395
vn -0.3531 0.4112 0.8404
vn -0.3701 0.6126 0.6984
vn -0.8429 0.5374 0.0281
vn -0.7152 0.6974 0.0464
vn 0.4174 -0.7280 0.5439
vn 0.4595 -0.7515 0.4733
vn 0.3878 -0.6809 0.6212
vn 0.4561 -0.6181 0.6402
vn 0.7620 -0.3482 -0.5459
vn 0.1372 -0.5499 -0.8239
vn 0.2597 -0.0883 -0.9616
vn 0.5817 -0.4433 -0.6820
vn 0.7631 -0.2500 0.5960
vn 0.6472 -0.5462 0.5317
vn 0.6535 -0.5576 0.5118
vn 0.5169 -0.5669 0.6414
vn -0.4681 0.7877 -0.4005
vn -0.4208 0.9021 -0.0951
vn -0.4140 0.9010 -0.1297
vn -0.3615 0.8282 -0.4282
vn -0.3868 0.5438 -0.7448
vn -0.2482 0.7280 -0.6391
vn 0.3320 -0.4573 -0.8250
vn 0.2631 -0.2617 -0.9286
vn 0.1841 -0.3689 -0.9110
vn 0.1333 -0.7281 -0.6724
vn 0.9704 -0.1790 0.1624
vn 0.5174 -0.3946 0.7593
vn 0.4582 -0.5871 0.6673
vn 0.5806 -0.2745 0.7665
vn 0.6400 -0.2865 0.7129
vn 0.3942 -0.1796 0.9013
vn 0.3740 -0.2255 0.8996
vn -0.1844 0.3950 0.9000
vn -0.1896 0.2989 0.9353
vn -0.2297 0.3364 0.9133
vn -0.4865 0.8726 0.0441
vn -0.5341 0.8435 0.0559
vn -0.7116 0.7025 -0.0110
vn -0.6878 0.7220 0.0749
vn 0.7111 -0.3469 -0.6115
vn 0.7316 -0.0043 -0.6817
vn 0.8449 0.0800 -0.5289
vn 0.7531 0.2920 -0.5895
vn 0.8241 0.1208 -0.5534
vn 0.8718 0.0445 -0.4879
vn 0.8302 -0.1293 0.5423
vn 0.8967 0.0285 0.4417
vn 0.8686 -0.0250 0.4949
vn 0.7826 -0.1808 0.5958
vn 0.9267 0.0750 -0.3682
vn 0.9128 0.0193 -0.4080
vn -0.9873 0.1458 -0.0631
vn -0.9698 0.2387 0.0492
vn -0.9983 0.0455 -0.0362
vn -0.9944 0.0141 -0.1051
vn 0.9932 0.0496 0.1054
vn 0.9866 0.0190 0.1623
vn 0.7236 -0.1045 0.6822
vn 0.7287 -0.1060 0.6765
vn 0.1953 -0.1984 0.9605
vn 0.4642 -0.1585 0.8714
vn 0.4866 -0.0778 0.8702
vn 0.1979 -0.2021 0.9592
vn -0.4259 -0.0675 0.9023
vn -0.1859 0.1524 0.9707
vn -0.4031 -0.0569 0.9134
vn -0.4736 -0.1390 0.8697
vn -0.4878 -0.0355 0.8722
vn -0.5971 -0.2170 0.7723
vn 0.4498 0.2675 -0.8522
vn 0.4875 0.1773 -0.8549
vn -0.8968 0.1362 0.4208
vn -0.7392 0.0777 0.6690
vn -0.7993 -0.0485 0.5990
vn -0.9518 -0.1588 0.2624
vn -0.5965 0.2710 -0.7555
vn -0.7976 0.2677 -0.5405
vn -0.8318 0.1227 -0.5413
vn -0.5921 0.0468 -0.8045
vn 0.4289 -0.6720 0.6037
vn 0.4869 -0.4447 0.7518
vn -0.0977 0.2733 -0.9569
vn -0.0939 0.3257 -0.9408
vn -0.1233 0.2305 -0.9652
vn -0.1187 0.2036 -0.9718
vn 0.8578 -0.2030 -0.4721
vn -0.0395 0.2004 -0.9789
vn 0.0566 0.1789 -0.9822
vn -0.8715 0.4243 0.2461
vn -0.6343 0.6535 0.4130
vn -0.8786 0.4668 -0.1010
vn -0.4513 0.8919 -0.0296
vn -0.4295 0.9031 -0.0074
vn -0.8342 0.5471 -0.0688
vn 0.4980 -0.1725 0.8499
vn -0.1413 0.3694 0.9185
vn -0.2695 0.2881 0.9189
vn 0.4919 -0.2461 0.8352
vn -0.1661 0.3578 -0.9189
vn -0.1178 0.3123 -0.9427
vn -0.5279 0.3924 0.7532
vn -0.4843 0.8397 0.2455
vn -0.2359 0.1327 0.9627
vn 0.0691 0.2569 0.9640
vn -0.1228 0.4233 0.8976
vn -0.1764 0.4004 0.8992
vn -0.3531 0.2427 0.9036
vn -0.2851 0.2077 0.9357
vn -0.2960 0.1864 0.9368
vn -0.5298 0.3078 -0.7903
vn -0.0526 0.0935 -0.9942
vn -0.4983 0.0092 -0.8670
vn -0.1998 0.4860 0.8508
vn -0.2358 0.4616 0.8552
vn -0.2982 0.6753 0.6746
vn -0.2070 0.6947 0.6888
vn -0.2719 0.4674 -0.8412
vn 0.1010 0.4005 -0.9107
vn -0.0990 0.0821 -0.9917
vn -0.2306 -0.1741 -0.9573
vn 0.0052 0.1569 -0.9876
vn -0.2045 -0.2029 -0.9576
vn -0.2799 0.8766 0.3913
vn -0.3500 0.9010 0.2563
vn -0.3559 0.9330 0.0530
vn -0.5204 0.8523 0.0535
vn 0.3069 -0.3055 0.9014
vn -0.0844 0.3224 0.9428
vn 0.3155 -0.2175 0.9237
vn 0.6245 -0.6537 0.4274
vn 0.4337 -0.6407 0.6336
vn 0.1148 0.3877 -0.9146
vn 0.2219 0.1398 -0.9650
vn -0.0152 -0.0905 -0.9958
vn -0.2193 -0.1039 -0.9701
vn 0.2832 -0.7997 -0.5295
vn 0.3523 -0.6960 -0.6257
vn -0.3115 0.4084 0.8580
vn -0.5214 0.7961 0.3071
vn 0.5424 -0.6238 -0.5627
vn 0.4491 -0.6901 -0.5675
vn 0.5051 -0.8629 -0.0168
vn 0.4857 -0.8722 -0.0586
vn 0.3657 -0.8630 0.3486
vn 0.4797 -0.8149 0.3253
vn 0.9549 -0.1007 -0.2792
vn 0.4742 -0.6498 -0.5941
vn 0.3997 -0.7907 -0.4636
vn 0.3642 -0.8676 -0.3386
vn 0.5312 -0.6993 -0.4784
vn 0.1173 0.1452 -0.9824
vn 0.1313 0.1724 -0.9762
vn -0.0914 0.3478 -0.9331
vn -0.1092 0.2500 -0.9621
vn -0.3833 0.9134 -0.1370
vn -0.2917 0.8695 -0.3987
vn 0.3745 -0.8892 -0.2628
vn 0.4416 -0.8964 -0.0386
vn 0.9723 0.0284 -0.2320
vn 0.9617 0.0141 -0.2738
vn -0.1163 0.2254 -0.9673
vn -0.1290 0.2106 -0.9690
vn -0.9728 0.0525 -0.2257
vn -0.9668 0.1670 -0.1932
vn -0.0225 -0.4729 0.8808
vn 0.0927 0.2774 0.9563
vn -0.0040 -0.4579 0.8890
vn -0.3277 0.0234 -0.9445
vn -0.3292 0.2827 -0.9010
vn -0.1674 0.7102 -0.6838
vn -0.2516 0.5500 -0.7964
vn -0.2921 0.2311 -0.9280
vn -0.2332 0.4390 -0.8677
vn -0.3628 0.3549 -0.8616
vn -0.3218 0.1351 -0.9371
vn 0.1250 -0.4006 0.9077
vn 0.1414 -0.4178 0.8975
vn -0.0337 0.0141 0.9993
vn 0.0795 -0.4594 0.8847
vn 0.0540 0.1379 0.9890
vn 0.0303 -0.4872 0.8728
vn -0.1661 0.5557 0.8146
vn -0.2836 0.4288 0.8577
vn -0.3837 0.5651 0.7304
vn -0.2593 0.6571 0.7078
vn -0.4426 0.2261 0.8678
vn -0.6004 0.3036 0.7398
vn -0.5073 0.7482 0.4277
vn -0.5400 0.7630 0.3553
vn -0.5839 0.7979 0.1497
vn -0.3395 0.9318 0.1281
vn -0.8234 0.4621 0.3293
vn -0.8709 0.4821 0.0956
vn 0.3699 -0.7181 0.5894
vn 0.4559 -0.6298 0.6289
vn 0.4067 -0.4863 0.7733
vn 0.2372 -0.5422 0.8061
vn 0.6335 -0.3698 0.6797
vn 0.5340 -0.2939 0.7927
vn -0.3857 0.9225 0.0159
vn -0.5032 0.8641 -0.0125
vn -0.5373 0.8331 -0.1317
vn -0.4213 0.9028 -0.0864
vn -0.8058 0.5880 -0.0702
vn -0.8168 0.5422 -0.1973
vn -0.1186 0.2793 -0.9528
vn -0.1294 0.2574 -0.9576
vn -0.0252 0.2447 -0.9693
vn 0.0109 0.0152 -0.9998
vn -0.1359 0.2155 -0.9670
vn 0.0162 0.2617 -0.9650
vn 0.3620 -0.7872 -0.4992
vn 0.4590 -0.7194 -0.5213
vn 0.5047 -0.8001 -0.3242
vn 0.4062 -0.8453 -0.3470
vn 0.7569 -0.3811 -0.5310
vn 0.8289 -0.4600 -0.3182
vn 0.8994 -0.4371 -0.0063
vn 0.5877 -0.8083 -0.0356
vn -0.6391 0.6060 -0.4736
vn -0.4060 0.8338 -0.3742
vn 0.0975 -0.2377 -0.9664
vn 0.1123 -0.2907 -0.9502
vn 0.2525 -0.1540 -0.9553
vn -0.4514 0.7806 -0.4322
vn 0.2198 -0.5549 -0.8023
vn 0.2284 -0.6519 -0.7231
vn 0.4700 -0.4359 -0.7675
vn -0.1112 0.4173 0.9020
vn -0.1743 0.3487 0.9209
vn -0.3121 0.1780 0.9332
vn -0.0497 0.4140 0.9089
vn 0.1177 -0.2981 0.9473
vn 0.1374 -0.2662 0.9541
vn 0.1791 -0.1964 0.9640
vn 0.4329 -0.6905 0.5795
vn 0.4532 -0.6534 0.6063
vn 0.6546 -0.3626 0.6634
vn 0.4119 -0.8157 0.4062
vn 0.4746 -0.8780 0.0611
vn 0.4502 -0.8254 0.3408
vn 0.7260 -0.5558 0.4051
vn 0.2989 -0.7847 -0.5430
vn 0.4947 -0.6764 -0.5456
vn 0.7714 -0.3376 -0.5394
vn 0.4661 -0.6372 -0.6138
vn 0.4209 -0.7435 -0.5197
vn 0.4923 -0.8592 -0.1391
vn 0.5086 -0.6921 0.5121
vn 0.4461 -0.6109 -0.6540
vn 0.5591 -0.5540 -0.6168
vn 0.3407 -0.6548 -0.6747
vn -0.0026 0.0768 -0.9970
vn 0.0002 0.3219 -0.9468
vn 0.3866 -0.6983 0.6023
vn 0.3455 -0.3736 0.8608
vn -0.1402 0.3744 0.9166
vn 0.3281 -0.3478 0.8783
vn -0.3249 0.8892 0.3222
vn -0.4936 0.8696 -0.0144
vn 0.0451 0.3893 -0.9200
vn -0.0382 0.6836 -0.7288
vn -0.2182 0.3124 0.9246
vn -0.3445 0.5018 0.7934
vn -0.1587 0.3938 0.9054
vn -0.5377 0.8426 0.0305
vn -0.4680 0.8837 0.0065
vn -0.5425 0.8401 0.0024
vn 0.1993 -0.0568 -0.9783
vn 0.5428 -0.0677 -0.8372
vn 0.2739 -0.4871 0.8293
vn 0.4649 -0.6258 0.6263
vn -0.5864 0.7589 -0.2830
vn -0.3250 0.9202 -0.2182
vn 0.1258 -0.2609 0.9571
vn 0.1475 -0.2843 0.9473
vn -0.7919 0.6101 -0.0249
vn -0.7524 0.6587 -0.0037
vn -0.7883 0.6130 0.0531
vn -0.7555 0.6549 0.0199
vn -0.6222 0.7694 0.1444
vn -0.5883 0.3587 0.7248
vn -0.1862 0.1783 -0.9662
vn 0.3201 0.1863 -0.9289
vn 0.5195 0.2379 -0.8206
vn -0.1439 -0.0241 -0.9893
vn -0.1447 0.1175 -0.9825
vn -0.4625 -0.1264 -0.8776
vn -0.2935 0.2360 0.9264
vn -0.3488 0.2255 0.9097
vn 0.4382 -0.2335 0.8680
vn 0.4557 -0.1820 0.8714
vn 0.6364 -0.5141 -0.5751
vn 0.6165 -0.4401 -0.6529
vn 0.8041 -0.4318 -0.4087
vn 0.7725 -0.4899 -0.4041
vn -0.7813 0.6048 -0.1545
vn -0.6964 0.7112 -0.0966
vn -0.6752 0.5330 -0.5099
vn -0.6113 0.7132 -0.3431
vn -0.1714 0.2502 0.9529
vn 0.7191 -0.6829 0.1285
vn 0.6517 -0.2571 0.7135
vn 0.4865 -0.6208 0.6147
vn 0.5468 -0.4995 0.6719
vn 0.6451 -0.3721 0.6674
vn 0.7068 -0.4050 0.5801
vn 0.6953 -0.4246 0.5799
vn 0.6650 -0.1753 0.7260
vn 0.4647 -0.4912 0.7368
vn 0.3773 -0.1481 0.9142
vn 0.4125 -0.1396 0.9002
vn 0.8409 -0.3212 -0.4355
vn 0.6587 -0.4382 -0.6116
vn 0.7252 -0.3373 -0.6002
vn 0.7336 -0.2531 -0.6307
vn 0.7944 -0.1851 -0.5785
vn 0.8122 -0.3719 -0.4494
vn 0.5885 -0.1216 0.7993
vn 0.5210 -0.4913 0.6980
vn 0.8143 -0.2383 0.5293
vn 0.6900 -0.5465 0.4746
vn 0.9995 0.0116 0.0277
vn 0.6315 -0.5299 -0.5661
vn 0.8057 -0.5882 -0.0704
vn 0.5757 -0.3605 0.7339
vn 0.5484 -0.5563 0.6243
vn 0.4233 -0.1254 0.8973
vn 0.4692 -0.0291 0.8826
vn 0.5717 -0.4652 0.6758
vn 0.7618 -0.1717 0.6246
vn -0.4820 0.8161 -0.3189
vn -0.5581 0.6807 -0.4745
vn -0.7465 0.6623 0.0637
vn 0.8732 -0.1848 -0.4510
vn 0.2949 -0.3403 -0.8929
vn -0.1181 0.4757 -0.8716
vn -0.2115 0.0385 -0.9766
vn -0.4854 -0.0559 0.8725
vn -0.5768 -0.2319 0.7833
vn -0.3949 -0.1319 0.9092
vn -0.4684 0.2271 0.8539
vn -0.2209 -0.0516 0.9739
vn -0.1904 0.5655 0.8024
vn -0.8976 0.3798 0.2238
vn -0.6685 0.7219 -0.1787
vn 0.4660 -0.3807 0.7987
vn 0.4378 -0.2409 0.8662
vn -0.5985 0.7994 -0.0530
vn -0.0922 0.6673 -0.7390
vn 0.0719 0.5899 -0.8042
vn -0.0229 0.1300 -0.9913
vn 0.2570 -0.8276 -0.4990
vn 0.4334 -0.5336 -0.7262
vn 0.4336 -0.7029 0.5638
vn 0.3806 -0.8889 0.2549
vn 0.2925 -0.8425 -0.4523
vn -0.3455 0.9379 0.0311
vn -0.4447 0.8877 0.1190
vn 0.3454 -0.7332 0.5857
vn 0.1156 -0.2927 0.9492
vn 0.2721 -0.6188 0.7370
vn -0.0938 0.4694 0.8780
vn -0.1026 0.5958 0.7966
vn 0.2089 -0.2550 -0.9441
vn -0.4601 0.7931 0.3990
vn -0.2051 0.7484 0.6307
vn -0.3280 0.6713 -0.6647
vn -0.1075 0.1020 -0.9890
vn -0.0179 -0.5059 0.8624
vn -0.7482 0.6260 -0.2199
vn 0.6793 -0.3458 -0.6473
vn 0.6441 0.2677 0.7166
vn 0.9630 0.0407 0.2665
vn 0.6559 0.2937 -0.6954
vn 0.8357 0.0371 -0.5479
vn 0.1965 0.3669 0.9093
vn 0.2049 0.4682 0.8595
vn 0.9311 0.1971 -0.3069
vn -0.1456 0.4705 0.8703
vn 0.6507 -0.0909 0.7539
vn 0.8948 -0.0185 0.4461
vn -0.5711 0.8191 -0.0534
vn -0.5913 0.8006 -0.0968
vn 0.9122 -0.0591 0.4055
vn -0.2848 0.4958 0.8204
vn -0.0412 0.4530 0.8905
vn -0.4463 0.8127 0.3747
vn -0.3848 0.9055 0.1788
vn -0.2572 0.7922 0.5535
vn 0.1171 0.4734 -0.8730
vn 0.0224 0.5397 -0.8416
vn 0.0990 0.7316 -0.6745
vn 0.7150 0.2859 -0.6380
vn -0.2018 0.8651 -0.4593
vn 0.9314 -0.1396 -0.3363
vn -0.2359 0.7965 -0.5567
vn -0.9249 -0.1478 0.3503
vn -0.7833 -0.0790 0.6166
vn -0.9180 -0.3958 0.0221
vn -0.6316 -0.7742 0.0410
vn -0.5658 -0.0217 0.8242
vn -0.9200 -0.3434 0.1889
vn -0.1690 -0.1793 0.9692
vn 0.1709 -0.3391 0.9251
vn -0.2037 -0.6575 0.7254
vn -0.2952 -0.9080 0.2973
vn 0.9443 0.2695 -0.1888
vn 0.8911 0.3499 -0.2890
vn 0.7799 -0.6255 0.0214
vn 0.1575 -0.9624 -0.2213
vn 0.4499 0.3736 -0.8112
vn 0.1513 0.4454 -0.8824
vn 0.1726 -0.5831 -0.7938
vn -0.0006 -0.8509 -0.5253
vn -0.0814 0.3003 -0.9504
vn 0.0895 -0.5804 -0.8094
vn -0.1798 0.4417 -0.8790
vn -0.0293 -0.5704 -0.8209
vn -0.8801 0.0771 -0.4684
vn -0.9736 0.0131 -0.2277
vn -0.6835 -0.4582 -0.5683
vn -0.5436 -0.7565 -0.3636
vn -0.4717 -0.1108 0.8748
vn -0.9042 -0.3226 0.2797
vn 0.7735 0.0940 0.6267
vn 0.8086 0.2106 0.5494
vn 0.0841 -0.4931 0.8659
vn 0.0319 -0.9965 0.0778
vn 0.8795 0.2599 0.3987
vn 0.3071 -0.5421 0.7822
vn 0.9477 0.2954 0.1209
vn 0.6370 -0.5739 0.5147
vn 0.8639 0.3515 -0.3608
vn 0.7760 -0.6247 -0.0868
vn -0.5060 0.3415 -0.7921
vn -0.3258 -0.5381 -0.7774
vn -0.9953 -0.0506 -0.0831
vn -0.9994 0.0255 0.0237
vn -0.7899 -0.4220 -0.4450
vn -0.5729 -0.8013 -0.1725
vn 0.6966 0.3594 -0.6209
vn 0.1681 -0.8791 -0.4460
vn 0.6408 0.0314 0.7671
vn -0.0174 -0.9878 0.1548
vn 0.2660 -0.0752 0.9610
vn 0.1398 -0.6613 0.7370
vn -0.5058 -0.8615 0.0454
vt 0.394390 0.509315
vt 0.389302 0.478353
vt 0.403320 0.476996
vt 0.411940 0.508509
vt 0.276880 0.514144
vt 0.255764 0.515288
vt 0.260774 0.482221
vt 0.279611 0.482457
vt 0.235377 0.511352
vt 0.215891 0.504020
vt 0.225010 0.473109
vt 0.241399 0.478163
vt 0.334635 0.517371
vt 0.332322 0.483781
vt 0.351789 0.484128
vt 0.354788 0.517032
vt 0.199943 0.499981
vt 0.210134 0.470855
vt 0.032103 0.043453
vt 0.051744 0.037003
vt 0.058778 0.067243
vt 0.040328 0.072970
vt 0.299373 0.481683
vt 0.297011 0.512975
vt 0.073064 0.037046
vt 0.079389 0.065852
vt 0.092861 0.039032
vt 0.109548 0.037699
vt 0.111323 0.065851
vt 0.095492 0.066445
vt 0.131069 0.035514
vt 0.151244 0.035248
vt 0.149550 0.068526
vt 0.130896 0.066430
vt 0.021777 0.081073
vt 0.012709 0.051942
vt 0.172319 0.040026
vt 0.169048 0.073536
vt 0.190071 0.045695
vt 0.207810 0.048202
vt 0.200641 0.078789
vt 0.183423 0.076859
vt 0.229704 0.051554
vt 0.219671 0.082000
vt 0.375792 0.512846
vt 0.370900 0.481588
vt 0.433982 0.507529
vt 0.422729 0.475867
vt 0.440676 0.472035
vt 0.453553 0.501535
vt 0.313506 0.514148
vt 0.313618 0.481854
vt 0.045933 0.097137
vt 0.028035 0.104496
vt 0.287600 0.399619
vt 0.289126 0.370568
vt 0.304450 0.370815
vt 0.303644 0.399931
vt 0.256083 0.397839
vt 0.258665 0.369577
vt 0.274149 0.370297
vt 0.272117 0.399132
vt 0.112588 0.089309
vt 0.097631 0.089191
vt 0.228810 0.395179
vt 0.232011 0.368122
vt 0.244638 0.368795
vt 0.241644 0.396352
vt 0.147213 0.095311
vt 0.130213 0.091735
vt 0.063401 0.091080
vt 0.179571 0.102289
vt 0.165474 0.099508
vt 0.097153 0.152840
vt 0.098338 0.181849
vt 0.083695 0.182303
vt 0.082729 0.153143
vt 0.213683 0.107240
vt 0.195759 0.104353
vt 0.129154 0.152048
vt 0.129531 0.180396
vt 0.113012 0.181019
vt 0.111838 0.152238
vt 0.318047 0.278348
vt 0.305278 0.277966
vt 0.304441 0.238009
vt 0.318127 0.238750
vt 0.160578 0.154508
vt 0.158211 0.182854
vt 0.143986 0.181098
vt 0.144779 0.153070
vt 0.398659 0.279989
vt 0.384818 0.279492
vt 0.384791 0.240815
vt 0.398392 0.241715
vt 0.372987 0.279140
vt 0.359711 0.278757
vt 0.359938 0.239414
vt 0.372917 0.240167
vt 0.332743 0.238894
vt 0.332131 0.278427
vt 0.331487 0.340819
vt 0.346214 0.340807
vt 0.346760 0.370739
vt 0.331486 0.370827
vt 0.412032 0.242861
vt 0.412623 0.280455
vt 0.231542 0.448656
vt 0.247572 0.452069
vt 0.265382 0.455193
vt 0.282648 0.455658
vt 0.345983 0.278458
vt 0.346465 0.238818
vt 0.082306 0.089022
vt 0.064208 0.278866
vt 0.058536 0.321090
vt 0.044888 0.322868
vt 0.049900 0.280059
vt 0.332595 0.187672
vt 0.345574 0.187355
vt 0.392164 0.067788
vt 0.391034 0.000277
vt 0.402818 0.000148
vt 0.405692 0.067826
vt 0.169488 0.214796
vt 0.157037 0.212827
vt 0.170770 0.184542
vt 0.153971 0.274648
vt 0.152604 0.313372
vt 0.139140 0.312099
vt 0.139962 0.273042
vt 0.080063 0.277217
vt 0.074617 0.319215
vt 0.368238 0.067796
vt 0.368680 0.000649
vt 0.379557 0.000399
vt 0.379492 0.067682
vt 0.290498 0.277436
vt 0.275323 0.276681
vt 0.273415 0.236095
vt 0.289186 0.237208
vt 0.408627 0.396763
vt 0.392108 0.397762
vt 0.390813 0.369543
vt 0.407270 0.368902
vt 0.079489 0.484480
vt 0.091405 0.484000
vt 0.092742 0.552655
vt 0.081439 0.552900
vt 0.070097 0.553402
vt 0.067754 0.485390
vt 0.297461 0.069308
vt 0.284969 0.069254
vt 0.289107 0.000902
vt 0.300589 0.001230
vt 0.347511 0.399942
vt 0.362024 0.370446
vt 0.363357 0.399371
vt 0.379042 0.398532
vt 0.377384 0.370009
vt 0.424475 0.368116
vt 0.425276 0.395568
vt 0.164415 0.364626
vt 0.152096 0.363255
vt 0.164303 0.314612
vt 0.109724 0.363135
vt 0.094362 0.364789
vt 0.090888 0.317154
vt 0.107528 0.314562
vt 0.314643 0.455662
vt 0.332188 0.456569
vt 0.085035 0.831610
vt 0.087897 0.831488
vt 0.084903 0.886820
vt 0.082472 0.886888
vt 0.070838 0.831734
vt 0.073659 0.831661
vt 0.072795 0.886839
vt 0.070394 0.886864
vt 0.082282 0.831673
vt 0.080132 0.886915
vt 0.041552 0.728687
vt 0.038787 0.728621
vt 0.040053 0.673637
vt 0.042401 0.673692
vt 0.076555 0.831644
vt 0.075260 0.886852
vt 0.068098 0.831818
vt 0.068062 0.886898
vt 0.062366 0.832085
vt 0.065256 0.831925
vt 0.065645 0.886946
vt 0.063187 0.887027
vt 0.027410 0.728373
vt 0.024617 0.728308
vt 0.028019 0.673350
vt 0.030390 0.673410
vt 0.030161 0.728435
vt 0.032725 0.673468
vt 0.090815 0.831392
vt 0.087379 0.886768
vt 0.035914 0.728556
vt 0.033022 0.728496
vt 0.035157 0.673526
vt 0.037613 0.673581
vt 0.050086 0.729071
vt 0.047195 0.728872
vt 0.047193 0.673839
vt 0.049650 0.673987
vt 0.382035 0.189645
vt 0.395666 0.190884
vt 0.250561 0.068027
vt 0.256000 0.000149
vt 0.266750 0.000276
vt 0.261522 0.068372
vt 0.331628 0.400066
vt 0.272832 0.068836
vt 0.277715 0.000535
vt 0.125425 0.272763
vt 0.124529 0.312290
vt 0.109357 0.274138
vt 0.102734 0.483640
vt 0.103646 0.552518
vt 0.094675 0.275757
vt 0.199013 0.218715
vt 0.183321 0.216170
vt 0.184862 0.186234
vt 0.201790 0.188576
vt 0.247229 0.339820
vt 0.260764 0.340117
vt 0.138724 0.361890
vt 0.125251 0.361735
vt 0.173496 0.486119
vt 0.170581 0.553678
vt 0.159482 0.553385
vt 0.161333 0.485402
vt 0.178897 0.277347
vt 0.176706 0.315579
vt 0.166020 0.276105
vt 0.053417 0.214707
vt 0.038501 0.216198
vt 0.036858 0.186594
vt 0.052400 0.184561
vt 0.149525 0.484515
vt 0.148651 0.553064
vt 0.137359 0.552513
vt 0.137360 0.483461
vt 0.050791 0.368749
vt 0.038555 0.372011
vt 0.031683 0.324350
vt 0.236266 0.276508
vt 0.234569 0.233106
vt 0.246474 0.233265
vt 0.248283 0.276160
vt 0.125587 0.482999
vt 0.125929 0.552272
vt 0.114568 0.552365
vt 0.113918 0.483244
vt 0.191169 0.367299
vt 0.177224 0.365709
vt 0.190080 0.316919
vt 0.358041 0.187944
vt 0.370308 0.188829
vt 0.250640 0.186535
vt 0.262772 0.187568
vt 0.258789 0.234392
vt 0.260882 0.276035
vt 0.311938 0.001055
vt 0.309725 0.068772
vt 0.142576 0.210553
vt 0.127906 0.209975
vt 0.306028 0.188689
vt 0.318903 0.188241
vt 0.345287 0.068335
vt 0.346009 0.001106
vt 0.357454 0.000950
vt 0.356809 0.068090
vt 0.300966 0.455408
vt 0.321334 0.068143
vt 0.323013 0.000689
vt 0.334432 0.000796
vt 0.333396 0.068060
vt 0.093681 0.831774
vt 0.089819 0.887063
vt 0.118101 0.607908
vt 0.113558 0.607604
vt 0.116349 0.565291
vt 0.121001 0.565676
vt 0.042990 0.955007
vt 0.047669 0.955049
vt 0.047473 0.997750
vt 0.042575 0.997764
vt 0.085734 0.606853
vt 0.081071 0.606758
vt 0.081988 0.564103
vt 0.087002 0.564226
vt 0.077727 0.886894
vt 0.079453 0.831671
vt 0.096419 0.832433
vt 0.092158 0.887556
vt 0.044751 0.673747
vt 0.044319 0.728754
vt 0.006053 0.952927
vt 0.010894 0.953361
vt 0.008970 0.996009
vt 0.003951 0.995488
vt 0.052082 0.674164
vt 0.052947 0.729311
vt 0.052640 0.919366
vt 0.051508 0.866484
vt 0.056023 0.866148
vt 0.057239 0.919466
vt 0.051296 0.789886
vt 0.054757 0.789892
vt 0.025568 0.673279
vt 0.021732 0.728229
vt 0.020432 0.788896
vt 0.016974 0.788506
vt 0.013992 0.865124
vt 0.009403 0.864547
vt 0.021142 0.918223
vt 0.022646 0.866085
vt 0.026976 0.866545
vt 0.025751 0.918491
vt 0.027110 0.789524
vt 0.030573 0.789801
vt 0.030357 0.918703
vt 0.031187 0.866843
vt 0.035174 0.866954
vt 0.034849 0.918864
vt 0.034087 0.789968
vt 0.037583 0.790004
vt 0.067066 0.642333
vt 0.066421 0.694510
vt 0.062179 0.694321
vt 0.062607 0.642232
vt 0.067495 0.770520
vt 0.064082 0.770454
vt 0.039154 0.918995
vt 0.038989 0.866952
vt 0.042889 0.866926
vt 0.043489 0.919117
vt 0.040945 0.789978
vt 0.044303 0.789937
vt 0.111627 0.643006
vt 0.109365 0.695277
vt 0.104747 0.694910
vt 0.107073 0.642607
vt 0.101388 0.770729
vt 0.098057 0.770113
vt 0.089099 0.642315
vt 0.087261 0.694721
vt 0.083137 0.694903
vt 0.084728 0.642380
vt 0.084439 0.770736
vt 0.081067 0.770813
vt 0.077610 0.770770
vt 0.078993 0.694994
vt 0.047791 0.789902
vt 0.047085 0.866783
vt 0.094463 0.887996
vt 0.099121 0.833020
vt 0.104677 0.771238
vt 0.113816 0.695552
vt 0.102390 0.642195
vt 0.100014 0.694550
vt 0.094605 0.769873
vt 0.048030 0.919216
vt 0.097803 0.641891
vt 0.095524 0.694259
vt 0.091131 0.770240
vt 0.016690 0.917991
vt 0.018392 0.865617
vt 0.023794 0.789220
vt 0.012147 0.917757
vt 0.057985 0.642125
vt 0.057684 0.694127
vt 0.060600 0.770423
vt 0.071362 0.642408
vt 0.070522 0.694675
vt 0.070779 0.770591
vt 0.075788 0.642432
vt 0.080276 0.642401
vt 0.074770 0.694844
vt 0.074152 0.770671
vt 0.093363 0.642168
vt 0.091298 0.694495
vt 0.087722 0.770547
vt 0.319807 0.130653
vt 0.332502 0.129951
vt 0.344635 0.129820
vt 0.356021 0.129819
vt 0.307662 0.131792
vt 0.291903 0.188761
vt 0.294463 0.132866
vt 0.267739 0.132816
vt 0.255985 0.132114
vt 0.367523 0.130014
vt 0.186620 0.487052
vt 0.177543 0.423592
vt 0.192147 0.425266
vt 0.125563 0.418721
vt 0.113150 0.419010
vt 0.056158 0.486664
vt 0.050225 0.424704
vt 0.062131 0.422139
vt 0.151243 0.420866
vt 0.137917 0.419334
vt 0.164220 0.422345
vt 0.100766 0.419560
vt 0.087838 0.420058
vt 0.078988 0.365935
vt 0.280859 0.133254
vt 0.277010 0.188583
vt 0.238948 0.186236
vt 0.244721 0.131648
vt 0.392769 0.131303
vt 0.379021 0.130440
vt 0.063803 0.366941
vt 0.074410 0.420671
vt 0.407886 0.132349
vt 0.409960 0.192641
vt 0.097870 0.212083
vt 0.097613 0.242023
vt 0.083938 0.242752
vt 0.083776 0.212603
vt 0.126541 0.240228
vt 0.141059 0.240893
vt 0.261976 0.310439
vt 0.276687 0.310539
vt 0.275712 0.340503
vt 0.234796 0.339550
vt 0.236604 0.310930
vt 0.248823 0.310742
vt 0.035820 0.279694
vt 0.039197 0.245166
vt 0.053828 0.244845
vt 0.181398 0.245967
vt 0.168029 0.244628
vt 0.192928 0.278969
vt 0.196035 0.248041
vt 0.290422 0.340653
vt 0.291429 0.310763
vt 0.305856 0.310961
vt 0.305189 0.340834
vt 0.111963 0.211021
vt 0.111237 0.241047
vt 0.067862 0.213323
vt 0.068407 0.243719
vt 0.155657 0.242906
vt 0.345957 0.310949
vt 0.360244 0.311055
vt 0.360934 0.340736
vt 0.375455 0.340615
vt 0.374005 0.311193
vt 0.385893 0.311271
vt 0.388094 0.340448
vt 0.403403 0.340185
vt 0.400089 0.311334
vt 0.414353 0.311309
vt 0.419095 0.339801
vt 0.331649 0.310933
vt 0.317239 0.340904
vt 0.317828 0.311014
vt 0.316174 0.400079
vt 0.315442 0.429103
vt 0.302523 0.428937
vt 0.385012 0.452749
vt 0.381592 0.426855
vt 0.394305 0.425836
vt 0.398445 0.451500
vt 0.350024 0.456805
vt 0.331822 0.429453
vt 0.348621 0.429407
vt 0.416401 0.450085
vt 0.410976 0.424551
vt 0.427014 0.422702
vt 0.433329 0.447336
vt 0.367710 0.455029
vt 0.365387 0.428340
vt 0.065931 0.153866
vt 0.065566 0.120924
vt 0.083027 0.119659
vt 0.285514 0.428779
vt 0.269178 0.428125
vt 0.252252 0.425958
vt 0.237361 0.423556
vt 0.188248 0.158013
vt 0.173650 0.155925
vt 0.176610 0.127915
vt 0.191691 0.129968
vt 0.163210 0.126114
vt 0.145795 0.123578
vt 0.129114 0.120954
vt 0.111867 0.119398
vt 0.205118 0.159992
vt 0.208602 0.132356
vt 0.097387 0.119658
vt 0.050779 0.155831
vt 0.049031 0.125349
vt 0.216759 0.447282
vt 0.223970 0.422214
vt 0.034681 0.158457
vt 0.031947 0.130399
vt 0.094793 0.606695
vt 0.099419 0.606553
vt 0.071823 0.606720
vt 0.076414 0.606753
vt 0.090324 0.606850
vt 0.038512 0.954924
vt 0.034055 0.954826
vt 0.067359 0.606684
vt 0.057820 0.606499
vt 0.062673 0.606601
vt 0.015526 0.953707
vt 0.020042 0.954016
vt 0.104153 0.606851
vt 0.029419 0.954682
vt 0.024718 0.954409
vt 0.052413 0.955029
vt 0.108929 0.607246
vt 0.057129 0.954936
vt 0.007453 0.917499
vt 0.116073 0.643346
vt 0.067137 0.182977
vt 0.316686 0.370909
vt 0.058922 0.554092
vt 0.182231 0.554092
vt 0.052390 0.997660
vt 0.057239 0.997484
vt 0.018420 0.996775
vt 0.023287 0.997203
vt 0.028219 0.997501
vt 0.033129 0.997635
vt 0.067454 0.564095
vt 0.062478 0.564086
vt 0.037855 0.997716
vt 0.111598 0.564888
vt 0.091952 0.564254
vt 0.106660 0.564516
vt 0.101678 0.564189
vt 0.013753 0.996413
vt 0.057368 0.564054
vt 0.072171 0.564065
vt 0.077036 0.564054
vt 0.096754 0.564143
vt 0.444009 0.539391
vt 0.419621 0.540603
vt 0.313179 0.546728
vt 0.294875 0.544153
vt 0.196330 0.014135
vt 0.175861 0.006265
vt 0.336085 0.550670
vt 0.465967 0.531499
vt 0.380475 0.543964
vt 0.357697 0.549398
vt 0.130945 0.001907
vt 0.108737 0.005754
vt 0.398997 0.540453
vt 0.214570 0.017294
vt 0.239097 0.020617
vt 0.091437 0.006469
vt 0.069017 0.002996
vt 0.153435 0.000148
vt 0.024069 0.012380
vt 0.003318 0.021580
vt 0.229526 0.544539
vt 0.251710 0.547938
vt 0.046193 0.003772
vt 0.275099 0.545711
vt 0.207086 0.535581
vt 0.188997 0.529914
vt 0.039017 0.622100
vt 0.036906 0.622005
vt 0.039957 0.570187
vt 0.040923 0.570289
vt 0.034821 0.621856
vt 0.038422 0.570019
vt 0.030781 0.621638
vt 0.028681 0.621506
vt 0.034581 0.569461
vt 0.035555 0.569552
vt 0.075874 0.938588
vt 0.077926 0.938600
vt 0.075826 0.990540
vt 0.074041 0.990483
vt 0.084107 0.938453
vt 0.086197 0.938676
vt 0.080907 0.990908
vt 0.079873 0.990745
vt 0.088202 0.939067
vt 0.081964 0.991249
vt 0.090181 0.939417
vt 0.083176 0.991571
vt 0.047253 0.622183
vt 0.045153 0.622147
vt 0.044487 0.570250
vt 0.045376 0.570132
vt 0.032815 0.621736
vt 0.037294 0.569963
vt 0.067621 0.938596
vt 0.069616 0.938552
vt 0.071152 0.990553
vt 0.070159 0.990739
vt 0.071667 0.938509
vt 0.072116 0.990523
vt 0.073771 0.938521
vt 0.073048 0.990463
vt 0.079922 0.938573
vt 0.076757 0.990562
vt 0.051456 0.622279
vt 0.049366 0.622245
vt 0.046911 0.569996
vt 0.048160 0.569829
vt 0.043133 0.622126
vt 0.041114 0.622129
vt 0.042135 0.570302
vt 0.043260 0.570232
vt 0.081996 0.938518
vt 0.077813 0.990647
vt 0.065551 0.938608
vt 0.068693 0.990873
vt 0.063446 0.938674
vt 0.067439 0.991048
vt 0.075079 0.996759
vt 0.041490 0.564054
s 1
usemtl Trunk
f 1078/627/577 583/628/578 581/629/579 1093/630/580
f 1085/631/581 1094/632/582 597/633/583 595/634/584
f 1079/635/585 1088/636/586 601/637/587 599/638/588
f 1081/639/589 589/640/590 587/641/591 1096/642/592
f 1088/636/586 1097/643/593 603/644/594 601/637/587
f 1082/645/595 1091/646/596 607/647/597 605/648/598
f 1085/631/581 595/634/584 593/649/599 1099/650/600
f 1091/646/596 1100/651/601 609/652/602 607/647/597
f 1079/635/585 599/638/588 597/633/583 1094/632/582
f 1086/653/603 1095/654/604 613/655/605 611/656/606
f 1080/657/607 1089/658/608 617/659/609 615/660/610
f 1082/645/595 605/648/598 603/661/594 1097/662/593
f 1089/658/608 1098/663/611 619/664/612 617/659/609
f 1083/665/613 1092/666/614 623/667/615 621/668/616
f 1086/653/603 611/656/606 609/652/602 1100/651/601
f 1092/666/614 1101/669/617 625/670/618 623/667/615
f 1078/627/577 1087/671/619 585/672/620 583/628/578
f 1080/657/607 615/660/610 613/655/605 1095/654/604
f 1087/671/619 1096/642/592 587/641/591 585/672/620
f 1077/673/621 577/674/622 578/675/623 1084/676/624
f 1081/639/589 1090/677/625 591/678/626 589/640/590
f 1083/665/613 621/668/616 619/664/612 1098/663/611
f 1090/677/625 1099/650/600 593/649/599 591/678/626
f 1077/673/621 1093/630/580 581/629/579 577/674/622
f 903/679/627 925/680/628 603/661/594 605/648/598
f 932/681/629 636/682/630 635/683/631 946/684/632
f 941/685/633 638/686/634 637/687/635 938/688/636
f 914/689/637 908/690/638 611/656/606 613/655/605
f 950/691/639 640/692/640 639/693/641 944/694/642
f 920/695/643 917/696/644 615/660/610 617/659/609
f 910/697/645 903/679/627 605/648/598 607/647/597
f 904/698/646 926/699/647 619/664/612 621/668/616
f 933/700/648 644/701/649 643/702/650 947/703/651
f 923/704/652 911/705/653 623/667/615 625/670/618
f 942/706/654 646/707/655 645/708/656 939/709/657
f 983/710/658 987/711/659 660/712/660 659/713/661
f 951/714/662 648/715/663 647/716/664 945/717/665
f 990/718/666 993/719/667 654/720/668 653/721/669
f 911/705/653 904/698/646 621/668/616 623/667/615
f 999/722/670 996/723/671 656/724/672 655/725/673
f 983/710/658 659/713/661 658/726/674 980/727/675
f 955/728/676 952/729/677 632/730/678 633/731/679
f 990/718/666 653/721/669 652/732/680 986/733/681
f 919/734/682 916/735/683 599/638/588 601/637/587
f 999/722/670 655/725/673 654/720/668 993/719/667
f 913/736/684 907/737/685 595/634/584 597/633/583
f 977/738/686 657/739/687 656/724/672 996/723/671
f 922/740/688 910/697/645 607/647/597 609/652/602
f 984/741/689 667/742/690 666/743/691 981/744/692
f 1011/745/693 1008/746/694 657/739/687 658/726/674
f 1049/747/695 678/748/696 677/749/697 1042/750/698
f 957/751/699 954/752/700 648/715/663 649/753/701
f 979/754/702 673/755/703 672/756/704 998/757/705
f 984/741/689 988/758/706 668/759/707 667/742/690
f 1027/760/708 680/761/709 679/762/710 1046/763/711
f 991/764/712 994/765/713 662/766/714 661/767/715
f 931/768/716 937/769/717 629/770/718 628/771/719
f 1040/772/720 1044/773/721 693/774/722 692/775/723
f 1040/772/720 692/775/723 691/776/724 1037/777/725
f 1050/778/726 1047/779/727 687/780/728 686/781/729
f 949/782/730 632/730/678 631/783/731 943/784/732
f 940/785/733 943/784/732 631/783/731 630/786/734
f 931/768/716 628/771/719 627/787/735 930/788/736
f 1013/789/737 1010/790/738 673/755/703 674/791/739
f 1023/792/740 1026/793/741 669/794/742 670/795/743
f 909/796/744 902/797/745 589/640/590 591/678/626
f 744/798/746 775/799/747 705/800/748 706/801/749
f 801/802/750 727/803/751 710/804/752 711/805/753
f 739/806/754 744/798/746 706/801/749 707/807/755
f 733/808/756 738/809/757 721/810/758 722/811/759
f 727/803/751 732/812/760 709/813/761 710/804/752
f 796/814/762 801/802/750 711/805/753 712/815/763
f 790/816/764 795/817/765 713/818/766 714/819/767
f 786/820/768 789/821/769 716/822/770 717/823/771
f 781/824/772 786/820/768 717/823/771 718/825/773
f 775/799/747 780/826/774 704/827/775 705/800/748
f 769/828/776 774/829/777 719/830/778 720/831/779
f 763/832/780 768/833/781 724/834/782 725/835/783
f 1021/836/784 1024/837/785 653/721/669 654/720/668
f 1034/838/786 690/839/787 689/840/788 1031/841/789
f 949/782/730 927/842/790 633/731/679 632/730/678
f 1028/843/791 688/844/792 687/780/728 1047/779/727
f 1001/845/793 671/846/794 670/795/743 995/847/795
f 1051/848/796 694/849/797 693/774/722 1044/773/721
f 992/850/798 995/847/795 670/795/743 669/794/742
f 991/764/712 661/767/715 660/712/660 987/711/659
f 964/851/799 960/852/800 650/853/801 651/854/802
f 972/855/803 975/856/804 638/686/634 639/693/641
f 1007/857/805 1004/858/806 671/846/794 672/756/704
f 1041/859/807 700/860/808 699/861/809 1038/862/810
f 985/863/811 675/864/812 674/791/739 982/865/813
f 956/866/814 953/867/815 640/868/640 641/869/816
f 1035/870/817 698/871/818 697/872/819 1032/873/820
f 1012/874/821 1009/875/822 665/876/823 666/743/691
f 978/877/824 665/878/823 664/879/825 997/880/826
f 940/785/733 630/786/734 629/770/718 937/769/717
f 1029/881/827 696/882/828 695/883/829 1048/884/830
f 1020/885/831 1016/886/832 675/864/812 676/887/833
f 1005/888/834 1002/889/835 655/725/673 656/724/672
f 1006/890/836 1003/891/837 663/892/838 664/879/825
f 1000/893/839 663/892/838 662/766/714 994/765/713
f 1050/778/726 686/781/729 685/894/840 1043/895/841
f 973/896/842 976/897/843 646/707/655 647/716/664
f 1018/898/844 1014/899/845 659/713/661 660/712/660
f 1033/900/846 682/901/847 681/902/848 1030/903/849
f 909/796/744 591/678/626 593/649/599 921/904/850
f 992/850/798 669/794/742 668/759/707 988/758/706
f 1039/905/851 684/906/852 683/907/853 1036/908/854
f 780/826/774 747/909/855 703/910/856 704/827/775
f 1066/911/857 1055/912/858 689/913/788 690/914/787
f 1067/915/859 1070/916/860 692/917/723 693/918/722
f 1068/919/861 1062/920/862 682/921/847 683/922/853
f 739/806/754 707/807/755 708/923/863 759/924/864
f 748/925/865 702/926/866 703/910/856 747/909/855
f 733/808/756 722/811/759 723/927/867 756/928/868
f 796/814/762 712/815/763 713/818/766 795/817/765
f 769/828/776 720/831/779 721/810/758 738/809/757
f 781/824/772 718/825/773 719/830/778 774/829/777
f 1069/929/869 1074/930/870 700/931/808 701/932/871
f 763/832/780 725/835/783 726/933/872 753/934/873
f 881/935/874 765/936/875 751/937/876 891/938/877
f 765/936/875 764/939/878 752/940/879 751/937/876
f 764/939/878 763/832/780 753/934/873 752/940/879
f 715/941/880 716/822/770 789/821/769 762/942/881
f 762/942/881 789/821/769 788/943/882 761/944/883
f 761/944/883 788/943/882 787/945/884 760/946/885
f 884/947/886 783/948/887 772/949/888 896/950/889
f 783/948/887 782/951/890 773/952/891 772/949/888
f 782/951/890 781/824/772 774/829/777 773/952/891
f 882/953/892 771/954/893 736/955/894 888/956/895
f 771/954/893 770/957/896 737/958/897 736/955/894
f 770/957/896 769/828/776 738/809/757 737/958/897
f 886/959/898 798/960/899 793/961/900 900/962/901
f 798/960/899 797/963/902 794/964/903 793/961/900
f 797/963/902 796/814/762 795/817/765 794/964/903
f 878/965/904 735/966/905 754/967/906 892/968/907
f 735/966/905 734/969/908 755/970/909 754/967/906
f 734/969/908 733/808/756 756/928/868 755/970/909
f 880/971/910 750/972/911 745/973/912 890/974/913
f 750/972/911 749/975/914 746/976/915 745/973/912
f 749/975/914 748/925/865 747/909/855 746/976/915
f 879/977/916 741/978/917 757/979/918 893/980/919
f 741/978/917 740/981/920 758/982/921 757/979/918
f 740/981/920 739/806/754 759/924/864 758/982/921
f 708/923/863 709/813/761 732/812/760 759/924/864
f 759/924/864 732/812/760 731/983/922 758/982/921
f 758/982/921 731/983/922 730/984/923 757/979/918
f 723/927/867 724/834/782 768/833/781 756/928/868
f 756/928/868 768/833/781 767/985/924 755/970/909
f 755/970/909 767/985/924 766/986/925 754/967/906
f 726/987/872 702/926/866 748/925/865 753/988/873
f 753/988/873 748/925/865 749/975/914 752/989/879
f 752/989/879 749/975/914 750/972/911 751/990/876
f 897/991/926 890/974/913 745/973/912 778/992/927
f 778/992/927 745/973/912 746/976/915 779/993/928
f 779/993/928 746/976/915 747/909/855 780/826/774
f 881/935/874 895/994/929 766/986/925 765/936/875
f 765/936/875 766/986/925 767/985/924 764/939/878
f 764/939/878 767/985/924 768/833/781 763/832/780
f 882/953/892 896/950/889 772/949/888 771/954/893
f 771/954/893 772/949/888 773/952/891 770/957/896
f 770/957/896 773/952/891 774/829/777 769/828/776
f 883/995/930 897/991/926 778/992/927 777/996/931
f 777/996/931 778/992/927 779/993/928 776/997/932
f 776/997/932 779/993/928 780/826/774 775/799/747
f 884/947/886 898/998/933 784/999/934 783/948/887
f 783/948/887 784/999/934 785/1000/935 782/951/890
f 782/951/890 785/1000/935 786/820/768 781/824/772
f 898/998/933 899/1001/936 787/945/884 784/999/934
f 784/999/934 787/945/884 788/943/882 785/1000/935
f 785/1000/935 788/943/882 789/821/769 786/820/768
f 885/1002/937 900/962/901 793/961/900 792/1003/938
f 792/1003/938 793/961/900 794/964/903 791/1004/939
f 791/1004/939 794/964/903 795/817/765 790/816/764
f 886/959/898 901/1005/940 799/1006/941 798/960/899
f 798/960/899 799/1006/941 800/1007/942 797/963/902
f 797/963/902 800/1007/942 801/802/750 796/814/762
f 877/1008/943 887/1009/944 730/984/923 729/1010/945
f 729/1010/945 730/984/923 731/983/922 728/1011/946
f 728/1011/946 731/983/922 732/812/760 727/803/751
f 878/965/904 888/956/895 736/955/894 735/966/905
f 735/966/905 736/955/894 737/958/897 734/969/908
f 734/969/908 737/958/897 738/809/757 733/808/756
f 879/977/916 889/1012/947 742/1013/948 741/978/917
f 741/978/917 742/1013/948 743/1014/949 740/981/920
f 740/981/920 743/1014/949 744/798/746 739/806/754
f 901/1005/940 877/1008/943 729/1010/945 799/1006/941
f 799/1006/941 729/1010/945 728/1011/946 800/1007/942
f 800/1007/942 728/1011/946 727/803/751 801/802/750
f 889/1012/947 883/995/930 777/996/931 742/1013/948
f 742/1013/948 777/996/931 776/997/932 743/1014/949
f 743/1014/949 776/997/932 775/799/747 744/798/746
f 1014/899/845 814/1015/950 811/1016/951 1011/745/693
f 1008/746/694 808/1017/952 805/1018/953 1005/888/834
f 1043/895/841 1039/905/851 814/1015/950 818/1019/954
f 1025/1020/955 825/1021/956 818/1019/954 1018/898/844
f 1031/841/789 1028/843/791 803/1022/957 806/1023/958
f 1030/903/849 1027/760/708 802/1024/959 805/1018/953
f 1045/1025/960 1041/859/807 816/1026/961 820/1027/962
f 1004/858/806 804/1028/963 823/1029/964 1023/792/740
f 1037/777/725 1034/1030/786 809/1031/965 812/1032/966
f 1010/790/738 810/1033/967 807/1034/968 1007/857/805
f 1016/886/832 816/1026/961 813/1035/969 1013/789/737
f 1032/873/820 1029/881/827 804/1028/963 807/1034/968
f 1026/793/741 826/1036/970 819/1037/971 1019/1038/972
f 1003/891/837 803/1022/957 822/1039/973 1022/1040/974
f 1009/1041/822 809/1042/965 806/1023/958 1006/890/836
f 1046/763/711 1049/747/695 824/1043/975 821/1044/976
f 1048/884/830 1051/848/796 826/1036/970 823/1029/964
f 1038/862/810 1035/870/817 810/1033/967 813/1035/969
f 1025/1020/955 1022/1040/974 822/1039/973 825/1021/956
f 1015/1045/977 815/1046/978 812/1032/966 1012/874/821
f 1015/1045/977 1019/1038/972 819/1037/971 815/1046/978
f 1002/889/835 802/1024/959 821/1044/976 1021/836/784
f 1024/837/785 824/1043/975 817/1047/979 1017/1048/980
f 1036/908/854 1033/900/846 808/1017/952 811/1016/951
f 967/1049/981 842/1050/982 838/1051/983 963/1052/984
f 998/757/705 1001/845/793 851/1053/985 848/1054/986
f 975/856/804 850/1055/987 844/1056/988 969/1057/989
f 953/1058/815 828/1059/990 847/1060/991 972/855/803
f 981/744/692 978/1061/824 828/1062/990 831/1063/992
f 960/852/800 835/1064/993 832/1065/994 957/751/699
f 997/880/826 1000/893/839 850/1055/987 847/1060/991
f 989/1066/995 985/863/811 835/1064/993 839/1067/996
f 966/1068/997 841/1069/998 837/1070/999 962/1071/1000
f 967/1049/981 970/1072/1001 845/1073/1002 842/1050/982
f 976/897/843 851/1053/985 845/1073/1002 970/1072/1001
f 966/1068/997 969/1057/989 844/1056/988 841/1069/998
f 959/1074/1003 963/1052/984 838/1051/983 834/1075/1004
f 954/752/700 829/1076/1005 848/1054/986 973/896/842
f 982/865/813 979/754/702 829/1076/1005 832/1065/994
f 959/1074/1003 834/1075/1004 831/1063/992 956/866/814
f 952/729/677 827/1077/1006 846/1078/1007 971/1079/1008
f 974/1080/1009 849/1081/1010 843/1082/1011 968/1083/1012
f 965/1084/1013 840/1085/1014 836/1086/1015 961/1087/1016
f 980/727/675 977/738/686 827/1077/1006 830/1088/1017
f 958/1089/1018 833/1090/1019 830/1088/1017 955/728/676
f 974/1080/1009 971/1079/1008 846/1078/1007 849/1081/1010
f 965/1084/1013 968/1083/1012 843/1082/1011 840/1085/1014
f 958/1089/1018 962/1071/1000 837/1070/999 833/1090/1019
f 934/1091/1020 859/1092/1021 871/1093/1022 946/684/632
f 915/1094/1023 865/1095/1024 862/1096/1025 912/1097/1026
f 924/1098/1027 902/797/745 852/1099/1028 874/1100/1029
f 934/1091/1020 927/842/790 852/1099/1028 859/1092/1021
f 906/1101/1030 856/1102/1031 855/1103/1032 905/1104/1033
f 915/1094/1023 918/1105/1034 868/1106/1035 865/1095/1024
f 924/1098/1027 874/1100/1029 868/1106/1035 918/1105/1034
f 906/1101/1030 912/1097/1026 862/1096/1025 856/1102/1031
f 947/703/651 935/1107/1036 860/1108/1037 872/1109/1038
f 938/688/636 932/681/629 857/1110/1039 863/1111/1040
f 944/694/642 941/685/633 866/1112/1041 869/1113/1042
f 936/1114/1043 929/1115/1044 854/1116/1045 861/1117/1046
f 926/699/647 876/1118/1047 870/1119/1048 920/695/643
f 917/696/644 867/1120/1049 864/1121/1050 914/689/637
f 948/1122/1051 936/1114/1043 861/1117/1046 873/1123/1052
f 908/690/638 858/1124/1053 872/1109/1038 922/740/688
f 929/1115/1044 951/714/662 876/1118/1047 854/1116/1045
f 935/1107/1036 928/1125/1054 853/1126/1055 860/1108/1037
f 945/717/665 942/706/654 867/1120/1049 870/1119/1048
f 925/1127/628 875/1128/1056 869/1113/1042 919/734/682
f 939/709/657 933/700/648 858/1124/1053 864/1121/1050
f 916/735/683 866/1112/1041 863/1111/1040 913/736/684
f 907/737/685 857/1110/1039 871/1093/1022 921/904/850
f 928/1125/1054 950/1129/639 875/1130/1056 853/1126/1055
f 1064/1131/1057 1058/1132/1058 883/995/930 889/1012/947
f 1076/1133/1059 1052/1134/1060 877/1008/943 901/1005/940
f 1054/1135/1061 1064/1131/1057 889/1012/947 879/977/916
f 1053/1136/1062 1063/1137/1063 888/956/895 878/965/904
f 1052/1134/1060 1062/920/862 887/1009/944 877/1008/943
f 1061/1138/1064 1076/1133/1059 901/1005/940 886/959/898
f 1060/1139/1065 1075/1140/1066 900/962/901 885/1002/937
f 1073/1141/1067 1074/930/870 899/1001/936 898/998/933
f 1059/1142/1068 1073/1141/1067 898/998/933 884/947/886
f 1058/1132/1058 1072/1143/1069 897/991/926 883/995/930
f 1057/1144/1070 1071/1145/1071 896/950/889 882/953/892
f 1056/1146/1072 1070/916/860 895/994/929 881/935/874
f 1072/1143/1069 1065/1147/1073 890/974/913 897/991/926
f 1054/1135/1061 879/977/916 893/980/919 1068/919/861
f 1055/912/858 880/971/910 890/974/913 1065/1147/1073
f 1053/1136/1062 878/965/904 892/968/907 1067/915/859
f 1061/1138/1064 886/959/898 900/962/901 1075/1140/1066
f 1057/1144/1070 882/953/892 888/956/895 1063/1137/1063
f 1059/1142/1068 884/947/886 896/950/889 1071/1145/1071
f 1056/1146/1072 881/935/874 891/938/877 1066/1148/857
f 760/946/885 787/945/884 899/1001/936 894/1149/1074
f 757/979/918 730/984/923 887/1009/944 893/980/919
f 754/967/906 766/986/925 895/994/929 892/968/907
f 751/990/876 750/972/911 880/971/910 891/1150/877
f 595/634/584 907/737/685 921/904/850 593/649/599
f 599/638/588 916/735/683 913/736/684 597/633/583
f 603/644/594 925/1127/628 919/734/682 601/637/587
f 611/656/606 908/690/638 922/740/688 609/652/602
f 615/660/610 917/696/644 914/689/637 613/655/605
f 619/664/612 926/699/647 920/695/643 617/659/609
f 577/674/622 581/629/579 912/1097/1026 906/1101/1030
f 587/641/591 924/1098/1027 918/1105/1034 585/672/620
f 583/628/578 585/672/620 918/1105/1034 915/1094/1023
f 577/674/622 906/1101/1030 905/1104/1033 578/675/623
f 587/641/591 589/640/590 902/797/745 924/1098/1027
f 583/628/578 915/1094/1023 912/1097/1026 581/629/579
f 859/1092/1021 909/796/744 921/904/850 871/1093/1022
f 859/1092/1021 852/1099/1028 902/797/745 909/796/744
f 872/1109/1038 860/1108/1037 910/697/645 922/740/688
f 863/1111/1040 857/1110/1039 907/737/685 913/736/684
f 869/1113/1042 866/1112/1041 916/735/683 919/734/682
f 861/1117/1046 854/1116/1045 904/698/646 911/705/653
f 873/1123/1052 861/1117/1046 911/705/653 923/704/652
f 854/1116/1045 876/1118/1047 926/699/647 904/698/646
f 860/1108/1037 853/1126/1055 903/679/627 910/697/645
f 870/1119/1048 867/1120/1049 917/696/644 920/695/643
f 864/1121/1050 858/1124/1053 908/690/638 914/689/637
f 853/1126/1055 875/1130/1056 925/680/628 903/679/627
f 641/869/816 640/868/640 950/1129/639 928/1125/1054
f 645/708/656 644/701/649 933/700/648 939/709/657
f 647/716/664 646/707/655 942/706/654 945/717/665
f 642/1151/1075 641/869/816 928/1125/1054 935/1107/1036
f 649/753/701 648/715/663 951/714/662 929/1115/1044
f 651/854/802 650/853/801 936/1114/1043 948/1122/1051
f 650/853/801 649/753/701 929/1115/1044 936/1114/1043
f 639/693/641 638/686/634 941/685/633 944/694/642
f 637/687/635 636/682/630 932/681/629 938/688/636
f 643/702/650 642/1151/1075 935/1107/1036 947/703/651
f 634/1152/1076 633/731/679 927/842/790 934/1091/1020
f 634/1152/1076 934/1091/1020 946/684/632 635/683/631
f 865/1095/1024 940/785/733 937/769/717 862/1096/1025
f 874/1100/1029 852/1099/1028 927/842/790 949/782/730
f 856/1102/1031 931/768/716 930/788/736 855/1103/1032
f 865/1095/1024 868/1106/1035 943/784/732 940/785/733
f 874/1100/1029 949/782/730 943/784/732 868/1106/1035
f 856/1102/1031 862/1096/1025 937/769/717 931/768/716
f 876/1118/1047 951/714/662 945/717/665 870/1119/1048
f 867/1120/1049 942/706/654 939/709/657 864/1121/1050
f 858/1124/1053 933/700/648 947/703/651 872/1109/1038
f 875/1128/1056 950/691/639 944/694/642 869/1113/1042
f 866/1112/1041 941/685/633 938/688/636 863/1111/1040
f 857/1110/1039 932/681/629 946/684/632 871/1093/1022
f 634/1152/1076 635/683/631 962/1071/1000 958/1089/1018
f 628/771/719 629/770/718 968/1083/1012 965/1084/1013
f 630/786/734 631/783/731 971/1079/1008 974/1080/1009
f 634/1152/1076 958/1089/1018 955/728/676 633/731/679
f 628/771/719 965/1084/1013 961/1087/1016 627/787/735
f 630/786/734 974/1080/1009 968/1083/1012 629/770/718
f 632/730/678 952/729/677 971/1079/1008 631/783/731
f 642/1151/1075 959/1074/1003 956/866/814 641/869/816
f 648/715/663 954/752/700 973/896/842 647/716/664
f 642/1151/1075 643/702/650 963/1052/984 959/1074/1003
f 636/682/630 637/687/635 969/1057/989 966/1068/997
f 646/707/655 976/897/843 970/1072/1001 645/708/656
f 644/701/649 645/708/656 970/1072/1001 967/1049/981
f 636/682/630 966/1068/997 962/1071/1000 635/683/631
f 650/853/801 960/852/800 957/751/699 649/753/701
f 640/692/640 953/1058/815 972/855/803 639/693/641
f 638/686/634 975/856/804 969/1057/989 637/687/635
f 644/701/649 967/1049/981 963/1052/984 643/702/650
f 848/1054/986 851/1053/985 976/897/843 973/896/842
f 831/1063/992 828/1062/990 953/867/815 956/866/814
f 847/1060/991 850/1055/987 975/856/804 972/855/803
f 839/1067/996 835/1064/993 960/852/800 964/851/799
f 832/1065/994 829/1076/1005 954/752/700 957/751/699
f 830/1088/1017 827/1077/1006 952/729/677 955/728/676
f 658/726/674 657/739/687 977/738/686 980/727/675
f 674/791/739 673/755/703 979/754/702 982/865/813
f 676/887/833 675/864/812 985/863/811 989/1066/995
f 664/879/825 663/892/838 1000/893/839 997/880/826
f 666/743/691 665/876/823 978/1061/824 981/744/692
f 672/756/704 671/846/794 1001/845/793 998/757/705
f 842/1050/982 992/850/798 988/758/706 838/1051/983
f 850/1055/987 1000/893/839 994/765/713 844/1056/988
f 828/1059/990 978/877/824 997/880/826 847/1060/991
f 835/1064/993 985/863/811 982/865/813 832/1065/994
f 841/1069/998 991/764/712 987/711/659 837/1070/999
f 842/1050/982 845/1073/1002 995/847/795 992/850/798
f 851/1053/985 1001/845/793 995/847/795 845/1073/1002
f 841/1069/998 844/1056/988 994/765/713 991/764/712
f 834/1075/1004 838/1051/983 988/758/706 984/741/689
f 829/1076/1005 979/754/702 998/757/705 848/1054/986
f 834/1075/1004 984/741/689 981/744/692 831/1063/992
f 827/1077/1006 977/738/686 996/723/671 846/1078/1007
f 849/1081/1010 999/722/670 993/719/667 843/1082/1011
f 840/1085/1014 990/718/666 986/733/681 836/1086/1015
f 833/1090/1019 983/710/658 980/727/675 830/1088/1017
f 849/1081/1010 846/1078/1007 996/723/671 999/722/670
f 840/1085/1014 843/1082/1011 993/719/667 990/718/666
f 833/1090/1019 837/1070/999 987/711/659 983/710/658
f 653/721/669 1024/837/785 1017/1048/980 652/732/680
f 655/725/673 1002/889/835 1021/836/784 654/720/668
f 667/742/690 668/759/707 1019/1038/972 1015/1045/977
f 667/742/690 1015/1045/977 1012/874/821 666/743/691
f 661/767/715 662/766/714 1022/1040/974 1025/1020/955
f 665/878/823 1009/1041/822 1006/890/836 664/879/825
f 663/892/838 1003/891/837 1022/1040/974 662/766/714
f 669/794/742 1026/793/741 1019/1038/972 668/759/707
f 675/864/812 1016/886/832 1013/789/737 674/791/739
f 673/755/703 1010/790/738 1007/857/805 672/756/704
f 671/846/794 1004/858/806 1023/792/740 670/795/743
f 661/767/715 1025/1020/955 1018/898/844 660/712/660
f 657/739/687 1008/746/694 1005/888/834 656/724/672
f 659/713/661 1014/899/845 1011/745/693 658/726/674
f 818/1019/954 814/1015/950 1014/899/845 1018/898/844
f 806/1023/958 803/1022/957 1003/891/837 1006/890/836
f 805/1018/953 802/1024/959 1002/889/835 1005/888/834
f 820/1027/962 816/1026/961 1016/886/832 1020/885/831
f 812/1032/966 809/1031/965 1009/875/822 1012/874/821
f 807/1034/968 804/1028/963 1004/858/806 1007/857/805
f 821/1044/976 824/1043/975 1024/837/785 1021/836/784
f 823/1029/964 826/1036/970 1026/793/741 1023/792/740
f 813/1035/969 810/1033/967 1010/790/738 1013/789/737
f 811/1016/951 808/1017/952 1008/746/694 1011/745/693
f 683/907/853 682/901/847 1033/900/846 1036/908/854
f 699/861/809 698/871/818 1035/870/817 1038/862/810
f 695/883/829 694/849/797 1051/848/796 1048/884/830
f 679/762/710 678/748/696 1049/747/695 1046/763/711
f 697/872/819 696/882/828 1029/881/827 1032/873/820
f 691/776/724 690/1153/787 1034/1030/786 1037/777/725
f 701/1154/871 700/860/808 1041/859/807 1045/1025/960
f 681/902/848 680/761/709 1027/760/708 1030/903/849
f 689/840/788 688/844/792 1028/843/791 1031/841/789
f 685/894/840 684/906/852 1039/905/851 1043/895/841
f 814/1015/950 1039/905/851 1036/908/854 811/1016/951
f 808/1017/952 1033/900/846 1030/903/849 805/1018/953
f 825/1021/956 1050/778/726 1043/895/841 818/1019/954
f 804/1028/963 1029/881/827 1048/884/830 823/1029/964
f 810/1033/967 1035/870/817 1032/873/820 807/1034/968
f 816/1026/961 1041/859/807 1038/862/810 813/1035/969
f 826/1036/970 1051/848/796 1044/773/721 819/1037/971
f 803/1022/957 1028/843/791 1047/779/727 822/1039/973
f 809/1042/965 1034/838/786 1031/841/789 806/1023/958
f 825/1021/956 822/1039/973 1047/779/727 1050/778/726
f 815/1046/978 1040/772/720 1037/777/725 812/1032/966
f 815/1046/978 819/1037/971 1044/773/721 1040/772/720
f 802/1024/959 1027/760/708 1046/763/711 821/1044/976
f 824/1043/975 1049/747/695 1042/750/698 817/1047/979
f 691/1155/724 1056/1146/1072 1066/1148/857 690/1156/787
f 698/1157/818 1059/1142/1068 1071/1145/1071 697/1158/819
f 696/1159/828 1057/1144/1070 1063/1137/1063 695/1160/829
f 679/1161/710 1061/1138/1064 1075/1140/1066 678/1162/696
f 694/1163/797 1053/1136/1062 1067/915/859 693/918/722
f 689/913/788 1055/912/858 1065/1147/1073 688/1164/792
f 684/1165/852 1054/1135/1061 1068/919/861 683/922/853
f 687/1166/728 688/1164/792 1065/1147/1073 1072/1143/1069
f 691/1155/724 692/917/723 1070/916/860 1056/1146/1072
f 696/1159/828 697/1158/819 1071/1145/1071 1057/1144/1070
f 686/1167/729 687/1166/728 1072/1143/1069 1058/1132/1058
f 698/1157/818 699/1168/809 1073/1141/1067 1059/1142/1068
f 699/1168/809 700/931/808 1074/930/870 1073/1141/1067
f 677/1169/697 678/1162/696 1075/1140/1066 1060/1139/1065
f 679/1161/710 680/1170/709 1076/1133/1059 1061/1138/1064
f 681/1171/848 682/921/847 1062/920/862 1052/1134/1060
f 694/1163/797 695/1160/829 1063/1137/1063 1053/1136/1062
f 684/1165/852 685/1172/840 1064/1131/1057 1054/1135/1061
f 680/1170/709 681/1171/848 1052/1134/1060 1076/1133/1059
f 685/1172/840 686/1167/729 1058/1132/1058 1064/1131/1057
f 894/1149/1074 899/1001/936 1074/930/870 1069/929/869
f 893/980/919 887/1009/944 1062/920/862 1068/919/861
f 892/968/907 895/994/929 1070/916/860 1067/915/859
f 891/1150/877 880/971/910 1055/912/858 1066/911/857
f 580/1173/1077 582/1174/1078 1093/630/580 1077/673/621
f 592/1175/1079 594/1176/1080 1099/650/600 1090/677/625
f 622/1177/1081 1083/665/613 1098/663/611 620/1178/1082
f 590/1179/1083 592/1175/1079 1090/677/625 1081/639/589
f 580/1173/1077 1077/673/621 1084/676/624 579/1180/1084
f 586/1181/1085 588/1182/1086 1096/642/592 1087/671/619
f 616/1183/1087 1080/657/607 1095/654/604 614/1184/1088
f 584/1185/1089 586/1181/1085 1087/671/619 1078/627/577
f 624/1186/1090 626/1187/1091 1101/669/617 1092/666/614
f 612/1188/1092 1086/653/603 1100/651/601 610/1189/1093
f 622/1177/1081 624/1186/1090 1092/666/614 1083/665/613
f 618/1190/1094 620/1178/1082 1098/663/611 1089/658/608
f 606/1191/1095 1082/645/595 1097/662/593 604/1192/1096
f 616/1183/1087 618/1190/1094 1089/658/608 1080/657/607
f 612/1188/1092 614/1184/1088 1095/654/604 1086/653/603
f 600/1193/1097 1079/635/585 1094/632/582 598/1194/1098
f 608/1195/1099 610/1189/1093 1100/651/601 1091/646/596
f 596/1196/1100 1085/631/581 1099/650/600 594/1176/1080
f 606/1191/1095 608/1195/1099 1091/646/596 1082/645/595
f 602/1197/1101 604/1198/1096 1097/643/593 1088/636/586
f 590/1179/1083 1081/639/589 1096/642/592 588/1182/1086
f 600/1193/1097 602/1197/1101 1088/636/586 1079/635/585
f 596/1196/1100 598/1194/1098 1094/632/582 1085/631/581
f 584/1185/1089 1078/627/577 1093/630/580 582/1174/1078
f 1127/1199/1102 1128/1200/1103 1119/1201/1104 1120/1202/1105
f 1128/1200/1103 1129/1203/1106 1118/1204/1107 1119/1201/1104
f 1130/1205/1108 1131/1206/1109 1115/1207/1110 1116/1208/1111
f 1132/1209/1112 1133/1210/1113 1107/1211/1114 1108/1212/1115
f 1134/1213/1116 1135/1214/1117 1103/1215/1118 1104/1216/1119
f 1135/1214/1117 1136/1217/1120 1102/1218/1121 1103/1215/1118
f 1136/1217/1120 1137/1219/1122 1126/1220/1123 1102/1218/1121
f 1138/1221/1124 1139/1222/1125 1123/1223/1126 1124/1224/1127
f 1129/1203/1106 1140/1225/1128 1117/1226/1129 1118/1204/1107
f 1141/1227/1130 1142/1228/1131 1111/1229/1132 1112/1230/1133
f 1142/1228/1131 1143/1231/1134 1110/1232/1135 1111/1229/1132
f 1143/1231/1134 1144/1233/1136 1109/1234/1137 1110/1232/1135
f 1133/1210/1113 1145/1235/1138 1106/1236/1139 1107/1211/1114
f 1137/1237/1122 1146/1238/1140 1125/1239/1141 1126/1240/1123
f 1147/1241/1142 1148/1242/1143 1121/1243/1144 1122/1244/1145
f 1148/1242/1143 1127/1199/1102 1120/1202/1105 1121/1243/1144
f 1140/1225/1128 1130/1205/1108 1116/1208/1111 1117/1226/1129
f 1149/1245/1146 1134/1213/1116 1104/1216/1119 1105/1246/1147
f 1150/1247/1148 1141/1227/1130 1112/1230/1133 1113/1248/1149
f 1139/1222/1125 1147/1241/1142 1122/1244/1145 1123/1223/1126
f 1145/1235/1138 1149/1245/1146 1105/1246/1147 1106/1236/1139
f 1151/1249/1150 1150/1247/1148 1113/1248/1149 1114/1250/1151
f 1146/1238/1140 1138/1221/1124 1124/1224/1127 1125/1239/1141
f 1144/1233/1136 1132/1209/1112 1108/1212/1115 1109/1234/1137
f 709/813/761 708/923/863 1132/1209/1112 1144/1233/1136
f 725/835/783 724/834/782 1138/1221/1124 1146/1238/1140
f 714/819/767 713/818/766 1150/1247/1148 1151/1249/1150
f 706/801/749 705/800/748 1149/1245/1146 1145/1235/1138
f 723/927/867 722/811/759 1147/1241/1142 1139/1222/1125
f 713/818/766 712/815/763 1141/1227/1130 1150/1247/1148
f 705/800/748 704/827/775 1134/1213/1116 1149/1245/1146
f 717/823/771 716/822/770 1130/1205/1108 1140/1225/1128
f 721/810/758 720/831/779 1127/1199/1102 1148/1242/1143
f 722/811/759 721/810/758 1148/1242/1143 1147/1241/1142
f 726/933/872 725/835/783 1146/1238/1140 1137/1237/1122
f 707/807/755 706/801/749 1145/1235/1138 1133/1210/1113
f 710/804/752 709/813/761 1144/1233/1136 1143/1231/1134
f 711/805/753 710/804/752 1143/1231/1134 1142/1228/1131
f 712/815/763 711/805/753 1142/1228/1131 1141/1227/1130
f 718/825/773 717/823/771 1140/1225/1128 1129/1203/1106
f 724/834/782 723/927/867 1139/1222/1125 1138/1221/1124
f 702/926/866 726/987/872 1137/1219/1122 1136/1217/1120
f 703/910/856 702/926/866 1136/1217/1120 1135/1214/1117
f 704/827/775 703/910/856 1135/1214/1117 1134/1213/1116
f 708/923/863 707/807/755 1133/1210/1113 1132/1209/1112
f 716/822/770 715/941/880 1131/1206/1109 1130/1205/1108
f 719/830/778 718/825/773 1129/1203/1106 1128/1200/1103
f 720/831/779 719/830/778 1128/1200/1103 1127/1199/1102
f 1102/1218/1121 1126/1220/1123 1152/1251/1152
f 1117/1226/1129 1116/1208/1111 1152/1252/1152
f 1122/1244/1145 1121/1243/1144 1152/1252/1152
f 1110/1232/1135 1109/1234/1137 1152/1251/1152
f 1125/1239/1141 1124/1224/1127 1152/1252/1152
f 1105/1246/1147 1104/1216/1119 1152/1251/1152
f 1123/1223/1126 1122/1244/1145 1152/1252/1152
f 1120/1202/1105 1119/1201/1104 1152/1252/1152
f 1108/1212/1115 1107/1211/1114 1152/1251/1152
f 1113/1248/1149 1112/1230/1133 1152/1251/1152
f 1106/1236/1139 1105/1246/1147 1152/1251/1152
f 1103/1215/1118 1102/1218/1121 1152/1251/1152
f 1118/1204/1107 1117/1226/1129 1152/1252/1152
f 1114/1250/1151 1113/1248/1149 1152/1251/1152
f 1111/1229/1132 1110/1232/1135 1152/1251/1152
f 1126/1240/1123 1125/1239/1141 1152/1252/1152
f 1116/1208/1111 1115/1207/1110 1152/1252/1152
f 1121/1243/1144 1120/1202/1105 1152/1252/1152
f 1109/1234/1137 1108/1212/1115 1152/1251/1152
f 1124/1224/1127 1123/1223/1126 1152/1252/1152
f 1104/1216/1119 1103/1215/1118 1152/1251/1152
f 1119/1201/1104 1118/1204/1107 1152/1252/1152
f 1107/1211/1114 1106/1236/1139 1152/1251/1152
f 1112/1230/1133 1111/1229/1132 1152/1251/1152
o Tree_0.079
v -28.786627 8.212172 5.427361
v -28.517992 8.308265 5.436162
v -28.182734 7.732988 5.510609
v -28.470818 7.575780 5.369603
v -29.038338 8.195411 5.594771
v -28.799961 7.525462 5.536502
v -29.242702 8.155112 5.666996
v -29.051615 7.520109 5.740827
v -29.516893 8.048288 5.639555
v -29.341520 7.438139 5.791360
v -29.792290 7.996330 5.749551
v -29.708677 7.344299 5.876282
v -29.867325 8.084641 6.029627
v -29.915129 7.391865 6.164686
v -29.808426 8.214006 6.291028
v -29.858152 7.554422 6.511307
v -29.865072 8.281597 6.500410
v -29.801331 7.686449 6.783796
v -30.016726 8.340154 6.771767
v -29.917618 7.772487 7.087156
v -29.985243 8.459711 7.038867
v -29.974043 7.907380 7.447783
v -29.716869 8.588641 7.128056
v -29.736012 8.077938 7.651007
v -29.454748 8.677948 7.125225
v -29.368982 8.197268 7.641162
v -29.282499 8.781869 7.252884
v -29.100002 8.299181 7.672268
v -29.061512 8.919045 7.437115
v -28.854258 8.460859 7.849782
v -28.772436 8.981906 7.403474
v -28.525177 8.602760 7.908362
v -28.574890 8.927032 7.147536
v -28.248459 8.598760 7.661508
v -28.460260 8.875672 6.922440
v -28.111992 8.501982 7.321604
v -28.258448 8.902336 6.789388
v -27.941286 8.463143 7.092537
v -28.044294 8.918702 6.581704
v -27.657276 8.466498 6.863873
v -28.038485 8.818717 6.303623
v -27.515715 8.380865 6.530124
v -28.233356 8.675481 6.102206
v -27.681225 8.202758 6.240617
v -28.371218 8.566498 5.945275
v -27.937006 8.044038 6.068185
v -28.396967 8.453152 5.688222
v -28.059311 7.907416 5.836447
v -28.517992 8.308265 5.436162
v -28.182734 7.732988 5.510609
v -29.120853 9.639142 4.824754
v -29.418907 9.536682 4.811025
v -29.691055 9.503794 4.943685
v -29.924694 9.458202 5.015641
v -30.195707 9.368623 5.020505
v -30.452906 9.330747 5.139293
v -30.547512 9.406115 5.399739
v -30.521418 9.516766 5.653479
v -30.570488 9.585253 5.867750
v -30.678692 9.650594 6.128461
v -30.632114 9.764462 6.380969
v -30.398045 9.891079 6.488033
v -30.154095 9.983061 6.511476
v -29.972704 10.080379 6.622386
v -29.752121 10.200946 6.763846
v -29.489941 10.271579 6.721005
v -29.280125 10.257094 6.486518
v -29.107834 10.224672 6.265790
v -28.869652 10.234238 6.116500
v -28.621023 10.227658 5.910096
v -28.559208 10.136375 5.640370
v -28.699451 10.009970 5.430987
v -28.842285 9.903214 5.265753
v -28.929604 9.782974 5.038249
v -29.120853 9.639142 4.824754
v -30.238632 11.609283 3.814881
v -30.509144 11.512856 3.768344
v -30.784994 11.466491 3.847382
v -31.024158 11.418237 3.909907
v -31.285112 11.348759 3.948535
v -31.532146 11.325728 4.087174
v -31.645676 11.393419 4.345842
v -31.674278 11.508941 4.631165
v -31.746122 11.605976 4.897696
v -31.842342 11.704820 5.196430
v -31.822460 11.850209 5.501512
v -31.668255 12.014341 5.713617
v -31.482025 12.145760 5.836039
v -31.298010 12.255945 5.969947
v -31.058084 12.362888 6.080302
v -30.772177 12.417599 6.010682
v -30.526491 12.385098 5.756586
v -30.314100 12.325771 5.474718
v -30.050606 12.276400 5.224261
v -29.808163 12.201051 4.951030
v -29.757837 12.087223 4.661368
v -29.880756 11.965358 4.428802
v -30.003466 11.858116 4.237193
v -30.082619 11.739413 4.014215
v -30.238632 11.609283 3.814881
v -32.308704 13.643677 2.470244
v -32.487808 13.557682 2.431942
v -32.674366 13.496494 2.459301
v -32.848129 13.446505 2.509352
v -33.021687 13.401779 2.577549
v -33.176037 13.388136 2.697437
v -33.275478 13.422696 2.864787
v -33.319832 13.481850 3.044038
v -33.347332 13.543366 3.220863
v -33.357258 13.614225 3.401952
v -33.306095 13.708628 3.564590
v -33.185909 13.810644 3.674379
v -33.038177 13.903177 3.740934
v -32.884029 13.991053 3.796993
v -32.709442 14.074095 3.826708
v -32.522675 14.129470 3.783418
v -32.359699 14.145179 3.669388
v -32.224499 14.139643 3.532599
v -32.096668 14.125735 3.389820
v -31.996181 14.090265 3.221270
v -31.971277 14.021772 3.034834
v -32.020760 13.933646 2.865765
v -32.092915 13.842245 2.720329
v -32.177876 13.745314 2.580865
v -32.308704 13.643677 2.470244
v -36.859806 20.791752 -0.630974
v -36.926720 20.734642 -0.655863
v -36.981850 20.678226 -0.703437
v -37.005627 20.634281 -0.779773
v -36.999748 20.600899 -0.864978
v -36.984314 20.571289 -0.947617
v -36.960983 20.542562 -1.031875
v -36.912563 20.527721 -1.112092
v -36.838795 20.537472 -1.170716
v -36.758255 20.563019 -1.206147
v -36.678799 20.591507 -1.233575
v -36.595879 20.626125 -1.251780
v -36.517910 20.674118 -1.239728
v -36.517910 20.674118 -1.239728
v -36.461788 20.729290 -1.192531
v -36.425282 20.781652 -1.130371
v -36.394135 20.831926 -1.065336
v -36.374794 20.880840 -0.989909
v -36.388741 20.917542 -0.904334
v -36.435863 20.934166 -0.824304
v -36.494671 20.938679 -0.755086
v -36.556614 20.939426 -0.688427
v -36.630417 20.927780 -0.630894
v -36.713604 20.893776 -0.604293
v -36.790966 20.844648 -0.611274
v -36.811195 18.842621 -0.784589
v -36.616589 16.971607 -0.263657
v -35.462677 15.445606 0.671578
v -35.590115 15.428893 0.770387
v -36.719975 16.955429 -0.179075
v -36.897408 18.829697 -0.714693
v -36.413441 19.338551 -0.307016
v -36.144325 17.577690 0.304328
v -34.724346 16.185009 1.399372
v -34.633026 16.171013 1.282131
v -36.061909 17.572109 0.205353
v -36.345486 19.332958 -0.389271
v -36.981853 18.880985 -0.521012
v -36.822212 17.015144 0.054235
v -35.693897 15.502241 1.052650
v -35.707581 15.556633 1.195071
v -36.844292 17.055534 0.171565
v -37.000767 18.915157 -0.424015
v -35.538410 15.829679 1.546931
v -36.742043 17.250038 0.465256
v -36.917183 19.076096 -0.180502
v -36.839478 19.149031 -0.153518
v -36.651588 17.340200 0.495204
v -35.403831 15.932523 1.592063
v -35.266277 16.028400 1.629632
v -36.557491 17.423779 0.518508
v -36.759373 19.216480 -0.132421
v -34.826759 16.189732 1.512076
v -36.231045 17.577457 0.399909
v -36.485397 19.339111 -0.227787
v -35.666126 15.451786 0.907827
v -36.788433 16.975542 -0.064992
v -36.953857 18.847355 -0.619928
v -34.886139 15.684194 0.561060
v -36.169109 17.182827 -0.371524
v -36.437309 19.014273 -0.871664
v -36.668900 19.279461 -0.126099
v -36.450489 17.501932 0.524289
v -35.115593 16.113548 1.647068
v -34.958717 16.171196 1.607143
v -36.334473 17.557203 0.483331
v -36.571552 19.323538 -0.159001
v -36.290211 19.313179 -0.483594
v -35.995171 17.548422 0.091893
v -34.567963 16.134668 1.145367
v -34.562824 16.064457 0.997812
v -35.974396 17.494114 -0.028090
v -36.273136 19.268703 -0.583578
v -37.008381 18.953720 -0.323976
v -36.852058 17.101353 0.292932
v -35.703339 15.621613 1.341898
v -35.650963 15.719809 1.466683
v -36.817684 17.163759 0.401266
v -36.981197 19.005642 -0.234749
v -36.294903 19.208786 -0.671060
v -35.999935 17.420944 -0.132664
v -34.615429 15.974716 0.866107
v -34.687584 15.882501 0.752620
v -36.042076 17.345398 -0.222284
v -36.330540 19.146975 -0.746192
v -34.770699 15.785351 0.644222
v -36.091831 17.266441 -0.307697
v -36.372429 19.082516 -0.817842
v -36.437309 19.014273 -0.871664
v -36.169109 17.182827 -0.371524
v -34.886139 15.684194 0.561060
v -35.031517 15.599102 0.538021
v -36.277443 17.109411 -0.385579
v -36.527969 18.954456 -0.884115
v -36.624535 18.911016 -0.861176
v -36.393101 17.055901 -0.357218
v -35.178677 15.539883 0.567130
v -35.319244 15.490713 0.612484
v -36.504089 17.011555 -0.316084
v -36.717148 18.875103 -0.827551
v -32.115742 12.506687 3.073189
v -32.306786 13.031387 4.609968
v -30.791494 13.298015 4.087646
v -32.334202 12.447862 3.132236
v -32.120361 13.136397 4.704067
v -30.772888 13.216305 3.850652
v -32.521820 12.433733 3.273560
v -31.945293 13.234791 4.807773
v -30.892509 13.107977 3.628862
v -32.602364 12.499382 3.501981
v -31.732557 13.330769 4.885524
v -31.032900 12.996902 3.433271
v -32.597870 12.598959 3.742234
v -31.494923 13.388247 4.838767
v -31.157085 12.876461 3.228250
v -31.347883 12.743626 3.050591
v -32.587234 12.687170 3.977255
v -31.288481 13.380053 4.661314
v -31.347883 12.743626 3.050591
v -31.893305 12.561449 3.021049
v -32.479591 12.904774 4.461782
v -30.936865 13.324770 4.291151
v -31.624271 12.632287 2.983755
v -32.570072 12.781473 4.232818
v -31.116823 13.345952 4.465186
v -30.948948 10.213446 4.678921
v -30.496660 10.995619 6.262993
v -29.301908 10.864691 5.005240
v -31.057688 10.283932 4.941409
v -30.261112 11.110744 6.389087
v -29.436033 10.755842 4.824609
v -31.052082 10.389832 5.201443
v -29.984478 11.173727 6.334238
v -29.511187 10.639572 4.590132
v -29.667421 10.498711 4.380414
v -31.101374 10.462608 5.428204
v -29.779936 11.156775 6.101148
v -29.667421 10.498711 4.380414
v -29.935427 10.403150 4.349144
v -31.192045 10.535509 5.696395
v -29.627184 11.119153 5.874769
v -30.198503 10.367304 4.460521
v -31.141872 10.655270 5.961040
v -29.409899 11.112874 5.708614
v -30.691406 10.245690 4.547945
v -30.691952 10.896269 6.151800
v -29.156292 10.990466 5.225263
v -30.425352 10.324157 4.528671
v -30.925039 10.790489 6.099615
v -29.192640 11.090841 5.494736
v -30.119339 8.673091 5.771742
v -29.332094 9.443597 7.105948
v -28.646927 9.131934 5.679138
v -28.828173 8.883802 5.220639
v -29.085402 8.791554 5.206786
v -30.250431 8.912148 6.477273
v -28.749126 9.414518 6.638034
v -30.077318 8.788204 6.019208
v -29.052673 9.500367 7.077775
v -28.693100 9.019944 5.446987
v -29.326509 8.769606 5.349394
v -30.214298 9.024821 6.726278
v -28.554796 9.430412 6.503990
v -29.525309 8.730213 5.417419
v -29.976614 9.149530 6.821423
v -28.359077 9.444179 6.300786
v -29.780764 8.636822 5.405624
v -29.732029 9.235223 6.829882
v -28.348589 9.363394 6.031903
v -30.125969 8.852634 6.222592
v -28.865686 9.458967 6.847690
v -28.828173 8.883802 5.220639
v -30.036606 8.594007 5.513798
v -29.557577 9.328929 6.945056
v -28.516642 9.234990 5.833920
v -34.511440 14.550482 1.456412
v -33.788319 15.250696 2.270749
v -34.777508 14.608561 1.866975
v -34.501698 15.012512 2.469751
v -34.206917 15.182047 2.536071
v -33.603054 15.203938 1.995863
v -34.798485 14.725895 2.184510
v -33.633083 15.052305 1.689322
v -33.894646 14.777761 1.349559
v -34.205250 14.641659 1.348936
v -34.650925 14.531519 1.562481
v -33.683548 15.237724 2.143949
v -34.798992 14.663231 2.022093
v -34.637302 14.919783 2.415952
v -34.362164 15.099588 2.514557
v -33.901596 15.256224 2.392361
v -34.739124 14.557097 1.710226
v -33.894646 14.777761 1.349559
v -34.042976 15.239529 2.494124
v -33.586391 15.137551 1.834573
v -34.749081 14.818483 2.324084
v -33.700848 14.964739 1.563709
v -33.779522 14.873095 1.443300
v -34.047188 14.697422 1.320669
v -34.356140 14.595795 1.395227
v -29.983747 8.364561 5.907429
v -29.161579 9.154310 7.287370
v -28.500385 8.834947 5.819345
v -28.663504 8.581512 5.335299
v -28.926554 8.487679 5.323990
v -30.124048 8.611984 6.631409
v -28.550669 9.105086 6.805577
v -29.933022 8.486983 6.161914
v -28.865520 9.207097 7.261265
v -28.535934 8.722246 5.574617
v -29.172928 8.468418 5.479135
v -30.090191 8.728149 6.889523
v -28.360186 9.130285 6.670012
v -29.374451 8.428627 5.549229
v -29.836874 8.854776 6.981670
v -28.171097 9.154775 6.458213
v -29.639341 8.328261 5.529318
v -29.579809 8.940660 6.985349
v -28.174572 9.070930 6.179677
v -29.985739 8.553000 6.368266
v -28.665154 9.152483 7.022046
v -28.663504 8.581512 5.335299
v -29.905050 8.280725 5.638295
v -29.394392 9.033319 7.110968
v -28.362232 8.938699 5.977147
v -30.323870 9.022995 5.594330
v -29.546030 9.813129 6.937972
v -28.739643 9.501101 5.481551
v -28.967392 9.244841 5.031557
v -29.244200 9.147502 5.017836
v -30.454813 9.264680 6.311245
v -28.952021 9.821939 6.446648
v -30.289356 9.135913 5.844903
v -29.288223 9.885209 6.897439
v -28.805485 9.384913 5.251697
v -29.500231 9.120157 5.155700
v -30.413492 9.377995 6.561946
v -28.732368 9.832641 6.306331
v -29.715769 9.077621 5.225642
v -30.178028 9.504121 6.663055
v -28.496077 9.827203 6.108075
v -29.978811 8.986003 5.221853
v -29.933149 9.592430 6.678546
v -28.451206 9.735161 5.843452
v -30.338171 9.202263 6.053603
v -29.095470 9.860518 6.662523
v -28.967392 9.244841 5.031557
v -30.235432 8.945627 5.335135
v -29.759560 9.690261 6.790049
v -28.603420 9.606081 5.641299
v -30.697069 9.756851 4.917445
v -30.228958 10.522484 6.450640
v -28.990873 10.422225 5.226477
v -30.798502 9.829906 5.179209
v -30.000853 10.640842 6.584813
v -29.129992 10.314712 5.053590
v -30.782108 9.938299 5.436255
v -29.731100 10.707258 6.536005
v -29.211632 10.196294 4.822465
v -29.387016 10.054704 4.609945
v -30.831575 10.009224 5.656593
v -29.524223 10.693778 6.301692
v -29.387016 10.054704 4.609945
v -29.671066 9.954912 4.588282
v -30.931086 10.078014 5.921304
v -29.360418 10.657198 6.078320
v -29.939404 9.920573 4.710855
v -30.882534 10.194776 6.179894
v -29.131622 10.658819 5.920847
v -30.439474 9.792138 4.792542
v -30.418049 10.425138 6.339395
v -28.847946 10.548729 5.440903
v -30.170271 9.876255 4.780971
v -30.656279 10.325486 6.302094
v -28.897614 10.644553 5.710670
v -31.221579 10.728198 4.405571
v -30.859020 11.585456 6.138082
v -29.556562 11.374811 4.743001
v -31.334171 10.797812 4.669811
v -30.616629 11.695271 6.256497
v -29.686296 11.266323 4.554797
v -31.345490 10.908880 4.945821
v -30.331705 11.752458 6.193961
v -29.764158 11.148260 4.323562
v -29.921501 11.011319 4.117257
v -31.406336 10.994123 5.195026
v -30.106270 11.726899 5.949316
v -29.921501 11.011319 4.117257
v -30.193287 10.915625 4.077482
v -31.500496 11.080179 5.481531
v -29.929714 11.682993 5.700678
v -30.465296 10.875324 4.173866
v -31.464191 11.213160 5.769463
v -29.693453 11.654454 5.500344
v -30.966560 10.755777 4.269094
v -31.054132 11.480489 6.020284
v -29.420305 11.498093 4.972332
v -30.700409 10.829861 4.240145
v -31.272274 11.362879 5.941079
v -29.463718 11.607196 5.254635
v -31.553133 11.996893 3.484309
v -31.982048 12.559892 5.198872
v -30.259121 12.787363 4.532744
v -31.797424 11.933022 3.533127
v -31.799360 12.679010 5.321481
v -30.224220 12.692629 4.264612
v -32.017780 11.914546 3.675320
v -31.624504 12.787743 5.452495
v -30.346094 12.572474 4.036400
v -32.115330 11.981688 3.922884
v -31.398741 12.891706 5.554248
v -30.479040 12.459915 3.841238
v -32.126591 12.089380 4.189717
v -31.133984 12.948849 5.495508
v -30.584059 12.343079 3.621022
v -30.761553 12.211758 3.428429
v -32.153805 12.178796 4.445857
v -30.901609 12.928444 5.269700
v -30.761553 12.211758 3.428429
v -31.318275 12.048765 3.426647
v -32.140034 12.412887 5.000695
v -30.467163 12.845705 4.785067
v -31.040030 12.106816 3.370174
v -32.193668 12.277511 4.724833
v -30.699858 12.879320 5.015073
v -32.471523 13.020138 2.787894
v -32.741219 13.464457 4.127697
v -31.390430 13.737785 3.646406
v -32.666393 12.968515 2.852434
v -32.572361 13.563669 4.200137
v -31.369844 13.665270 3.433435
v -32.836433 12.954433 2.983120
v -32.404526 13.656548 4.272166
v -31.453285 13.566511 3.238551
v -32.927635 13.004341 3.179337
v -32.207684 13.743961 4.321985
v -31.558186 13.464302 3.069181
v -32.949921 13.083731 3.387209
v -31.993793 13.797611 4.278470
v -31.662647 13.356321 2.897682
v -31.822624 13.239338 2.754998
v -32.960419 13.159201 3.591453
v -31.811556 13.802438 4.140352
v -31.822624 13.239338 2.754998
v -32.274426 13.072790 2.736321
v -32.886578 13.349310 4.003331
v -31.511250 13.769220 3.831397
v -32.046875 13.139332 2.705034
v -32.957867 13.242104 3.808144
v -31.662762 13.786297 3.982603
v -33.771477 13.977664 2.020943
v -33.017567 14.662979 2.893038
v -34.048874 14.046606 2.446952
v -33.765354 14.437723 3.086982
v -33.458004 14.598432 3.163303
v -32.818092 14.616190 2.608243
v -34.071884 14.164042 2.779715
v -32.845783 14.467926 2.286065
v -33.115997 14.198668 1.924815
v -33.448051 14.066009 1.915056
v -33.916618 13.963165 2.129636
v -32.905670 14.649589 2.761930
v -34.069946 14.100996 2.610685
v -33.905575 14.350031 3.027239
v -33.620209 14.520246 3.137276
v -33.138115 14.668478 3.018286
v -34.008835 13.992905 2.282877
v -33.115997 14.198668 1.924815
v -33.286736 14.652046 3.122609
v -32.798275 14.551107 2.439331
v -34.020966 14.253419 2.927883
v -32.914062 14.381887 2.153950
v -32.994652 14.292042 2.026335
v -33.279228 14.120178 1.889769
v -33.608768 14.019961 1.959962
v -28.617012 7.877977 5.404345
v -29.135941 7.822836 5.710440
v -29.714710 8.317410 7.397711
v -27.849834 8.691240 6.722526
v -29.879780 7.721988 6.103613
v -28.956316 8.679687 7.645813
v -28.142653 8.290215 6.013463
v -28.340057 8.005821 5.480900
v -29.954611 8.042163 6.935413
v -28.301472 8.688565 7.118093
v -29.417583 7.729228 5.722910
v -29.400145 8.422413 7.391091
v -27.768242 8.594797 6.419356
v -29.822334 7.868488 6.407687
v -28.656155 8.786674 7.656585
v -28.218269 8.165839 5.769784
v -28.907461 7.844456 5.570820
v -29.967674 8.168344 7.250044
v -28.110868 8.679546 6.938035
v -29.738598 7.655510 5.819922
v -29.183395 8.527534 7.467303
v -27.943697 8.423946 6.177807
v -29.821402 7.969814 6.648474
v -28.426142 8.762882 7.402839
v -28.340057 8.005821 5.480900
v -36.195808 23.641396 -1.253581
v -36.205841 23.635853 -1.258173
v -36.214176 23.629776 -1.265718
v -36.217876 23.624046 -1.276705
v -36.217228 23.619436 -1.288651
v -36.215160 23.615459 -1.300201
v -36.211979 23.611752 -1.311989
v -36.205208 23.609596 -1.323017
v -36.194656 23.610153 -1.330667
v -36.183006 23.612514 -1.334888
v -36.171505 23.615280 -1.338001
v -36.159477 23.618788 -1.339774
v -36.148018 23.623882 -1.337211
v -36.148018 23.623882 -1.337211
v -36.139568 23.629934 -1.329765
v -36.133923 23.635807 -1.320371
v -36.129074 23.641527 -1.310658
v -36.125927 23.647209 -1.299593
v -36.127586 23.651667 -1.287395
v -36.134098 23.653950 -1.276315
v -36.142380 23.654911 -1.266934
v -36.151165 23.655504 -1.257999
v -36.161804 23.654806 -1.250583
v -36.174019 23.651613 -1.247787
v -36.185524 23.646666 -1.249792
v -36.376774 22.306747 -1.203314
v -36.365261 22.276657 -1.277373
v -36.382385 22.237293 -1.343164
v -36.442955 22.154297 -1.455349
v -36.492908 22.109735 -1.497806
v -36.879269 22.007820 -1.327057
v -36.900341 22.030945 -1.255019
v -36.904541 22.115547 -1.047288
v -36.854858 22.161438 -1.004246
v -36.792995 22.208107 -0.979464
v -36.730526 22.250938 -0.959692
v -36.586662 22.318005 -0.971370
v -36.521336 22.327158 -1.019153
v -36.410057 22.196789 -1.400322
v -36.633026 22.044790 -1.495714
v -36.702236 22.022610 -1.473579
v -36.772884 22.002457 -1.444750
v -36.837223 21.995232 -1.395536
v -36.915424 22.054409 -1.184707
v -36.660973 22.290642 -0.950973
v -36.467434 22.325863 -1.075591
v -36.416855 22.321201 -1.134579
v -36.923042 22.080631 -1.112477
v -36.561085 22.071678 -1.509923
v -36.492908 22.109735 -1.497806
v -36.206738 23.732841 -1.336963
vn -0.2839 0.0729 -0.9561
vn 0.0511 -0.3316 -0.9420
vn -0.2683 -0.4805 -0.8350
vn -0.3905 -0.0754 -0.9175
vn -0.9833 -0.1636 -0.0797
vn -0.8300 0.5509 0.0870
vn -0.5704 0.1880 0.7996
vn -0.9469 -0.3206 -0.0235
vn -0.4410 0.7055 0.5548
vn -0.4357 0.7969 0.4185
vn -0.5619 0.2109 0.7999
vn -0.2277 0.4740 0.8505
vn -0.9798 -0.1941 -0.0473
vn -0.9259 -0.2781 0.2555
vn -0.7875 -0.3962 -0.4721
vn -0.7648 -0.1687 -0.6218
vn -0.6215 0.5107 0.5940
vn -0.6998 0.1600 0.6961
vn -0.3062 0.5816 0.7537
vn 0.0141 0.9266 0.3759
vn 0.4893 0.6355 0.5973
vn -0.1594 0.4861 0.8593
vn -0.8188 -0.4833 -0.3099
vn -0.9494 -0.0369 -0.3120
vn 0.4790 0.8433 0.2439
vn 0.7941 0.5060 0.3367
vn 0.3939 0.8707 0.2945
vn 0.4161 0.7829 0.4625
vn 0.4803 0.5836 0.6548
vn 0.5613 0.6074 0.5621
vn 0.6743 0.7281 0.1232
vn 0.4565 0.7661 -0.4524
vn 0.7337 0.1547 -0.6616
vn 0.7970 0.5883 0.1366
vn 0.5359 0.4277 -0.7279
vn 0.6682 0.0942 -0.7380
vn 0.5823 0.6096 -0.5378
vn 0.7233 0.4654 -0.5101
vn 0.8592 0.3068 -0.4094
vn 0.8997 0.3004 -0.3166
vn 0.5675 0.4550 -0.6862
vn 0.2220 -0.1780 -0.9587
vn -0.1634 -0.0225 -0.9863
vn -0.1627 -0.3906 -0.9061
vn -0.2136 -0.1352 -0.9675
vn -0.3166 -0.3554 -0.8795
vn 0.1943 -0.1961 -0.9612
vn 0.2732 0.0205 -0.9617
vn -0.9754 0.2152 -0.0469
vn -0.9555 -0.2896 0.0557
vn -0.1753 -0.0481 0.9833
vn -0.5615 0.1405 0.8155
vn -0.7763 -0.6257 0.0771
vn -0.8979 -0.4145 0.1483
vn -0.8333 -0.5334 -0.1454
vn -0.7568 -0.6462 -0.0986
vn -0.2885 0.0913 0.9531
vn -0.2901 0.2459 0.9249
vn -0.6237 0.0402 0.7806
vn -0.8946 0.2367 0.3791
vn 0.5306 0.5223 0.6675
vn 0.5612 0.5466 0.6215
vn -0.5413 -0.0129 0.8408
vn -0.5452 0.0573 0.8364
vn -0.4763 0.1107 0.8723
vn -0.4579 0.0353 0.8883
vn 0.7437 0.1264 -0.6564
vn 0.8485 0.5159 0.1179
vn 0.5608 0.5252 0.6400
vn 0.7289 0.5067 -0.4604
vn 0.6866 0.0688 -0.7238
vn 0.6664 0.5549 0.4980
vn 0.5200 0.6816 0.5149
vn 0.6870 0.5620 0.4607
vn 0.6590 0.6252 0.4181
vn 0.2083 -0.2949 -0.9326
vn 0.8601 0.2422 -0.4489
vn 0.7363 0.4642 0.4923
vn 0.8601 0.2717 0.4317
vn 0.4333 0.6482 0.6261
vn 0.4444 0.5466 0.7098
vn -0.8588 -0.5093 0.0555
vn -0.8476 -0.5283 -0.0500
vn -0.8622 -0.5055 -0.0332
vn -0.8535 -0.5191 0.0467
vn 0.8209 -0.1179 -0.5587
vn 0.7807 0.0345 -0.6239
vn 0.7387 0.5504 -0.3891
vn 0.9744 0.2090 -0.0832
vn -0.0585 -0.2866 -0.9563
vn -0.2053 -0.5379 -0.8176
vn -0.0828 -0.5702 -0.8173
vn -0.0230 -0.4788 -0.8776
vn -0.0091 -0.5609 -0.8278
vn -0.1444 -0.7145 -0.6845
vn -0.3030 -0.5623 -0.7694
vn -0.0103 -0.5434 -0.8394
vn -0.8536 -0.5187 0.0475
vn -0.9338 -0.3514 -0.0669
vn -0.8146 -0.5797 -0.0181
vn -0.5276 -0.7877 -0.3179
vn -0.7238 -0.5756 -0.3806
vn -0.9464 -0.3226 -0.0154
vn 0.3322 -0.2459 -0.9106
vn 0.3152 -0.2669 -0.9107
vn -0.2881 -0.0861 0.9537
vn -0.2191 0.4260 0.8778
vn -0.4659 -0.1172 0.8770
vn -0.9395 -0.3419 0.0229
vn -0.5464 -0.5461 -0.6350
vn -0.4870 -0.8170 -0.3088
vn 0.8100 0.4280 0.4010
vn 0.5141 0.2367 0.8244
vn 0.4481 0.6366 0.6276
vn -0.0649 0.5242 0.8491
vn -0.3231 0.4064 0.8546
vn -0.6949 -0.7153 0.0740
vn -0.6549 -0.6800 -0.3298
vn 0.1496 -0.4728 -0.8684
vn 0.1908 -0.3422 -0.9200
vn 0.4689 -0.2512 -0.8468
vn 0.4594 -0.2210 -0.8603
vn 0.8094 0.3017 -0.5038
vn 0.7245 0.1933 -0.6615
vn 0.7349 0.2738 -0.6204
vn 0.8153 0.1198 -0.5665
vn 0.8071 0.1485 -0.5714
vn 0.8363 0.3306 -0.4374
vn 0.7883 0.5338 -0.3059
vn 0.6991 0.5166 0.4944
vn 0.6304 0.6564 0.4144
vn -0.0621 -0.6574 -0.7510
vn -0.1265 -0.6867 -0.7158
vn 0.0233 -0.6124 -0.7902
vn -0.0251 -0.5404 -0.8410
vn -0.9327 -0.3605 -0.0097
vn -0.6205 -0.5309 0.5772
vn -0.8015 -0.0495 0.5959
vn -0.9050 -0.3884 0.1737
vn -0.2264 -0.3663 -0.9025
vn -0.1684 -0.6404 -0.7493
vn -0.1880 -0.6476 -0.7385
vn 0.0001 -0.6645 -0.7473
vn 0.1454 0.7869 0.5997
vn 0.3086 0.8883 0.3402
vn 0.2887 0.8764 0.3855
vn 0.0405 0.8194 0.5719
vn -0.1529 0.5609 0.8136
vn -0.1897 0.7592 0.6225
vn -0.8661 -0.2929 0.4051
vn -0.8439 -0.1028 0.5265
vn -0.7738 -0.2405 0.5860
vn -0.6297 -0.6383 0.4427
vn -0.6615 -0.3393 -0.6688
vn 0.0701 -0.4879 -0.8701
vn 0.0634 -0.6733 -0.7367
vn 0.0245 -0.3723 -0.9278
vn -0.0594 -0.3829 -0.9219
vn 0.2625 -0.3017 -0.9166
vn 0.2690 -0.3254 -0.9065
vn 0.7299 0.3374 -0.5945
vn 0.7468 0.2452 -0.6182
vn 0.7729 0.2699 -0.5743
vn 0.4614 0.8422 0.2790
vn 0.5077 0.8067 0.3024
vn 0.5874 0.6686 0.4560
vn 0.6306 0.6817 0.3710
vn -0.8633 -0.4843 0.1423
vn -0.9693 -0.1527 0.1925
vn -0.9972 -0.0376 -0.0644
vn -0.9796 0.1992 0.0277
vn -0.9994 0.0030 -0.0337
vn -0.9910 -0.0746 -0.1115
vn -0.3410 -0.2944 -0.8928
vn -0.4718 -0.1109 -0.8747
vn -0.4199 -0.1306 -0.8981
vn -0.2785 -0.3034 -0.9113
vn -0.9681 -0.0630 -0.2425
vn -0.9741 -0.1079 -0.1987
vn 0.7490 0.2705 0.6049
vn 0.7880 0.3595 0.4999
vn 0.7799 0.1520 0.6071
vn 0.7424 0.1244 0.6583
vn -0.7458 -0.0998 -0.6586
vn -0.7044 -0.1083 -0.7015
vn -0.1837 -0.2298 -0.9557
vn -0.1905 -0.2185 -0.9571
vn 0.4094 -0.2600 -0.8745
vn 0.1424 -0.2535 -0.9568
vn 0.1090 -0.1384 -0.9844
vn 0.4063 -0.2513 -0.8785
vn 0.8854 -0.0430 -0.4629
vn 0.7217 0.1599 -0.6735
vn 0.8553 0.0117 -0.5180
vn 0.9055 -0.1012 -0.4121
vn 0.9170 -0.0169 -0.3986
vn 0.9511 -0.1679 -0.2592
vn -0.8828 0.2127 0.4189
vn -0.9076 0.1072 0.4059
vn 0.9592 0.2223 0.1750
vn 0.9815 0.1583 -0.1072
vn 0.9992 0.0378 -0.0134
vn 0.9328 -0.0660 0.3543
vn 0.0120 0.3866 0.9222
vn 0.3181 0.3722 0.8719
vn 0.3582 0.2064 0.9105
vn 0.0047 0.1183 0.9930
vn -0.0206 -0.6090 -0.7929
vn 0.0368 -0.3877 -0.9211
vn -0.5253 0.3637 0.7693
vn -0.5076 0.3737 0.7764
vn -0.5117 0.3069 0.8025
vn -0.5251 0.3026 0.7954
vn -0.9376 -0.3420 -0.0634
vn -0.5911 0.3091 0.7450
vn -0.6689 0.2681 0.6934
vn 0.8694 0.3492 0.3496
vn 0.8164 0.5716 0.0826
vn 0.6516 0.4395 0.6183
vn 0.3802 0.8725 0.3069
vn 0.3857 0.8739 0.2957
vn 0.6324 0.5365 0.5588
vn 0.1680 -0.3160 -0.9338
vn 0.7563 0.2184 -0.6167
vn 0.8033 0.2117 -0.5567
vn 0.1570 -0.3536 -0.9221
vn -0.3994 0.3105 0.8626
vn -0.4521 0.2400 0.8591
vn 0.9114 0.3184 -0.2605
vn 0.5883 0.7997 0.1199
vn 0.7679 0.0995 -0.6328
vn 0.5463 0.1899 -0.8158
vn 0.6666 0.3662 -0.6493
vn 0.6962 0.3692 -0.6156
vn 0.8579 0.1605 -0.4880
vn 0.8229 0.1251 -0.5543
vn 0.8297 0.1124 -0.5468
vn -0.0225 0.2040 0.9787
vn -0.5296 0.0356 0.8475
vn -0.0927 -0.0790 0.9926
vn 0.6964 0.4531 -0.5565
vn 0.7413 0.4000 -0.5390
vn 0.7001 0.6208 -0.3529
vn 0.6172 0.6664 -0.4183
vn -0.2750 0.4338 0.8580
vn -0.6178 0.4035 0.6749
vn -0.5389 0.1460 0.8296
vn -0.4558 -0.0626 0.8879
vn -0.6154 0.2213 0.7565
vn -0.4795 -0.0902 0.8729
vn 0.5026 0.8549 -0.1289
vn 0.4939 0.8691 0.0278
vn 0.3676 0.9085 0.1990
vn 0.4889 0.8227 0.2902
vn 0.2770 -0.2968 -0.9139
vn 0.6699 0.2648 -0.6936
vn 0.3113 -0.2586 -0.9145
vn -0.2973 -0.5592 -0.7739
vn -0.0036 -0.5758 -0.8176
vn -0.6344 0.3964 0.6636
vn -0.7624 0.1691 0.6246
vn -0.6102 -0.0404 0.7912
vn -0.4488 -0.0277 0.8932
vn -0.6689 -0.7103 0.2191
vn -0.7798 -0.5760 0.2455
vn 0.8596 0.2388 -0.4516
vn 0.7094 0.6952 0.1162
vn -0.8578 -0.5084 0.0754
vn -0.8021 -0.5808 0.1389
vn -0.5211 -0.7686 -0.3711
vn -0.5220 -0.7895 -0.3228
vn -0.1448 -0.8023 -0.5791
vn -0.2532 -0.7376 -0.6260
vn -0.9179 -0.2628 -0.2972
vn -0.8490 -0.5107 0.1354
vn -0.7211 -0.6877 0.0838
vn -0.6187 -0.7856 -0.0028
vn -0.8314 -0.5556 -0.0028
vn -0.6796 0.1314 0.7218
vn -0.6792 0.1359 0.7213
vn -0.4867 0.3441 0.8029
vn -0.4997 0.2825 0.8188
vn 0.2933 0.8581 0.4216
vn 0.0274 0.8289 0.5587
vn -0.5764 -0.8139 -0.0726
vn -0.4719 -0.8222 -0.3182
vn -0.9210 -0.1075 -0.3744
vn -0.9350 -0.1280 -0.3306
vn -0.4844 0.2467 0.8393
vn -0.4741 0.2315 0.8495
vn 0.6544 0.1622 0.7385
vn 0.6582 0.2914 0.6942
vn 0.5149 -0.5170 -0.6838
vn 0.5347 0.1973 -0.8217
vn 0.5063 -0.4659 -0.7257
vn -0.2935 0.0635 0.9539
vn -0.2962 0.3698 0.8806
vn -0.2580 0.6749 0.6914
vn -0.2574 0.4835 0.8366
vn -0.3240 0.2178 0.9206
vn -0.3348 0.4418 0.8323
vn -0.1944 0.3408 0.9198
vn -0.3084 0.1605 0.9376
vn 0.4606 -0.4451 -0.7680
vn 0.4405 -0.4712 -0.7641
vn 0.6668 -0.1100 -0.7370
vn 0.4467 -0.5011 -0.7412
vn 0.6011 -0.0173 -0.7990
vn 0.4669 -0.5422 -0.6986
vn 0.7119 0.4387 -0.5484
vn 0.7900 0.3303 -0.5165
vn 0.8250 0.4486 -0.3437
vn 0.7494 0.5322 -0.3940
vn 0.8777 0.2115 -0.4301
vn 0.9382 0.2660 -0.2215
vn 0.7855 0.6186 0.0181
vn 0.7370 0.6711 0.0798
vn 0.6382 0.7124 0.2919
vn 0.4566 0.8729 0.1718
vn 0.8679 0.4347 0.2403
vn 0.7618 0.4695 0.4464
vn 0.0370 -0.6645 -0.7464
vn 0.0053 -0.6024 -0.7981
vn 0.1306 -0.4734 -0.8711
vn 0.2831 -0.5010 -0.8178
vn -0.0989 -0.4287 -0.8980
vn 0.0441 -0.3413 -0.9389
vn 0.4123 0.8590 0.3037
vn 0.4661 0.7977 0.3826
vn 0.4054 0.7640 0.5020
vn 0.3637 0.8346 0.4137
vn 0.6110 0.5817 0.5369
vn 0.5435 0.5418 0.6412
vn -0.4746 0.2815 0.8340
vn -0.4669 0.2693 0.8423
vn -0.5542 0.2749 0.7857
vn -0.6018 0.0382 0.7977
vn -0.4682 0.2433 0.8494
vn -0.5873 0.2845 0.7578
vn -0.6978 -0.6995 0.1544
vn -0.7560 -0.6422 0.1266
vn -0.6674 -0.7414 -0.0705
vn -0.6416 -0.7669 -0.0128
vn -0.9159 -0.4009 -0.0177
vn -0.8376 -0.5002 -0.2198
vn -0.7053 -0.4970 -0.5055
vn -0.5383 -0.7589 -0.3665
vn 0.2273 0.6259 0.7460
vn 0.1229 0.7857 0.6063
vn -0.7076 -0.1200 0.6963
vn -0.6896 -0.2175 0.6907
vn -0.7760 -0.1349 0.6161
vn 0.1448 0.6973 0.7020
vn -0.7631 -0.4193 0.4918
vn -0.6803 -0.5837 0.4433
vn -0.8303 -0.4424 0.3389
vn 0.6983 0.2967 -0.6514
vn 0.7336 0.2425 -0.6348
vn 0.8166 0.1410 -0.5597
vn 0.6488 0.3110 -0.6945
vn 0.4772 -0.3223 -0.8176
vn 0.4610 -0.2980 -0.8359
vn 0.4263 -0.2559 -0.8676
vn -0.0175 -0.6253 -0.7802
vn -0.0204 -0.5988 -0.8006
vn -0.1445 -0.3874 -0.9105
vn -0.1300 -0.7433 -0.6562
vn -0.4175 -0.8112 -0.4095
vn -0.1815 -0.7920 -0.5829
vn -0.3335 -0.6049 -0.7232
vn -0.6717 -0.7025 0.2352
vn -0.7890 -0.6007 0.1290
vn -0.9300 -0.3673 -0.0163
vn -0.8511 -0.5014 0.1558
vn -0.7704 -0.6282 0.1093
vn -0.5790 -0.7729 -0.2595
vn -0.1539 -0.6041 -0.7819
vn -0.8563 -0.4747 0.2034
vn -0.8861 -0.4497 0.1124
vn -0.7895 -0.5404 0.2909
vn -0.6262 0.1549 0.7641
vn -0.5777 0.3744 0.7253
vn 0.0055 -0.6238 -0.7816
vn 0.1998 -0.3283 -0.9232
vn 0.6833 0.3387 -0.6468
vn 0.2322 -0.3112 -0.9216
vn 0.4971 0.8669 -0.0365
vn 0.4274 0.8409 0.3320
vn -0.5909 0.4347 0.6797
vn -0.3973 0.6994 0.5942
vn 0.7548 0.2710 -0.5973
vn 0.7912 0.4541 -0.4097
vn 0.6992 0.3537 -0.6213
vn 0.4961 0.8080 0.3180
vn 0.4236 0.8559 0.2966
vn 0.4853 0.7982 0.3570
vn -0.7888 0.0591 0.6118
vn -0.9515 0.0049 0.3077
vn 0.2498 -0.4328 -0.8662
vn -0.0411 -0.5455 -0.8371
vn 0.3427 0.7034 0.6227
vn 0.1615 0.9061 0.3910
vn 0.4603 -0.2467 -0.8528
vn 0.4474 -0.2956 -0.8441
vn 0.6569 0.5455 0.5205
vn 0.6245 0.6258 0.4673
vn 0.6806 0.5779 0.4504
vn 0.6470 0.6034 0.4661
vn 0.6555 0.6961 0.2929
vn 0.9621 0.2123 -0.1711
vn -0.4312 0.1753 0.8851
vn -0.8033 0.1357 0.5800
vn -0.9006 0.1381 0.4122
vn -0.4899 -0.0023 0.8718
vn -0.4849 0.1357 0.8640
vn -0.1728 -0.1224 0.9773
vn 0.8437 0.1082 -0.5258
vn 0.8763 0.0986 -0.4716
vn 0.1961 -0.3239 -0.9255
vn 0.1984 -0.3155 -0.9280
vn -0.7777 -0.6153 0.1292
vn -0.8330 -0.5183 0.1937
vn -0.8513 -0.5122 -0.1138
vn -0.8051 -0.5866 -0.0872
vn 0.5782 0.5213 0.6276
vn 0.5407 0.6644 0.5160
vn 0.2607 0.4552 0.8514
vn 0.2842 0.6950 0.6605
vn 0.7750 0.1237 -0.6198
vn -0.4460 -0.7742 -0.4491
vn -0.0709 -0.3564 -0.9316
vn 0.0093 -0.7059 -0.7083
vn -0.0070 -0.5834 -0.8122
vn -0.0902 -0.4546 -0.8861
vn -0.1934 -0.4933 -0.8481
vn -0.1802 -0.5229 -0.8332
vn -0.0606 -0.3017 -0.9515
vn 0.0962 -0.5979 -0.7958
vn 0.2893 -0.2766 -0.9164
vn 0.2575 -0.2817 -0.9243
vn -0.9021 -0.4178 -0.1080
vn -0.8360 -0.5283 0.1483
vn -0.9054 -0.4153 0.0883
vn -0.9199 -0.3696 0.1309
vn -0.9439 -0.3241 0.0633
vn -0.8568 -0.5118 -0.0622
vn 0.0422 -0.2531 -0.9665
vn 0.0329 -0.5931 -0.8045
vn -0.3097 -0.3720 -0.8751
vn -0.2310 -0.6691 -0.7063
vn -0.7900 -0.1983 -0.5801
vn -0.7471 -0.6452 0.1600
vn -0.5965 -0.7362 -0.3198
vn 0.0259 -0.5207 -0.8533
vn -0.0288 -0.6755 -0.7368
vn 0.2474 -0.2622 -0.9328
vn 0.2203 -0.2001 -0.9547
vn 0.0065 -0.6019 -0.7985
vn -0.1980 -0.3018 -0.9326
vn 0.2283 0.7661 0.6008
vn 0.1993 0.5926 0.7804
vn 0.6859 0.5796 0.4399
vn -0.9303 -0.3531 -0.0990
vn -0.6600 -0.4906 0.5690
vn -0.3993 0.3813 0.8337
vn -0.3610 -0.0677 0.9301
vn 0.9048 -0.0450 -0.4235
vn 0.9321 -0.1943 -0.3057
vn 0.8579 -0.1610 -0.4880
vn 0.8965 0.1857 -0.4023
vn 0.7703 -0.0782 -0.6329
vn 0.6688 0.5324 -0.5189
vn 0.8835 0.2896 0.3682
vn 0.4814 0.6592 0.5777
vn 0.1288 -0.4736 -0.8713
vn 0.1978 -0.3813 -0.9030
vn 0.5007 0.7457 0.4396
vn -0.3559 0.5961 0.7197
vn -0.5212 0.5227 0.6747
vn -0.5364 0.0073 0.8439
vn -0.6274 -0.7474 0.2183
vn -0.8787 -0.3824 0.2857
vn -0.0501 -0.6232 -0.7805
vn -0.2114 -0.8279 -0.5195
vn -0.6293 -0.7621 0.1521
vn 0.3782 0.8900 0.2546
vn 0.5243 0.8166 0.2414
vn 0.0465 -0.6744 -0.7369
vn 0.4735 -0.3026 -0.8272
vn 0.1997 -0.5814 -0.7887
vn 0.6705 0.3603 -0.6486
vn 0.6452 0.4941 -0.5827
vn -0.7878 -0.1268 0.6028
vn 0.7183 0.6956 0.0114
vn 0.6490 0.6643 -0.3708
vn -0.1324 0.6489 0.7493
vn -0.5233 0.1528 0.8384
vn 0.4971 -0.5498 -0.6713
vn 0.4918 0.5609 0.6659
vn -0.8738 -0.4545 0.1728
vn -0.0428 0.0943 -0.9946
vn -0.6215 -0.1192 -0.7743
vn -0.9520 0.1855 0.2435
vn -0.9960 -0.0876 -0.0201
vn 0.4807 0.2396 -0.8435
vn 0.4678 0.3389 -0.8163
vn -0.9664 0.0605 -0.2500
vn 0.7412 0.3204 -0.5898
vn -0.0217 -0.2467 -0.9689
vn -0.4273 -0.2141 -0.8784
vn 0.5204 0.7192 0.4603
vn 0.4930 0.7186 0.4904
vn -0.4701 -0.2126 -0.8566
vn 0.8082 0.3598 -0.4663
vn 0.6555 0.3154 -0.6862
vn 0.6851 0.7280 0.0279
vn 0.5239 0.8366 0.1598
vn 0.6890 0.6805 -0.2494
vn -0.6225 0.3579 0.6959
vn -0.5216 0.4470 0.7267
vn -0.4697 0.6630 0.5830
vn -0.9809 0.1306 0.1439
vn -0.0716 0.7884 0.6110
vn -0.9204 -0.2840 -0.2687
vn -0.1154 0.7202 0.6841
vn 0.9572 -0.0956 0.2733
vn 0.9993 -0.0288 -0.0242
vn 0.7480 -0.3846 0.5409
vn 0.5313 -0.7658 0.3624
vn 0.9480 0.0115 -0.3181
vn 0.8475 -0.3383 0.4089
vn 0.7295 -0.2114 -0.6505
vn 0.4319 -0.3839 -0.8162
vn 0.6075 -0.6662 -0.4325
vn 0.4256 -0.9045 -0.0291
vn -0.8926 0.1776 -0.4143
vn -0.9116 0.2722 -0.3081
vn -0.5750 -0.6744 -0.4632
vn -0.2263 -0.9670 0.1173
vn -0.8633 0.3479 0.3655
vn -0.6635 0.4432 0.6028
vn -0.6186 -0.5835 0.5262
vn -0.2860 -0.8510 0.4404
vn -0.5079 0.3131 0.8025
vn -0.5620 -0.5751 0.5944
vn -0.3842 0.4653 0.7974
vn -0.4745 -0.5603 0.6789
vn 0.4392 0.1508 0.8857
vn 0.6583 0.0838 0.7481
vn 0.2124 -0.4349 0.8751
vn 0.2330 -0.7464 0.6234
vn 0.9068 -0.0886 -0.4121
vn 0.8890 -0.3208 0.3268
vn -0.2691 0.0108 -0.9630
vn -0.3500 0.1340 -0.9271
vn 0.4351 -0.5307 -0.7273
vn 0.0390 -0.9981 -0.0471
vn -0.4973 0.1772 -0.8493
vn 0.2111 -0.5882 -0.7807
vn -0.7156 0.2049 -0.6678
vn -0.1878 -0.6342 -0.7500
vn -0.9327 0.2767 -0.2313
vn -0.6378 -0.6713 -0.3777
vn -0.0627 0.3889 0.9191
vn -0.2086 -0.5207 0.8278
vn 0.7601 0.0221 0.6495
vn 0.8188 0.0997 0.5654
vn 0.3688 -0.4004 0.8388
vn 0.3617 -0.7926 0.4909
vn -0.9482 0.3092 0.0736
vn -0.3673 -0.8865 0.2814
vn -0.0691 -0.0512 -0.9963
vn 0.1218 -0.9893 -0.0805
vn 0.3385 -0.1060 -0.9350
vn 0.3316 -0.6789 -0.6551
vn 0.4255 -0.8621 0.2752
vt 0.394390 0.509315
vt 0.389302 0.478353
vt 0.403320 0.476996
vt 0.411940 0.508509
vt 0.276880 0.514144
vt 0.255764 0.515288
vt 0.260774 0.482221
vt 0.279611 0.482457
vt 0.235377 0.511352
vt 0.215891 0.504020
vt 0.225010 0.473109
vt 0.241399 0.478163
vt 0.334635 0.517371
vt 0.332322 0.483781
vt 0.351789 0.484128
vt 0.354788 0.517032
vt 0.199943 0.499981
vt 0.210134 0.470855
vt 0.032103 0.043453
vt 0.051744 0.037003
vt 0.058778 0.067243
vt 0.040328 0.072970
vt 0.299373 0.481683
vt 0.297011 0.512975
vt 0.073064 0.037046
vt 0.079389 0.065852
vt 0.092861 0.039032
vt 0.109548 0.037699
vt 0.111323 0.065851
vt 0.095492 0.066445
vt 0.131069 0.035514
vt 0.151244 0.035248
vt 0.149550 0.068526
vt 0.130896 0.066430
vt 0.021777 0.081073
vt 0.012709 0.051942
vt 0.172319 0.040026
vt 0.169048 0.073536
vt 0.190071 0.045695
vt 0.207810 0.048202
vt 0.200641 0.078789
vt 0.183423 0.076859
vt 0.229704 0.051554
vt 0.219671 0.082000
vt 0.375792 0.512846
vt 0.370900 0.481588
vt 0.433982 0.507529
vt 0.422729 0.475867
vt 0.440676 0.472035
vt 0.453553 0.501535
vt 0.313506 0.514148
vt 0.313618 0.481854
vt 0.045933 0.097137
vt 0.028035 0.104496
vt 0.287600 0.399619
vt 0.289126 0.370568
vt 0.304450 0.370815
vt 0.303644 0.399931
vt 0.256083 0.397839
vt 0.258665 0.369577
vt 0.274149 0.370297
vt 0.272117 0.399132
vt 0.112588 0.089309
vt 0.097631 0.089191
vt 0.228810 0.395179
vt 0.232011 0.368122
vt 0.244638 0.368795
vt 0.241644 0.396352
vt 0.147213 0.095311
vt 0.130213 0.091735
vt 0.063401 0.091080
vt 0.179571 0.102289
vt 0.165474 0.099508
vt 0.097153 0.152840
vt 0.098338 0.181849
vt 0.083695 0.182303
vt 0.082729 0.153143
vt 0.213683 0.107240
vt 0.195759 0.104353
vt 0.129154 0.152048
vt 0.129531 0.180396
vt 0.113012 0.181019
vt 0.111838 0.152238
vt 0.318047 0.278348
vt 0.305278 0.277966
vt 0.304441 0.238009
vt 0.318127 0.238750
vt 0.160578 0.154508
vt 0.158211 0.182854
vt 0.143986 0.181098
vt 0.144779 0.153070
vt 0.398659 0.279989
vt 0.384818 0.279492
vt 0.384791 0.240815
vt 0.398392 0.241715
vt 0.372987 0.279140
vt 0.359711 0.278757
vt 0.359938 0.239414
vt 0.372917 0.240167
vt 0.332743 0.238894
vt 0.332131 0.278427
vt 0.331487 0.340819
vt 0.346214 0.340807
vt 0.346760 0.370739
vt 0.331486 0.370827
vt 0.412032 0.242861
vt 0.412623 0.280455
vt 0.231542 0.448656
vt 0.247572 0.452069
vt 0.265382 0.455193
vt 0.282648 0.455658
vt 0.345983 0.278458
vt 0.346465 0.238818
vt 0.082306 0.089022
vt 0.064208 0.278866
vt 0.058536 0.321090
vt 0.044888 0.322868
vt 0.049900 0.280059
vt 0.332595 0.187672
vt 0.345574 0.187355
vt 0.392164 0.067788
vt 0.391034 0.000277
vt 0.402818 0.000148
vt 0.405692 0.067826
vt 0.169488 0.214796
vt 0.157037 0.212827
vt 0.170770 0.184542
vt 0.153971 0.274648
vt 0.152604 0.313372
vt 0.139140 0.312099
vt 0.139962 0.273042
vt 0.080063 0.277217
vt 0.074617 0.319215
vt 0.368238 0.067796
vt 0.368680 0.000649
vt 0.379557 0.000399
vt 0.379492 0.067682
vt 0.290498 0.277436
vt 0.275323 0.276681
vt 0.273415 0.236095
vt 0.289186 0.237208
vt 0.408627 0.396763
vt 0.392108 0.397762
vt 0.390813 0.369543
vt 0.407270 0.368902
vt 0.079489 0.484480
vt 0.091405 0.484000
vt 0.092742 0.552655
vt 0.081439 0.552900
vt 0.070097 0.553402
vt 0.067754 0.485390
vt 0.297461 0.069308
vt 0.284969 0.069254
vt 0.289107 0.000902
vt 0.300589 0.001230
vt 0.347511 0.399942
vt 0.362024 0.370446
vt 0.363357 0.399371
vt 0.379042 0.398532
vt 0.377384 0.370009
vt 0.424475 0.368116
vt 0.425276 0.395568
vt 0.164415 0.364626
vt 0.152096 0.363255
vt 0.164303 0.314612
vt 0.109724 0.363135
vt 0.094362 0.364789
vt 0.090888 0.317154
vt 0.107528 0.314562
vt 0.314643 0.455662
vt 0.332188 0.456569
vt 0.085035 0.831610
vt 0.087897 0.831488
vt 0.084903 0.886820
vt 0.082472 0.886888
vt 0.070838 0.831734
vt 0.073659 0.831661
vt 0.072795 0.886839
vt 0.070394 0.886864
vt 0.082282 0.831673
vt 0.080132 0.886915
vt 0.041552 0.728687
vt 0.038787 0.728621
vt 0.040053 0.673637
vt 0.042401 0.673692
vt 0.076555 0.831644
vt 0.075260 0.886852
vt 0.068098 0.831818
vt 0.068062 0.886898
vt 0.062366 0.832085
vt 0.065256 0.831925
vt 0.065645 0.886946
vt 0.063187 0.887027
vt 0.027410 0.728373
vt 0.024617 0.728308
vt 0.028019 0.673350
vt 0.030390 0.673410
vt 0.030161 0.728435
vt 0.032725 0.673468
vt 0.090815 0.831392
vt 0.087379 0.886768
vt 0.035914 0.728556
vt 0.033022 0.728496
vt 0.035157 0.673526
vt 0.037613 0.673581
vt 0.050086 0.729071
vt 0.047195 0.728872
vt 0.047193 0.673839
vt 0.049650 0.673987
vt 0.382035 0.189645
vt 0.395666 0.190884
vt 0.250561 0.068027
vt 0.256000 0.000149
vt 0.266750 0.000276
vt 0.261522 0.068372
vt 0.331628 0.400066
vt 0.272832 0.068836
vt 0.277715 0.000535
vt 0.125425 0.272763
vt 0.124529 0.312290
vt 0.109357 0.274138
vt 0.102734 0.483640
vt 0.103646 0.552518
vt 0.094675 0.275757
vt 0.199013 0.218715
vt 0.183321 0.216170
vt 0.184862 0.186234
vt 0.201790 0.188576
vt 0.247229 0.339820
vt 0.260764 0.340117
vt 0.138724 0.361890
vt 0.125251 0.361735
vt 0.173496 0.486119
vt 0.170581 0.553678
vt 0.159482 0.553385
vt 0.161333 0.485402
vt 0.178897 0.277347
vt 0.176706 0.315579
vt 0.166020 0.276105
vt 0.053417 0.214707
vt 0.038501 0.216198
vt 0.036858 0.186594
vt 0.052400 0.184561
vt 0.149525 0.484515
vt 0.148651 0.553064
vt 0.137359 0.552513
vt 0.137360 0.483461
vt 0.050791 0.368749
vt 0.038555 0.372011
vt 0.031683 0.324350
vt 0.236266 0.276508
vt 0.234569 0.233106
vt 0.246474 0.233265
vt 0.248283 0.276160
vt 0.125587 0.482999
vt 0.125929 0.552272
vt 0.114568 0.552365
vt 0.113918 0.483244
vt 0.191169 0.367299
vt 0.177224 0.365709
vt 0.190080 0.316919
vt 0.358041 0.187944
vt 0.370308 0.188829
vt 0.250640 0.186535
vt 0.262772 0.187568
vt 0.258789 0.234392
vt 0.260882 0.276035
vt 0.311938 0.001055
vt 0.309725 0.068772
vt 0.142576 0.210553
vt 0.127906 0.209975
vt 0.306028 0.188689
vt 0.318903 0.188241
vt 0.345287 0.068335
vt 0.346009 0.001106
vt 0.357454 0.000950
vt 0.356809 0.068090
vt 0.300966 0.455408
vt 0.321334 0.068143
vt 0.323013 0.000689
vt 0.334432 0.000796
vt 0.333396 0.068060
vt 0.093681 0.831774
vt 0.089819 0.887063
vt 0.118101 0.607908
vt 0.113558 0.607604
vt 0.116349 0.565291
vt 0.121001 0.565676
vt 0.042990 0.955007
vt 0.047669 0.955049
vt 0.047473 0.997750
vt 0.042575 0.997764
vt 0.085734 0.606853
vt 0.081071 0.606758
vt 0.081988 0.564103
vt 0.087002 0.564226
vt 0.077727 0.886894
vt 0.079453 0.831671
vt 0.096419 0.832433
vt 0.092158 0.887556
vt 0.044751 0.673747
vt 0.044319 0.728754
vt 0.006053 0.952927
vt 0.010894 0.953361
vt 0.008970 0.996009
vt 0.003951 0.995488
vt 0.052082 0.674164
vt 0.052947 0.729311
vt 0.052640 0.919366
vt 0.051508 0.866484
vt 0.056023 0.866148
vt 0.057239 0.919466
vt 0.051296 0.789886
vt 0.054757 0.789892
vt 0.025568 0.673279
vt 0.021732 0.728229
vt 0.020432 0.788896
vt 0.016974 0.788506
vt 0.013992 0.865124
vt 0.009403 0.864547
vt 0.021142 0.918223
vt 0.022646 0.866085
vt 0.026976 0.866545
vt 0.025751 0.918491
vt 0.027110 0.789524
vt 0.030573 0.789801
vt 0.030357 0.918703
vt 0.031187 0.866843
vt 0.035174 0.866954
vt 0.034849 0.918864
vt 0.034087 0.789968
vt 0.037583 0.790004
vt 0.067066 0.642333
vt 0.066421 0.694510
vt 0.062179 0.694321
vt 0.062607 0.642232
vt 0.067495 0.770520
vt 0.064082 0.770454
vt 0.039154 0.918995
vt 0.038989 0.866952
vt 0.042889 0.866926
vt 0.043489 0.919117
vt 0.040945 0.789978
vt 0.044303 0.789937
vt 0.111627 0.643006
vt 0.109365 0.695277
vt 0.104747 0.694910
vt 0.107073 0.642607
vt 0.101388 0.770729
vt 0.098057 0.770113
vt 0.089099 0.642315
vt 0.087261 0.694721
vt 0.083137 0.694903
vt 0.084728 0.642380
vt 0.084439 0.770736
vt 0.081067 0.770813
vt 0.077610 0.770770
vt 0.078993 0.694994
vt 0.047791 0.789902
vt 0.047085 0.866783
vt 0.094463 0.887996
vt 0.099121 0.833020
vt 0.104677 0.771238
vt 0.113816 0.695552
vt 0.102390 0.642195
vt 0.100014 0.694550
vt 0.094605 0.769873
vt 0.048030 0.919216
vt 0.097803 0.641891
vt 0.095524 0.694259
vt 0.091131 0.770240
vt 0.016690 0.917991
vt 0.018392 0.865617
vt 0.023794 0.789220
vt 0.012147 0.917757
vt 0.057985 0.642125
vt 0.057684 0.694127
vt 0.060600 0.770423
vt 0.071362 0.642408
vt 0.070522 0.694675
vt 0.070779 0.770591
vt 0.075788 0.642432
vt 0.080276 0.642401
vt 0.074770 0.694844
vt 0.074152 0.770671
vt 0.093363 0.642168
vt 0.091298 0.694495
vt 0.087722 0.770547
vt 0.319807 0.130653
vt 0.332502 0.129951
vt 0.344635 0.129820
vt 0.356021 0.129819
vt 0.307662 0.131792
vt 0.291903 0.188761
vt 0.294463 0.132866
vt 0.267739 0.132816
vt 0.255985 0.132114
vt 0.367523 0.130014
vt 0.186620 0.487052
vt 0.177543 0.423592
vt 0.192147 0.425266
vt 0.125563 0.418721
vt 0.113150 0.419010
vt 0.056158 0.486664
vt 0.050225 0.424704
vt 0.062131 0.422139
vt 0.151243 0.420866
vt 0.137917 0.419334
vt 0.164220 0.422345
vt 0.100766 0.419560
vt 0.087838 0.420058
vt 0.078988 0.365935
vt 0.280859 0.133254
vt 0.277010 0.188583
vt 0.238948 0.186236
vt 0.244721 0.131648
vt 0.392769 0.131303
vt 0.379021 0.130440
vt 0.063803 0.366941
vt 0.074410 0.420671
vt 0.407886 0.132349
vt 0.409960 0.192641
vt 0.097870 0.212083
vt 0.097613 0.242023
vt 0.083938 0.242752
vt 0.083776 0.212603
vt 0.126541 0.240228
vt 0.141059 0.240893
vt 0.261976 0.310439
vt 0.276687 0.310539
vt 0.275712 0.340503
vt 0.234796 0.339550
vt 0.236604 0.310930
vt 0.248823 0.310742
vt 0.035820 0.279694
vt 0.039197 0.245166
vt 0.053828 0.244845
vt 0.181398 0.245967
vt 0.168029 0.244628
vt 0.192928 0.278969
vt 0.196035 0.248041
vt 0.290422 0.340653
vt 0.291429 0.310763
vt 0.305856 0.310961
vt 0.305189 0.340834
vt 0.111963 0.211021
vt 0.111237 0.241047
vt 0.067862 0.213323
vt 0.068407 0.243719
vt 0.155657 0.242906
vt 0.345957 0.310949
vt 0.360244 0.311055
vt 0.360934 0.340736
vt 0.375455 0.340615
vt 0.374005 0.311193
vt 0.385893 0.311271
vt 0.388094 0.340448
vt 0.403403 0.340185
vt 0.400089 0.311334
vt 0.414353 0.311309
vt 0.419095 0.339801
vt 0.331649 0.310933
vt 0.317239 0.340904
vt 0.317828 0.311014
vt 0.316174 0.400079
vt 0.315442 0.429103
vt 0.302523 0.428937
vt 0.385012 0.452749
vt 0.381592 0.426855
vt 0.394305 0.425836
vt 0.398445 0.451500
vt 0.350024 0.456805
vt 0.331822 0.429453
vt 0.348621 0.429407
vt 0.416401 0.450085
vt 0.410976 0.424551
vt 0.427014 0.422702
vt 0.433329 0.447336
vt 0.367710 0.455029
vt 0.365387 0.428340
vt 0.065931 0.153866
vt 0.065566 0.120924
vt 0.083027 0.119659
vt 0.285514 0.428779
vt 0.269178 0.428125
vt 0.252252 0.425958
vt 0.237361 0.423556
vt 0.188248 0.158013
vt 0.173650 0.155925
vt 0.176610 0.127915
vt 0.191691 0.129968
vt 0.163210 0.126114
vt 0.145795 0.123578
vt 0.129114 0.120954
vt 0.111867 0.119398
vt 0.205118 0.159992
vt 0.208602 0.132356
vt 0.097387 0.119658
vt 0.050779 0.155831
vt 0.049031 0.125349
vt 0.216759 0.447282
vt 0.223970 0.422214
vt 0.034681 0.158457
vt 0.031947 0.130399
vt 0.094793 0.606695
vt 0.099419 0.606553
vt 0.071823 0.606720
vt 0.076414 0.606753
vt 0.090324 0.606850
vt 0.038512 0.954924
vt 0.034055 0.954826
vt 0.067359 0.606684
vt 0.057820 0.606499
vt 0.062673 0.606601
vt 0.015526 0.953707
vt 0.020042 0.954016
vt 0.104153 0.606851
vt 0.029419 0.954682
vt 0.024718 0.954409
vt 0.052413 0.955029
vt 0.108929 0.607246
vt 0.057129 0.954936
vt 0.007453 0.917499
vt 0.116073 0.643346
vt 0.067137 0.182977
vt 0.316686 0.370909
vt 0.058922 0.554092
vt 0.182231 0.554092
vt 0.052390 0.997660
vt 0.057239 0.997484
vt 0.018420 0.996775
vt 0.023287 0.997203
vt 0.028219 0.997501
vt 0.033129 0.997635
vt 0.067454 0.564095
vt 0.062478 0.564086
vt 0.037855 0.997716
vt 0.111598 0.564888
vt 0.091952 0.564254
vt 0.106660 0.564516
vt 0.101678 0.564189
vt 0.013753 0.996413
vt 0.057368 0.564054
vt 0.072171 0.564065
vt 0.077036 0.564054
vt 0.096754 0.564143
vt 0.444009 0.539391
vt 0.419621 0.540603
vt 0.313179 0.546728
vt 0.294875 0.544153
vt 0.196330 0.014135
vt 0.175861 0.006265
vt 0.336085 0.550670
vt 0.465967 0.531499
vt 0.380475 0.543964
vt 0.357697 0.549398
vt 0.130945 0.001907
vt 0.108737 0.005754
vt 0.398997 0.540453
vt 0.214570 0.017294
vt 0.239097 0.020617
vt 0.091437 0.006469
vt 0.069017 0.002996
vt 0.153435 0.000148
vt 0.024069 0.012380
vt 0.003318 0.021580
vt 0.229526 0.544539
vt 0.251710 0.547938
vt 0.046193 0.003772
vt 0.275099 0.545711
vt 0.207086 0.535581
vt 0.188997 0.529914
vt 0.039017 0.622100
vt 0.036906 0.622005
vt 0.039957 0.570187
vt 0.040923 0.570289
vt 0.034821 0.621856
vt 0.038422 0.570019
vt 0.030781 0.621638
vt 0.028681 0.621506
vt 0.034581 0.569461
vt 0.035555 0.569552
vt 0.075874 0.938588
vt 0.077926 0.938600
vt 0.075826 0.990540
vt 0.074041 0.990483
vt 0.084107 0.938453
vt 0.086197 0.938676
vt 0.080907 0.990908
vt 0.079873 0.990745
vt 0.088202 0.939067
vt 0.081964 0.991249
vt 0.090181 0.939417
vt 0.083176 0.991571
vt 0.047253 0.622183
vt 0.045153 0.622147
vt 0.044487 0.570250
vt 0.045376 0.570132
vt 0.032815 0.621736
vt 0.037294 0.569963
vt 0.067621 0.938596
vt 0.069616 0.938552
vt 0.071152 0.990553
vt 0.070159 0.990739
vt 0.071667 0.938509
vt 0.072116 0.990523
vt 0.073771 0.938521
vt 0.073048 0.990463
vt 0.079922 0.938573
vt 0.076757 0.990562
vt 0.051456 0.622279
vt 0.049366 0.622245
vt 0.046911 0.569996
vt 0.048160 0.569829
vt 0.043133 0.622126
vt 0.041114 0.622129
vt 0.042135 0.570302
vt 0.043260 0.570232
vt 0.081996 0.938518
vt 0.077813 0.990647
vt 0.065551 0.938608
vt 0.068693 0.990873
vt 0.063446 0.938674
vt 0.067439 0.991048
vt 0.075079 0.996759
vt 0.041490 0.564054
s 1
usemtl Trunk
f 1654/1253/1153 1159/1254/1154 1157/1255/1155 1669/1256/1156
f 1661/1257/1157 1670/1258/1158 1173/1259/1159 1171/1260/1160
f 1655/1261/1161 1664/1262/1162 1177/1263/1163 1175/1264/1164
f 1657/1265/1165 1165/1266/1166 1163/1267/1167 1672/1268/1168
f 1664/1262/1162 1673/1269/1169 1179/1270/1170 1177/1263/1163
f 1658/1271/1171 1667/1272/1172 1183/1273/1173 1181/1274/1174
f 1661/1257/1157 1171/1260/1160 1169/1275/1175 1675/1276/1176
f 1667/1272/1172 1676/1277/1177 1185/1278/1178 1183/1273/1173
f 1655/1261/1161 1175/1264/1164 1173/1259/1159 1670/1258/1158
f 1662/1279/1179 1671/1280/1180 1189/1281/1181 1187/1282/1182
f 1656/1283/1183 1665/1284/1184 1193/1285/1185 1191/1286/1186
f 1658/1271/1171 1181/1274/1174 1179/1287/1170 1673/1288/1169
f 1665/1284/1184 1674/1289/1187 1195/1290/1188 1193/1285/1185
f 1659/1291/1189 1668/1292/1190 1199/1293/1191 1197/1294/1192
f 1662/1279/1179 1187/1282/1182 1185/1278/1178 1676/1277/1177
f 1668/1292/1190 1677/1295/1193 1201/1296/1194 1199/1293/1191
f 1654/1253/1153 1663/1297/1195 1161/1298/1196 1159/1254/1154
f 1656/1283/1183 1191/1286/1186 1189/1281/1181 1671/1280/1180
f 1663/1297/1195 1672/1268/1168 1163/1267/1167 1161/1298/1196
f 1653/1299/1197 1153/1300/1198 1154/1301/1199 1660/1302/1200
f 1657/1265/1165 1666/1303/1201 1167/1304/1202 1165/1266/1166
f 1659/1291/1189 1197/1294/1192 1195/1290/1188 1674/1289/1187
f 1666/1303/1201 1675/1276/1176 1169/1275/1175 1167/1304/1202
f 1653/1299/1197 1669/1256/1156 1157/1255/1155 1153/1300/1198
f 1479/1305/1203 1501/1306/1204 1179/1287/1170 1181/1274/1174
f 1508/1307/1205 1212/1308/1206 1211/1309/1207 1522/1310/1208
f 1517/1311/1209 1214/1312/1210 1213/1313/1211 1514/1314/1212
f 1490/1315/1213 1484/1316/1214 1187/1282/1182 1189/1281/1181
f 1526/1317/1215 1216/1318/1216 1215/1319/1217 1520/1320/1218
f 1496/1321/1219 1493/1322/1220 1191/1286/1186 1193/1285/1185
f 1486/1323/1221 1479/1305/1203 1181/1274/1174 1183/1273/1173
f 1480/1324/1222 1502/1325/1223 1195/1290/1188 1197/1294/1192
f 1509/1326/1224 1220/1327/1225 1219/1328/1226 1523/1329/1227
f 1499/1330/1228 1487/1331/1229 1199/1293/1191 1201/1296/1194
f 1518/1332/1230 1222/1333/1231 1221/1334/1232 1515/1335/1233
f 1559/1336/1234 1563/1337/1235 1236/1338/1236 1235/1339/1237
f 1527/1340/1238 1224/1341/1239 1223/1342/1240 1521/1343/1241
f 1566/1344/1242 1569/1345/1243 1230/1346/1244 1229/1347/1245
f 1487/1331/1229 1480/1324/1222 1197/1294/1192 1199/1293/1191
f 1575/1348/1246 1572/1349/1247 1232/1350/1248 1231/1351/1249
f 1559/1336/1234 1235/1339/1237 1234/1352/1250 1556/1353/1251
f 1531/1354/1252 1528/1355/1253 1208/1356/1254 1209/1357/1255
f 1566/1344/1242 1229/1347/1245 1228/1358/1256 1562/1359/1257
f 1495/1360/1258 1492/1361/1259 1175/1264/1164 1177/1263/1163
f 1575/1348/1246 1231/1351/1249 1230/1346/1244 1569/1345/1243
f 1489/1362/1260 1483/1363/1261 1171/1260/1160 1173/1259/1159
f 1553/1364/1262 1233/1365/1263 1232/1350/1248 1572/1349/1247
f 1498/1366/1264 1486/1323/1221 1183/1273/1173 1185/1278/1178
f 1560/1367/1265 1243/1368/1266 1242/1369/1267 1557/1370/1268
f 1587/1371/1269 1584/1372/1270 1233/1365/1263 1234/1352/1250
f 1625/1373/1271 1254/1374/1272 1253/1375/1273 1618/1376/1274
f 1533/1377/1275 1530/1378/1276 1224/1341/1239 1225/1379/1277
f 1555/1380/1278 1249/1381/1279 1248/1382/1280 1574/1383/1281
f 1560/1367/1265 1564/1384/1282 1244/1385/1283 1243/1368/1266
f 1603/1386/1284 1256/1387/1285 1255/1388/1286 1622/1389/1287
f 1567/1390/1288 1570/1391/1289 1238/1392/1290 1237/1393/1291
f 1507/1394/1292 1513/1395/1293 1205/1396/1294 1204/1397/1295
f 1616/1398/1296 1620/1399/1297 1269/1400/1298 1268/1401/1299
f 1616/1398/1296 1268/1401/1299 1267/1402/1300 1613/1403/1301
f 1626/1404/1302 1623/1405/1303 1263/1406/1304 1262/1407/1305
f 1525/1408/1306 1208/1356/1254 1207/1409/1307 1519/1410/1308
f 1516/1411/1309 1519/1410/1308 1207/1409/1307 1206/1412/1310
f 1507/1394/1292 1204/1397/1295 1203/1413/1311 1506/1414/1312
f 1589/1415/1313 1586/1416/1314 1249/1381/1279 1250/1417/1315
f 1599/1418/1316 1602/1419/1317 1245/1420/1318 1246/1421/1319
f 1485/1422/1320 1478/1423/1321 1165/1266/1166 1167/1304/1202
f 1320/1424/1322 1351/1425/1323 1281/1426/1324 1282/1427/1325
f 1377/1428/1326 1303/1429/1327 1286/1430/1328 1287/1431/1329
f 1315/1432/1330 1320/1424/1322 1282/1427/1325 1283/1433/1331
f 1309/1434/1332 1314/1435/1333 1297/1436/1334 1298/1437/1335
f 1303/1429/1327 1308/1438/1336 1285/1439/1337 1286/1430/1328
f 1372/1440/1338 1377/1428/1326 1287/1431/1329 1288/1441/1339
f 1366/1442/1340 1371/1443/1341 1289/1444/1342 1290/1445/1343
f 1362/1446/1344 1365/1447/1345 1292/1448/1346 1293/1449/1347
f 1357/1450/1348 1362/1446/1344 1293/1449/1347 1294/1451/1349
f 1351/1425/1323 1356/1452/1350 1280/1453/1351 1281/1426/1324
f 1345/1454/1352 1350/1455/1353 1295/1456/1354 1296/1457/1355
f 1339/1458/1356 1344/1459/1357 1300/1460/1358 1301/1461/1359
f 1597/1462/1360 1600/1463/1361 1229/1347/1245 1230/1346/1244
f 1610/1464/1362 1266/1465/1363 1265/1466/1364 1607/1467/1365
f 1525/1408/1306 1503/1468/1366 1209/1357/1255 1208/1356/1254
f 1604/1469/1367 1264/1470/1368 1263/1406/1304 1623/1405/1303
f 1577/1471/1369 1247/1472/1370 1246/1421/1319 1571/1473/1371
f 1627/1474/1372 1270/1475/1373 1269/1400/1298 1620/1399/1297
f 1568/1476/1374 1571/1473/1371 1246/1421/1319 1245/1420/1318
f 1567/1390/1288 1237/1393/1291 1236/1338/1236 1563/1337/1235
f 1540/1477/1375 1536/1478/1376 1226/1479/1377 1227/1480/1378
f 1548/1481/1379 1551/1482/1380 1214/1312/1210 1215/1319/1217
f 1583/1483/1381 1580/1484/1382 1247/1472/1370 1248/1382/1280
f 1617/1485/1383 1276/1486/1384 1275/1487/1385 1614/1488/1386
f 1561/1489/1387 1251/1490/1388 1250/1417/1315 1558/1491/1389
f 1532/1492/1390 1529/1493/1391 1216/1494/1216 1217/1495/1392
f 1611/1496/1393 1274/1497/1394 1273/1498/1395 1608/1499/1396
f 1588/1500/1397 1585/1501/1398 1241/1502/1399 1242/1369/1267
f 1554/1503/1400 1241/1504/1399 1240/1505/1401 1573/1506/1402
f 1516/1411/1309 1206/1412/1310 1205/1396/1294 1513/1395/1293
f 1605/1507/1403 1272/1508/1404 1271/1509/1405 1624/1510/1406
f 1596/1511/1407 1592/1512/1408 1251/1490/1388 1252/1513/1409
f 1581/1514/1410 1578/1515/1411 1231/1351/1249 1232/1350/1248
f 1582/1516/1412 1579/1517/1413 1239/1518/1414 1240/1505/1401
f 1576/1519/1415 1239/1518/1414 1238/1392/1290 1570/1391/1289
f 1626/1404/1302 1262/1407/1305 1261/1520/1416 1619/1521/1417
f 1549/1522/1418 1552/1523/1419 1222/1333/1231 1223/1342/1240
f 1594/1524/1420 1590/1525/1421 1235/1339/1237 1236/1338/1236
f 1609/1526/1422 1258/1527/1423 1257/1528/1424 1606/1529/1425
f 1485/1422/1320 1167/1304/1202 1169/1275/1175 1497/1530/1426
f 1568/1476/1374 1245/1420/1318 1244/1385/1283 1564/1384/1282
f 1615/1531/1427 1260/1532/1428 1259/1533/1429 1612/1534/1430
f 1356/1452/1350 1323/1535/1431 1279/1536/1432 1280/1453/1351
f 1642/1537/1433 1631/1538/1434 1265/1539/1364 1266/1540/1363
f 1643/1541/1435 1646/1542/1436 1268/1543/1299 1269/1544/1298
f 1644/1545/1437 1638/1546/1438 1258/1547/1423 1259/1548/1429
f 1315/1432/1330 1283/1433/1331 1284/1549/1439 1335/1550/1440
f 1324/1551/1441 1278/1552/1442 1279/1536/1432 1323/1535/1431
f 1309/1434/1332 1298/1437/1335 1299/1553/1443 1332/1554/1444
f 1372/1440/1338 1288/1441/1339 1289/1444/1342 1371/1443/1341
f 1345/1454/1352 1296/1457/1355 1297/1436/1334 1314/1435/1333
f 1357/1450/1348 1294/1451/1349 1295/1456/1354 1350/1455/1353
f 1645/1555/1445 1650/1556/1446 1276/1557/1384 1277/1558/1447
f 1339/1458/1356 1301/1461/1359 1302/1559/1448 1329/1560/1449
f 1457/1561/1450 1341/1562/1451 1327/1563/1452 1467/1564/1453
f 1341/1562/1451 1340/1565/1454 1328/1566/1455 1327/1563/1452
f 1340/1565/1454 1339/1458/1356 1329/1560/1449 1328/1566/1455
f 1291/1567/1456 1292/1448/1346 1365/1447/1345 1338/1568/1457
f 1338/1568/1457 1365/1447/1345 1364/1569/1458 1337/1570/1459
f 1337/1570/1459 1364/1569/1458 1363/1571/1460 1336/1572/1461
f 1460/1573/1462 1359/1574/1463 1348/1575/1464 1472/1576/1465
f 1359/1574/1463 1358/1577/1466 1349/1578/1467 1348/1575/1464
f 1358/1577/1466 1357/1450/1348 1350/1455/1353 1349/1578/1467
f 1458/1579/1468 1347/1580/1469 1312/1581/1470 1464/1582/1471
f 1347/1580/1469 1346/1583/1472 1313/1584/1473 1312/1581/1470
f 1346/1583/1472 1345/1454/1352 1314/1435/1333 1313/1584/1473
f 1462/1585/1474 1374/1586/1475 1369/1587/1476 1476/1588/1477
f 1374/1586/1475 1373/1589/1478 1370/1590/1479 1369/1587/1476
f 1373/1589/1478 1372/1440/1338 1371/1443/1341 1370/1590/1479
f 1454/1591/1480 1311/1592/1481 1330/1593/1482 1468/1594/1483
f 1311/1592/1481 1310/1595/1484 1331/1596/1485 1330/1593/1482
f 1310/1595/1484 1309/1434/1332 1332/1554/1444 1331/1596/1485
f 1456/1597/1486 1326/1598/1487 1321/1599/1488 1466/1600/1489
f 1326/1598/1487 1325/1601/1490 1322/1602/1491 1321/1599/1488
f 1325/1601/1490 1324/1551/1441 1323/1535/1431 1322/1602/1491
f 1455/1603/1492 1317/1604/1493 1333/1605/1494 1469/1606/1495
f 1317/1604/1493 1316/1607/1496 1334/1608/1497 1333/1605/1494
f 1316/1607/1496 1315/1432/1330 1335/1550/1440 1334/1608/1497
f 1284/1549/1439 1285/1439/1337 1308/1438/1336 1335/1550/1440
f 1335/1550/1440 1308/1438/1336 1307/1609/1498 1334/1608/1497
f 1334/1608/1497 1307/1609/1498 1306/1610/1499 1333/1605/1494
f 1299/1553/1443 1300/1460/1358 1344/1459/1357 1332/1554/1444
f 1332/1554/1444 1344/1459/1357 1343/1611/1500 1331/1596/1485
f 1331/1596/1485 1343/1611/1500 1342/1612/1501 1330/1593/1482
f 1302/1613/1448 1278/1552/1442 1324/1551/1441 1329/1614/1449
f 1329/1614/1449 1324/1551/1441 1325/1601/1490 1328/1615/1455
f 1328/1615/1455 1325/1601/1490 1326/1598/1487 1327/1616/1452
f 1473/1617/1502 1466/1600/1489 1321/1599/1488 1354/1618/1503
f 1354/1618/1503 1321/1599/1488 1322/1602/1491 1355/1619/1504
f 1355/1619/1504 1322/1602/1491 1323/1535/1431 1356/1452/1350
f 1457/1561/1450 1471/1620/1505 1342/1612/1501 1341/1562/1451
f 1341/1562/1451 1342/1612/1501 1343/1611/1500 1340/1565/1454
f 1340/1565/1454 1343/1611/1500 1344/1459/1357 1339/1458/1356
f 1458/1579/1468 1472/1576/1465 1348/1575/1464 1347/1580/1469
f 1347/1580/1469 1348/1575/1464 1349/1578/1467 1346/1583/1472
f 1346/1583/1472 1349/1578/1467 1350/1455/1353 1345/1454/1352
f 1459/1621/1506 1473/1617/1502 1354/1618/1503 1353/1622/1507
f 1353/1622/1507 1354/1618/1503 1355/1619/1504 1352/1623/1508
f 1352/1623/1508 1355/1619/1504 1356/1452/1350 1351/1425/1323
f 1460/1573/1462 1474/1624/1509 1360/1625/1510 1359/1574/1463
f 1359/1574/1463 1360/1625/1510 1361/1626/1511 1358/1577/1466
f 1358/1577/1466 1361/1626/1511 1362/1446/1344 1357/1450/1348
f 1474/1624/1509 1475/1627/1512 1363/1571/1460 1360/1625/1510
f 1360/1625/1510 1363/1571/1460 1364/1569/1458 1361/1626/1511
f 1361/1626/1511 1364/1569/1458 1365/1447/1345 1362/1446/1344
f 1461/1628/1513 1476/1588/1477 1369/1587/1476 1368/1629/1514
f 1368/1629/1514 1369/1587/1476 1370/1590/1479 1367/1630/1515
f 1367/1630/1515 1370/1590/1479 1371/1443/1341 1366/1442/1340
f 1462/1585/1474 1477/1631/1516 1375/1632/1517 1374/1586/1475
f 1374/1586/1475 1375/1632/1517 1376/1633/1518 1373/1589/1478
f 1373/1589/1478 1376/1633/1518 1377/1428/1326 1372/1440/1338
f 1453/1634/1519 1463/1635/1520 1306/1610/1499 1305/1636/1521
f 1305/1636/1521 1306/1610/1499 1307/1609/1498 1304/1637/1522
f 1304/1637/1522 1307/1609/1498 1308/1438/1336 1303/1429/1327
f 1454/1591/1480 1464/1582/1471 1312/1581/1470 1311/1592/1481
f 1311/1592/1481 1312/1581/1470 1313/1584/1473 1310/1595/1484
f 1310/1595/1484 1313/1584/1473 1314/1435/1333 1309/1434/1332
f 1455/1603/1492 1465/1638/1523 1318/1639/1524 1317/1604/1493
f 1317/1604/1493 1318/1639/1524 1319/1640/1525 1316/1607/1496
f 1316/1607/1496 1319/1640/1525 1320/1424/1322 1315/1432/1330
f 1477/1631/1516 1453/1634/1519 1305/1636/1521 1375/1632/1517
f 1375/1632/1517 1305/1636/1521 1304/1637/1522 1376/1633/1518
f 1376/1633/1518 1304/1637/1522 1303/1429/1327 1377/1428/1326
f 1465/1638/1523 1459/1621/1506 1353/1622/1507 1318/1639/1524
f 1318/1639/1524 1353/1622/1507 1352/1623/1508 1319/1640/1525
f 1319/1640/1525 1352/1623/1508 1351/1425/1323 1320/1424/1322
f 1590/1525/1421 1390/1641/1526 1387/1642/1527 1587/1371/1269
f 1584/1372/1270 1384/1643/1528 1381/1644/1529 1581/1514/1410
f 1619/1521/1417 1615/1531/1427 1390/1641/1526 1394/1645/1530
f 1601/1646/1531 1401/1647/1532 1394/1645/1530 1594/1524/1420
f 1607/1467/1365 1604/1469/1367 1379/1648/1533 1382/1649/1534
f 1606/1529/1425 1603/1386/1284 1378/1650/1535 1381/1644/1529
f 1621/1651/1536 1617/1485/1383 1392/1652/1537 1396/1653/1538
f 1580/1484/1382 1380/1654/1539 1399/1655/1540 1599/1418/1316
f 1613/1403/1301 1610/1656/1362 1385/1657/1541 1388/1658/1542
f 1586/1416/1314 1386/1659/1543 1383/1660/1544 1583/1483/1381
f 1592/1512/1408 1392/1652/1537 1389/1661/1545 1589/1415/1313
f 1608/1499/1396 1605/1507/1403 1380/1654/1539 1383/1660/1544
f 1602/1419/1317 1402/1662/1546 1395/1663/1547 1595/1664/1548
f 1579/1517/1413 1379/1648/1533 1398/1665/1549 1598/1666/1550
f 1585/1667/1398 1385/1668/1541 1382/1649/1534 1582/1516/1412
f 1622/1389/1287 1625/1373/1271 1400/1669/1551 1397/1670/1552
f 1624/1510/1406 1627/1474/1372 1402/1662/1546 1399/1655/1540
f 1614/1488/1386 1611/1496/1393 1386/1659/1543 1389/1661/1545
f 1601/1646/1531 1598/1666/1550 1398/1665/1549 1401/1647/1532
f 1591/1671/1553 1391/1672/1554 1388/1658/1542 1588/1500/1397
f 1591/1671/1553 1595/1664/1548 1395/1663/1547 1391/1672/1554
f 1578/1515/1411 1378/1650/1535 1397/1670/1552 1597/1462/1360
f 1600/1463/1361 1400/1669/1551 1393/1673/1555 1593/1674/1556
f 1612/1534/1430 1609/1526/1422 1384/1643/1528 1387/1642/1527
f 1543/1675/1557 1418/1676/1558 1414/1677/1559 1539/1678/1560
f 1574/1383/1281 1577/1471/1369 1427/1679/1561 1424/1680/1562
f 1551/1482/1380 1426/1681/1563 1420/1682/1564 1545/1683/1565
f 1529/1684/1391 1404/1685/1566 1423/1686/1567 1548/1481/1379
f 1557/1370/1268 1554/1687/1400 1404/1688/1566 1407/1689/1568
f 1536/1478/1376 1411/1690/1569 1408/1691/1570 1533/1377/1275
f 1573/1506/1402 1576/1519/1415 1426/1681/1563 1423/1686/1567
f 1565/1692/1571 1561/1489/1387 1411/1690/1569 1415/1693/1572
f 1542/1694/1573 1417/1695/1574 1413/1696/1575 1538/1697/1576
f 1543/1675/1557 1546/1698/1577 1421/1699/1578 1418/1676/1558
f 1552/1523/1419 1427/1679/1561 1421/1699/1578 1546/1698/1577
f 1542/1694/1573 1545/1683/1565 1420/1682/1564 1417/1695/1574
f 1535/1700/1579 1539/1678/1560 1414/1677/1559 1410/1701/1580
f 1530/1378/1276 1405/1702/1581 1424/1680/1562 1549/1522/1418
f 1558/1491/1389 1555/1380/1278 1405/1702/1581 1408/1691/1570
f 1535/1700/1579 1410/1701/1580 1407/1689/1568 1532/1492/1390
f 1528/1355/1253 1403/1703/1582 1422/1704/1583 1547/1705/1584
f 1550/1706/1585 1425/1707/1586 1419/1708/1587 1544/1709/1588
f 1541/1710/1589 1416/1711/1590 1412/1712/1591 1537/1713/1592
f 1556/1353/1251 1553/1364/1262 1403/1703/1582 1406/1714/1593
f 1534/1715/1594 1409/1716/1595 1406/1714/1593 1531/1354/1252
f 1550/1706/1585 1547/1705/1584 1422/1704/1583 1425/1707/1586
f 1541/1710/1589 1544/1709/1588 1419/1708/1587 1416/1711/1590
f 1534/1715/1594 1538/1697/1576 1413/1696/1575 1409/1716/1595
f 1510/1717/1596 1435/1718/1597 1447/1719/1598 1522/1310/1208
f 1491/1720/1599 1441/1721/1600 1438/1722/1601 1488/1723/1602
f 1500/1724/1603 1478/1423/1321 1428/1725/1604 1450/1726/1605
f 1510/1717/1596 1503/1468/1366 1428/1725/1604 1435/1718/1597
f 1482/1727/1606 1432/1728/1607 1431/1729/1608 1481/1730/1609
f 1491/1720/1599 1494/1731/1610 1444/1732/1611 1441/1721/1600
f 1500/1724/1603 1450/1726/1605 1444/1732/1611 1494/1731/1610
f 1482/1727/1606 1488/1723/1602 1438/1722/1601 1432/1728/1607
f 1523/1329/1227 1511/1733/1612 1436/1734/1613 1448/1735/1614
f 1514/1314/1212 1508/1307/1205 1433/1736/1615 1439/1737/1616
f 1520/1320/1218 1517/1311/1209 1442/1738/1617 1445/1739/1618
f 1512/1740/1619 1505/1741/1620 1430/1742/1621 1437/1743/1622
f 1502/1325/1223 1452/1744/1623 1446/1745/1624 1496/1321/1219
f 1493/1322/1220 1443/1746/1625 1440/1747/1626 1490/1315/1213
f 1524/1748/1627 1512/1740/1619 1437/1743/1622 1449/1749/1628
f 1484/1316/1214 1434/1750/1629 1448/1735/1614 1498/1366/1264
f 1505/1741/1620 1527/1340/1238 1452/1744/1623 1430/1742/1621
f 1511/1733/1612 1504/1751/1630 1429/1752/1631 1436/1734/1613
f 1521/1343/1241 1518/1332/1230 1443/1746/1625 1446/1745/1624
f 1501/1753/1204 1451/1754/1632 1445/1739/1618 1495/1360/1258
f 1515/1335/1233 1509/1326/1224 1434/1750/1629 1440/1747/1626
f 1492/1361/1259 1442/1738/1617 1439/1737/1616 1489/1362/1260
f 1483/1363/1261 1433/1736/1615 1447/1719/1598 1497/1530/1426
f 1504/1751/1630 1526/1755/1215 1451/1756/1632 1429/1752/1631
f 1640/1757/1633 1634/1758/1634 1459/1621/1506 1465/1638/1523
f 1652/1759/1635 1628/1760/1636 1453/1634/1519 1477/1631/1516
f 1630/1761/1637 1640/1757/1633 1465/1638/1523 1455/1603/1492
f 1629/1762/1638 1639/1763/1639 1464/1582/1471 1454/1591/1480
f 1628/1760/1636 1638/1546/1438 1463/1635/1520 1453/1634/1519
f 1637/1764/1640 1652/1759/1635 1477/1631/1516 1462/1585/1474
f 1636/1765/1641 1651/1766/1642 1476/1588/1477 1461/1628/1513
f 1649/1767/1643 1650/1556/1446 1475/1627/1512 1474/1624/1509
f 1635/1768/1644 1649/1767/1643 1474/1624/1509 1460/1573/1462
f 1634/1758/1634 1648/1769/1645 1473/1617/1502 1459/1621/1506
f 1633/1770/1646 1647/1771/1647 1472/1576/1465 1458/1579/1468
f 1632/1772/1648 1646/1542/1436 1471/1620/1505 1457/1561/1450
f 1648/1769/1645 1641/1773/1649 1466/1600/1489 1473/1617/1502
f 1630/1761/1637 1455/1603/1492 1469/1606/1495 1644/1545/1437
f 1631/1538/1434 1456/1597/1486 1466/1600/1489 1641/1773/1649
f 1629/1762/1638 1454/1591/1480 1468/1594/1483 1643/1541/1435
f 1637/1764/1640 1462/1585/1474 1476/1588/1477 1651/1766/1642
f 1633/1770/1646 1458/1579/1468 1464/1582/1471 1639/1763/1639
f 1635/1768/1644 1460/1573/1462 1472/1576/1465 1647/1771/1647
f 1632/1772/1648 1457/1561/1450 1467/1564/1453 1642/1774/1433
f 1336/1572/1461 1363/1571/1460 1475/1627/1512 1470/1775/1650
f 1333/1605/1494 1306/1610/1499 1463/1635/1520 1469/1606/1495
f 1330/1593/1482 1342/1612/1501 1471/1620/1505 1468/1594/1483
f 1327/1616/1452 1326/1598/1487 1456/1597/1486 1467/1776/1453
f 1171/1260/1160 1483/1363/1261 1497/1530/1426 1169/1275/1175
f 1175/1264/1164 1492/1361/1259 1489/1362/1260 1173/1259/1159
f 1179/1270/1170 1501/1753/1204 1495/1360/1258 1177/1263/1163
f 1187/1282/1182 1484/1316/1214 1498/1366/1264 1185/1278/1178
f 1191/1286/1186 1493/1322/1220 1490/1315/1213 1189/1281/1181
f 1195/1290/1188 1502/1325/1223 1496/1321/1219 1193/1285/1185
f 1153/1300/1198 1157/1255/1155 1488/1723/1602 1482/1727/1606
f 1163/1267/1167 1500/1724/1603 1494/1731/1610 1161/1298/1196
f 1159/1254/1154 1161/1298/1196 1494/1731/1610 1491/1720/1599
f 1153/1300/1198 1482/1727/1606 1481/1730/1609 1154/1301/1199
f 1163/1267/1167 1165/1266/1166 1478/1423/1321 1500/1724/1603
f 1159/1254/1154 1491/1720/1599 1488/1723/1602 1157/1255/1155
f 1435/1718/1597 1485/1422/1320 1497/1530/1426 1447/1719/1598
f 1435/1718/1597 1428/1725/1604 1478/1423/1321 1485/1422/1320
f 1448/1735/1614 1436/1734/1613 1486/1323/1221 1498/1366/1264
f 1439/1737/1616 1433/1736/1615 1483/1363/1261 1489/1362/1260
f 1445/1739/1618 1442/1738/1617 1492/1361/1259 1495/1360/1258
f 1437/1743/1622 1430/1742/1621 1480/1324/1222 1487/1331/1229
f 1449/1749/1628 1437/1743/1622 1487/1331/1229 1499/1330/1228
f 1430/1742/1621 1452/1744/1623 1502/1325/1223 1480/1324/1222
f 1436/1734/1613 1429/1752/1631 1479/1305/1203 1486/1323/1221
f 1446/1745/1624 1443/1746/1625 1493/1322/1220 1496/1321/1219
f 1440/1747/1626 1434/1750/1629 1484/1316/1214 1490/1315/1213
f 1429/1752/1631 1451/1756/1632 1501/1306/1204 1479/1305/1203
f 1217/1495/1392 1216/1494/1216 1526/1755/1215 1504/1751/1630
f 1221/1334/1232 1220/1327/1225 1509/1326/1224 1515/1335/1233
f 1223/1342/1240 1222/1333/1231 1518/1332/1230 1521/1343/1241
f 1218/1777/1651 1217/1495/1392 1504/1751/1630 1511/1733/1612
f 1225/1379/1277 1224/1341/1239 1527/1340/1238 1505/1741/1620
f 1227/1480/1378 1226/1479/1377 1512/1740/1619 1524/1748/1627
f 1226/1479/1377 1225/1379/1277 1505/1741/1620 1512/1740/1619
f 1215/1319/1217 1214/1312/1210 1517/1311/1209 1520/1320/1218
f 1213/1313/1211 1212/1308/1206 1508/1307/1205 1514/1314/1212
f 1219/1328/1226 1218/1777/1651 1511/1733/1612 1523/1329/1227
f 1210/1778/1652 1209/1357/1255 1503/1468/1366 1510/1717/1596
f 1210/1778/1652 1510/1717/1596 1522/1310/1208 1211/1309/1207
f 1441/1721/1600 1516/1411/1309 1513/1395/1293 1438/1722/1601
f 1450/1726/1605 1428/1725/1604 1503/1468/1366 1525/1408/1306
f 1432/1728/1607 1507/1394/1292 1506/1414/1312 1431/1729/1608
f 1441/1721/1600 1444/1732/1611 1519/1410/1308 1516/1411/1309
f 1450/1726/1605 1525/1408/1306 1519/1410/1308 1444/1732/1611
f 1432/1728/1607 1438/1722/1601 1513/1395/1293 1507/1394/1292
f 1452/1744/1623 1527/1340/1238 1521/1343/1241 1446/1745/1624
f 1443/1746/1625 1518/1332/1230 1515/1335/1233 1440/1747/1626
f 1434/1750/1629 1509/1326/1224 1523/1329/1227 1448/1735/1614
f 1451/1754/1632 1526/1317/1215 1520/1320/1218 1445/1739/1618
f 1442/1738/1617 1517/1311/1209 1514/1314/1212 1439/1737/1616
f 1433/1736/1615 1508/1307/1205 1522/1310/1208 1447/1719/1598
f 1210/1778/1652 1211/1309/1207 1538/1697/1576 1534/1715/1594
f 1204/1397/1295 1205/1396/1294 1544/1709/1588 1541/1710/1589
f 1206/1412/1310 1207/1409/1307 1547/1705/1584 1550/1706/1585
f 1210/1778/1652 1534/1715/1594 1531/1354/1252 1209/1357/1255
f 1204/1397/1295 1541/1710/1589 1537/1713/1592 1203/1413/1311
f 1206/1412/1310 1550/1706/1585 1544/1709/1588 1205/1396/1294
f 1208/1356/1254 1528/1355/1253 1547/1705/1584 1207/1409/1307
f 1218/1777/1651 1535/1700/1579 1532/1492/1390 1217/1495/1392
f 1224/1341/1239 1530/1378/1276 1549/1522/1418 1223/1342/1240
f 1218/1777/1651 1219/1328/1226 1539/1678/1560 1535/1700/1579
f 1212/1308/1206 1213/1313/1211 1545/1683/1565 1542/1694/1573
f 1222/1333/1231 1552/1523/1419 1546/1698/1577 1221/1334/1232
f 1220/1327/1225 1221/1334/1232 1546/1698/1577 1543/1675/1557
f 1212/1308/1206 1542/1694/1573 1538/1697/1576 1211/1309/1207
f 1226/1479/1377 1536/1478/1376 1533/1377/1275 1225/1379/1277
f 1216/1318/1216 1529/1684/1391 1548/1481/1379 1215/1319/1217
f 1214/1312/1210 1551/1482/1380 1545/1683/1565 1213/1313/1211
f 1220/1327/1225 1543/1675/1557 1539/1678/1560 1219/1328/1226
f 1424/1680/1562 1427/1679/1561 1552/1523/1419 1549/1522/1418
f 1407/1689/1568 1404/1688/1566 1529/1493/1391 1532/1492/1390
f 1423/1686/1567 1426/1681/1563 1551/1482/1380 1548/1481/1379
f 1415/1693/1572 1411/1690/1569 1536/1478/1376 1540/1477/1375
f 1408/1691/1570 1405/1702/1581 1530/1378/1276 1533/1377/1275
f 1406/1714/1593 1403/1703/1582 1528/1355/1253 1531/1354/1252
f 1234/1352/1250 1233/1365/1263 1553/1364/1262 1556/1353/1251
f 1250/1417/1315 1249/1381/1279 1555/1380/1278 1558/1491/1389
f 1252/1513/1409 1251/1490/1388 1561/1489/1387 1565/1692/1571
f 1240/1505/1401 1239/1518/1414 1576/1519/1415 1573/1506/1402
f 1242/1369/1267 1241/1502/1399 1554/1687/1400 1557/1370/1268
f 1248/1382/1280 1247/1472/1370 1577/1471/1369 1574/1383/1281
f 1418/1676/1558 1568/1476/1374 1564/1384/1282 1414/1677/1559
f 1426/1681/1563 1576/1519/1415 1570/1391/1289 1420/1682/1564
f 1404/1685/1566 1554/1503/1400 1573/1506/1402 1423/1686/1567
f 1411/1690/1569 1561/1489/1387 1558/1491/1389 1408/1691/1570
f 1417/1695/1574 1567/1390/1288 1563/1337/1235 1413/1696/1575
f 1418/1676/1558 1421/1699/1578 1571/1473/1371 1568/1476/1374
f 1427/1679/1561 1577/1471/1369 1571/1473/1371 1421/1699/1578
f 1417/1695/1574 1420/1682/1564 1570/1391/1289 1567/1390/1288
f 1410/1701/1580 1414/1677/1559 1564/1384/1282 1560/1367/1265
f 1405/1702/1581 1555/1380/1278 1574/1383/1281 1424/1680/1562
f 1410/1701/1580 1560/1367/1265 1557/1370/1268 1407/1689/1568
f 1403/1703/1582 1553/1364/1262 1572/1349/1247 1422/1704/1583
f 1425/1707/1586 1575/1348/1246 1569/1345/1243 1419/1708/1587
f 1416/1711/1590 1566/1344/1242 1562/1359/1257 1412/1712/1591
f 1409/1716/1595 1559/1336/1234 1556/1353/1251 1406/1714/1593
f 1425/1707/1586 1422/1704/1583 1572/1349/1247 1575/1348/1246
f 1416/1711/1590 1419/1708/1587 1569/1345/1243 1566/1344/1242
f 1409/1716/1595 1413/1696/1575 1563/1337/1235 1559/1336/1234
f 1229/1347/1245 1600/1463/1361 1593/1674/1556 1228/1358/1256
f 1231/1351/1249 1578/1515/1411 1597/1462/1360 1230/1346/1244
f 1243/1368/1266 1244/1385/1283 1595/1664/1548 1591/1671/1553
f 1243/1368/1266 1591/1671/1553 1588/1500/1397 1242/1369/1267
f 1237/1393/1291 1238/1392/1290 1598/1666/1550 1601/1646/1531
f 1241/1504/1399 1585/1667/1398 1582/1516/1412 1240/1505/1401
f 1239/1518/1414 1579/1517/1413 1598/1666/1550 1238/1392/1290
f 1245/1420/1318 1602/1419/1317 1595/1664/1548 1244/1385/1283
f 1251/1490/1388 1592/1512/1408 1589/1415/1313 1250/1417/1315
f 1249/1381/1279 1586/1416/1314 1583/1483/1381 1248/1382/1280
f 1247/1472/1370 1580/1484/1382 1599/1418/1316 1246/1421/1319
f 1237/1393/1291 1601/1646/1531 1594/1524/1420 1236/1338/1236
f 1233/1365/1263 1584/1372/1270 1581/1514/1410 1232/1350/1248
f 1235/1339/1237 1590/1525/1421 1587/1371/1269 1234/1352/1250
f 1394/1645/1530 1390/1641/1526 1590/1525/1421 1594/1524/1420
f 1382/1649/1534 1379/1648/1533 1579/1517/1413 1582/1516/1412
f 1381/1644/1529 1378/1650/1535 1578/1515/1411 1581/1514/1410
f 1396/1653/1538 1392/1652/1537 1592/1512/1408 1596/1511/1407
f 1388/1658/1542 1385/1657/1541 1585/1501/1398 1588/1500/1397
f 1383/1660/1544 1380/1654/1539 1580/1484/1382 1583/1483/1381
f 1397/1670/1552 1400/1669/1551 1600/1463/1361 1597/1462/1360
f 1399/1655/1540 1402/1662/1546 1602/1419/1317 1599/1418/1316
f 1389/1661/1545 1386/1659/1543 1586/1416/1314 1589/1415/1313
f 1387/1642/1527 1384/1643/1528 1584/1372/1270 1587/1371/1269
f 1259/1533/1429 1258/1527/1423 1609/1526/1422 1612/1534/1430
f 1275/1487/1385 1274/1497/1394 1611/1496/1393 1614/1488/1386
f 1271/1509/1405 1270/1475/1373 1627/1474/1372 1624/1510/1406
f 1255/1388/1286 1254/1374/1272 1625/1373/1271 1622/1389/1287
f 1273/1498/1395 1272/1508/1404 1605/1507/1403 1608/1499/1396
f 1267/1402/1300 1266/1779/1363 1610/1656/1362 1613/1403/1301
f 1277/1780/1447 1276/1486/1384 1617/1485/1383 1621/1651/1536
f 1257/1528/1424 1256/1387/1285 1603/1386/1284 1606/1529/1425
f 1265/1466/1364 1264/1470/1368 1604/1469/1367 1607/1467/1365
f 1261/1520/1416 1260/1532/1428 1615/1531/1427 1619/1521/1417
f 1390/1641/1526 1615/1531/1427 1612/1534/1430 1387/1642/1527
f 1384/1643/1528 1609/1526/1422 1606/1529/1425 1381/1644/1529
f 1401/1647/1532 1626/1404/1302 1619/1521/1417 1394/1645/1530
f 1380/1654/1539 1605/1507/1403 1624/1510/1406 1399/1655/1540
f 1386/1659/1543 1611/1496/1393 1608/1499/1396 1383/1660/1544
f 1392/1652/1537 1617/1485/1383 1614/1488/1386 1389/1661/1545
f 1402/1662/1546 1627/1474/1372 1620/1399/1297 1395/1663/1547
f 1379/1648/1533 1604/1469/1367 1623/1405/1303 1398/1665/1549
f 1385/1668/1541 1610/1464/1362 1607/1467/1365 1382/1649/1534
f 1401/1647/1532 1398/1665/1549 1623/1405/1303 1626/1404/1302
f 1391/1672/1554 1616/1398/1296 1613/1403/1301 1388/1658/1542
f 1391/1672/1554 1395/1663/1547 1620/1399/1297 1616/1398/1296
f 1378/1650/1535 1603/1386/1284 1622/1389/1287 1397/1670/1552
f 1400/1669/1551 1625/1373/1271 1618/1376/1274 1393/1673/1555
f 1267/1781/1300 1632/1772/1648 1642/1774/1433 1266/1782/1363
f 1274/1783/1394 1635/1768/1644 1647/1771/1647 1273/1784/1395
f 1272/1785/1404 1633/1770/1646 1639/1763/1639 1271/1786/1405
f 1255/1787/1286 1637/1764/1640 1651/1766/1642 1254/1788/1272
f 1270/1789/1373 1629/1762/1638 1643/1541/1435 1269/1544/1298
f 1265/1539/1364 1631/1538/1434 1641/1773/1649 1264/1790/1368
f 1260/1791/1428 1630/1761/1637 1644/1545/1437 1259/1548/1429
f 1263/1792/1304 1264/1790/1368 1641/1773/1649 1648/1769/1645
f 1267/1781/1300 1268/1543/1299 1646/1542/1436 1632/1772/1648
f 1272/1785/1404 1273/1784/1395 1647/1771/1647 1633/1770/1646
f 1262/1793/1305 1263/1792/1304 1648/1769/1645 1634/1758/1634
f 1274/1783/1394 1275/1794/1385 1649/1767/1643 1635/1768/1644
f 1275/1794/1385 1276/1557/1384 1650/1556/1446 1649/1767/1643
f 1253/1795/1273 1254/1788/1272 1651/1766/1642 1636/1765/1641
f 1255/1787/1286 1256/1796/1285 1652/1759/1635 1637/1764/1640
f 1257/1797/1424 1258/1547/1423 1638/1546/1438 1628/1760/1636
f 1270/1789/1373 1271/1786/1405 1639/1763/1639 1629/1762/1638
f 1260/1791/1428 1261/1798/1416 1640/1757/1633 1630/1761/1637
f 1256/1796/1285 1257/1797/1424 1628/1760/1636 1652/1759/1635
f 1261/1798/1416 1262/1793/1305 1634/1758/1634 1640/1757/1633
f 1470/1775/1650 1475/1627/1512 1650/1556/1446 1645/1555/1445
f 1469/1606/1495 1463/1635/1520 1638/1546/1438 1644/1545/1437
f 1468/1594/1483 1471/1620/1505 1646/1542/1436 1643/1541/1435
f 1467/1776/1453 1456/1597/1486 1631/1538/1434 1642/1537/1433
f 1156/1799/1653 1158/1800/1654 1669/1256/1156 1653/1299/1197
f 1168/1801/1655 1170/1802/1656 1675/1276/1176 1666/1303/1201
f 1198/1803/1657 1659/1291/1189 1674/1289/1187 1196/1804/1658
f 1166/1805/1659 1168/1801/1655 1666/1303/1201 1657/1265/1165
f 1156/1799/1653 1653/1299/1197 1660/1302/1200 1155/1806/1660
f 1162/1807/1661 1164/1808/1662 1672/1268/1168 1663/1297/1195
f 1192/1809/1663 1656/1283/1183 1671/1280/1180 1190/1810/1664
f 1160/1811/1665 1162/1807/1661 1663/1297/1195 1654/1253/1153
f 1200/1812/1666 1202/1813/1667 1677/1295/1193 1668/1292/1190
f 1188/1814/1668 1662/1279/1179 1676/1277/1177 1186/1815/1669
f 1198/1803/1657 1200/1812/1666 1668/1292/1190 1659/1291/1189
f 1194/1816/1670 1196/1804/1658 1674/1289/1187 1665/1284/1184
f 1182/1817/1671 1658/1271/1171 1673/1288/1169 1180/1818/1672
f 1192/1809/1663 1194/1816/1670 1665/1284/1184 1656/1283/1183
f 1188/1814/1668 1190/1810/1664 1671/1280/1180 1662/1279/1179
f 1176/1819/1673 1655/1261/1161 1670/1258/1158 1174/1820/1674
f 1184/1821/1675 1186/1815/1669 1676/1277/1177 1667/1272/1172
f 1172/1822/1676 1661/1257/1157 1675/1276/1176 1170/1802/1656
f 1182/1817/1671 1184/1821/1675 1667/1272/1172 1658/1271/1171
f 1178/1823/1677 1180/1824/1672 1673/1269/1169 1664/1262/1162
f 1166/1805/1659 1657/1265/1165 1672/1268/1168 1164/1808/1662
f 1176/1819/1673 1178/1823/1677 1664/1262/1162 1655/1261/1161
f 1172/1822/1676 1174/1820/1674 1670/1258/1158 1661/1257/1157
f 1160/1811/1665 1654/1253/1153 1669/1256/1156 1158/1800/1654
f 1703/1825/1678 1704/1826/1679 1695/1827/1680 1696/1828/1681
f 1704/1826/1679 1705/1829/1682 1694/1830/1683 1695/1827/1680
f 1706/1831/1684 1707/1832/1685 1691/1833/1686 1692/1834/1687
f 1708/1835/1688 1709/1836/1689 1683/1837/1690 1684/1838/1691
f 1710/1839/1692 1711/1840/1693 1679/1841/1694 1680/1842/1695
f 1711/1840/1693 1712/1843/1696 1678/1844/1697 1679/1841/1694
f 1712/1843/1696 1713/1845/1698 1702/1846/1699 1678/1844/1697
f 1714/1847/1700 1715/1848/1701 1699/1849/1702 1700/1850/1703
f 1705/1829/1682 1716/1851/1704 1693/1852/1705 1694/1830/1683
f 1717/1853/1706 1718/1854/1707 1687/1855/1708 1688/1856/1709
f 1718/1854/1707 1719/1857/1710 1686/1858/1711 1687/1855/1708
f 1719/1857/1710 1720/1859/1712 1685/1860/1713 1686/1858/1711
f 1709/1836/1689 1721/1861/1714 1682/1862/1715 1683/1837/1690
f 1713/1863/1698 1722/1864/1716 1701/1865/1717 1702/1866/1699
f 1723/1867/1718 1724/1868/1719 1697/1869/1720 1698/1870/1721
f 1724/1868/1719 1703/1825/1678 1696/1828/1681 1697/1869/1720
f 1716/1851/1704 1706/1831/1684 1692/1834/1687 1693/1852/1705
f 1725/1871/1722 1710/1839/1692 1680/1842/1695 1681/1872/1723
f 1726/1873/1724 1717/1853/1706 1688/1856/1709 1689/1874/1725
f 1715/1848/1701 1723/1867/1718 1698/1870/1721 1699/1849/1702
f 1721/1861/1714 1725/1871/1722 1681/1872/1723 1682/1862/1715
f 1727/1875/1726 1726/1873/1724 1689/1874/1725 1690/1876/1727
f 1722/1864/1716 1714/1847/1700 1700/1850/1703 1701/1865/1717
f 1720/1859/1712 1708/1835/1688 1684/1838/1691 1685/1860/1713
f 1285/1439/1337 1284/1549/1439 1708/1835/1688 1720/1859/1712
f 1301/1461/1359 1300/1460/1358 1714/1847/1700 1722/1864/1716
f 1290/1445/1343 1289/1444/1342 1726/1873/1724 1727/1875/1726
f 1282/1427/1325 1281/1426/1324 1725/1871/1722 1721/1861/1714
f 1299/1553/1443 1298/1437/1335 1723/1867/1718 1715/1848/1701
f 1289/1444/1342 1288/1441/1339 1717/1853/1706 1726/1873/1724
f 1281/1426/1324 1280/1453/1351 1710/1839/1692 1725/1871/1722
f 1293/1449/1347 1292/1448/1346 1706/1831/1684 1716/1851/1704
f 1297/1436/1334 1296/1457/1355 1703/1825/1678 1724/1868/1719
f 1298/1437/1335 1297/1436/1334 1724/1868/1719 1723/1867/1718
f 1302/1559/1448 1301/1461/1359 1722/1864/1716 1713/1863/1698
f 1283/1433/1331 1282/1427/1325 1721/1861/1714 1709/1836/1689
f 1286/1430/1328 1285/1439/1337 1720/1859/1712 1719/1857/1710
f 1287/1431/1329 1286/1430/1328 1719/1857/1710 1718/1854/1707
f 1288/1441/1339 1287/1431/1329 1718/1854/1707 1717/1853/1706
f 1294/1451/1349 1293/1449/1347 1716/1851/1704 1705/1829/1682
f 1300/1460/1358 1299/1553/1443 1715/1848/1701 1714/1847/1700
f 1278/1552/1442 1302/1613/1448 1713/1845/1698 1712/1843/1696
f 1279/1536/1432 1278/1552/1442 1712/1843/1696 1711/1840/1693
f 1280/1453/1351 1279/1536/1432 1711/1840/1693 1710/1839/1692
f 1284/1549/1439 1283/1433/1331 1709/1836/1689 1708/1835/1688
f 1292/1448/1346 1291/1567/1456 1707/1832/1685 1706/1831/1684
f 1295/1456/1354 1294/1451/1349 1705/1829/1682 1704/1826/1679
f 1296/1457/1355 1295/1456/1354 1704/1826/1679 1703/1825/1678
f 1678/1844/1697 1702/1846/1699 1728/1877/1728
f 1693/1852/1705 1692/1834/1687 1728/1878/1728
f 1698/1870/1721 1697/1869/1720 1728/1878/1728
f 1686/1858/1711 1685/1860/1713 1728/1877/1728
f 1701/1865/1717 1700/1850/1703 1728/1878/1728
f 1681/1872/1723 1680/1842/1695 1728/1877/1728
f 1699/1849/1702 1698/1870/1721 1728/1878/1728
f 1696/1828/1681 1695/1827/1680 1728/1878/1728
f 1684/1838/1691 1683/1837/1690 1728/1877/1728
f 1689/1874/1725 1688/1856/1709 1728/1877/1728
f 1682/1862/1715 1681/1872/1723 1728/1877/1728
f 1679/1841/1694 1678/1844/1697 1728/1877/1728
f 1694/1830/1683 1693/1852/1705 1728/1878/1728
f 1690/1876/1727 1689/1874/1725 1728/1877/1728
f 1687/1855/1708 1686/1858/1711 1728/1877/1728
f 1702/1866/1699 1701/1865/1717 1728/1878/1728
f 1692/1834/1687 1691/1833/1686 1728/1878/1728
f 1697/1869/1720 1696/1828/1681 1728/1878/1728
f 1685/1860/1713 1684/1838/1691 1728/1877/1728
f 1700/1850/1703 1699/1849/1702 1728/1878/1728
f 1680/1842/1695 1679/1841/1694 1728/1877/1728
f 1695/1827/1680 1694/1830/1683 1728/1878/1728
f 1683/1837/1690 1682/1862/1715 1728/1877/1728
f 1688/1856/1709 1687/1855/1708 1728/1877/1728
o Tree_0.080
v -30.707603 10.791576 5.506224
v -30.765850 11.029430 5.478619
v -30.870878 11.224245 5.397312
v -31.001949 11.346996 5.269529
v -31.137924 11.380329 5.113591
v -31.257141 11.319215 4.952344
v -31.341434 11.172122 4.810031
v -31.380630 10.961302 4.711275
v -31.373003 10.717796 4.675629
v -31.325191 10.442828 4.718524
v -31.239632 10.213982 4.824101
v -31.124792 10.067222 4.971430
v -30.995409 10.025529 5.135163
v -30.870173 10.095479 5.289300
v -30.769154 10.266186 5.411444
v -30.710464 10.511021 5.485910
v -30.707603 10.791576 5.506224
v -30.851927 10.857843 5.591524
v -30.888298 11.046282 5.547765
v -30.966513 11.198927 5.453471
v -31.073763 11.294024 5.320949
v -31.195232 11.318608 5.171203
v -31.311449 11.268119 5.025963
v -31.403481 11.148905 4.904938
v -31.459763 10.979895 4.828091
v -31.473652 10.785556 4.808477
v -31.444792 10.582296 4.852726
v -31.371424 10.414674 4.954556
v -31.269108 10.304890 5.093850
v -31.148611 10.270998 5.252347
v -31.026836 10.334552 5.398059
v -30.928482 10.467044 5.511721
v -30.865952 10.649781 5.581412
v -30.851927 10.857843 5.591524
v -31.007601 10.968630 5.713132
v -31.021753 11.127250 5.651332
v -31.079195 11.252372 5.538196
v -31.171862 11.328858 5.396207
v -31.286453 11.347677 5.247272
v -31.405506 11.305103 5.111546
v -31.511137 11.206501 5.006329
v -31.585133 11.062427 4.945501
v -31.616880 10.895128 4.940362
v -31.606203 10.731460 4.993544
v -31.553984 10.594053 5.099782
v -31.463535 10.504798 5.246612
v -31.348957 10.479615 5.414071
v -31.216646 10.536979 5.554187
v -31.109661 10.649240 5.661541
v -31.037577 10.801379 5.717004
v -31.007601 10.968630 5.713132
v -31.329493 11.230341 5.946867
v -31.332106 11.388677 5.868198
v -31.385305 11.517355 5.739394
v -31.483913 11.602992 5.586168
v -31.607357 11.620790 5.428548
v -31.740198 11.579614 5.293949
v -31.855202 11.477715 5.199785
v -31.940460 11.336881 5.157401
v -31.982924 11.175581 5.171881
v -31.980909 11.018213 5.242364
v -31.938738 10.887719 5.363396
v -31.858648 10.803407 5.522860
v -31.743002 10.780972 5.695220
v -31.596371 10.826175 5.831401
v -31.470541 10.928067 5.927200
v -31.378029 11.069674 5.967860
v -31.329493 11.230341 5.946867
v -31.870874 11.667138 6.313835
v -31.882557 11.886290 6.219597
v -31.966619 12.077155 6.062734
v -32.105770 12.197476 5.865384
v -32.278362 12.230752 5.666162
v -32.453266 12.172836 5.498396
v -32.601105 12.036695 5.387454
v -32.695896 11.844975 5.347473
v -32.729809 11.632537 5.380459
v -32.706249 11.432270 5.478696
v -32.631447 11.269649 5.628041
v -32.513996 11.164132 5.809187
v -32.361908 11.128614 5.995663
v -32.197338 11.169419 6.160283
v -32.044533 11.282602 6.278226
v -31.929270 11.455771 6.333129
v -31.870874 11.667138 6.313835
v -32.545624 12.186542 6.703135
v -32.568146 12.435787 6.608070
v -32.665245 12.644564 6.445486
v -32.818966 12.776684 6.239124
v -33.003029 12.811215 6.020542
v -33.189308 12.746465 5.829792
v -33.348476 12.595394 5.695662
v -33.457340 12.383799 5.636709
v -33.501595 12.144883 5.659617
v -33.475491 11.913274 5.759130
v -33.383644 11.721741 5.919799
v -33.239952 11.592671 6.112623
v -33.065048 11.546989 6.315818
v -32.883129 11.594440 6.502567
v -32.719658 11.730848 6.643836
v -32.600163 11.938517 6.715421
v -32.545624 12.186542 6.703135
v -32.999371 12.693190 7.322590
v -33.029961 12.914431 7.260401
v -33.128632 13.108953 7.152058
v -33.277344 13.244885 7.007264
v -33.455688 13.303311 6.852436
v -33.636555 13.275580 6.714145
v -33.791573 13.166208 6.613349
v -33.896915 12.992725 6.565417
v -33.937077 12.781652 6.575309
v -33.906738 12.563824 6.638931
v -33.810417 12.373803 6.751172
v -33.662971 12.240366 6.894754
v -33.486031 12.179201 7.042687
v -33.305820 12.202640 7.177103
v -33.149658 12.308054 7.277706
v -33.041710 12.480133 7.328809
v -32.999371 12.693190 7.322590
v -33.318554 13.204817 8.156150
v -33.417889 13.523382 8.038570
v -33.668148 13.678461 7.831123
v -33.922737 13.579209 7.655327
v -34.032524 13.283768 7.614163
v -33.933189 12.965202 7.731742
v -33.682930 12.810123 7.939189
v -33.428341 12.909376 8.114985
v -33.318554 13.204817 8.156150
v -33.588875 13.885990 9.675920
v -33.684055 14.189447 9.578181
v -33.919998 14.339307 9.395338
v -34.158485 14.247787 9.234498
v -34.259815 13.968496 9.189878
v -34.164631 13.665039 9.287617
v -33.928692 13.515180 9.470460
v -33.690205 13.606701 9.631300
v -33.588875 13.885990 9.675920
v -33.757046 14.230978 10.659525
v -33.842892 14.502225 10.591420
v -34.050617 14.637127 10.443188
v -34.260212 14.559201 10.305268
v -34.348148 14.310379 10.254488
v -34.261978 14.037230 10.322339
v -34.053249 13.902025 10.473608
v -33.843712 13.982988 10.613708
v -33.757046 14.230978 10.659525
v -33.980888 14.500100 11.855042
v -34.052944 14.726051 11.799172
v -34.227489 14.842302 11.685484
v -34.405384 14.782266 11.581650
v -34.482666 14.577560 11.548557
v -34.410477 14.346652 11.604652
v -34.231827 14.229426 11.720131
v -34.053886 14.294520 11.824041
v -33.980888 14.500100 11.855042
v -34.164280 14.548609 12.408959
v -34.222065 14.730213 12.365999
v -34.362030 14.824998 12.275828
v -34.505089 14.778418 12.191826
v -34.567490 14.614515 12.163464
v -34.509491 14.428310 12.206828
v -34.365654 14.332858 12.298507
v -34.222736 14.384100 12.382322
v -34.164280 14.548609 12.408959
v -34.507999 14.561884 13.001254
v -34.665749 14.786333 12.887959
v -34.830132 14.613132 12.784012
v -34.669708 14.385537 12.897911
v -34.854233 14.604506 13.353784
v -34.970490 14.784042 13.245072
v -35.091572 14.638214 13.127693
v -34.973873 14.457273 13.235018
v -34.854233 14.604506 13.353784
v -35.548439 14.842741 13.899249
v -35.635674 14.993928 13.789402
v -35.729225 14.860826 13.659145
v -35.641991 14.709641 13.768991
v -35.548439 14.842741 13.899249
v -36.127289 15.139873 14.137458
v -36.174633 15.247805 14.040586
v -36.247837 15.144026 13.938664
v -36.200489 15.036094 14.035536
v -36.127289 15.139873 14.137458
v -36.999577 15.848478 14.377316
v -37.026039 15.927176 14.294724
v -37.090122 15.846104 14.213309
v -37.063656 15.767406 14.295900
v -36.999577 15.848478 14.377316
v -37.722752 16.671337 14.460669
v -37.722752 16.671337 14.460669
v -37.722752 16.671337 14.460669
v -37.722752 16.671337 14.460669
v -37.722752 16.671337 14.460669
vn 0.3953 -0.1547 0.9054
vn 0.4701 -0.1896 0.8620
vn 0.1933 -0.4872 0.8516
vn 0.1098 -0.4033 0.9084
vn -0.8999 -0.4005 -0.1725
vn -0.2843 0.9571 -0.0553
vn -0.7529 0.6467 -0.1220
vn -0.9560 -0.0494 -0.2891
vn 0.1243 -0.1956 0.9728
vn 0.7645 -0.3189 0.5602
vn 0.3950 -0.6460 0.6532
vn -0.0374 -0.4827 0.8750
vn -0.2730 -0.5318 0.8016
vn -0.1725 -0.6506 0.7396
vn -0.4076 -0.7526 0.5171
vn -0.5258 -0.6084 0.5945
vn 0.2720 0.9093 -0.3149
vn 0.5784 0.8000 -0.1595
vn 0.4446 0.8940 -0.0562
vn 0.3072 0.8590 -0.4096
vn -0.5125 -0.8546 0.0840
vn -0.6592 -0.6769 0.3277
vn -0.8236 -0.5417 0.1682
vn -0.5736 -0.7701 -0.2791
vn -0.3959 -0.7961 0.4577
vn -0.4002 -0.8242 0.4006
vn -0.1480 0.9066 -0.3953
vn -0.7142 0.6065 -0.3495
vn 0.0965 0.9228 -0.3730
vn -0.8096 -0.4380 -0.3909
vn -0.7449 -0.4930 -0.4495
vn -0.6677 -0.1995 -0.7172
vn -0.7529 -0.1694 -0.6360
vn 0.4342 0.4346 0.7891
vn 0.6284 0.5202 0.5783
vn 0.6640 0.2483 0.7052
vn 0.5231 0.2043 0.8274
vn -0.7524 -0.5839 0.3051
vn -0.6638 -0.7110 0.2321
vn -0.7491 -0.6613 -0.0381
vn -0.8361 -0.5467 0.0463
vn -0.2040 -0.8667 0.4552
vn -0.3968 -0.7459 0.5350
vn -0.6002 -0.4476 -0.6628
vn -0.5952 -0.4573 -0.6608
vn -0.8657 -0.3750 -0.3316
vn 0.6498 -0.6062 0.4586
vn -0.1278 -0.9037 0.4086
vn -0.0604 -0.8038 0.5919
vn -0.5661 -0.8103 0.1516
vn -0.6651 -0.7357 -0.1282
vn 0.7535 0.6494 -0.1024
vn 0.7338 0.6785 -0.0350
vn 0.9615 0.2519 0.1099
vn 0.9663 0.2465 0.0740
vn 0.9195 0.1343 0.3695
vn 0.6022 0.3106 0.7354
vn 0.0316 0.9678 -0.2498
vn 0.2045 0.9667 0.1538
vn -0.2992 0.7511 0.5885
vn -0.5715 0.7823 0.2477
vn 0.7272 0.5349 0.4301
vn 0.6989 0.2684 0.6630
vn -0.2540 0.1542 -0.9548
vn -0.9068 0.3207 -0.2735
vn -0.5942 0.6776 -0.4334
vn -0.0878 0.4687 -0.8790
vn 0.5046 0.8505 -0.1485
vn 0.6552 0.7514 0.0784
vn 0.5110 0.8176 0.2653
vn 0.4840 -0.2006 0.8518
vn 0.2186 -0.5103 0.8318
vn -0.8064 0.5823 -0.1032
vn -0.9765 -0.1776 -0.1225
vn -0.7719 0.6354 -0.0181
vn -0.2926 0.8541 -0.4300
vn -0.6353 -0.5624 -0.5292
vn -0.5193 -0.2885 -0.8044
vn 0.7569 0.5197 0.3963
vn 0.6971 0.2710 0.6638
vn 0.9659 0.2484 0.0730
vn 0.7184 -0.5989 0.3539
vn 0.9575 0.2775 0.0783
vn -0.0835 -0.7269 0.6816
vn -0.0456 -0.7604 0.6478
vn -0.2791 -0.8618 0.4235
vn -0.2980 -0.8480 0.4383
vn 0.2663 -0.5224 0.8101
vn 0.5011 -0.1969 0.8427
vn 0.7056 0.2866 0.6481
vn 0.7044 0.2744 0.6546
vn -0.6054 -0.7768 -0.1734
vn -0.7538 0.5961 -0.2764
vn -0.7808 0.5900 -0.2054
vn -0.0218 0.9814 -0.1909
vn 0.0402 0.9591 -0.2802
vn -0.9833 -0.1795 -0.0303
vn -0.9799 -0.1915 -0.0567
vn 0.1071 0.7545 -0.6475
vn 0.2120 0.6490 -0.7307
vn 0.4175 0.7390 -0.5287
vn 0.3264 0.8276 -0.4567
vn 0.2137 0.6182 -0.7564
vn 0.1280 0.7172 -0.6851
vn 0.3745 0.7653 -0.5234
vn 0.5763 0.7831 -0.2339
vn 0.5061 0.8101 0.2960
vn 0.6671 0.7410 0.0760
vn 0.5922 0.7699 -0.2379
vn 0.6917 0.7208 0.0447
vn -0.4932 -0.8642 0.0991
vn -0.4675 -0.8799 0.0849
vn -0.5576 -0.8069 -0.1951
vn 0.7214 0.5350 0.4397
vn 0.6647 0.2984 0.6850
vn 0.4164 -0.1820 0.8908
vn 0.1631 -0.4984 0.8514
vn 0.6552 0.2771 0.7028
vn -0.5681 -0.6077 -0.5549
vn -0.2855 -0.8683 0.4056
vn -0.4975 -0.3417 -0.7973
vn -0.2772 0.0570 -0.9591
vn -0.3078 0.1203 -0.9438
vn -0.0974 0.3845 -0.9180
vn -0.0278 0.4016 -0.9154
vn -0.0868 -0.7621 0.6417
vn -0.5530 -0.5710 -0.6068
vn -0.2397 -0.7045 0.6680
vn 0.0370 -0.9835 0.1770
vn -0.7292 -0.6843 0.0067
vn -0.7534 -0.6505 0.0963
vn -0.0204 -0.9661 0.2572
vn -0.1184 0.9923 -0.0354
vn 0.6803 0.7240 0.1137
vn 0.4723 0.5618 0.6792
vn -0.4424 0.2277 -0.8674
vn -0.1605 0.5184 -0.8399
vn -0.6401 0.2338 -0.7319
vn -0.4104 0.5750 -0.7078
vn 0.7751 0.6318 -0.0110
vn 0.9072 0.3848 0.1699
vn 0.9607 0.2555 0.1084
vn 0.7512 -0.5910 0.2940
vn -0.8332 -0.1583 -0.5298
vn 0.7607 0.6382 -0.1185
vn -0.7806 -0.5970 0.1848
vn -0.9478 -0.3160 0.0431
vn -0.9869 -0.0545 -0.1517
vn 0.6709 0.2472 0.6992
vn 0.5344 0.2022 0.8207
vn 0.0825 0.7258 0.6830
vn 0.1520 0.8885 -0.4330
vn -0.2452 0.9570 -0.1548
vn -0.6360 -0.4610 -0.6189
vn -0.0270 0.9965 0.0791
vn 0.6111 0.7122 0.3456
vn -0.0917 -0.9324 0.3495
vn -0.7677 -0.6220 0.1542
vn -0.9810 -0.1826 -0.0663
vn -0.4587 -0.2405 -0.8554
vn 0.5548 0.5830 0.5936
vn 0.0407 -0.9645 0.2608
vn 0.6303 0.4971 0.5963
vn 0.9337 0.2730 0.2315
vn 0.7497 -0.5877 0.3041
vn 0.9574 0.2779 0.0784
vn 0.6177 0.2970 0.7282
vn 0.5726 -0.7182 0.3953
vn -0.1001 -0.9903 0.0959
vn 0.8897 0.1893 0.4153
vn 0.6172 0.5789 0.5329
vn 0.6576 0.5274 0.5380
vn 0.0218 -0.9714 0.2366
vn -0.7136 -0.6755 -0.1856
vn 0.8960 0.2030 0.3949
vn 0.3696 0.7667 -0.5250
vn 0.5037 0.6502 -0.5688
vn 0.6824 0.5612 0.4684
vn 0.6043 0.5616 0.5651
vn 0.5925 0.5543 0.5845
vn 0.5559 0.5679 0.6071
vn -0.5646 -0.5845 0.5828
vn -0.7670 -0.4546 -0.4528
vn 0.6827 0.5611 0.4681
vn 0.6045 0.5616 0.5650
vn -0.5917 -0.0541 -0.8044
vn -0.5534 -0.0101 -0.8328
vn -0.6336 -0.0939 -0.7679
vn -0.8185 0.1589 -0.5520
vn -0.7645 0.4766 -0.4340
vn 0.9199 0.1350 0.3681
vn 0.9335 0.2668 0.2396
vt 0.209503 0.700367
vt 0.214752 0.687049
vt 0.223509 0.690896
vt 0.219855 0.706306
vt 0.133227 0.834738
vt 0.126366 0.833432
vt 0.135670 0.796013
vt 0.139805 0.796686
vt 0.205567 0.626722
vt 0.193023 0.651458
vt 0.189141 0.649782
vt 0.201071 0.623597
vt 0.229163 0.710603
vt 0.232211 0.693750
vt 0.240860 0.695435
vt 0.237807 0.712963
vt 0.148967 0.640746
vt 0.144810 0.640517
vt 0.144207 0.610171
vt 0.149614 0.608730
vt 0.187449 0.613950
vt 0.177253 0.645977
vt 0.173258 0.644984
vt 0.182528 0.611254
vt 0.181236 0.647072
vt 0.192120 0.617034
vt 0.153077 0.641181
vt 0.154247 0.667775
vt 0.147950 0.666971
vt 0.268529 0.694402
vt 0.269414 0.678030
vt 0.277916 0.678160
vt 0.278300 0.692948
vt 0.343334 0.695480
vt 0.340660 0.684731
vt 0.349539 0.682328
vt 0.354617 0.693855
vt 0.246799 0.713009
vt 0.249684 0.695990
vt 0.258909 0.695514
vt 0.256857 0.711376
vt 0.123378 0.898270
vt 0.115235 0.922763
vt 0.111375 0.921780
vt 0.118411 0.897118
vt 0.268150 0.708787
vt 0.179061 0.673346
vt 0.172984 0.671680
vt 0.185202 0.648330
vt 0.252488 0.677371
vt 0.260933 0.677789
vt 0.136838 0.704776
vt 0.134255 0.730652
vt 0.129088 0.730163
vt 0.131072 0.704269
vt 0.196840 0.653401
vt 0.210175 0.629578
vt 0.313900 0.687453
vt 0.322760 0.686785
vt 0.323309 0.694991
vt 0.315071 0.695485
vt 0.337060 0.672373
vt 0.344785 0.669927
vt 0.166323 0.606932
vt 0.161206 0.642459
vt 0.157156 0.641761
vt 0.160698 0.606931
vt 0.320713 0.676194
vt 0.328988 0.674541
vt 0.331713 0.686012
vt 0.219577 0.672010
vt 0.227637 0.673922
vt 0.139137 0.770406
vt 0.143825 0.771217
vt 0.307118 0.696263
vt 0.305088 0.688407
vt 0.270527 0.645685
vt 0.278150 0.645772
vt 0.331083 0.641622
vt 0.338704 0.640530
vt 0.176343 0.711986
vt 0.170697 0.710789
vt 0.185042 0.675210
vt 0.235813 0.675480
vt 0.240303 0.643756
vt 0.247815 0.644493
vt 0.244110 0.676635
vt 0.232809 0.642883
vt 0.225318 0.641919
vt 0.217810 0.640917
vt 0.211578 0.669773
vt 0.262927 0.645467
vt 0.148220 0.706270
vt 0.144574 0.732103
vt 0.139415 0.731311
vt 0.142554 0.705421
vt 0.153851 0.707300
vt 0.160543 0.668865
vt 0.303653 0.677929
vt 0.300984 0.644998
vt 0.308549 0.644385
vt 0.312244 0.677297
vt 0.299033 0.596073
vt 0.298138 0.555572
vt 0.305094 0.555596
vt 0.306154 0.595769
vt 0.313297 0.595424
vt 0.312016 0.555606
vt 0.318895 0.555598
vt 0.320470 0.595057
vt 0.316083 0.643599
vt 0.323589 0.642663
vt 0.255356 0.645068
vt 0.256469 0.596374
vt 0.263570 0.596527
vt 0.327692 0.594708
vt 0.220576 0.595598
vt 0.227838 0.595676
vt 0.235047 0.595817
vt 0.334921 0.594355
vt 0.270660 0.596633
vt 0.249353 0.596190
vt 0.277744 0.596599
vt 0.284832 0.596496
vt 0.285775 0.645688
vt 0.291927 0.596319
vt 0.293390 0.645432
vt 0.242215 0.595996
vt 0.263048 0.555628
vt 0.270092 0.555490
vt 0.256009 0.555786
vt 0.248987 0.555973
vt 0.241996 0.556193
vt 0.228184 0.556736
vt 0.235054 0.556447
vt 0.153228 0.772759
vt 0.148517 0.772005
vt 0.154868 0.733831
vt 0.160012 0.734706
vt 0.134436 0.769639
vt 0.129707 0.768999
vt 0.325697 0.555506
vt 0.286450 0.678254
vt 0.295034 0.678201
vt 0.155111 0.607584
vt 0.196623 0.620313
vt 0.287396 0.691296
vt 0.296283 0.689683
vt 0.140615 0.640520
vt 0.136394 0.640786
vt 0.133543 0.613077
vt 0.138863 0.611687
vt 0.170256 0.736570
vt 0.165155 0.735604
vt 0.280038 0.705577
vt 0.141673 0.666485
vt 0.166801 0.670183
vt 0.169256 0.644079
vt 0.165241 0.643218
vt 0.206290 0.682218
vt 0.199178 0.692583
vt 0.332622 0.695229
vt 0.113461 0.895907
vt 0.122221 0.858701
vt 0.127957 0.859948
vt 0.131525 0.795361
vt 0.127388 0.794762
vt 0.165068 0.709610
vt 0.159459 0.708437
vt 0.149722 0.732957
vt 0.177331 0.609119
vt 0.171896 0.607677
vt 0.128227 0.899884
vt 0.133703 0.861123
vt 0.139336 0.862722
vt 0.277128 0.555501
vt 0.284151 0.555519
vt 0.162638 0.774432
vt 0.157941 0.773541
vt 0.135435 0.666325
vt 0.332429 0.555400
vt 0.152205 0.798748
vt 0.148099 0.797999
vt 0.123226 0.794319
vt 0.119455 0.832282
vt 0.146930 0.837426
vt 0.140115 0.835887
vt 0.143957 0.797321
vt 0.156280 0.799677
vt 0.107464 0.920894
vt 0.098503 0.958228
vt 0.095341 0.957529
vt 0.103622 0.919867
vt 0.116520 0.857378
vt 0.108553 0.894531
vt 0.104842 0.959470
vt 0.101695 0.958758
vt 0.107891 0.960563
vt 0.119001 0.924121
vt 0.091909 0.989713
vt 0.093028 0.989562
vt 0.093676 0.989952
vt 0.095867 0.990424
vt 0.096918 0.990805
vt 0.289720 0.701652
vt 0.298781 0.698391
vt 0.132152 0.641331
vt 0.124952 0.768541
vt 0.221406 0.557055
vt 0.291155 0.555544
vt 0.128225 0.614191
s 1
usemtl Trunk
f 1744/1879/1729 1761/1880/1730 1760/1881/1731 1743/1882/1732
f 1895/1883/1733 1894/1884/1734 1887/1885/1735 1888/1886/1736
f 1829/1887/1737 1846/1888/1738 1845/1889/1739 1828/1890/1740
f 1742/1891/1741 1759/1892/1742 1758/1893/1743 1741/1894/1744
f 1835/1895/1745 1834/1896/1746 1817/1897/1747 1818/1898/1748
f 1825/1899/1749 1842/1900/1750 1841/1901/1751 1824/1902/1752
f 1843/1903/1753 1842/1900/1750 1825/1899/1749 1826/1904/1754
f 1836/1905/1755 1851/1906/1756 1850/1907/1757 1835/1895/1745
f 1755/1908/1758 1772/1909/1759 1771/1910/1760 1754/1911/1761
f 1730/1912/1762 1747/1913/1763 1746/1914/1764 1729/1915/1765
f 1740/1916/1766 1757/1917/1767 1756/1918/1768 1739/1919/1769
f 1760/1881/1731 1759/1892/1742 1742/1891/1741 1743/1882/1732
f 1905/1920/1770 1910/1921/1771 1909/1922/1772 1904/1923/1773
f 1756/1918/1768 1755/1908/1758 1738/1924/1774 1739/1919/1769
f 1855/1925/1775 1854/1926/1776 1844/1927/1777 1845/1889/1739
f 1757/1917/1767 1774/1928/1778 1773/1929/1779 1756/1918/1768
f 1758/1893/1743 1757/1917/1767 1740/1916/1766 1741/1894/1744
f 1858/1930/1780 1867/1931/1781 1866/1932/1782 1857/1933/1783
f 1847/1934/1784 1846/1888/1738 1829/1887/1737 1830/1935/1785
f 1750/1936/1786 1749/1937/1787 1732/1938/1788 1733/1939/1789
f 1747/1913/1763 1764/1940/1790 1763/1941/1791 1746/1914/1764
f 1821/1942/1792 1838/1943/1793 1837/1944/1794 1820/1945/1795
f 1749/1937/1787 1766/1946/1796 1765/1947/1797 1748/1948/1798
f 1765/1947/1797 1764/1940/1790 1747/1913/1763 1748/1948/1798
f 1761/1880/1730 1778/1949/1799 1777/1950/1800 1760/1881/1731
f 1888/1886/1736 1887/1885/1735 1878/1951/1801 1879/1952/1802
f 1773/1929/1779 1772/1909/1759 1755/1908/1758 1756/1918/1768
f 1734/1953/1803 1751/1954/1804 1750/1936/1786 1733/1939/1789
f 1772/1909/1759 1789/1955/1805 1788/1956/1806 1771/1910/1760
f 1764/1940/1790 1781/1957/1807 1780/1958/1808 1763/1941/1791
f 1865/1959/1809 1864/1960/1810 1855/1925/1775 1856/1961/1811
f 1776/1962/1812 1793/1963/1813 1792/1964/1814 1775/1965/1815
f 1794/1966/1816 1793/1963/1813 1776/1962/1812 1777/1950/1800
f 1778/1949/1799 1795/1967/1817 1794/1966/1816 1777/1950/1800
f 1796/1968/1818 1795/1967/1817 1778/1949/1799 1779/1969/1819
f 1790/1970/1820 1789/1955/1805 1772/1909/1759 1773/1929/1779
f 1860/1971/1821 1869/1972/1822 1868/1973/1823 1859/1974/1824
f 1861/1975/1825 1860/1971/1821 1851/1906/1756 1852/1976/1826
f 1768/1977/1827 1785/1978/1828 1784/1979/1829 1767/1980/1830
f 1802/1981/1831 1819/1982/1832 1818/1983/1748 1801/1984/1833
f 1800/1985/1834 1817/1986/1747 1816/1987/1835 1799/1988/1836
f 1783/1989/1837 1800/1985/1834 1799/1988/1836 1782/1990/1838
f 1791/1991/1839 1808/1992/1840 1807/1993/1841 1790/1970/1820
f 1799/1988/1836 1798/1994/1842 1781/1957/1807 1782/1990/1838
f 1813/1995/1843 1812/1996/1844 1795/1967/1817 1796/1968/1818
f 1795/1967/1817 1812/1996/1844 1811/1997/1845 1794/1966/1816
f 1781/1957/1807 1798/1994/1842 1797/1998/1846 1780/1958/1808
f 1807/1993/1841 1806/1999/1847 1789/1955/1805 1790/1970/1820
f 1809/2000/1848 1808/1992/1840 1791/1991/1839 1792/1964/1814
f 1789/1955/1805 1806/1999/1847 1805/2001/1849 1788/1956/1806
f 1805/2001/1849 1804/2002/1850 1787/2003/1851 1788/1956/1806
f 1801/1984/1833 1800/1985/1834 1783/1989/1837 1784/1979/1829
f 1803/2004/1852 1802/1981/1831 1785/1978/1828 1786/2005/1853
f 1793/1963/1813 1810/2006/1854 1809/2000/1848 1792/1964/1814
f 1785/1978/1828 1802/1981/1831 1801/1984/1833 1784/1979/1829
f 1787/2003/1851 1804/2002/1850 1803/2004/1852 1786/2005/1853
f 1824/2007/1752 1823/2008/1855 1806/1999/1847 1807/1993/1841
f 1808/1992/1840 1825/2009/1749 1824/2007/1752 1807/1993/1841
f 1826/2010/1754 1825/2009/1749 1808/1992/1840 1809/2000/1848
f 1810/2006/1854 1827/2011/1856 1826/2010/1754 1809/2000/1848
f 1812/1996/1844 1829/2012/1737 1828/2013/1740 1811/1997/1845
f 1881/2014/1857 1880/2015/1858 1871/2016/1859 1872/2017/1860
f 1877/2018/1861 1876/2019/1862 1867/1931/1781 1868/1973/1823
f 1816/1987/1835 1815/2020/1863 1798/1994/1842 1799/1988/1836
f 1770/2021/1864 1787/2003/1851 1786/2005/1853 1769/2022/1865
f 1784/1979/1829 1783/1989/1837 1766/1946/1796 1767/1980/1830
f 1818/1983/1748 1817/1986/1747 1800/1985/1834 1801/1984/1833
f 1788/1956/1806 1787/2003/1851 1770/2021/1864 1771/1910/1760
f 1767/1980/1830 1766/1946/1796 1749/1937/1787 1750/1936/1786
f 1837/1944/1794 1836/1905/1755 1819/2023/1832 1820/1945/1795
f 1827/2024/1856 1844/1927/1777 1843/1903/1753 1826/1904/1754
f 1753/2025/1866 1770/2021/1864 1769/2022/1865 1752/2026/1867
f 1751/1954/1804 1768/1977/1827 1767/1980/1830 1750/1936/1786
f 1775/1965/1815 1774/1928/1778 1757/1917/1767 1758/1893/1743
f 1777/1950/1800 1776/1962/1812 1759/1892/1742 1760/1881/1731
f 1819/2023/1832 1836/1905/1755 1835/1895/1745 1818/1898/1748
f 1833/2027/1868 1832/2028/1869 1815/2029/1863 1816/2030/1835
f 1874/2031/1870 1873/2032/1871 1864/1960/1810 1865/1959/1809
f 1738/1924/1774 1755/1908/1758 1754/1911/1761 1737/2033/1872
f 1833/2027/1868 1849/2034/1873 1832/2028/1869
f 1835/1895/1745 1850/1907/1757 1834/1896/1746
f 1837/1944/1794 1851/1906/1756 1836/1905/1755
f 1837/1944/1794 1838/1943/1793 1851/1906/1756
f 1853/2035/1874 1852/1976/1826 1840/2036/1875 1841/1901/1751
f 1839/2037/1876 1840/2036/1875 1852/1976/1826
f 1762/2038/1877 1761/1880/1730 1744/1879/1729 1745/2039/1878
f 1841/1901/1751 1842/1900/1750 1853/2035/1874
f 1834/1896/1746 1850/1907/1757 1849/2034/1873 1833/2027/1868
f 1843/1903/1753 1844/1927/1777 1854/1926/1776
f 1845/1889/1739 1846/1888/1738 1855/1925/1775
f 1732/1938/1788 1749/1937/1787 1748/1948/1798 1731/2040/1879
f 1904/1923/1773 1903/2041/1880 1898/2042/1881 1899/2043/1882
f 1886/2044/1883 1885/2045/1884 1876/2019/1862 1877/2018/1861
f 1855/1925/1775 1864/1960/1810 1863/2046/1885 1854/1926/1776
f 1786/2005/1853 1785/1978/1828 1768/1977/1827 1769/2022/1865
f 1782/1990/1838 1781/1957/1807 1764/1940/1790 1765/1947/1797
f 1792/1964/1814 1791/1991/1839 1774/1928/1778 1775/1965/1815
f 1862/2047/1886 1871/2016/1859 1870/2048/1887 1861/1975/1825
f 1864/1960/1810 1873/2032/1871 1872/2017/1860 1863/2046/1885
f 1823/2049/1855 1840/2036/1875 1839/2037/1876 1822/2050/1888
f 1853/2035/1874 1862/2047/1886 1861/1975/1825 1852/1976/1826
f 1870/2048/1887 1869/1972/1822 1860/1971/1821 1861/1975/1825
f 1906/2051/1889 1905/1920/1770 1900/2052/1890 1901/2053/1891
f 1822/2054/1888 1821/2055/1792 1804/2002/1850 1805/2001/1849
f 1883/2056/1892 1882/2057/1893 1873/2032/1871 1874/2031/1870
f 1849/2034/1873 1858/1930/1780 1857/1933/1783 1848/2058/1894
f 1798/1994/1842 1815/2020/1863 1814/2059/1895 1797/1998/1846
f 1863/2046/1885 1862/2047/1886 1853/2035/1874 1854/1926/1776
f 1878/1951/1801 1887/1885/1735 1886/2044/1883 1877/2018/1861
f 1899/2043/1882 1898/2042/1881 1894/1884/1734 1895/1883/1733
f 1882/2057/1893 1891/2060/1896 1890/2061/1897 1881/2014/1857
f 1884/2062/1898 1885/2045/1884 1893/2063/1899
f 1886/2044/1883 1887/1885/1735 1894/1884/1734
f 1891/2060/1896 1893/2064/1900 1896/2065/1901 1890/2061/1897
f 1894/1884/1734 1893/2063/1899 1885/2045/1884 1886/2044/1883
f 1890/2061/1897 1896/2065/1901 1889/2066/1902
f 1892/2067/1903 1893/2064/1900 1891/2060/1896
f 1896/2065/1901 1900/2052/1890 1899/2043/1882 1895/1883/1733
f 1901/2053/1891 1900/2052/1890 1896/2065/1901 1893/2064/1900
f 1908/2068/1904 1913/2069/1905 1912/2070/1906 1907/2071/1907
f 1900/2052/1890 1905/1920/1770 1904/1923/1773 1899/2043/1882
f 1868/1973/1823 1867/1931/1781 1858/1930/1780 1859/1974/1824
f 1894/1884/1734 1898/2042/1881 1897/2072/1908 1893/2063/1899
f 1872/2017/1860 1871/2016/1859 1862/2047/1886 1863/2046/1885
f 1880/2015/1858 1889/2066/1902 1888/1886/1736 1879/1952/1802
f 1903/2041/1880 1908/2068/1904 1907/2071/1907 1902/2073/1909
f 1910/1921/1771 1915/2074/1910 1914/2075/1911 1909/1922/1772
f 1916/2076/1912 1915/2074/1910 1910/1921/1771 1911/2077/1913
f 1769/2022/1865 1768/1977/1827 1751/1954/1804 1752/2026/1867
f 1839/2037/1876 1838/1943/1793 1821/1942/1792 1822/2050/1888
f 1917/2078/1914 1912/2070/1906 1918/2079/1915
f 1913/2069/1905 1918/2079/1915 1912/2070/1906
f 1913/2069/1905 1914/2075/1911 1918/2079/1915
f 1919/2080/1914 1918/2079/1915 1914/2075/1911
f 1919/2080/1914 1914/2075/1911 1920/2081/1916
f 1915/2074/1910 1920/2081/1916 1914/2075/1911
f 1915/2074/1910 1916/2076/1912 1920/2081/1916
f 1921/2082/1914 1920/2081/1916 1916/2076/1912
f 1852/1976/1826 1851/1906/1756 1838/1943/1793 1839/2037/1876
f 1771/1910/1760 1770/2021/1864 1753/2025/1866 1754/1911/1761
f 1779/1969/1819 1778/1949/1799 1761/1880/1730 1762/2038/1877
f 1754/1911/1761 1753/2025/1866 1736/2083/1917 1737/2033/1872
f 1752/2026/1867 1751/1954/1804 1734/1953/1803 1735/2084/1918
f 1817/1897/1747 1834/1896/1746 1833/2027/1868 1816/2030/1835
f 1841/1901/1751 1840/2036/1875 1823/2049/1855 1824/1902/1752
f 1892/2067/1903 1891/2060/1896 1882/2057/1893 1883/2056/1892
f 1736/2083/1917 1753/2025/1866 1752/2026/1867 1735/2084/1918
f 1748/1948/1798 1747/1913/1763 1730/1912/1762 1731/2040/1879
f 1854/1926/1776 1853/2035/1874 1842/1900/1750 1843/1903/1753
f 1845/1889/1739 1844/1927/1777 1827/2024/1856 1828/1890/1740
f 1856/1961/1811 1855/1925/1775 1846/1888/1738 1847/1934/1784
f 1832/2028/1869 1849/2034/1873 1848/2058/1894 1831/2085/1919
f 1851/1906/1756 1860/1971/1821 1859/1974/1824 1850/1907/1757
f 1876/2019/1862 1885/2045/1884 1884/2062/1898 1875/2086/1920
f 1830/2087/1785 1829/2012/1737 1812/1996/1844 1813/1995/1843
f 1820/2088/1795 1819/1982/1832 1802/1981/1831 1803/2004/1852
f 1890/2061/1897 1889/2066/1902 1880/2015/1858 1881/2014/1857
f 1909/1922/1772 1908/2068/1904 1903/2041/1880 1904/1923/1773
f 1774/1928/1778 1791/1991/1839 1790/1970/1820 1773/1929/1779
f 1871/2016/1859 1880/2015/1858 1879/1952/1802 1870/2048/1887
f 1879/1952/1802 1878/1951/1801 1869/1972/1822 1870/2048/1887
f 1873/2032/1871 1882/2057/1893 1881/2014/1857 1872/2017/1860
f 1867/1931/1781 1876/2019/1862 1875/2086/1920 1866/1932/1782
f 1914/2075/1911 1913/2069/1905 1908/2068/1904 1909/1922/1772
f 1869/1972/1822 1878/1951/1801 1877/2018/1861 1868/1973/1823
f 1806/1999/1847 1823/2008/1855 1822/2054/1888 1805/2001/1849
f 1828/2013/1740 1827/2011/1856 1810/2006/1854 1811/1997/1845
f 1911/2077/1913 1910/1921/1771 1905/1920/1770 1906/2051/1889
f 1766/1946/1796 1783/1989/1837 1782/1990/1838 1765/1947/1797
f 1889/2066/1902 1896/2065/1901 1895/1883/1733 1888/1886/1736
f 1815/2029/1863 1832/2028/1869 1831/2085/1919 1814/2089/1895
f 1859/1974/1824 1858/1930/1780 1849/2034/1873 1850/1907/1757
f 1898/2042/1881 1903/2041/1880 1902/2073/1909 1897/2072/1908
f 1804/2002/1850 1821/2055/1792 1820/2088/1795 1803/2004/1852
f 1759/1892/1742 1776/1962/1812 1775/1965/1815 1758/1893/1743
f 1811/1997/1845 1810/2006/1854 1793/1963/1813 1794/1966/1816
o Tree_0.081
v -31.431440 11.549517 5.080425
v -31.383041 11.741829 5.065331
v -31.277378 11.899917 5.057976
v -31.130674 12.000245 5.065131
v -30.965387 12.028620 5.087022
v -30.806786 11.980762 5.121367
v -30.678856 11.863285 5.163137
v -30.601038 11.693946 5.202763
v -30.585011 11.497657 5.229215
v -30.634989 11.275317 5.229603
v -30.741562 11.089655 5.211983
v -30.888687 10.969865 5.184410
v -31.054079 10.934709 5.154309
v -31.212599 10.989728 5.127451
v -31.340073 11.126352 5.106744
v -31.416983 11.323252 5.092117
v -31.431440 11.549517 5.080425
v -31.389910 11.602830 4.951589
v -31.345821 11.755312 4.958105
v -31.249197 11.879378 4.973049
v -31.114214 11.957353 4.995863
v -30.960957 11.978581 5.021764
v -30.812777 11.939178 5.047975
v -30.691694 11.844076 5.072631
v -30.615486 11.708378 5.089738
v -30.595301 11.551720 5.094846
v -30.635000 11.387296 5.084078
v -30.732603 11.251104 5.062033
v -30.868109 11.161245 5.032531
v -31.025377 11.132447 5.000841
v -31.177265 11.182375 4.977263
v -31.298344 11.288224 4.960397
v -31.374617 11.435032 4.950913
v -31.389910 11.602830 4.951589
v -31.361158 11.691855 4.794558
v -31.320713 11.820333 4.823945
v -31.226446 11.922256 4.861470
v -31.095127 11.985233 4.897855
v -30.946430 12.001784 4.926950
v -30.801657 11.968713 4.945858
v -30.680901 11.890175 4.953620
v -30.602667 11.774541 4.951496
v -30.579559 11.639658 4.938227
v -30.613272 11.507176 4.912224
v -30.700613 11.395401 4.876136
v -30.833084 11.322092 4.835676
v -30.991604 11.300279 4.795372
v -31.146851 11.345217 4.780822
v -31.269657 11.434759 4.772444
v -31.343929 11.556943 4.776772
v -31.361158 11.691855 4.794558
v -31.292482 11.902394 4.480489
v -31.250034 12.030724 4.526250
v -31.150011 12.135613 4.575518
v -31.009163 12.206070 4.615515
v -30.850466 12.221884 4.645156
v -30.697948 12.189972 4.656028
v -30.577381 12.108726 4.652105
v -30.502178 11.995612 4.632792
v -30.483076 11.865465 4.601903
v -30.520805 11.737975 4.560780
v -30.609993 11.631706 4.510349
v -30.742952 11.562330 4.456696
v -30.904751 11.542697 4.413982
v -31.066494 11.577806 4.409490
v -31.194490 11.659005 4.418192
v -31.273178 11.772732 4.442416
v -31.292482 11.902394 4.480489
v -31.163017 12.253957 3.968118
v -31.107187 12.431499 4.018281
v -30.973927 12.586859 4.067897
v -30.785227 12.685730 4.112904
v -30.574680 12.714465 4.141500
v -30.378883 12.669396 4.150101
v -30.229246 12.560728 4.138951
v -30.149200 12.406562 4.113263
v -30.144800 12.234992 4.075886
v -30.210087 12.072627 4.029571
v -30.333921 11.940140 3.979483
v -30.500935 11.853392 3.932678
v -30.692247 11.822996 3.900881
v -30.879993 11.854308 3.888735
v -31.036215 11.944386 3.898364
v -31.136492 12.083418 3.925982
v -31.163017 12.253957 3.968118
v -30.965208 12.672421 3.370853
v -30.902571 12.874288 3.415640
v -30.758482 13.044179 3.461713
v -30.556231 13.152678 3.504377
v -30.328421 13.182592 3.538584
v -30.113432 13.132200 3.555067
v -29.944469 13.011677 3.551976
v -29.845652 12.841642 3.530347
v -29.829433 12.648806 3.493649
v -29.896732 12.461130 3.448019
v -30.036732 12.305182 3.400249
v -30.225712 12.199270 3.360433
v -30.439695 12.160489 3.330703
v -30.649792 12.196960 3.314375
v -30.825066 12.305590 3.315481
v -30.937033 12.472337 3.335136
v -30.965208 12.672421 3.370853
v -31.023905 13.078355 2.751987
v -30.973715 13.257419 2.772645
v -30.857492 13.415438 2.785062
v -30.691120 13.526573 2.793077
v -30.500921 13.575315 2.791627
v -30.317427 13.554420 2.779090
v -30.169031 13.467307 2.757880
v -30.078476 13.327943 2.731325
v -30.057989 13.157654 2.704606
v -30.108814 12.981335 2.682935
v -30.225721 12.826929 2.666888
v -30.390697 12.717819 2.658924
v -30.576351 12.666918 2.663813
v -30.757353 12.684378 2.678361
v -30.906315 12.768296 2.700313
v -31.000126 12.906497 2.726337
v -31.023905 13.078355 2.751987
v -31.278299 13.486435 2.075110
v -31.157589 13.744626 2.092369
v -30.896420 13.871943 2.084151
v -30.647779 13.793804 2.055270
v -30.557320 13.555984 2.022643
v -30.678030 13.297795 2.005384
v -30.939199 13.170479 2.013603
v -31.187840 13.248617 2.042484
v -31.278299 13.486435 2.075110
v -31.929239 14.026467 1.007951
v -31.821516 14.272316 1.015449
v -31.582104 14.395208 0.999973
v -31.351246 14.323160 0.970589
v -31.264175 14.098373 0.944510
v -31.371897 13.852526 0.937014
v -31.611309 13.729632 0.952489
v -31.842167 13.801682 0.981873
v -31.929239 14.026467 1.007951
v -32.353989 14.298590 0.321203
v -32.267506 14.518211 0.315827
v -32.063538 14.628712 0.294470
v -31.862494 14.567391 0.266555
v -31.780460 14.367196 0.251252
v -31.866993 14.146040 0.256960
v -32.073185 14.035272 0.277013
v -32.275379 14.099029 0.303566
v -32.353989 14.298590 0.321203
v -32.857456 14.508188 -0.523378
v -32.785545 14.691132 -0.528668
v -32.619968 14.786243 -0.553207
v -32.456421 14.739033 -0.584935
v -32.390572 14.574287 -0.605418
v -32.462654 14.387342 -0.600176
v -32.631664 14.291418 -0.574529
v -32.795311 14.342710 -0.542843
v -32.857456 14.508188 -0.523378
v -33.041935 14.544055 -0.956926
v -32.985249 14.691078 -0.962288
v -32.853016 14.768604 -0.982574
v -32.721245 14.732012 -1.007787
v -32.667206 14.600121 -1.023337
v -32.724205 14.449381 -1.018092
v -32.859585 14.371294 -0.996652
v -32.991203 14.411650 -0.971416
v -33.041935 14.544055 -0.956926
v -33.149487 14.551694 -1.499082
v -32.995029 14.734072 -1.515256
v -32.838844 14.595496 -1.539344
v -32.995224 14.410567 -1.522101
v -33.127903 14.584677 -1.897397
v -33.000729 14.730657 -1.894084
v -32.863808 14.614137 -1.887038
v -32.991108 14.467029 -1.888739
v -33.127903 14.584677 -1.897397
v -32.999649 14.775214 -2.598750
v -32.889259 14.898238 -2.579185
v -32.762241 14.791995 -2.549701
v -32.872627 14.668973 -2.569266
v -32.999649 14.775214 -2.598750
v -32.777901 15.015062 -3.052625
v -32.698307 15.102972 -3.019517
v -32.598923 15.020139 -2.996449
v -32.678516 14.932228 -3.029556
v -32.777901 15.015062 -3.052625
v -32.382019 15.587827 -3.665259
v -32.322491 15.651983 -3.629579
v -32.239716 15.587307 -3.614148
v -32.299244 15.523149 -3.649828
v -32.382019 15.587827 -3.665259
v -31.993830 16.253435 -4.103947
v -31.993830 16.253435 -4.103947
v -31.993830 16.253435 -4.103947
v -31.993830 16.253435 -4.103947
v -31.993830 16.253435 -4.103947
vn -0.8935 -0.1639 -0.4180
vn -0.9207 -0.1987 -0.3359
vn -0.7036 -0.4952 -0.5097
vn -0.6791 -0.4115 -0.6079
vn 0.7929 -0.3958 -0.4633
vn 0.2420 0.9586 -0.1501
vn 0.6404 0.6505 -0.4083
vn 0.9091 -0.0435 -0.4143
vn -0.7342 -0.2043 -0.6474
vn -0.9413 -0.3264 0.0857
vn -0.7226 -0.6530 -0.2269
vn -0.5458 -0.4900 -0.6797
vn -0.3200 -0.5377 -0.7800
vn -0.3535 -0.6563 -0.6666
vn -0.0293 -0.7555 -0.6545
vn 0.0072 -0.6115 -0.7912
vn -0.0038 0.9110 0.4124
vn -0.3356 0.7992 0.4986
vn -0.3042 0.8928 0.3323
vn 0.0327 0.8613 0.5070
vn 0.3365 -0.8534 -0.3981
vn 0.2841 -0.6772 -0.6787
vn 0.5117 -0.5401 -0.6682
vn 0.6215 -0.7656 -0.1663
vn 0.0015 -0.7985 -0.6020
vn 0.0427 -0.8261 -0.5618
vn 0.3646 0.9105 0.1954
vn 0.7620 0.6120 -0.2118
vn 0.1662 0.9256 0.3401
vn 0.8696 -0.4317 -0.2395
vn 0.8603 -0.4864 -0.1526
vn 0.9767 -0.1909 0.0982
vn 0.9867 -0.1612 -0.0191
vn -0.8508 0.4262 -0.3073
vn -0.8582 0.5130 -0.0211
vn -0.9664 0.2399 -0.0919
vn -0.9410 0.1953 -0.2764
vn 0.3682 -0.5837 -0.7237
vn 0.3510 -0.7105 -0.6098
vn 0.5932 -0.6582 -0.4636
vn 0.6017 -0.5440 -0.5849
vn -0.1402 -0.8698 -0.4730
vn -0.0493 -0.7490 -0.6608
vn 0.8922 -0.4398 0.1030
vn 0.8871 -0.4495 0.1048
vn 0.8721 -0.3690 -0.3213
vn -0.7856 -0.6125 0.0873
vn -0.1664 -0.9067 -0.3875
vn -0.3388 -0.8086 -0.4811
vn 0.3317 -0.8095 -0.4845
vn 0.5902 -0.7321 -0.3401
vn -0.5035 0.6475 0.5720
vn -0.5335 0.6761 0.5082
vn -0.7965 0.2474 0.5516
vn -0.7764 0.2423 0.5817
vn -0.9355 0.1278 0.3294
vn -0.9405 0.3021 -0.1556
vn 0.1331 0.9698 0.2045
vn -0.2632 0.9646 0.0157
vn -0.1703 0.7471 -0.6425
vn 0.2589 0.7822 -0.5666
vn -0.8345 0.5286 0.1553
vn -0.9648 0.2602 -0.0372
vn 0.8201 0.1633 0.5484
vn 0.8588 0.3263 -0.3950
vn 0.7267 0.6834 -0.0699
vn 0.6426 0.4765 0.6000
vn -0.2879 0.8499 0.4414
vn -0.5500 0.7483 0.3709
vn -0.5657 0.8134 0.1351
vn -0.9243 -0.2096 -0.3190
vn -0.7092 -0.5182 -0.4780
vn 0.6687 0.5861 -0.4575
vn 0.8155 -0.1729 -0.5523
vn 0.5862 0.6384 -0.4989
vn 0.4965 0.8588 0.1261
vn 0.8312 -0.5556 -0.0201
vn 0.9236 -0.2797 0.2621
vn -0.8344 0.5135 0.2004
vn -0.9641 0.2628 -0.0390
vn -0.7755 0.2442 0.5822
vn -0.7681 -0.6045 0.2112
vn -0.7730 0.2734 0.5725
vn -0.3815 -0.7324 -0.5640
vn -0.3873 -0.7658 -0.5134
vn -0.0630 -0.8644 -0.4988
vn -0.0586 -0.8506 -0.5225
vn -0.7306 -0.5302 -0.4302
vn -0.9312 -0.2060 -0.3008
vn -0.9602 0.2784 -0.0216
vn -0.9635 0.2663 -0.0273
vn 0.5756 -0.7731 -0.2666
vn 0.7435 0.6012 -0.2928
vn 0.7170 0.5946 -0.3639
vn 0.1342 0.9830 0.1250
vn 0.1469 0.9613 0.2331
vn 0.7598 -0.1756 -0.6260
vn 0.7747 -0.1874 -0.6039
vn 0.3410 0.7596 0.5539
vn 0.3180 0.6544 0.6860
vn 0.0296 0.7420 0.6698
vn 0.0497 0.8303 0.5551
vn 0.3339 0.6239 0.7066
vn 0.3504 0.7225 0.5960
vn 0.0581 0.7684 0.6373
vn -0.2848 0.7829 0.5531
vn -0.5823 0.8057 0.1088
vn -0.5573 0.7379 0.3807
vn -0.2939 0.7697 0.5667
vn -0.5549 0.7178 0.4204
vn 0.3121 -0.8632 -0.3968
vn 0.3023 -0.8789 -0.3691
vn 0.5542 -0.8031 -0.2186
vn -0.8365 0.5286 0.1443
vn -0.9539 0.2901 -0.0764
vn -0.8995 -0.1911 -0.3930
vn -0.6806 -0.5063 -0.5295
vn -0.9584 0.2687 -0.0960
vn 0.7981 -0.6009 0.0438
vn -0.0463 -0.8707 -0.4896
vn 0.9030 -0.3331 0.2713
vn 0.8411 0.0662 0.5368
vn 0.8535 0.1295 0.5048
vn 0.6762 0.3927 0.6233
vn 0.6221 0.4095 0.6673
vn -0.3523 -0.7672 -0.5360
vn 0.8207 -0.5637 0.0926
vn -0.2554 -0.7093 -0.6570
vn -0.1365 -0.9851 -0.1045
vn 0.5488 -0.6817 -0.4839
vn 0.5075 -0.6485 -0.5673
vn -0.1465 -0.9682 -0.2027
vn 0.1039 0.9930 -0.0556
vn -0.5919 0.7206 0.3612
vn -0.8079 0.5542 -0.2002
vn 0.9032 0.2367 0.3581
vn 0.6709 0.5262 0.5225
vn 0.9620 0.2423 0.1257
vn 0.7708 0.5825 0.2580
vn -0.5799 0.6290 0.5177
vn -0.7965 0.3800 0.4702
vn -0.7950 0.2511 0.5522
vn -0.7532 -0.5962 0.2779
vn 0.9768 -0.1507 -0.1520
vn -0.4982 0.6364 0.5889
vn 0.4690 -0.5957 -0.6520
vn 0.6858 -0.3129 -0.6571
vn 0.8416 -0.0496 -0.5378
vn -0.9675 0.2388 -0.0828
vn -0.9450 0.1933 -0.2640
vn -0.5191 0.7196 -0.4612
vn 0.1644 0.8916 0.4220
vn 0.2783 0.9592 -0.0496
vn 0.8901 -0.4534 0.0464
vn -0.0403 0.9959 -0.0813
vn -0.6930 0.7070 0.1413
vn -0.1542 -0.9350 -0.3192
vn 0.4798 -0.6205 -0.6204
vn 0.7818 -0.1784 -0.5975
vn 0.9114 -0.2315 0.3402
vn -0.8134 0.5759 -0.0815
vn -0.1948 -0.9669 -0.1650
vn -0.8712 0.4897 -0.0334
vn -0.8563 0.2676 0.4419
vn -0.7588 -0.5930 0.2693
vn -0.7729 0.2738 0.5724
vn -0.9472 0.2886 -0.1399
vn -0.6850 -0.7237 0.0844
vn 0.0201 -0.9908 -0.1342
vn -0.9439 0.1825 0.2751
vn -0.8202 0.5721 0.0053
vn -0.8534 0.5204 0.0283
vn -0.1645 -0.9734 -0.1593
vn 0.6640 -0.6713 -0.3293
vn -0.9352 0.1964 0.2945
vn 0.0628 0.7698 0.6352
vn -0.0079 0.6532 0.7572
vn -0.8264 0.5547 0.0968
vn -0.8317 0.5546 -0.0274
vn -0.8356 0.5471 -0.0497
vn -0.8231 0.5606 -0.0909
vn 0.0438 -0.5874 -0.8081
vn 0.8787 -0.4479 -0.1649
vn -0.8264 0.5546 0.0972
vn -0.8317 0.5545 -0.0271
vn 0.9759 -0.0451 0.2133
vn 0.9657 -0.0009 0.2598
vn 0.9837 -0.0851 0.1584
vn 0.9778 0.1666 -0.1269
vn 0.8567 0.4830 -0.1810
vn -0.9349 0.1285 0.3308
vn -0.8613 0.2614 0.4357
vt 0.209503 0.700367
vt 0.214752 0.687049
vt 0.223509 0.690896
vt 0.219855 0.706306
vt 0.133227 0.834738
vt 0.126366 0.833432
vt 0.135670 0.796013
vt 0.139805 0.796686
vt 0.205567 0.626722
vt 0.193023 0.651458
vt 0.189141 0.649782
vt 0.201071 0.623597
vt 0.229163 0.710603
vt 0.232211 0.693750
vt 0.240860 0.695435
vt 0.237807 0.712963
vt 0.148967 0.640746
vt 0.144810 0.640517
vt 0.144207 0.610171
vt 0.149614 0.608730
vt 0.187449 0.613950
vt 0.177253 0.645977
vt 0.173258 0.644984
vt 0.182528 0.611254
vt 0.181236 0.647072
vt 0.192120 0.617034
vt 0.153077 0.641181
vt 0.154247 0.667775
vt 0.147950 0.666971
vt 0.268529 0.694402
vt 0.269414 0.678030
vt 0.277916 0.678160
vt 0.278300 0.692948
vt 0.343334 0.695480
vt 0.340660 0.684731
vt 0.349539 0.682328
vt 0.354617 0.693855
vt 0.246799 0.713009
vt 0.249684 0.695990
vt 0.258909 0.695514
vt 0.256857 0.711376
vt 0.123378 0.898270
vt 0.115235 0.922763
vt 0.111375 0.921780
vt 0.118411 0.897118
vt 0.268150 0.708787
vt 0.179061 0.673346
vt 0.172984 0.671680
vt 0.185202 0.648330
vt 0.252488 0.677371
vt 0.260933 0.677789
vt 0.136838 0.704776
vt 0.134255 0.730652
vt 0.129088 0.730163
vt 0.131072 0.704269
vt 0.196840 0.653401
vt 0.210175 0.629578
vt 0.313900 0.687453
vt 0.322760 0.686785
vt 0.323309 0.694991
vt 0.315071 0.695485
vt 0.337060 0.672373
vt 0.344785 0.669927
vt 0.166323 0.606932
vt 0.161206 0.642459
vt 0.157156 0.641761
vt 0.160698 0.606931
vt 0.320713 0.676194
vt 0.328988 0.674541
vt 0.331713 0.686012
vt 0.219577 0.672010
vt 0.227637 0.673922
vt 0.139137 0.770406
vt 0.143825 0.771217
vt 0.307118 0.696263
vt 0.305088 0.688407
vt 0.270527 0.645685
vt 0.278150 0.645772
vt 0.331083 0.641622
vt 0.338704 0.640530
vt 0.176343 0.711986
vt 0.170697 0.710789
vt 0.185042 0.675210
vt 0.235813 0.675480
vt 0.240303 0.643756
vt 0.247815 0.644493
vt 0.244110 0.676635
vt 0.232809 0.642883
vt 0.225318 0.641919
vt 0.217810 0.640917
vt 0.211578 0.669773
vt 0.262927 0.645467
vt 0.148220 0.706270
vt 0.144574 0.732103
vt 0.139415 0.731311
vt 0.142554 0.705421
vt 0.153851 0.707300
vt 0.160543 0.668865
vt 0.303653 0.677929
vt 0.300984 0.644998
vt 0.308549 0.644385
vt 0.312244 0.677297
vt 0.299033 0.596073
vt 0.298138 0.555572
vt 0.305094 0.555596
vt 0.306154 0.595769
vt 0.313297 0.595424
vt 0.312016 0.555606
vt 0.318895 0.555598
vt 0.320470 0.595057
vt 0.316083 0.643599
vt 0.323589 0.642663
vt 0.255356 0.645068
vt 0.256469 0.596374
vt 0.263570 0.596527
vt 0.327692 0.594708
vt 0.220576 0.595598
vt 0.227838 0.595676
vt 0.235047 0.595817
vt 0.334921 0.594355
vt 0.270660 0.596633
vt 0.249353 0.596190
vt 0.277744 0.596599
vt 0.284832 0.596496
vt 0.285775 0.645688
vt 0.291927 0.596319
vt 0.293390 0.645432
vt 0.242215 0.595996
vt 0.263048 0.555628
vt 0.270092 0.555490
vt 0.256009 0.555786
vt 0.248987 0.555973
vt 0.241996 0.556193
vt 0.228184 0.556736
vt 0.235054 0.556447
vt 0.153228 0.772759
vt 0.148517 0.772005
vt 0.154868 0.733831
vt 0.160012 0.734706
vt 0.134436 0.769639
vt 0.129707 0.768999
vt 0.325697 0.555506
vt 0.286450 0.678254
vt 0.295034 0.678201
vt 0.155111 0.607584
vt 0.196623 0.620313
vt 0.287396 0.691296
vt 0.296283 0.689683
vt 0.140615 0.640520
vt 0.136394 0.640786
vt 0.133543 0.613077
vt 0.138863 0.611687
vt 0.170256 0.736570
vt 0.165155 0.735604
vt 0.280038 0.705577
vt 0.141673 0.666485
vt 0.166801 0.670183
vt 0.169256 0.644079
vt 0.165241 0.643218
vt 0.206290 0.682218
vt 0.199178 0.692583
vt 0.332622 0.695229
vt 0.113461 0.895907
vt 0.122221 0.858701
vt 0.127957 0.859948
vt 0.131525 0.795361
vt 0.127388 0.794762
vt 0.165068 0.709610
vt 0.159459 0.708437
vt 0.149722 0.732957
vt 0.177331 0.609119
vt 0.171896 0.607677
vt 0.128227 0.899884
vt 0.133703 0.861123
vt 0.139336 0.862722
vt 0.277128 0.555501
vt 0.284151 0.555519
vt 0.162638 0.774432
vt 0.157941 0.773541
vt 0.135435 0.666325
vt 0.332429 0.555400
vt 0.152205 0.798748
vt 0.148099 0.797999
vt 0.123226 0.794319
vt 0.119455 0.832282
vt 0.146930 0.837426
vt 0.140115 0.835887
vt 0.143957 0.797321
vt 0.156280 0.799677
vt 0.107464 0.920894
vt 0.098503 0.958228
vt 0.095341 0.957529
vt 0.103622 0.919867
vt 0.116520 0.857378
vt 0.108553 0.894531
vt 0.104842 0.959470
vt 0.101695 0.958758
vt 0.107891 0.960563
vt 0.119001 0.924121
vt 0.091909 0.989713
vt 0.093028 0.989562
vt 0.093676 0.989952
vt 0.095867 0.990424
vt 0.096918 0.990805
vt 0.289720 0.701652
vt 0.298781 0.698391
vt 0.132152 0.641331
vt 0.124952 0.768541
vt 0.221406 0.557055
vt 0.291155 0.555544
vt 0.128225 0.614191
s 1
usemtl Trunk
f 1937/2090/1921 1954/2091/1922 1953/2092/1923 1936/2093/1924
f 2088/2094/1925 2087/2095/1926 2080/2096/1927 2081/2097/1928
f 2022/2098/1929 2039/2099/1930 2038/2100/1931 2021/2101/1932
f 1935/2102/1933 1952/2103/1934 1951/2104/1935 1934/2105/1936
f 2028/2106/1937 2027/2107/1938 2010/2108/1939 2011/2109/1940
f 2018/2110/1941 2035/2111/1942 2034/2112/1943 2017/2113/1944
f 2036/2114/1945 2035/2111/1942 2018/2110/1941 2019/2115/1946
f 2029/2116/1947 2044/2117/1948 2043/2118/1949 2028/2106/1937
f 1948/2119/1950 1965/2120/1951 1964/2121/1952 1947/2122/1953
f 1923/2123/1954 1940/2124/1955 1939/2125/1956 1922/2126/1957
f 1933/2127/1958 1950/2128/1959 1949/2129/1960 1932/2130/1961
f 1953/2092/1923 1952/2103/1934 1935/2102/1933 1936/2093/1924
f 2098/2131/1962 2103/2132/1963 2102/2133/1964 2097/2134/1965
f 1949/2129/1960 1948/2119/1950 1931/2135/1966 1932/2130/1961
f 2048/2136/1967 2047/2137/1968 2037/2138/1969 2038/2100/1931
f 1950/2128/1959 1967/2139/1970 1966/2140/1971 1949/2129/1960
f 1951/2104/1935 1950/2128/1959 1933/2127/1958 1934/2105/1936
f 2051/2141/1972 2060/2142/1973 2059/2143/1974 2050/2144/1975
f 2040/2145/1976 2039/2099/1930 2022/2098/1929 2023/2146/1977
f 1943/2147/1978 1942/2148/1979 1925/2149/1980 1926/2150/1981
f 1940/2124/1955 1957/2151/1982 1956/2152/1983 1939/2125/1956
f 2014/2153/1984 2031/2154/1985 2030/2155/1986 2013/2156/1987
f 1942/2148/1979 1959/2157/1988 1958/2158/1989 1941/2159/1990
f 1958/2158/1989 1957/2151/1982 1940/2124/1955 1941/2159/1990
f 1954/2091/1922 1971/2160/1991 1970/2161/1992 1953/2092/1923
f 2081/2097/1928 2080/2096/1927 2071/2162/1993 2072/2163/1994
f 1966/2140/1971 1965/2120/1951 1948/2119/1950 1949/2129/1960
f 1927/2164/1995 1944/2165/1996 1943/2147/1978 1926/2150/1981
f 1965/2120/1951 1982/2166/1997 1981/2167/1998 1964/2121/1952
f 1957/2151/1982 1974/2168/1999 1973/2169/2000 1956/2152/1983
f 2058/2170/2001 2057/2171/2002 2048/2136/1967 2049/2172/2003
f 1969/2173/2004 1986/2174/2005 1985/2175/2006 1968/2176/2007
f 1987/2177/2008 1986/2174/2005 1969/2173/2004 1970/2161/1992
f 1971/2160/1991 1988/2178/2009 1987/2177/2008 1970/2161/1992
f 1989/2179/2010 1988/2178/2009 1971/2160/1991 1972/2180/2011
f 1983/2181/2012 1982/2166/1997 1965/2120/1951 1966/2140/1971
f 2053/2182/2013 2062/2183/2014 2061/2184/2015 2052/2185/2016
f 2054/2186/2017 2053/2182/2013 2044/2117/1948 2045/2187/2018
f 1961/2188/2019 1978/2189/2020 1977/2190/2021 1960/2191/2022
f 1995/2192/2023 2012/2193/2024 2011/2194/1940 1994/2195/2025
f 1993/2196/2026 2010/2197/1939 2009/2198/2027 1992/2199/2028
f 1976/2200/2029 1993/2196/2026 1992/2199/2028 1975/2201/2030
f 1984/2202/2031 2001/2203/2032 2000/2204/2033 1983/2181/2012
f 1992/2199/2028 1991/2205/2034 1974/2168/1999 1975/2201/2030
f 2006/2206/2035 2005/2207/2036 1988/2178/2009 1989/2179/2010
f 1988/2178/2009 2005/2207/2036 2004/2208/2037 1987/2177/2008
f 1974/2168/1999 1991/2205/2034 1990/2209/2038 1973/2169/2000
f 2000/2204/2033 1999/2210/2039 1982/2166/1997 1983/2181/2012
f 2002/2211/2040 2001/2203/2032 1984/2202/2031 1985/2175/2006
f 1982/2166/1997 1999/2210/2039 1998/2212/2041 1981/2167/1998
f 1998/2212/2041 1997/2213/2042 1980/2214/2043 1981/2167/1998
f 1994/2195/2025 1993/2196/2026 1976/2200/2029 1977/2190/2021
f 1996/2215/2044 1995/2192/2023 1978/2189/2020 1979/2216/2045
f 1986/2174/2005 2003/2217/2046 2002/2211/2040 1985/2175/2006
f 1978/2189/2020 1995/2192/2023 1994/2195/2025 1977/2190/2021
f 1980/2214/2043 1997/2213/2042 1996/2215/2044 1979/2216/2045
f 2017/2218/1944 2016/2219/2047 1999/2210/2039 2000/2204/2033
f 2001/2203/2032 2018/2220/1941 2017/2218/1944 2000/2204/2033
f 2019/2221/1946 2018/2220/1941 2001/2203/2032 2002/2211/2040
f 2003/2217/2046 2020/2222/2048 2019/2221/1946 2002/2211/2040
f 2005/2207/2036 2022/2223/1929 2021/2224/1932 2004/2208/2037
f 2074/2225/2049 2073/2226/2050 2064/2227/2051 2065/2228/2052
f 2070/2229/2053 2069/2230/2054 2060/2142/1973 2061/2184/2015
f 2009/2198/2027 2008/2231/2055 1991/2205/2034 1992/2199/2028
f 1963/2232/2056 1980/2214/2043 1979/2216/2045 1962/2233/2057
f 1977/2190/2021 1976/2200/2029 1959/2157/1988 1960/2191/2022
f 2011/2194/1940 2010/2197/1939 1993/2196/2026 1994/2195/2025
f 1981/2167/1998 1980/2214/2043 1963/2232/2056 1964/2121/1952
f 1960/2191/2022 1959/2157/1988 1942/2148/1979 1943/2147/1978
f 2030/2155/1986 2029/2116/1947 2012/2234/2024 2013/2156/1987
f 2020/2235/2048 2037/2138/1969 2036/2114/1945 2019/2115/1946
f 1946/2236/2058 1963/2232/2056 1962/2233/2057 1945/2237/2059
f 1944/2165/1996 1961/2188/2019 1960/2191/2022 1943/2147/1978
f 1968/2176/2007 1967/2139/1970 1950/2128/1959 1951/2104/1935
f 1970/2161/1992 1969/2173/2004 1952/2103/1934 1953/2092/1923
f 2012/2234/2024 2029/2116/1947 2028/2106/1937 2011/2109/1940
f 2026/2238/2060 2025/2239/2061 2008/2240/2055 2009/2241/2027
f 2067/2242/2062 2066/2243/2063 2057/2171/2002 2058/2170/2001
f 1931/2135/1966 1948/2119/1950 1947/2122/1953 1930/2244/2064
f 2026/2238/2060 2042/2245/2065 2025/2239/2061
f 2028/2106/1937 2043/2118/1949 2027/2107/1938
f 2030/2155/1986 2044/2117/1948 2029/2116/1947
f 2030/2155/1986 2031/2154/1985 2044/2117/1948
f 2046/2246/2066 2045/2187/2018 2033/2247/2067 2034/2112/1943
f 2032/2248/2068 2033/2247/2067 2045/2187/2018
f 1955/2249/2069 1954/2091/1922 1937/2090/1921 1938/2250/2070
f 2034/2112/1943 2035/2111/1942 2046/2246/2066
f 2027/2107/1938 2043/2118/1949 2042/2245/2065 2026/2238/2060
f 2036/2114/1945 2037/2138/1969 2047/2137/1968
f 2038/2100/1931 2039/2099/1930 2048/2136/1967
f 1925/2149/1980 1942/2148/1979 1941/2159/1990 1924/2251/2071
f 2097/2134/1965 2096/2252/2072 2091/2253/2073 2092/2254/2074
f 2079/2255/2075 2078/2256/2076 2069/2230/2054 2070/2229/2053
f 2048/2136/1967 2057/2171/2002 2056/2257/2077 2047/2137/1968
f 1979/2216/2045 1978/2189/2020 1961/2188/2019 1962/2233/2057
f 1975/2201/2030 1974/2168/1999 1957/2151/1982 1958/2158/1989
f 1985/2175/2006 1984/2202/2031 1967/2139/1970 1968/2176/2007
f 2055/2258/2078 2064/2227/2051 2063/2259/2079 2054/2186/2017
f 2057/2171/2002 2066/2243/2063 2065/2228/2052 2056/2257/2077
f 2016/2260/2047 2033/2247/2067 2032/2248/2068 2015/2261/2080
f 2046/2246/2066 2055/2258/2078 2054/2186/2017 2045/2187/2018
f 2063/2259/2079 2062/2183/2014 2053/2182/2013 2054/2186/2017
f 2099/2262/2081 2098/2131/1962 2093/2263/2082 2094/2264/2083
f 2015/2265/2080 2014/2266/1984 1997/2213/2042 1998/2212/2041
f 2076/2267/2084 2075/2268/2085 2066/2243/2063 2067/2242/2062
f 2042/2245/2065 2051/2141/1972 2050/2144/1975 2041/2269/2086
f 1991/2205/2034 2008/2231/2055 2007/2270/2087 1990/2209/2038
f 2056/2257/2077 2055/2258/2078 2046/2246/2066 2047/2137/1968
f 2071/2162/1993 2080/2096/1927 2079/2255/2075 2070/2229/2053
f 2092/2254/2074 2091/2253/2073 2087/2095/1926 2088/2094/1925
f 2075/2268/2085 2084/2271/2088 2083/2272/2089 2074/2225/2049
f 2077/2273/2090 2078/2256/2076 2086/2274/2091
f 2079/2255/2075 2080/2096/1927 2087/2095/1926
f 2084/2271/2088 2086/2275/2092 2089/2276/2093 2083/2272/2089
f 2087/2095/1926 2086/2274/2091 2078/2256/2076 2079/2255/2075
f 2083/2272/2089 2089/2276/2093 2082/2277/2094
f 2085/2278/2095 2086/2275/2092 2084/2271/2088
f 2089/2276/2093 2093/2263/2082 2092/2254/2074 2088/2094/1925
f 2094/2264/2083 2093/2263/2082 2089/2276/2093 2086/2275/2092
f 2101/2279/2096 2106/2280/2097 2105/2281/2098 2100/2282/2099
f 2093/2263/2082 2098/2131/1962 2097/2134/1965 2092/2254/2074
f 2061/2184/2015 2060/2142/1973 2051/2141/1972 2052/2185/2016
f 2087/2095/1926 2091/2253/2073 2090/2283/2100 2086/2274/2091
f 2065/2228/2052 2064/2227/2051 2055/2258/2078 2056/2257/2077
f 2073/2226/2050 2082/2277/2094 2081/2097/1928 2072/2163/1994
f 2096/2252/2072 2101/2279/2096 2100/2282/2099 2095/2284/2101
f 2103/2132/1963 2108/2285/2102 2107/2286/2103 2102/2133/1964
f 2109/2287/2104 2108/2285/2102 2103/2132/1963 2104/2288/2105
f 1962/2233/2057 1961/2188/2019 1944/2165/1996 1945/2237/2059
f 2032/2248/2068 2031/2154/1985 2014/2153/1984 2015/2261/2080
f 2110/2289/2106 2105/2281/2098 2111/2290/2107
f 2106/2280/2097 2111/2290/2107 2105/2281/2098
f 2106/2280/2097 2107/2286/2103 2111/2290/2107
f 2112/2291/2106 2111/2290/2107 2107/2286/2103
f 2112/2291/2106 2107/2286/2103 2113/2292/2108
f 2108/2285/2102 2113/2292/2108 2107/2286/2103
f 2108/2285/2102 2109/2287/2104 2113/2292/2108
f 2114/2293/2106 2113/2292/2108 2109/2287/2104
f 2045/2187/2018 2044/2117/1948 2031/2154/1985 2032/2248/2068
f 1964/2121/1952 1963/2232/2056 1946/2236/2058 1947/2122/1953
f 1972/2180/2011 1971/2160/1991 1954/2091/1922 1955/2249/2069
f 1947/2122/1953 1946/2236/2058 1929/2294/2109 1930/2244/2064
f 1945/2237/2059 1944/2165/1996 1927/2164/1995 1928/2295/2110
f 2010/2108/1939 2027/2107/1938 2026/2238/2060 2009/2241/2027
f 2034/2112/1943 2033/2247/2067 2016/2260/2047 2017/2113/1944
f 2085/2278/2095 2084/2271/2088 2075/2268/2085 2076/2267/2084
f 1929/2294/2109 1946/2236/2058 1945/2237/2059 1928/2295/2110
f 1941/2159/1990 1940/2124/1955 1923/2123/1954 1924/2251/2071
f 2047/2137/1968 2046/2246/2066 2035/2111/1942 2036/2114/1945
f 2038/2100/1931 2037/2138/1969 2020/2235/2048 2021/2101/1932
f 2049/2172/2003 2048/2136/1967 2039/2099/1930 2040/2145/1976
f 2025/2239/2061 2042/2245/2065 2041/2269/2086 2024/2296/2111
f 2044/2117/1948 2053/2182/2013 2052/2185/2016 2043/2118/1949
f 2069/2230/2054 2078/2256/2076 2077/2273/2090 2068/2297/2112
f 2023/2298/1977 2022/2223/1929 2005/2207/2036 2006/2206/2035
f 2013/2299/1987 2012/2193/2024 1995/2192/2023 1996/2215/2044
f 2083/2272/2089 2082/2277/2094 2073/2226/2050 2074/2225/2049
f 2102/2133/1964 2101/2279/2096 2096/2252/2072 2097/2134/1965
f 1967/2139/1970 1984/2202/2031 1983/2181/2012 1966/2140/1971
f 2064/2227/2051 2073/2226/2050 2072/2163/1994 2063/2259/2079
f 2072/2163/1994 2071/2162/1993 2062/2183/2014 2063/2259/2079
f 2066/2243/2063 2075/2268/2085 2074/2225/2049 2065/2228/2052
f 2060/2142/1973 2069/2230/2054 2068/2297/2112 2059/2143/1974
f 2107/2286/2103 2106/2280/2097 2101/2279/2096 2102/2133/1964
f 2062/2183/2014 2071/2162/1993 2070/2229/2053 2061/2184/2015
f 1999/2210/2039 2016/2219/2047 2015/2265/2080 1998/2212/2041
f 2021/2224/1932 2020/2222/2048 2003/2217/2046 2004/2208/2037
f 2104/2288/2105 2103/2132/1963 2098/2131/1962 2099/2262/2081
f 1959/2157/1988 1976/2200/2029 1975/2201/2030 1958/2158/1989
f 2082/2277/2094 2089/2276/2093 2088/2094/1925 2081/2097/1928
f 2008/2240/2055 2025/2239/2061 2024/2296/2111 2007/2300/2087
f 2052/2185/2016 2051/2141/1972 2042/2245/2065 2043/2118/1949
f 2091/2253/2073 2096/2252/2072 2095/2284/2101 2090/2283/2100
f 1997/2213/2042 2014/2266/1984 2013/2299/1987 1996/2215/2044
f 1952/2103/1934 1969/2173/2004 1968/2176/2007 1951/2104/1935
f 2004/2208/2037 2003/2217/2046 1986/2174/2005 1987/2177/2008
o Tree_0.082
v -32.222271 12.084938 5.713664
v -32.372154 12.064840 5.637763
v -32.510803 12.012992 5.594421
v -32.615292 11.934912 5.587476
v -32.669918 11.841969 5.616826
v -32.665966 11.747913 5.677492
v -32.603539 11.666906 5.760547
v -32.493290 11.612647 5.854813
v -32.353352 11.595475 5.948595
v -32.188129 11.623057 6.045655
v -32.039898 11.686453 6.113564
v -31.929768 11.773775 6.139127
v -31.873604 11.870389 6.116752
v -31.879625 11.961091 6.049222
v -31.947243 12.032565 5.947443
v -32.067051 12.075270 5.828606
v -32.222271 12.084938 5.713664
v -32.318638 12.118955 5.755611
v -32.431953 12.092176 5.689277
v -32.536499 12.035662 5.650717
v -32.616673 11.956989 5.644614
v -32.661720 11.868456 5.671993
v -32.663887 11.783052 5.728508
v -32.621452 11.712607 5.805355
v -32.542324 11.668471 5.891695
v -32.438675 11.657944 5.975850
v -32.319973 11.684486 6.051526
v -32.209587 11.744698 6.099022
v -32.123699 11.826653 6.113908
v -32.074627 11.919789 6.091599
v -32.077667 12.005800 6.027384
v -32.124485 12.072761 5.941691
v -32.208286 12.113513 5.846370
v -32.318638 12.118955 5.755611
v -32.446754 12.171139 5.787433
v -32.534012 12.136615 5.722267
v -32.614223 12.071811 5.684465
v -32.678024 11.989307 5.678955
v -32.717457 11.901748 5.705867
v -32.725830 11.821132 5.761216
v -32.701050 11.757939 5.836822
v -32.643478 11.720840 5.921906
v -32.562466 11.716510 6.003853
v -32.472958 11.746232 6.071767
v -32.387299 11.807048 6.116201
v -32.317684 11.892007 6.128370
v -32.276329 11.989405 6.105824
v -32.271645 12.073273 6.039163
v -32.303638 12.137634 5.957553
v -32.365891 12.171713 5.869454
v -32.446754 12.171139 5.787433
v -32.728134 12.269506 5.838120
v -32.809593 12.226918 5.766591
v -32.888882 12.154119 5.724053
v -32.958927 12.065178 5.716239
v -33.000286 11.972359 5.746514
v -33.014549 11.891297 5.807246
v -32.992313 11.833268 5.889225
v -32.942204 11.805074 5.979485
v -32.870071 11.810300 6.065348
v -32.788666 11.848504 6.135965
v -32.711735 11.916366 6.183202
v -32.649696 12.007213 6.198915
v -32.609882 12.107273 6.175243
v -32.592945 12.190190 6.107148
v -32.611374 12.249898 6.020729
v -32.659119 12.277721 5.926910
v -32.728134 12.269506 5.838120
v -33.197300 12.421119 5.922305
v -33.314232 12.369324 5.828098
v -33.436626 12.279060 5.770398
v -33.536797 12.163547 5.761359
v -33.601044 12.044934 5.802214
v -33.618591 11.943228 5.884586
v -33.588032 11.874006 5.993043
v -33.513573 11.846604 6.108547
v -33.411732 11.862510 6.213594
v -33.301212 11.917227 6.295351
v -33.197105 12.002684 6.344635
v -33.111622 12.107917 6.355264
v -33.052525 12.218250 6.322840
v -33.029049 12.317594 6.251609
v -33.045753 12.391002 6.151165
v -33.103806 12.427929 6.036018
v -33.197300 12.421119 5.922305
v -33.762466 12.574154 6.031145
v -33.899857 12.520966 5.929060
v -34.036385 12.426611 5.868975
v -34.147591 12.305177 5.860410
v -34.215065 12.175445 5.903801
v -34.231033 12.060745 5.991664
v -34.194401 11.978463 6.108908
v -34.112507 11.940050 6.236797
v -33.998993 11.949965 6.356200
v -33.870392 12.005695 6.449914
v -33.745117 12.098561 6.504944
v -33.638092 12.212060 6.515237
v -33.566502 12.333008 6.478885
v -33.542252 12.445342 6.399629
v -33.569847 12.531794 6.287272
v -33.646782 12.577713 6.157674
v -33.762466 12.574154 6.031145
v -34.259686 12.865723 6.073028
v -34.387390 12.829467 5.988991
v -34.521259 12.763782 5.940536
v -34.637989 12.675307 5.934050
v -34.721970 12.579653 5.971146
v -34.760826 12.492965 6.046373
v -34.748493 12.428453 6.147795
v -34.687248 12.395964 6.259516
v -34.586468 12.399164 6.364486
v -34.460854 12.436144 6.447356
v -34.330654 12.503695 6.495320
v -34.215656 12.591422 6.501201
v -34.130089 12.683332 6.465184
v -34.088779 12.767939 6.391640
v -34.098499 12.832453 6.291345
v -34.158295 12.866823 6.179396
v -34.259686 12.865723 6.073028
v -34.728848 13.280750 6.075825
v -34.930492 13.209548 5.975657
v -35.089436 13.080179 5.998506
v -35.112572 12.968426 6.130986
v -34.986347 12.939752 6.295493
v -34.784702 13.010954 6.395659
v -34.625759 13.140323 6.372810
v -34.602623 13.252076 6.240330
v -34.728848 13.280750 6.075825
v -35.332066 14.062021 6.052366
v -35.525566 14.001707 5.958527
v -35.678513 13.886466 5.979756
v -35.701317 13.783806 6.103617
v -35.580612 13.753862 6.257555
v -35.387108 13.814177 6.351394
v -35.234161 13.929418 6.330165
v -35.211361 14.032078 6.206303
v -35.332066 14.062021 6.052366
v -35.667194 14.568619 6.073821
v -35.842079 14.524847 5.992074
v -35.979454 14.430122 6.010738
v -36.001167 14.341707 6.118884
v -35.891838 14.309367 6.254000
v -35.715767 14.353037 6.336370
v -35.578117 14.449446 6.317689
v -35.558285 14.538999 6.208520
v -35.667194 14.568619 6.073821
v -35.998890 15.183598 6.170053
v -36.144840 15.147551 6.102268
v -36.262794 15.073698 6.117777
v -36.285709 15.005629 6.208291
v -36.198303 14.983251 6.322361
v -36.049595 15.019449 6.392153
v -35.929760 15.094563 6.375471
v -35.909618 15.162652 6.282861
v -35.998890 15.183598 6.170053
v -36.139648 15.462902 6.279859
v -36.257072 15.434969 6.225506
v -36.352604 15.376266 6.237392
v -36.371925 15.321255 6.309432
v -36.301975 15.302309 6.400812
v -36.181976 15.330493 6.457009
v -36.084789 15.390287 6.443896
v -36.068073 15.445169 6.369977
v -36.139648 15.462902 6.279859
v -36.322701 15.750647 6.475839
v -36.494164 15.677761 6.439662
v -36.449818 15.611173 6.571071
v -36.275700 15.684593 6.607468
v -36.502403 15.911105 6.638301
v -36.634396 15.843973 6.603452
v -36.588203 15.773399 6.703940
v -36.454792 15.839912 6.738626
v -36.502403 15.911105 6.638301
v -36.933109 16.146675 6.885936
v -37.038815 16.081255 6.850346
v -36.988495 16.005871 6.932696
v -36.882793 16.071293 6.968286
v -36.933109 16.146675 6.885936
v -37.328026 16.227943 7.031511
v -37.396477 16.172588 6.998035
v -37.357307 16.113602 7.062319
v -37.288860 16.168955 7.095795
v -37.328026 16.227943 7.031511
v -38.056664 16.286125 7.132198
v -38.102615 16.240038 7.103249
v -38.074379 16.192490 7.156226
v -38.028427 16.238577 7.185176
v -38.056664 16.286125 7.132198
v -38.780552 16.272110 7.107825
v -38.780552 16.272110 7.107825
v -38.780552 16.272110 7.107825
v -38.780552 16.272110 7.107825
v -38.780552 16.272110 7.107825
vn 0.2326 0.9648 -0.1228
vn 0.2980 0.9402 -0.1649
vn 0.3388 0.9196 0.1987
vn 0.2307 0.9472 0.2226
vn -0.2579 -0.3797 0.8884
vn -0.9202 -0.1561 -0.3589
vn -0.9086 -0.3327 0.2525
vn -0.4840 -0.5011 0.7174
vn 0.1038 0.9889 0.1062
vn 0.5775 0.7339 -0.3576
vn 0.5954 0.7959 0.1094
vn 0.2023 0.9012 0.3832
vn 0.1037 0.7907 0.6033
vn 0.2515 0.7650 0.5928
vn 0.2018 0.4842 0.8514
vn 0.0197 0.5244 0.8512
vn -0.4369 -0.3067 -0.8456
vn -0.1597 -0.0372 -0.9865
vn -0.3298 0.0463 -0.9429
vn -0.3604 -0.4019 -0.8418
vn 0.2504 -0.0315 0.9676
vn 0.0073 0.2013 0.9795
vn -0.1648 -0.0161 0.9862
vn 0.1781 -0.4410 0.8797
vn 0.2477 0.4255 0.8704
vn 0.2721 0.3623 0.8915
vn -0.7120 -0.5166 -0.4757
vn -0.8037 -0.5574 0.2084
vn -0.5632 -0.4263 -0.7078
vn -0.1615 -0.5724 0.8039
vn -0.0869 -0.6189 0.7806
vn -0.1894 -0.8346 0.5172
vn -0.2606 -0.7766 0.5736
vn -0.0831 0.8783 -0.4708
vn -0.0072 0.7217 -0.6922
vn 0.1606 0.8249 -0.5420
vn 0.0987 0.9098 -0.4031
vn -0.1089 0.1496 0.9827
vn 0.0363 0.0950 0.9948
vn -0.0241 -0.2189 0.9754
vn -0.1566 -0.1477 0.9766
vn 0.4306 0.4833 0.7623
vn 0.2020 0.5061 0.8385
vn -0.0133 -0.7887 0.6146
vn -0.0048 -0.7869 0.6171
vn -0.2360 -0.5248 0.8179
vn 0.7449 0.6520 -0.1414
vn 0.5198 0.4561 0.7223
vn 0.4547 0.6618 0.5960
vn 0.1760 0.0316 0.9839
vn 0.0846 -0.2986 0.9506
vn 0.0478 0.0698 -0.9964
vn 0.0104 0.1380 -0.9904
vn 0.3883 0.3296 -0.8605
vn 0.3989 0.2955 -0.8681
vn 0.4021 0.5671 -0.7188
vn 0.0884 0.8449 -0.5276
vn -0.6690 -0.3041 -0.6782
vn -0.5827 0.2364 -0.7776
vn -0.7877 0.6045 -0.1188
vn -0.9882 0.1384 0.0654
vn 0.0535 0.6004 -0.7979
vn 0.1720 0.7937 -0.5834
vn -0.1515 -0.9884 0.0141
vn -0.7045 -0.4941 0.5094
vn -0.7773 -0.6262 0.0607
vn -0.2640 -0.9247 -0.2743
vn -0.2469 -0.0447 -0.9680
vn -0.0972 0.2440 -0.9649
vn -0.2515 0.4183 -0.8728
vn 0.3131 0.9342 -0.1708
vn 0.3710 0.9090 0.1899
vn -0.8871 -0.3198 0.3329
vn -0.4398 -0.3452 0.8291
vn -0.9309 -0.2224 0.2898
vn -0.7511 -0.5832 -0.3092
vn 0.0249 -0.6807 0.7321
vn -0.0499 -0.8927 0.4478
vn 0.0828 0.5725 -0.8157
vn 0.1694 0.7943 -0.5834
vn 0.3976 0.2944 -0.8690
vn 0.7989 0.5617 -0.2150
vn 0.3747 0.2980 -0.8780
vn 0.3685 0.7376 0.5659
vn 0.4221 0.7169 0.5549
vn 0.3801 0.4258 0.8211
vn 0.3545 0.4359 0.8272
vn 0.4087 0.8990 0.1570
vn 0.3211 0.9286 -0.1861
vn 0.1666 0.7823 -0.6002
vn 0.1723 0.7874 -0.5918
vn 0.1542 -0.3364 0.9290
vn -0.8328 -0.4906 0.2565
vn -0.8579 -0.4226 0.2923
vn -0.7301 -0.2493 -0.6363
vn -0.6500 -0.3373 -0.6810
vn -0.4548 -0.2562 0.8529
vn -0.4420 -0.2815 0.8517
vn -0.3792 -0.7012 -0.6038
vn -0.2274 -0.7470 -0.6247
vn -0.1844 -0.4929 -0.8503
vn -0.3175 -0.4466 -0.8365
vn -0.2022 -0.7686 -0.6070
vn -0.3333 -0.7293 -0.5975
vn -0.2317 -0.5013 -0.8337
vn -0.1422 -0.1217 -0.9823
vn -0.2515 0.4494 -0.8572
vn -0.0824 0.2436 -0.9664
vn -0.1221 -0.1217 -0.9850
vn -0.0507 0.2149 -0.9753
vn 0.2695 -0.0091 0.9630
vn 0.3004 -0.0188 0.9536
vn 0.2080 -0.3515 0.9128
vn 0.0492 0.6085 -0.7921
vn 0.1341 0.8091 -0.5722
vn 0.2617 0.9569 -0.1263
vn 0.3294 0.9160 0.2291
vn 0.1395 0.8225 -0.5514
vn 0.0948 -0.6987 0.7091
vn 0.3830 0.4043 0.8306
vn -0.0074 -0.8867 0.4623
vn -0.1061 -0.9912 0.0796
vn -0.1614 -0.9843 0.0719
vn -0.2108 -0.9518 -0.2228
vn -0.1829 -0.9403 -0.2870
vn 0.3985 0.7011 0.5913
vn 0.0845 -0.7415 0.6657
vn 0.2569 0.6836 0.6832
vn 0.7456 0.2368 0.6228
vn -0.0012 -0.1674 0.9859
vn -0.0464 -0.0764 0.9960
vn 0.6744 0.3162 0.6672
vn -0.8367 -0.0848 -0.5411
vn -0.0661 0.2859 -0.9560
vn -0.1317 0.7962 -0.5905
vn -0.3059 -0.9438 0.1253
vn -0.3429 -0.9078 -0.2416
vn -0.4309 -0.8569 0.2829
vn -0.5417 -0.8383 -0.0622
vn 0.0633 0.1722 -0.9830
vn 0.2716 0.3783 -0.8849
vn 0.3859 0.3281 -0.8622
vn 0.8234 0.5073 -0.2544
vn -0.3219 -0.6962 0.6417
vn 0.0609 0.0542 -0.9967
vn -0.1059 0.0123 0.9943
vn -0.3611 -0.1746 0.9160
vn -0.5173 -0.3769 0.7683
vn 0.1655 0.8206 -0.5470
vn 0.1065 0.9055 -0.4108
vn -0.4952 0.7680 -0.4061
vn -0.4868 -0.4753 -0.7329
vn -0.8741 -0.2673 -0.4056
vn -0.0292 -0.7552 0.6548
vn -0.7843 0.0853 -0.6145
vn -0.1203 0.5113 -0.8509
vn 0.5787 0.4015 0.7099
vn -0.0791 -0.0174 0.9967
vn -0.4468 -0.2912 0.8459
vn -0.0403 -0.9270 0.3729
vn -0.0900 0.7306 -0.6769
vn 0.7164 0.3379 0.6104
vn 0.0062 0.7367 -0.6762
vn 0.3451 0.4413 -0.8283
vn 0.8177 0.5169 -0.2534
vn 0.3744 0.2980 -0.8781
vn 0.1053 0.8401 -0.5322
vn 0.8077 0.5891 -0.0242
vn 0.6607 0.0972 0.7444
vn 0.3478 0.6033 -0.7177
vn -0.0460 0.6827 -0.7292
vn 0.0085 0.6895 -0.7243
vn 0.7133 0.3040 0.6316
vn 0.0201 -0.3655 0.9306
vn 0.3456 0.5859 -0.7330
vn -0.2357 -0.5044 -0.8307
vn -0.0640 -0.5058 -0.8602
vn 0.0083 0.6310 -0.7757
vn -0.0454 0.7094 -0.7033
vn -0.0493 0.7250 -0.6870
vn -0.0809 0.7418 -0.6657
vn -0.0190 0.5002 0.8657
vn -0.1218 -0.6235 0.7723
vn 0.0085 0.6307 -0.7760
vn -0.0453 0.7093 -0.7035
vn -0.2241 -0.8982 0.3783
vn -0.2265 -0.9179 0.3258
vn -0.2269 -0.8726 0.4325
vn -0.5028 -0.7233 0.4734
vn -0.7121 -0.6343 0.3010
vn 0.4021 0.5659 -0.7198
vn 0.3476 0.4489 -0.8232
vt 0.209503 0.700367
vt 0.214752 0.687049
vt 0.223509 0.690896
vt 0.219855 0.706306
vt 0.133227 0.834738
vt 0.126366 0.833432
vt 0.135670 0.796013
vt 0.139805 0.796686
vt 0.205567 0.626722
vt 0.193023 0.651458
vt 0.189141 0.649782
vt 0.201071 0.623597
vt 0.229163 0.710603
vt 0.232211 0.693750
vt 0.240860 0.695435
vt 0.237807 0.712963
vt 0.148967 0.640746
vt 0.144810 0.640517
vt 0.144207 0.610171
vt 0.149614 0.608730
vt 0.187449 0.613950
vt 0.177253 0.645977
vt 0.173258 0.644984
vt 0.182528 0.611254
vt 0.181236 0.647072
vt 0.192120 0.617034
vt 0.153077 0.641181
vt 0.154247 0.667775
vt 0.147950 0.666971
vt 0.268529 0.694402
vt 0.269414 0.678030
vt 0.277916 0.678160
vt 0.278300 0.692948
vt 0.343334 0.695480
vt 0.340660 0.684731
vt 0.349539 0.682328
vt 0.354617 0.693855
vt 0.246799 0.713009
vt 0.249684 0.695990
vt 0.258909 0.695514
vt 0.256857 0.711376
vt 0.123378 0.898270
vt 0.115235 0.922763
vt 0.111375 0.921780
vt 0.118411 0.897118
vt 0.268150 0.708787
vt 0.179061 0.673346
vt 0.172984 0.671680
vt 0.185202 0.648330
vt 0.252488 0.677371
vt 0.260933 0.677789
vt 0.136838 0.704776
vt 0.134255 0.730652
vt 0.129088 0.730163
vt 0.131072 0.704269
vt 0.196840 0.653401
vt 0.210175 0.629578
vt 0.313900 0.687453
vt 0.322760 0.686785
vt 0.323309 0.694991
vt 0.315071 0.695485
vt 0.337060 0.672373
vt 0.344785 0.669927
vt 0.166323 0.606932
vt 0.161206 0.642459
vt 0.157156 0.641761
vt 0.160698 0.606931
vt 0.320713 0.676194
vt 0.328988 0.674541
vt 0.331713 0.686012
vt 0.219577 0.672010
vt 0.227637 0.673922
vt 0.139137 0.770406
vt 0.143825 0.771217
vt 0.307118 0.696263
vt 0.305088 0.688407
vt 0.270527 0.645685
vt 0.278150 0.645772
vt 0.331083 0.641622
vt 0.338704 0.640530
vt 0.176343 0.711986
vt 0.170697 0.710789
vt 0.185042 0.675210
vt 0.235813 0.675480
vt 0.240303 0.643756
vt 0.247815 0.644493
vt 0.244110 0.676635
vt 0.232809 0.642883
vt 0.225318 0.641919
vt 0.217810 0.640917
vt 0.211578 0.669773
vt 0.262927 0.645467
vt 0.148220 0.706270
vt 0.144574 0.732103
vt 0.139415 0.731311
vt 0.142554 0.705421
vt 0.153851 0.707300
vt 0.160543 0.668865
vt 0.303653 0.677929
vt 0.300984 0.644998
vt 0.308549 0.644385
vt 0.312244 0.677297
vt 0.299033 0.596073
vt 0.298138 0.555572
vt 0.305094 0.555596
vt 0.306154 0.595769
vt 0.313297 0.595424
vt 0.312016 0.555606
vt 0.318895 0.555598
vt 0.320470 0.595057
vt 0.316083 0.643599
vt 0.323589 0.642663
vt 0.255356 0.645068
vt 0.256469 0.596374
vt 0.263570 0.596527
vt 0.327692 0.594708
vt 0.220576 0.595598
vt 0.227838 0.595676
vt 0.235047 0.595817
vt 0.334921 0.594355
vt 0.270660 0.596633
vt 0.249353 0.596190
vt 0.277744 0.596599
vt 0.284832 0.596496
vt 0.285775 0.645688
vt 0.291927 0.596319
vt 0.293390 0.645432
vt 0.242215 0.595996
vt 0.263048 0.555628
vt 0.270092 0.555490
vt 0.256009 0.555786
vt 0.248987 0.555973
vt 0.241996 0.556193
vt 0.228184 0.556736
vt 0.235054 0.556447
vt 0.153228 0.772759
vt 0.148517 0.772005
vt 0.154868 0.733831
vt 0.160012 0.734706
vt 0.134436 0.769639
vt 0.129707 0.768999
vt 0.325697 0.555506
vt 0.286450 0.678254
vt 0.295034 0.678201
vt 0.155111 0.607584
vt 0.196623 0.620313
vt 0.287396 0.691296
vt 0.296283 0.689683
vt 0.140615 0.640520
vt 0.136394 0.640786
vt 0.133543 0.613077
vt 0.138863 0.611687
vt 0.170256 0.736570
vt 0.165155 0.735604
vt 0.280038 0.705577
vt 0.141673 0.666485
vt 0.166801 0.670183
vt 0.169256 0.644079
vt 0.165241 0.643218
vt 0.206290 0.682218
vt 0.199178 0.692583
vt 0.332622 0.695229
vt 0.113461 0.895907
vt 0.122221 0.858701
vt 0.127957 0.859948
vt 0.131525 0.795361
vt 0.127388 0.794762
vt 0.165068 0.709610
vt 0.159459 0.708437
vt 0.149722 0.732957
vt 0.177331 0.609119
vt 0.171896 0.607677
vt 0.128227 0.899884
vt 0.133703 0.861123
vt 0.139336 0.862722
vt 0.277128 0.555501
vt 0.284151 0.555519
vt 0.162638 0.774432
vt 0.157941 0.773541
vt 0.135435 0.666325
vt 0.332429 0.555400
vt 0.152205 0.798748
vt 0.148099 0.797999
vt 0.123226 0.794319
vt 0.119455 0.832282
vt 0.146930 0.837426
vt 0.140115 0.835887
vt 0.143957 0.797321
vt 0.156280 0.799677
vt 0.107464 0.920894
vt 0.098503 0.958228
vt 0.095341 0.957529
vt 0.103622 0.919867
vt 0.116520 0.857378
vt 0.108553 0.894531
vt 0.104842 0.959470
vt 0.101695 0.958758
vt 0.107891 0.960563
vt 0.119001 0.924121
vt 0.091909 0.989713
vt 0.093028 0.989562
vt 0.093676 0.989952
vt 0.095867 0.990424
vt 0.096918 0.990805
vt 0.289720 0.701652
vt 0.298781 0.698391
vt 0.132152 0.641331
vt 0.124952 0.768541
vt 0.221406 0.557055
vt 0.291155 0.555544
vt 0.128225 0.614191
s 1
usemtl Trunk
f 2130/2301/2113 2147/2302/2114 2146/2303/2115 2129/2304/2116
f 2281/2305/2117 2280/2306/2118 2273/2307/2119 2274/2308/2120
f 2215/2309/2121 2232/2310/2122 2231/2311/2123 2214/2312/2124
f 2128/2313/2125 2145/2314/2126 2144/2315/2127 2127/2316/2128
f 2221/2317/2129 2220/2318/2130 2203/2319/2131 2204/2320/2132
f 2211/2321/2133 2228/2322/2134 2227/2323/2135 2210/2324/2136
f 2229/2325/2137 2228/2322/2134 2211/2321/2133 2212/2326/2138
f 2222/2327/2139 2237/2328/2140 2236/2329/2141 2221/2317/2129
f 2141/2330/2142 2158/2331/2143 2157/2332/2144 2140/2333/2145
f 2116/2334/2146 2133/2335/2147 2132/2336/2148 2115/2337/2149
f 2126/2338/2150 2143/2339/2151 2142/2340/2152 2125/2341/2153
f 2146/2303/2115 2145/2314/2126 2128/2313/2125 2129/2304/2116
f 2291/2342/2154 2296/2343/2155 2295/2344/2156 2290/2345/2157
f 2142/2340/2152 2141/2330/2142 2124/2346/2158 2125/2341/2153
f 2241/2347/2159 2240/2348/2160 2230/2349/2161 2231/2311/2123
f 2143/2339/2151 2160/2350/2162 2159/2351/2163 2142/2340/2152
f 2144/2315/2127 2143/2339/2151 2126/2338/2150 2127/2316/2128
f 2244/2352/2164 2253/2353/2165 2252/2354/2166 2243/2355/2167
f 2233/2356/2168 2232/2310/2122 2215/2309/2121 2216/2357/2169
f 2136/2358/2170 2135/2359/2171 2118/2360/2172 2119/2361/2173
f 2133/2335/2147 2150/2362/2174 2149/2363/2175 2132/2336/2148
f 2207/2364/2176 2224/2365/2177 2223/2366/2178 2206/2367/2179
f 2135/2359/2171 2152/2368/2180 2151/2369/2181 2134/2370/2182
f 2151/2369/2181 2150/2362/2174 2133/2335/2147 2134/2370/2182
f 2147/2302/2114 2164/2371/2183 2163/2372/2184 2146/2303/2115
f 2274/2308/2120 2273/2307/2119 2264/2373/2185 2265/2374/2186
f 2159/2351/2163 2158/2331/2143 2141/2330/2142 2142/2340/2152
f 2120/2375/2187 2137/2376/2188 2136/2358/2170 2119/2361/2173
f 2158/2331/2143 2175/2377/2189 2174/2378/2190 2157/2332/2144
f 2150/2362/2174 2167/2379/2191 2166/2380/2192 2149/2363/2175
f 2251/2381/2193 2250/2382/2194 2241/2347/2159 2242/2383/2195
f 2162/2384/2196 2179/2385/2197 2178/2386/2198 2161/2387/2199
f 2180/2388/2200 2179/2385/2197 2162/2384/2196 2163/2372/2184
f 2164/2371/2183 2181/2389/2201 2180/2388/2200 2163/2372/2184
f 2182/2390/2202 2181/2389/2201 2164/2371/2183 2165/2391/2203
f 2176/2392/2204 2175/2377/2189 2158/2331/2143 2159/2351/2163
f 2246/2393/2205 2255/2394/2206 2254/2395/2207 2245/2396/2208
f 2247/2397/2209 2246/2393/2205 2237/2328/2140 2238/2398/2210
f 2154/2399/2211 2171/2400/2212 2170/2401/2213 2153/2402/2214
f 2188/2403/2215 2205/2404/2216 2204/2405/2132 2187/2406/2217
f 2186/2407/2218 2203/2408/2131 2202/2409/2219 2185/2410/2220
f 2169/2411/2221 2186/2407/2218 2185/2410/2220 2168/2412/2222
f 2177/2413/2223 2194/2414/2224 2193/2415/2225 2176/2392/2204
f 2185/2410/2220 2184/2416/2226 2167/2379/2191 2168/2412/2222
f 2199/2417/2227 2198/2418/2228 2181/2389/2201 2182/2390/2202
f 2181/2389/2201 2198/2418/2228 2197/2419/2229 2180/2388/2200
f 2167/2379/2191 2184/2416/2226 2183/2420/2230 2166/2380/2192
f 2193/2415/2225 2192/2421/2231 2175/2377/2189 2176/2392/2204
f 2195/2422/2232 2194/2414/2224 2177/2413/2223 2178/2386/2198
f 2175/2377/2189 2192/2421/2231 2191/2423/2233 2174/2378/2190
f 2191/2423/2233 2190/2424/2234 2173/2425/2235 2174/2378/2190
f 2187/2406/2217 2186/2407/2218 2169/2411/2221 2170/2401/2213
f 2189/2426/2236 2188/2403/2215 2171/2400/2212 2172/2427/2237
f 2179/2385/2197 2196/2428/2238 2195/2422/2232 2178/2386/2198
f 2171/2400/2212 2188/2403/2215 2187/2406/2217 2170/2401/2213
f 2173/2425/2235 2190/2424/2234 2189/2426/2236 2172/2427/2237
f 2210/2429/2136 2209/2430/2239 2192/2421/2231 2193/2415/2225
f 2194/2414/2224 2211/2431/2133 2210/2429/2136 2193/2415/2225
f 2212/2432/2138 2211/2431/2133 2194/2414/2224 2195/2422/2232
f 2196/2428/2238 2213/2433/2240 2212/2432/2138 2195/2422/2232
f 2198/2418/2228 2215/2434/2121 2214/2435/2124 2197/2419/2229
f 2267/2436/2241 2266/2437/2242 2257/2438/2243 2258/2439/2244
f 2263/2440/2245 2262/2441/2246 2253/2353/2165 2254/2395/2207
f 2202/2409/2219 2201/2442/2247 2184/2416/2226 2185/2410/2220
f 2156/2443/2248 2173/2425/2235 2172/2427/2237 2155/2444/2249
f 2170/2401/2213 2169/2411/2221 2152/2368/2180 2153/2402/2214
f 2204/2405/2132 2203/2408/2131 2186/2407/2218 2187/2406/2217
f 2174/2378/2190 2173/2425/2235 2156/2443/2248 2157/2332/2144
f 2153/2402/2214 2152/2368/2180 2135/2359/2171 2136/2358/2170
f 2223/2366/2178 2222/2327/2139 2205/2445/2216 2206/2367/2179
f 2213/2446/2240 2230/2349/2161 2229/2325/2137 2212/2326/2138
f 2139/2447/2250 2156/2443/2248 2155/2444/2249 2138/2448/2251
f 2137/2376/2188 2154/2399/2211 2153/2402/2214 2136/2358/2170
f 2161/2387/2199 2160/2350/2162 2143/2339/2151 2144/2315/2127
f 2163/2372/2184 2162/2384/2196 2145/2314/2126 2146/2303/2115
f 2205/2445/2216 2222/2327/2139 2221/2317/2129 2204/2320/2132
f 2219/2449/2252 2218/2450/2253 2201/2451/2247 2202/2452/2219
f 2260/2453/2254 2259/2454/2255 2250/2382/2194 2251/2381/2193
f 2124/2346/2158 2141/2330/2142 2140/2333/2145 2123/2455/2256
f 2219/2449/2252 2235/2456/2257 2218/2450/2253
f 2221/2317/2129 2236/2329/2141 2220/2318/2130
f 2223/2366/2178 2237/2328/2140 2222/2327/2139
f 2223/2366/2178 2224/2365/2177 2237/2328/2140
f 2239/2457/2258 2238/2398/2210 2226/2458/2259 2227/2323/2135
f 2225/2459/2260 2226/2458/2259 2238/2398/2210
f 2148/2460/2261 2147/2302/2114 2130/2301/2113 2131/2461/2262
f 2227/2323/2135 2228/2322/2134 2239/2457/2258
f 2220/2318/2130 2236/2329/2141 2235/2456/2257 2219/2449/2252
f 2229/2325/2137 2230/2349/2161 2240/2348/2160
f 2231/2311/2123 2232/2310/2122 2241/2347/2159
f 2118/2360/2172 2135/2359/2171 2134/2370/2182 2117/2462/2263
f 2290/2345/2157 2289/2463/2264 2284/2464/2265 2285/2465/2266
f 2272/2466/2267 2271/2467/2268 2262/2441/2246 2263/2440/2245
f 2241/2347/2159 2250/2382/2194 2249/2468/2269 2240/2348/2160
f 2172/2427/2237 2171/2400/2212 2154/2399/2211 2155/2444/2249
f 2168/2412/2222 2167/2379/2191 2150/2362/2174 2151/2369/2181
f 2178/2386/2198 2177/2413/2223 2160/2350/2162 2161/2387/2199
f 2248/2469/2270 2257/2438/2243 2256/2470/2271 2247/2397/2209
f 2250/2382/2194 2259/2454/2255 2258/2439/2244 2249/2468/2269
f 2209/2471/2239 2226/2458/2259 2225/2459/2260 2208/2472/2272
f 2239/2457/2258 2248/2469/2270 2247/2397/2209 2238/2398/2210
f 2256/2470/2271 2255/2394/2206 2246/2393/2205 2247/2397/2209
f 2292/2473/2273 2291/2342/2154 2286/2474/2274 2287/2475/2275
f 2208/2476/2272 2207/2477/2176 2190/2424/2234 2191/2423/2233
f 2269/2478/2276 2268/2479/2277 2259/2454/2255 2260/2453/2254
f 2235/2456/2257 2244/2352/2164 2243/2355/2167 2234/2480/2278
f 2184/2416/2226 2201/2442/2247 2200/2481/2279 2183/2420/2230
f 2249/2468/2269 2248/2469/2270 2239/2457/2258 2240/2348/2160
f 2264/2373/2185 2273/2307/2119 2272/2466/2267 2263/2440/2245
f 2285/2465/2266 2284/2464/2265 2280/2306/2118 2281/2305/2117
f 2268/2479/2277 2277/2482/2280 2276/2483/2281 2267/2436/2241
f 2270/2484/2282 2271/2467/2268 2279/2485/2283
f 2272/2466/2267 2273/2307/2119 2280/2306/2118
f 2277/2482/2280 2279/2486/2284 2282/2487/2285 2276/2483/2281
f 2280/2306/2118 2279/2485/2283 2271/2467/2268 2272/2466/2267
f 2276/2483/2281 2282/2487/2285 2275/2488/2286
f 2278/2489/2287 2279/2486/2284 2277/2482/2280
f 2282/2487/2285 2286/2474/2274 2285/2465/2266 2281/2305/2117
f 2287/2475/2275 2286/2474/2274 2282/2487/2285 2279/2486/2284
f 2294/2490/2288 2299/2491/2289 2298/2492/2290 2293/2493/2291
f 2286/2474/2274 2291/2342/2154 2290/2345/2157 2285/2465/2266
f 2254/2395/2207 2253/2353/2165 2244/2352/2164 2245/2396/2208
f 2280/2306/2118 2284/2464/2265 2283/2494/2292 2279/2485/2283
f 2258/2439/2244 2257/2438/2243 2248/2469/2270 2249/2468/2269
f 2266/2437/2242 2275/2488/2286 2274/2308/2120 2265/2374/2186
f 2289/2463/2264 2294/2490/2288 2293/2493/2291 2288/2495/2293
f 2296/2343/2155 2301/2496/2294 2300/2497/2295 2295/2344/2156
f 2302/2498/2296 2301/2496/2294 2296/2343/2155 2297/2499/2297
f 2155/2444/2249 2154/2399/2211 2137/2376/2188 2138/2448/2251
f 2225/2459/2260 2224/2365/2177 2207/2364/2176 2208/2472/2272
f 2303/2500/2298 2298/2492/2290 2304/2501/2299
f 2299/2491/2289 2304/2501/2299 2298/2492/2290
f 2299/2491/2289 2300/2497/2295 2304/2501/2299
f 2305/2502/2298 2304/2501/2299 2300/2497/2295
f 2305/2502/2298 2300/2497/2295 2306/2503/2300
f 2301/2496/2294 2306/2503/2300 2300/2497/2295
f 2301/2496/2294 2302/2498/2296 2306/2503/2300
f 2307/2504/2298 2306/2503/2300 2302/2498/2296
f 2238/2398/2210 2237/2328/2140 2224/2365/2177 2225/2459/2260
f 2157/2332/2144 2156/2443/2248 2139/2447/2250 2140/2333/2145
f 2165/2391/2203 2164/2371/2183 2147/2302/2114 2148/2460/2261
f 2140/2333/2145 2139/2447/2250 2122/2505/2301 2123/2455/2256
f 2138/2448/2251 2137/2376/2188 2120/2375/2187 2121/2506/2302
f 2203/2319/2131 2220/2318/2130 2219/2449/2252 2202/2452/2219
f 2227/2323/2135 2226/2458/2259 2209/2471/2239 2210/2324/2136
f 2278/2489/2287 2277/2482/2280 2268/2479/2277 2269/2478/2276
f 2122/2505/2301 2139/2447/2250 2138/2448/2251 2121/2506/2302
f 2134/2370/2182 2133/2335/2147 2116/2334/2146 2117/2462/2263
f 2240/2348/2160 2239/2457/2258 2228/2322/2134 2229/2325/2137
f 2231/2311/2123 2230/2349/2161 2213/2446/2240 2214/2312/2124
f 2242/2383/2195 2241/2347/2159 2232/2310/2122 2233/2356/2168
f 2218/2450/2253 2235/2456/2257 2234/2480/2278 2217/2507/2303
f 2237/2328/2140 2246/2393/2205 2245/2396/2208 2236/2329/2141
f 2262/2441/2246 2271/2467/2268 2270/2484/2282 2261/2508/2304
f 2216/2509/2169 2215/2434/2121 2198/2418/2228 2199/2417/2227
f 2206/2510/2179 2205/2404/2216 2188/2403/2215 2189/2426/2236
f 2276/2483/2281 2275/2488/2286 2266/2437/2242 2267/2436/2241
f 2295/2344/2156 2294/2490/2288 2289/2463/2264 2290/2345/2157
f 2160/2350/2162 2177/2413/2223 2176/2392/2204 2159/2351/2163
f 2257/2438/2243 2266/2437/2242 2265/2374/2186 2256/2470/2271
f 2265/2374/2186 2264/2373/2185 2255/2394/2206 2256/2470/2271
f 2259/2454/2255 2268/2479/2277 2267/2436/2241 2258/2439/2244
f 2253/2353/2165 2262/2441/2246 2261/2508/2304 2252/2354/2166
f 2300/2497/2295 2299/2491/2289 2294/2490/2288 2295/2344/2156
f 2255/2394/2206 2264/2373/2185 2263/2440/2245 2254/2395/2207
f 2192/2421/2231 2209/2430/2239 2208/2476/2272 2191/2423/2233
f 2214/2435/2124 2213/2433/2240 2196/2428/2238 2197/2419/2229
f 2297/2499/2297 2296/2343/2155 2291/2342/2154 2292/2473/2273
f 2152/2368/2180 2169/2411/2221 2168/2412/2222 2151/2369/2181
f 2275/2488/2286 2282/2487/2285 2281/2305/2117 2274/2308/2120
f 2201/2451/2247 2218/2450/2253 2217/2507/2303 2200/2511/2279
f 2245/2396/2208 2244/2352/2164 2235/2456/2257 2236/2329/2141
f 2284/2464/2265 2289/2463/2264 2288/2495/2293 2283/2494/2292
f 2190/2424/2234 2207/2477/2176 2206/2510/2179 2189/2426/2236
f 2145/2314/2126 2162/2384/2196 2161/2387/2199 2144/2315/2127
f 2197/2419/2229 2196/2428/2238 2179/2385/2197 2180/2388/2200
o Tree_0.083
v -24.472408 11.939281 6.237688
v -24.486763 12.114355 6.286132
v -24.532486 12.256547 6.376065
v -24.607059 12.344634 6.491124
v -24.700150 12.366182 6.613117
v -24.798368 12.317938 6.722908
v -24.886982 12.206624 6.803811
v -24.949959 12.049108 6.844991
v -24.973791 11.868628 6.842571
v -24.946333 11.666270 6.799069
v -24.879700 11.499146 6.719317
v -24.788244 11.393489 6.612886
v -24.688423 11.365831 6.494431
v -24.596361 11.420543 6.381418
v -24.525148 11.549129 6.291618
v -24.483101 11.731565 6.240244
v -24.472408 11.939281 6.237688
v -24.389982 11.988587 6.330113
v -24.418663 12.127036 6.364673
v -24.477243 12.238035 6.436737
v -24.558447 12.305761 6.535000
v -24.649099 12.321021 6.645486
v -24.736311 12.280880 6.750819
v -24.808712 12.190433 6.834408
v -24.853813 12.064033 6.885080
v -24.863459 11.919995 6.896301
v -24.833115 11.770549 6.866973
v -24.768162 11.648556 6.797161
v -24.681131 11.570039 6.701331
v -24.583878 11.548018 6.590163
v -24.497320 11.597858 6.480853
v -24.431362 11.698055 6.393900
v -24.392551 11.834540 6.339892
v -24.389982 11.988587 6.330113
v -24.280140 12.071255 6.425756
v -24.324814 12.187541 6.446642
v -24.399784 12.278054 6.506217
v -24.489777 12.331977 6.595159
v -24.580795 12.343030 6.700491
v -24.660795 12.308859 6.806533
v -24.719986 12.233791 6.897804
v -24.751165 12.125943 6.959146
v -24.748014 12.001992 6.981390
v -24.709000 11.881828 6.964260
v -24.638090 11.782102 6.909383
v -24.544098 11.718796 6.821210
v -24.439583 11.703304 6.713073
v -24.358566 11.748554 6.596909
v -24.298206 11.833759 6.504462
v -24.270729 11.947480 6.445377
v -24.280140 12.071255 6.425756
v -24.066267 12.266063 6.626456
v -24.124872 12.381968 6.641492
v -24.211866 12.474912 6.700360
v -24.309227 12.535399 6.795361
v -24.405203 12.545519 6.908387
v -24.482349 12.512310 7.024260
v -24.532099 12.434905 7.120645
v -24.548285 12.329647 7.187427
v -24.529408 12.210344 7.214565
v -24.476652 12.095033 7.201190
v -24.393621 12.000566 7.151449
v -24.289001 11.941031 7.068944
v -24.181131 11.927647 6.959329
v -24.104942 11.963941 6.833269
v -24.055624 12.041433 6.728801
v -24.041777 12.147284 6.657028
v -24.066267 12.266063 6.626456
v -23.725449 12.590837 6.967869
v -23.794756 12.751422 6.992341
v -23.898266 12.889741 7.078300
v -24.021982 12.974982 7.209546
v -24.140957 12.995636 7.364500
v -24.235641 12.949312 7.515621
v -24.292210 12.846147 7.637975
v -24.304583 12.703244 7.710843
v -24.272924 12.546456 7.728570
v -24.202734 12.399964 7.695072
v -24.103649 12.282359 7.617193
v -23.988623 12.207694 7.504210
v -23.875793 12.185071 7.365983
v -23.781630 12.218635 7.222657
v -23.720438 12.304960 7.095459
v -23.700071 12.434491 7.005375
v -23.725449 12.590837 6.967869
v -23.349644 12.976163 7.403292
v -23.418320 13.158916 7.436012
v -23.524258 13.310311 7.532427
v -23.652481 13.404054 7.675671
v -23.783783 13.425286 7.841828
v -23.893328 13.373508 8.004549
v -23.964808 13.258901 8.138424
v -23.988569 13.100945 8.224128
v -23.962328 12.924374 8.250605
v -23.891191 12.754745 8.214789
v -23.786077 12.616036 8.122622
v -23.666203 12.524292 7.988682
v -23.544537 12.494538 7.831347
v -23.437017 12.533442 7.672224
v -23.360821 12.637340 7.534039
v -23.329447 12.792641 7.438719
v -23.349644 12.976163 7.403292
v -22.839939 13.356753 7.644283
v -22.883247 13.519224 7.677697
v -22.949492 13.660851 7.767045
v -23.033924 13.758327 7.897533
v -23.120216 13.798176 8.050274
v -23.193054 13.774553 8.201599
v -23.241547 13.691277 8.327883
v -23.258341 13.561676 8.409743
v -23.242491 13.405526 8.435446
v -23.198153 13.245598 8.402031
v -23.128794 13.107339 8.313846
v -23.045080 13.011683 8.184477
v -22.963537 12.969702 8.033755
v -22.893353 12.990091 7.883443
v -22.845119 13.070447 7.756322
v -22.826401 13.199071 7.672093
v -22.839939 13.356753 7.644283
v -22.195305 13.744945 7.755991
v -22.269728 13.978137 7.848317
v -22.384644 14.088229 8.061850
v -22.472742 14.010731 8.271503
v -22.482410 13.791039 8.354467
v -22.407990 13.557848 8.262142
v -22.293072 13.447756 8.048609
v -22.204975 13.525254 7.838955
v -22.195305 13.744945 7.755991
v -21.063206 14.268636 7.731690
v -21.123684 14.490971 7.817922
v -21.222851 14.597647 8.017373
v -21.302616 14.526182 8.213208
v -21.316254 14.318434 8.290710
v -21.255775 14.096100 8.204479
v -21.156609 13.989423 8.005028
v -21.076843 14.060890 7.809192
v -21.063206 14.268636 7.731690
v -20.330284 14.536741 7.710186
v -20.370283 14.735746 7.784951
v -20.448400 14.832041 7.958680
v -20.516045 14.771135 8.130303
v -20.536530 14.585907 8.199297
v -20.496740 14.385494 8.124318
v -20.416569 14.289026 7.949407
v -20.347376 14.352208 7.777527
v -20.330284 14.536741 7.710186
v -19.434643 14.751453 7.696769
v -19.467257 14.917235 7.759313
v -19.525063 15.000446 7.903701
v -19.572979 14.953455 8.047454
v -19.582808 14.801162 8.106497
v -19.549988 14.631719 8.043776
v -19.491484 14.547838 7.896139
v -19.443584 14.598572 7.752389
v -19.434643 14.751453 7.696769
v -19.006819 14.794115 7.747566
v -19.031643 14.927389 7.797455
v -19.077297 14.995285 7.913105
v -19.116215 14.958744 8.028793
v -19.125357 14.836779 8.076727
v -19.100212 14.700110 8.026583
v -19.054035 14.631766 7.907898
v -19.015293 14.671750 7.792380
v -19.006819 14.794115 7.747566
v -18.526863 14.810273 7.908449
v -18.588272 14.973582 8.041594
v -18.636833 14.843016 8.174553
v -18.575344 14.677406 8.039354
v -18.220533 14.844667 8.107111
v -18.284231 14.975101 8.209116
v -18.349323 14.864849 8.312962
v -18.286825 14.733367 8.210107
v -18.220533 14.844667 8.107111
v -17.725143 15.024256 8.530836
v -17.793625 15.133898 8.611732
v -17.872307 15.033041 8.697674
v -17.803825 14.923401 8.616776
v -17.725143 15.024256 8.530836
v -17.470196 15.243697 8.917287
v -17.534672 15.321798 8.966972
v -17.596241 15.243155 9.034222
v -17.531765 15.165053 8.984535
v -17.470196 15.243697 8.917287
v -17.175596 15.765507 9.519733
v -17.232468 15.822331 9.551907
v -17.280838 15.760826 9.609703
v -17.223967 15.704000 9.577530
v -17.175596 15.765507 9.519733
v -17.018009 16.370468 10.038521
v -17.018009 16.370468 10.038521
v -17.018009 16.370468 10.038521
v -17.018009 16.370468 10.038521
v -17.018009 16.370468 10.038521
vn 0.8097 -0.1338 -0.5714
vn 0.7528 -0.1688 -0.6363
vn 0.8035 -0.4690 -0.3668
vn 0.8745 -0.3847 -0.2954
vn 0.0194 -0.4114 0.9112
vn -0.0135 0.9534 0.3014
vn 0.0211 0.6378 0.7699
vn -0.0896 -0.0631 0.9940
vn 0.9310 -0.1756 -0.3200
vn 0.4001 -0.3014 -0.8655
vn 0.5713 -0.6298 -0.5263
vn 0.8728 -0.4659 -0.1454
vn 0.8493 -0.5185 0.0995
vn 0.7703 -0.6376 0.0121
vn 0.6016 -0.7459 0.2859
vn 0.6987 -0.6011 0.3878
vn -0.3789 0.9053 -0.1919
vn -0.2866 0.8016 -0.5246
vn -0.1601 0.8964 -0.4132
vn -0.4780 0.8534 -0.2079
vn 0.2003 -0.8571 0.4746
vn 0.4654 -0.6760 0.5714
vn 0.3401 -0.5453 0.7662
vn -0.1444 -0.7802 0.6086
vn 0.5418 -0.7904 0.2858
vn 0.4873 -0.8196 0.3012
vn -0.3730 0.8974 0.2356
vn -0.2088 0.5935 0.7773
vn -0.4007 0.9162 -0.0081
vn -0.2121 -0.4524 0.8663
vn -0.2815 -0.5079 0.8141
vn -0.5644 -0.2191 0.7959
vn -0.4682 -0.1881 0.8634
vn 0.6777 0.4535 -0.5788
vn 0.4307 0.5367 -0.7256
vn 0.5526 0.2676 -0.7893
vn 0.7013 0.2248 -0.6765
vn 0.4605 -0.5842 0.6683
vn 0.3734 -0.7120 0.5947
vn 0.1251 -0.6683 0.7333
vn 0.2233 -0.5527 0.8029
vn 0.5019 -0.8594 0.0976
vn 0.6168 -0.7387 0.2718
vn -0.5204 -0.4655 0.7158
vn -0.5193 -0.4751 0.7104
vn -0.1438 -0.3887 0.9101
vn 0.3286 -0.5917 -0.7361
vn 0.4415 -0.8967 0.0318
vn 0.6057 -0.7926 -0.0698
vn 0.2766 -0.8120 0.5140
vn 0.0212 -0.7436 0.6682
vn -0.2634 0.6537 -0.7094
vn -0.1939 0.6839 -0.7033
vn -0.0905 0.2621 -0.9608
vn -0.1265 0.2561 -0.9583
vn 0.1742 0.1492 -0.9733
vn 0.5935 0.3299 -0.7341
vn -0.2678 0.9630 0.0312
vn 0.0927 0.9712 -0.2194
vn 0.6236 0.7598 0.1838
vn 0.3442 0.7821 0.5195
vn 0.2654 0.5493 -0.7923
vn 0.5038 0.2871 -0.8147
vn -0.8866 0.1335 0.4429
vn -0.0906 0.3076 0.9472
vn -0.3164 0.6639 0.6776
vn -0.8512 0.4508 0.2687
vn -0.2618 0.8517 -0.4539
vn -0.0682 0.7583 -0.6483
vn 0.1427 0.8269 -0.5439
vn 0.7401 -0.1799 -0.6480
vn 0.7794 -0.4922 -0.3878
vn 0.0514 0.5733 0.8177
vn 0.0799 -0.1882 0.9789
vn 0.1268 0.6284 0.7675
vn -0.3769 0.8431 0.3836
vn -0.3805 -0.5780 0.7219
vn -0.6782 -0.3085 0.6670
vn 0.2266 0.5337 -0.8148
vn 0.5049 0.2898 -0.8131
vn -0.1274 0.2579 -0.9577
vn 0.2122 -0.5858 -0.7822
vn -0.1210 0.2871 -0.9502
vn 0.6969 -0.7142 -0.0644
vn 0.6568 -0.7481 -0.0951
vn 0.4859 -0.8558 0.1775
vn 0.5040 -0.8418 0.1933
vn 0.7487 -0.5043 -0.4303
vn 0.7277 -0.1763 -0.6629
vn 0.4875 0.3051 -0.8181
vn 0.4944 0.2931 -0.8184
vn -0.0344 -0.7851 0.6184
vn -0.1291 0.5842 0.8013
vn -0.0541 0.5792 0.8134
vn -0.1995 0.9773 0.0717
vn -0.2991 0.9538 0.0288
vn 0.1715 -0.1884 0.9670
vn 0.1452 -0.2009 0.9688
vn -0.6688 0.7426 0.0347
vn -0.7695 0.6364 -0.0526
vn -0.6147 0.7321 -0.2934
vn -0.5273 0.8213 -0.2176
vn -0.7945 0.6052 -0.0495
vn -0.7091 0.7048 0.0213
vn -0.6013 0.7582 -0.2521
vn -0.3587 0.7833 -0.5078
vn 0.1739 0.8199 -0.5454
vn -0.0728 0.7480 -0.6597
vn -0.3656 0.7701 -0.5227
vn -0.1081 0.7274 -0.6777
vn 0.2115 -0.8663 0.4526
vn 0.1926 -0.8820 0.4301
vn -0.0647 -0.8152 0.5755
vn 0.2760 0.5495 -0.7886
vn 0.5317 0.3173 -0.7852
vn 0.7916 -0.1611 -0.5894
vn 0.8096 -0.4804 -0.3373
vn 0.5515 0.2962 -0.7798
vn -0.4184 -0.6232 0.6607
vn 0.4698 -0.8627 0.1874
vn -0.6746 -0.3614 0.6436
vn -0.8844 0.0360 0.4653
vn -0.8644 0.0993 0.4930
vn -0.8860 0.3657 0.2849
vn -0.8978 0.3835 0.2164
vn 0.6591 -0.7502 -0.0535
vn -0.4729 -0.5873 0.6568
vn 0.7147 -0.6934 0.0916
vn 0.1829 -0.9795 -0.0839
vn 0.1653 -0.6902 0.7045
vn 0.2574 -0.6549 0.7106
vn 0.2728 -0.9611 -0.0436
vn -0.0279 0.9904 0.1352
vn -0.0383 0.7319 -0.6804
vn 0.5603 0.5789 -0.5925
vn -0.7643 0.2070 0.6108
vn -0.7992 0.5006 0.3327
vn -0.5918 0.2140 0.7771
vn -0.6204 0.5577 0.5515
vn -0.1779 0.6380 -0.7492
vn -0.0231 0.3957 -0.9181
vn -0.0918 0.2657 -0.9597
vn 0.1467 -0.5788 -0.8022
vn -0.3482 -0.1756 0.9208
vn -0.2804 0.6422 -0.7134
vn 0.3486 -0.5999 0.7201
vn 0.2387 -0.3231 0.9158
vn 0.0513 -0.0658 0.9965
vn 0.5452 0.2664 -0.7948
vn 0.6925 0.2227 -0.6861
vn 0.6397 0.7396 -0.2094
vn -0.4701 0.8812 -0.0509
vn -0.1187 0.9517 0.2830
vn -0.4699 -0.4783 0.7419
vn 0.0657 0.9976 0.0228
vn 0.2030 0.7239 -0.6594
vn 0.3769 -0.9262 0.0080
vn 0.3165 -0.6254 0.7133
vn 0.1359 -0.1922 0.9719
vn -0.7411 -0.2609 0.6186
vn 0.4594 0.5991 -0.6557
vn 0.2639 -0.9589 -0.1042
vn 0.4484 0.5140 -0.7313
vn 0.0339 0.2853 -0.9578
vn 0.1569 -0.5753 -0.8027
vn -0.1210 0.2875 -0.9501
vn 0.5835 0.3164 -0.7480
vn 0.2841 -0.7055 -0.6492
vn 0.1312 -0.9891 0.0667
vn 0.2242 0.2049 -0.9528
vn 0.3875 0.5944 -0.7047
vn 0.3852 0.5433 -0.7459
vn 0.2441 -0.9664 -0.0809
vn -0.0263 -0.6850 0.7280
vn 0.2027 0.2183 -0.9546
vn -0.6019 0.7594 -0.2470
vn -0.6698 0.6433 -0.3709
vn 0.3115 0.5759 -0.7558
vn 0.4220 0.5776 -0.6988
vn 0.4435 0.5705 -0.6913
vn 0.4727 0.5843 -0.6597
vn 0.6946 -0.5778 0.4285
vn -0.2810 -0.4698 0.8369
vn 0.3112 0.5759 -0.7560
vn 0.4218 0.5776 -0.6989
vn -0.6676 -0.0748 0.7408
vn -0.7039 -0.0309 0.7096
vn -0.6227 -0.1142 0.7740
vn -0.3784 0.1412 0.9148
vn -0.2793 0.4615 0.8420
vn 0.1728 0.1499 -0.9735
vn 0.0419 0.2794 -0.9593
vt 0.209503 0.700367
vt 0.214752 0.687049
vt 0.223509 0.690896
vt 0.219855 0.706306
vt 0.133227 0.834738
vt 0.126366 0.833432
vt 0.135670 0.796013
vt 0.139805 0.796686
vt 0.205567 0.626722
vt 0.193023 0.651458
vt 0.189141 0.649782
vt 0.201071 0.623597
vt 0.229163 0.710603
vt 0.232211 0.693750
vt 0.240860 0.695435
vt 0.237807 0.712963
vt 0.148967 0.640746
vt 0.144810 0.640517
vt 0.144207 0.610171
vt 0.149614 0.608730
vt 0.187449 0.613950
vt 0.177253 0.645977
vt 0.173258 0.644984
vt 0.182528 0.611254
vt 0.181236 0.647072
vt 0.192120 0.617034
vt 0.153077 0.641181
vt 0.154247 0.667775
vt 0.147950 0.666971
vt 0.268529 0.694402
vt 0.269414 0.678030
vt 0.277916 0.678160
vt 0.278300 0.692948
vt 0.343334 0.695480
vt 0.340660 0.684731
vt 0.349539 0.682328
vt 0.354617 0.693855
vt 0.246799 0.713009
vt 0.249684 0.695990
vt 0.258909 0.695514
vt 0.256857 0.711376
vt 0.123378 0.898270
vt 0.115235 0.922763
vt 0.111375 0.921780
vt 0.118411 0.897118
vt 0.268150 0.708787
vt 0.179061 0.673346
vt 0.172984 0.671680
vt 0.185202 0.648330
vt 0.252488 0.677371
vt 0.260933 0.677789
vt 0.136838 0.704776
vt 0.134255 0.730652
vt 0.129088 0.730163
vt 0.131072 0.704269
vt 0.196840 0.653401
vt 0.210175 0.629578
vt 0.313900 0.687453
vt 0.322760 0.686785
vt 0.323309 0.694991
vt 0.315071 0.695485
vt 0.337060 0.672373
vt 0.344785 0.669927
vt 0.166323 0.606932
vt 0.161206 0.642459
vt 0.157156 0.641761
vt 0.160698 0.606931
vt 0.320713 0.676194
vt 0.328988 0.674541
vt 0.331713 0.686012
vt 0.219577 0.672010
vt 0.227637 0.673922
vt 0.139137 0.770406
vt 0.143825 0.771217
vt 0.307118 0.696263
vt 0.305088 0.688407
vt 0.270527 0.645685
vt 0.278150 0.645772
vt 0.331083 0.641622
vt 0.338704 0.640530
vt 0.176343 0.711986
vt 0.170697 0.710789
vt 0.185042 0.675210
vt 0.235813 0.675480
vt 0.240303 0.643756
vt 0.247815 0.644493
vt 0.244110 0.676635
vt 0.232809 0.642883
vt 0.225318 0.641919
vt 0.217810 0.640917
vt 0.211578 0.669773
vt 0.262927 0.645467
vt 0.148220 0.706270
vt 0.144574 0.732103
vt 0.139415 0.731311
vt 0.142554 0.705421
vt 0.153851 0.707300
vt 0.160543 0.668865
vt 0.303653 0.677929
vt 0.300984 0.644998
vt 0.308549 0.644385
vt 0.312244 0.677297
vt 0.299033 0.596073
vt 0.298138 0.555572
vt 0.305094 0.555596
vt 0.306154 0.595769
vt 0.313297 0.595424
vt 0.312016 0.555606
vt 0.318895 0.555598
vt 0.320470 0.595057
vt 0.316083 0.643599
vt 0.323589 0.642663
vt 0.255356 0.645068
vt 0.256469 0.596374
vt 0.263570 0.596527
vt 0.327692 0.594708
vt 0.220576 0.595598
vt 0.227838 0.595676
vt 0.235047 0.595817
vt 0.334921 0.594355
vt 0.270660 0.596633
vt 0.249353 0.596190
vt 0.277744 0.596599
vt 0.284832 0.596496
vt 0.285775 0.645688
vt 0.291927 0.596319
vt 0.293390 0.645432
vt 0.242215 0.595996
vt 0.263048 0.555628
vt 0.270092 0.555490
vt 0.256009 0.555786
vt 0.248987 0.555973
vt 0.241996 0.556193
vt 0.228184 0.556736
vt 0.235054 0.556447
vt 0.153228 0.772759
vt 0.148517 0.772005
vt 0.154868 0.733831
vt 0.160012 0.734706
vt 0.134436 0.769639
vt 0.129707 0.768999
vt 0.325697 0.555506
vt 0.286450 0.678254
vt 0.295034 0.678201
vt 0.155111 0.607584
vt 0.196623 0.620313
vt 0.287396 0.691296
vt 0.296283 0.689683
vt 0.140615 0.640520
vt 0.136394 0.640786
vt 0.133543 0.613077
vt 0.138863 0.611687
vt 0.170256 0.736570
vt 0.165155 0.735604
vt 0.280038 0.705577
vt 0.141673 0.666485
vt 0.166801 0.670183
vt 0.169256 0.644079
vt 0.165241 0.643218
vt 0.206290 0.682218
vt 0.199178 0.692583
vt 0.332622 0.695229
vt 0.113461 0.895907
vt 0.122221 0.858701
vt 0.127957 0.859948
vt 0.131525 0.795361
vt 0.127388 0.794762
vt 0.165068 0.709610
vt 0.159459 0.708437
vt 0.149722 0.732957
vt 0.177331 0.609119
vt 0.171896 0.607677
vt 0.128227 0.899884
vt 0.133703 0.861123
vt 0.139336 0.862722
vt 0.277128 0.555501
vt 0.284151 0.555519
vt 0.162638 0.774432
vt 0.157941 0.773541
vt 0.135435 0.666325
vt 0.332429 0.555400
vt 0.152205 0.798748
vt 0.148099 0.797999
vt 0.123226 0.794319
vt 0.119455 0.832282
vt 0.146930 0.837426
vt 0.140115 0.835887
vt 0.143957 0.797321
vt 0.156280 0.799677
vt 0.107464 0.920894
vt 0.098503 0.958228
vt 0.095341 0.957529
vt 0.103622 0.919867
vt 0.116520 0.857378
vt 0.108553 0.894531
vt 0.104842 0.959470
vt 0.101695 0.958758
vt 0.107891 0.960563
vt 0.119001 0.924121
vt 0.091909 0.989713
vt 0.093028 0.989562
vt 0.093676 0.989952
vt 0.095867 0.990424
vt 0.096918 0.990805
vt 0.289720 0.701652
vt 0.298781 0.698391
vt 0.132152 0.641331
vt 0.124952 0.768541
vt 0.221406 0.557055
vt 0.291155 0.555544
vt 0.128225 0.614191
s 1
usemtl Trunk
f 2323/2512/2305 2340/2513/2306 2339/2514/2307 2322/2515/2308
f 2474/2516/2309 2473/2517/2310 2466/2518/2311 2467/2519/2312
f 2408/2520/2313 2425/2521/2314 2424/2522/2315 2407/2523/2316
f 2321/2524/2317 2338/2525/2318 2337/2526/2319 2320/2527/2320
f 2414/2528/2321 2413/2529/2322 2396/2530/2323 2397/2531/2324
f 2404/2532/2325 2421/2533/2326 2420/2534/2327 2403/2535/2328
f 2422/2536/2329 2421/2533/2326 2404/2532/2325 2405/2537/2330
f 2415/2538/2331 2430/2539/2332 2429/2540/2333 2414/2528/2321
f 2334/2541/2334 2351/2542/2335 2350/2543/2336 2333/2544/2337
f 2309/2545/2338 2326/2546/2339 2325/2547/2340 2308/2548/2341
f 2319/2549/2342 2336/2550/2343 2335/2551/2344 2318/2552/2345
f 2339/2514/2307 2338/2525/2318 2321/2524/2317 2322/2515/2308
f 2484/2553/2346 2489/2554/2347 2488/2555/2348 2483/2556/2349
f 2335/2551/2344 2334/2541/2334 2317/2557/2350 2318/2552/2345
f 2434/2558/2351 2433/2559/2352 2423/2560/2353 2424/2522/2315
f 2336/2550/2343 2353/2561/2354 2352/2562/2355 2335/2551/2344
f 2337/2526/2319 2336/2550/2343 2319/2549/2342 2320/2527/2320
f 2437/2563/2356 2446/2564/2357 2445/2565/2358 2436/2566/2359
f 2426/2567/2360 2425/2521/2314 2408/2520/2313 2409/2568/2361
f 2329/2569/2362 2328/2570/2363 2311/2571/2364 2312/2572/2365
f 2326/2546/2339 2343/2573/2366 2342/2574/2367 2325/2547/2340
f 2400/2575/2368 2417/2576/2369 2416/2577/2370 2399/2578/2371
f 2328/2570/2363 2345/2579/2372 2344/2580/2373 2327/2581/2374
f 2344/2580/2373 2343/2573/2366 2326/2546/2339 2327/2581/2374
f 2340/2513/2306 2357/2582/2375 2356/2583/2376 2339/2514/2307
f 2467/2519/2312 2466/2518/2311 2457/2584/2377 2458/2585/2378
f 2352/2562/2355 2351/2542/2335 2334/2541/2334 2335/2551/2344
f 2313/2586/2379 2330/2587/2380 2329/2569/2362 2312/2572/2365
f 2351/2542/2335 2368/2588/2381 2367/2589/2382 2350/2543/2336
f 2343/2573/2366 2360/2590/2383 2359/2591/2384 2342/2574/2367
f 2444/2592/2385 2443/2593/2386 2434/2558/2351 2435/2594/2387
f 2355/2595/2388 2372/2596/2389 2371/2597/2390 2354/2598/2391
f 2373/2599/2392 2372/2596/2389 2355/2595/2388 2356/2583/2376
f 2357/2582/2375 2374/2600/2393 2373/2599/2392 2356/2583/2376
f 2375/2601/2394 2374/2600/2393 2357/2582/2375 2358/2602/2395
f 2369/2603/2396 2368/2588/2381 2351/2542/2335 2352/2562/2355
f 2439/2604/2397 2448/2605/2398 2447/2606/2399 2438/2607/2400
f 2440/2608/2401 2439/2604/2397 2430/2539/2332 2431/2609/2402
f 2347/2610/2403 2364/2611/2404 2363/2612/2405 2346/2613/2406
f 2381/2614/2407 2398/2615/2408 2397/2616/2324 2380/2617/2409
f 2379/2618/2410 2396/2619/2323 2395/2620/2411 2378/2621/2412
f 2362/2622/2413 2379/2618/2410 2378/2621/2412 2361/2623/2414
f 2370/2624/2415 2387/2625/2416 2386/2626/2417 2369/2603/2396
f 2378/2621/2412 2377/2627/2418 2360/2590/2383 2361/2623/2414
f 2392/2628/2419 2391/2629/2420 2374/2600/2393 2375/2601/2394
f 2374/2600/2393 2391/2629/2420 2390/2630/2421 2373/2599/2392
f 2360/2590/2383 2377/2627/2418 2376/2631/2422 2359/2591/2384
f 2386/2626/2417 2385/2632/2423 2368/2588/2381 2369/2603/2396
f 2388/2633/2424 2387/2625/2416 2370/2624/2415 2371/2597/2390
f 2368/2588/2381 2385/2632/2423 2384/2634/2425 2367/2589/2382
f 2384/2634/2425 2383/2635/2426 2366/2636/2427 2367/2589/2382
f 2380/2617/2409 2379/2618/2410 2362/2622/2413 2363/2612/2405
f 2382/2637/2428 2381/2614/2407 2364/2611/2404 2365/2638/2429
f 2372/2596/2389 2389/2639/2430 2388/2633/2424 2371/2597/2390
f 2364/2611/2404 2381/2614/2407 2380/2617/2409 2363/2612/2405
f 2366/2636/2427 2383/2635/2426 2382/2637/2428 2365/2638/2429
f 2403/2640/2328 2402/2641/2431 2385/2632/2423 2386/2626/2417
f 2387/2625/2416 2404/2642/2325 2403/2640/2328 2386/2626/2417
f 2405/2643/2330 2404/2642/2325 2387/2625/2416 2388/2633/2424
f 2389/2639/2430 2406/2644/2432 2405/2643/2330 2388/2633/2424
f 2391/2629/2420 2408/2645/2313 2407/2646/2316 2390/2630/2421
f 2460/2647/2433 2459/2648/2434 2450/2649/2435 2451/2650/2436
f 2456/2651/2437 2455/2652/2438 2446/2564/2357 2447/2606/2399
f 2395/2620/2411 2394/2653/2439 2377/2627/2418 2378/2621/2412
f 2349/2654/2440 2366/2636/2427 2365/2638/2429 2348/2655/2441
f 2363/2612/2405 2362/2622/2413 2345/2579/2372 2346/2613/2406
f 2397/2616/2324 2396/2619/2323 2379/2618/2410 2380/2617/2409
f 2367/2589/2382 2366/2636/2427 2349/2654/2440 2350/2543/2336
f 2346/2613/2406 2345/2579/2372 2328/2570/2363 2329/2569/2362
f 2416/2577/2370 2415/2538/2331 2398/2656/2408 2399/2578/2371
f 2406/2657/2432 2423/2560/2353 2422/2536/2329 2405/2537/2330
f 2332/2658/2442 2349/2654/2440 2348/2655/2441 2331/2659/2443
f 2330/2587/2380 2347/2610/2403 2346/2613/2406 2329/2569/2362
f 2354/2598/2391 2353/2561/2354 2336/2550/2343 2337/2526/2319
f 2356/2583/2376 2355/2595/2388 2338/2525/2318 2339/2514/2307
f 2398/2656/2408 2415/2538/2331 2414/2528/2321 2397/2531/2324
f 2412/2660/2444 2411/2661/2445 2394/2662/2439 2395/2663/2411
f 2453/2664/2446 2452/2665/2447 2443/2593/2386 2444/2592/2385
f 2317/2557/2350 2334/2541/2334 2333/2544/2337 2316/2666/2448
f 2412/2660/2444 2428/2667/2449 2411/2661/2445
f 2414/2528/2321 2429/2540/2333 2413/2529/2322
f 2416/2577/2370 2430/2539/2332 2415/2538/2331
f 2416/2577/2370 2417/2576/2369 2430/2539/2332
f 2432/2668/2450 2431/2609/2402 2419/2669/2451 2420/2534/2327
f 2418/2670/2452 2419/2669/2451 2431/2609/2402
f 2341/2671/2453 2340/2513/2306 2323/2512/2305 2324/2672/2454
f 2420/2534/2327 2421/2533/2326 2432/2668/2450
f 2413/2529/2322 2429/2540/2333 2428/2667/2449 2412/2660/2444
f 2422/2536/2329 2423/2560/2353 2433/2559/2352
f 2424/2522/2315 2425/2521/2314 2434/2558/2351
f 2311/2571/2364 2328/2570/2363 2327/2581/2374 2310/2673/2455
f 2483/2556/2349 2482/2674/2456 2477/2675/2457 2478/2676/2458
f 2465/2677/2459 2464/2678/2460 2455/2652/2438 2456/2651/2437
f 2434/2558/2351 2443/2593/2386 2442/2679/2461 2433/2559/2352
f 2365/2638/2429 2364/2611/2404 2347/2610/2403 2348/2655/2441
f 2361/2623/2414 2360/2590/2383 2343/2573/2366 2344/2580/2373
f 2371/2597/2390 2370/2624/2415 2353/2561/2354 2354/2598/2391
f 2441/2680/2462 2450/2649/2435 2449/2681/2463 2440/2608/2401
f 2443/2593/2386 2452/2665/2447 2451/2650/2436 2442/2679/2461
f 2402/2682/2431 2419/2669/2451 2418/2670/2452 2401/2683/2464
f 2432/2668/2450 2441/2680/2462 2440/2608/2401 2431/2609/2402
f 2449/2681/2463 2448/2605/2398 2439/2604/2397 2440/2608/2401
f 2485/2684/2465 2484/2553/2346 2479/2685/2466 2480/2686/2467
f 2401/2687/2464 2400/2688/2368 2383/2635/2426 2384/2634/2425
f 2462/2689/2468 2461/2690/2469 2452/2665/2447 2453/2664/2446
f 2428/2667/2449 2437/2563/2356 2436/2566/2359 2427/2691/2470
f 2377/2627/2418 2394/2653/2439 2393/2692/2471 2376/2631/2422
f 2442/2679/2461 2441/2680/2462 2432/2668/2450 2433/2559/2352
f 2457/2584/2377 2466/2518/2311 2465/2677/2459 2456/2651/2437
f 2478/2676/2458 2477/2675/2457 2473/2517/2310 2474/2516/2309
f 2461/2690/2469 2470/2693/2472 2469/2694/2473 2460/2647/2433
f 2463/2695/2474 2464/2678/2460 2472/2696/2475
f 2465/2677/2459 2466/2518/2311 2473/2517/2310
f 2470/2693/2472 2472/2697/2476 2475/2698/2477 2469/2694/2473
f 2473/2517/2310 2472/2696/2475 2464/2678/2460 2465/2677/2459
f 2469/2694/2473 2475/2698/2477 2468/2699/2478
f 2471/2700/2479 2472/2697/2476 2470/2693/2472
f 2475/2698/2477 2479/2685/2466 2478/2676/2458 2474/2516/2309
f 2480/2686/2467 2479/2685/2466 2475/2698/2477 2472/2697/2476
f 2487/2701/2480 2492/2702/2481 2491/2703/2482 2486/2704/2483
f 2479/2685/2466 2484/2553/2346 2483/2556/2349 2478/2676/2458
f 2447/2606/2399 2446/2564/2357 2437/2563/2356 2438/2607/2400
f 2473/2517/2310 2477/2675/2457 2476/2705/2484 2472/2696/2475
f 2451/2650/2436 2450/2649/2435 2441/2680/2462 2442/2679/2461
f 2459/2648/2434 2468/2699/2478 2467/2519/2312 2458/2585/2378
f 2482/2674/2456 2487/2701/2480 2486/2704/2483 2481/2706/2485
f 2489/2554/2347 2494/2707/2486 2493/2708/2487 2488/2555/2348
f 2495/2709/2488 2494/2707/2486 2489/2554/2347 2490/2710/2489
f 2348/2655/2441 2347/2610/2403 2330/2587/2380 2331/2659/2443
f 2418/2670/2452 2417/2576/2369 2400/2575/2368 2401/2683/2464
f 2496/2711/2490 2491/2703/2482 2497/2712/2491
f 2492/2702/2481 2497/2712/2491 2491/2703/2482
f 2492/2702/2481 2493/2708/2487 2497/2712/2491
f 2498/2713/2490 2497/2712/2491 2493/2708/2487
f 2498/2713/2490 2493/2708/2487 2499/2714/2492
f 2494/2707/2486 2499/2714/2492 2493/2708/2487
f 2494/2707/2486 2495/2709/2488 2499/2714/2492
f 2500/2715/2490 2499/2714/2492 2495/2709/2488
f 2431/2609/2402 2430/2539/2332 2417/2576/2369 2418/2670/2452
f 2350/2543/2336 2349/2654/2440 2332/2658/2442 2333/2544/2337
f 2358/2602/2395 2357/2582/2375 2340/2513/2306 2341/2671/2453
f 2333/2544/2337 2332/2658/2442 2315/2716/2493 2316/2666/2448
f 2331/2659/2443 2330/2587/2380 2313/2586/2379 2314/2717/2494
f 2396/2530/2323 2413/2529/2322 2412/2660/2444 2395/2663/2411
f 2420/2534/2327 2419/2669/2451 2402/2682/2431 2403/2535/2328
f 2471/2700/2479 2470/2693/2472 2461/2690/2469 2462/2689/2468
f 2315/2716/2493 2332/2658/2442 2331/2659/2443 2314/2717/2494
f 2327/2581/2374 2326/2546/2339 2309/2545/2338 2310/2673/2455
f 2433/2559/2352 2432/2668/2450 2421/2533/2326 2422/2536/2329
f 2424/2522/2315 2423/2560/2353 2406/2657/2432 2407/2523/2316
f 2435/2594/2387 2434/2558/2351 2425/2521/2314 2426/2567/2360
f 2411/2661/2445 2428/2667/2449 2427/2691/2470 2410/2718/2495
f 2430/2539/2332 2439/2604/2397 2438/2607/2400 2429/2540/2333
f 2455/2652/2438 2464/2678/2460 2463/2695/2474 2454/2719/2496
f 2409/2720/2361 2408/2645/2313 2391/2629/2420 2392/2628/2419
f 2399/2721/2371 2398/2615/2408 2381/2614/2407 2382/2637/2428
f 2469/2694/2473 2468/2699/2478 2459/2648/2434 2460/2647/2433
f 2488/2555/2348 2487/2701/2480 2482/2674/2456 2483/2556/2349
f 2353/2561/2354 2370/2624/2415 2369/2603/2396 2352/2562/2355
f 2450/2649/2435 2459/2648/2434 2458/2585/2378 2449/2681/2463
f 2458/2585/2378 2457/2584/2377 2448/2605/2398 2449/2681/2463
f 2452/2665/2447 2461/2690/2469 2460/2647/2433 2451/2650/2436
f 2446/2564/2357 2455/2652/2438 2454/2719/2496 2445/2565/2358
f 2493/2708/2487 2492/2702/2481 2487/2701/2480 2488/2555/2348
f 2448/2605/2398 2457/2584/2377 2456/2651/2437 2447/2606/2399
f 2385/2632/2423 2402/2641/2431 2401/2687/2464 2384/2634/2425
f 2407/2646/2316 2406/2644/2432 2389/2639/2430 2390/2630/2421
f 2490/2710/2489 2489/2554/2347 2484/2553/2346 2485/2684/2465
f 2345/2579/2372 2362/2622/2413 2361/2623/2414 2344/2580/2373
f 2468/2699/2478 2475/2698/2477 2474/2516/2309 2467/2519/2312
f 2394/2662/2439 2411/2661/2445 2410/2718/2495 2393/2722/2471
f 2438/2607/2400 2437/2563/2356 2428/2667/2449 2429/2540/2333
f 2477/2675/2457 2482/2674/2456 2481/2706/2485 2476/2705/2484
f 2383/2635/2426 2400/2688/2368 2399/2721/2371 2382/2637/2428
f 2338/2525/2318 2355/2595/2388 2354/2598/2391 2337/2526/2319
f 2390/2630/2421 2389/2639/2430 2372/2596/2389 2373/2599/2392
o Tree_0.084
v -24.082384 12.888747 7.285977
v -24.117220 12.878564 7.405712
v -24.130241 12.844184 7.513676
v -24.121746 12.789084 7.592550
v -24.093845 12.721292 7.630647
v -24.051216 12.650830 7.621955
v -24.000193 12.588293 7.567402
v -23.947309 12.544217 7.475889
v -23.898481 12.526843 7.361911
v -23.850298 12.541888 7.227955
v -23.820625 12.584219 7.109380
v -23.816275 12.645746 7.023627
v -23.839283 12.716113 6.983366
v -23.886648 12.784245 6.994583
v -23.950659 12.840132 7.055709
v -24.020199 12.876249 7.157820
v -24.082384 12.888747 7.285977
v -24.038391 12.915583 7.349355
v -24.071342 12.899452 7.441401
v -24.085602 12.860742 7.524065
v -24.079826 12.804612 7.585180
v -24.054626 12.739878 7.616474
v -24.014091 12.676015 7.612569
v -23.964743 12.621847 7.573106
v -23.913261 12.586108 7.505013
v -23.866400 12.574649 7.418530
v -23.827398 12.590343 7.321304
v -23.807409 12.631516 7.233082
v -23.807552 12.689810 7.166534
v -23.829575 12.757776 7.131504
v -23.874987 12.822324 7.140228
v -23.930197 12.874146 7.184171
v -23.987597 12.907626 7.256972
v -24.038391 12.915583 7.349355
v -23.997234 12.956744 7.436699
v -24.032978 12.934252 7.509864
v -24.050097 12.888824 7.574966
v -24.046167 12.829466 7.624209
v -24.022064 12.765323 7.651464
v -23.981482 12.705162 7.652100
v -23.930550 12.656794 7.625440
v -23.876963 12.626786 7.572989
v -23.828548 12.620479 7.503085
v -23.791161 12.639330 7.428038
v -23.770008 12.681585 7.358176
v -23.769869 12.742525 7.303740
v -23.790968 12.813828 7.274236
v -23.839233 12.876642 7.277737
v -23.893532 12.926133 7.310424
v -23.948696 12.954062 7.366765
v -23.997234 12.956744 7.436699
v -23.920954 13.035421 7.631574
v -23.962193 13.006923 7.701604
v -23.982954 12.955635 7.766892
v -23.979908 12.891700 7.821154
v -23.953148 12.823668 7.849485
v -23.907854 12.763242 7.853677
v -23.851891 12.718658 7.827858
v -23.793438 12.695335 7.779888
v -23.740870 12.696244 7.715650
v -23.700329 12.721518 7.645897
v -23.675877 12.769148 7.581809
v -23.672070 12.834568 7.532237
v -23.693748 12.907892 7.503937
v -23.744743 12.969731 7.498761
v -23.804436 13.015528 7.522374
v -23.865803 13.038571 7.569122
v -23.920954 13.035421 7.631574
v -23.794125 13.157446 7.956868
v -23.847075 13.123316 8.055998
v -23.873125 13.060369 8.155118
v -23.867105 12.977537 8.232117
v -23.829775 12.890842 8.276304
v -23.768507 12.814929 8.280466
v -23.694553 12.761497 8.245283
v -23.621080 12.737817 8.176165
v -23.558535 12.745632 8.087456
v -23.513723 12.782252 7.994606
v -23.491333 12.842204 7.910043
v -23.494289 12.917768 7.843760
v -23.524866 12.998348 7.802381
v -23.578875 13.072214 7.792455
v -23.648861 13.128294 7.816371
v -23.724228 13.158616 7.873276
v -23.794125 13.157446 7.956868
v -23.636230 13.282460 8.348489
v -23.692120 13.247903 8.463587
v -23.718010 13.182304 8.573400
v -23.710192 13.095354 8.658506
v -23.670685 13.000484 8.704979
v -23.605768 12.914853 8.707586
v -23.526388 12.851501 8.667137
v -23.445040 12.819328 8.591217
v -23.373718 12.822233 8.492228
v -23.322683 12.858998 8.384588
v -23.298943 12.923838 8.283672
v -23.305010 13.004999 8.201574
v -23.340048 13.093180 8.151382
v -23.399868 13.176742 8.141649
v -23.476894 13.242890 8.174761
v -23.560089 13.280515 8.247116
v -23.636230 13.282460 8.348489
v -23.534946 13.509175 8.696274
v -23.578882 13.486639 8.801434
v -23.596409 13.441995 8.906983
v -23.586006 13.379500 8.994955
v -23.548485 13.310294 9.053387
v -23.489347 13.246091 9.073609
v -23.417965 13.196674 9.052500
v -23.345484 13.169603 8.993627
v -23.282972 13.168058 8.906031
v -23.239588 13.191195 8.802530
v -23.221899 13.237314 8.699663
v -23.232513 13.299306 8.613051
v -23.269503 13.365691 8.553419
v -23.327774 13.428275 8.531239
v -23.398693 13.477614 8.550297
v -23.471521 13.506043 8.608098
v -23.534946 13.509175 8.696274
v -23.464706 13.827004 9.025791
v -23.510584 13.780643 9.187764
v -23.473486 13.688519 9.303462
v -23.375141 13.604598 9.305110
v -23.273159 13.578039 9.191744
v -23.227282 13.624400 9.029772
v -23.264380 13.716524 8.914074
v -23.362724 13.800446 8.912426
v -23.464706 13.827004 9.025791
v -23.391659 14.419030 9.446687
v -23.433949 14.380429 9.601598
v -23.398710 14.298625 9.712791
v -23.306587 14.221539 9.715136
v -23.211540 14.194325 9.607254
v -23.169250 14.232926 9.452342
v -23.204489 14.314731 9.341148
v -23.296614 14.391817 9.338805
v -23.391659 14.419030 9.446687
v -23.325315 14.801054 9.673925
v -23.361206 14.774058 9.813231
v -23.329765 14.707079 9.912930
v -23.249071 14.640717 9.916256
v -23.166168 14.612273 9.819265
v -23.129986 14.639156 9.679013
v -23.161463 14.707375 9.579074
v -23.242632 14.774637 9.577224
v -23.325315 14.801054 9.673925
v -23.204062 15.262007 9.885634
v -23.233692 15.239829 10.001822
v -23.206999 15.187853 10.087301
v -23.138754 15.136806 10.093375
v -23.068048 15.116549 10.014918
v -23.037334 15.138745 9.896448
v -23.065126 15.191626 9.809730
v -23.134514 15.242783 9.805958
v -23.204062 15.262007 9.885634
v -23.102316 15.470175 9.965590
v -23.126013 15.453118 10.059016
v -23.104872 15.411854 10.128310
v -23.050417 15.370634 10.133951
v -22.993774 15.353655 10.071177
v -22.969090 15.370810 9.975621
v -22.991335 15.412859 9.905267
v -23.046803 15.454071 9.901775
v -23.102316 15.470175 9.965590
v -22.932089 15.684354 10.064286
v -22.935619 15.635111 10.195652
v -22.846849 15.582966 10.147257
v -22.843517 15.632538 10.013919
v -22.787905 15.804881 10.168446
v -22.795815 15.758928 10.270815
v -22.729803 15.704237 10.225399
v -22.722212 15.749701 10.122039
v -22.787905 15.804881 10.168446
v -22.546762 15.985682 10.441319
v -22.558792 15.940375 10.524652
v -22.506571 15.882292 10.478842
v -22.494541 15.927598 10.395510
v -22.546762 15.985682 10.441319
v -22.386168 16.053074 10.706154
v -22.401661 16.014286 10.761877
v -22.360882 15.968844 10.726202
v -22.345388 16.007631 10.670478
v -22.386168 16.053074 10.706154
v -22.212748 16.112022 11.220086
v -22.227940 16.079479 11.258612
v -22.193769 16.042912 11.232119
v -22.178577 16.075455 11.193592
v -22.212748 16.112022 11.220086
v -22.131544 16.119299 11.749514
v -22.131544 16.119299 11.749514
v -22.131544 16.119299 11.749514
v -22.131544 16.119299 11.749514
v -22.131544 16.119299 11.749514
vn -0.1511 0.9590 -0.2399
vn -0.2049 0.9331 -0.2954
vn 0.1446 0.9042 -0.4019
vn 0.1884 0.9348 -0.3011
vn 0.9158 -0.3883 0.1028
vn -0.1845 -0.1193 0.9756
vn 0.4119 -0.3080 0.8576
vn 0.7880 -0.4990 0.3607
vn 0.0980 0.9828 -0.1564
vn -0.4487 0.7217 -0.5272
vn 0.0078 0.7740 -0.6331
vn 0.3509 0.8866 -0.3013
vn 0.5840 0.7751 -0.2411
vn 0.5460 0.7449 -0.3835
vn 0.8056 0.4608 -0.3724
vn 0.8397 0.5069 -0.1950
vn -0.7541 -0.2760 0.5960
vn -0.9403 -0.0129 0.3402
vn -0.8649 0.0752 0.4962
vn -0.7657 -0.3736 0.5235
vn 0.9041 -0.0583 -0.4234
vn 0.9638 0.1819 -0.1950
vn 0.9994 -0.0299 -0.0195
vn 0.8257 -0.4635 -0.3216
vn 0.8150 0.4003 -0.4189
vn 0.8304 0.3360 -0.4445
vn -0.3424 -0.4840 0.8053
vn 0.3462 -0.5351 0.7706
vn -0.5969 -0.3941 0.6989
vn 0.8123 -0.5824 0.0305
vn 0.7751 -0.6308 -0.0368
vn 0.5324 -0.8380 0.1201
vn 0.6017 -0.7787 0.1776
vn -0.4357 0.8895 0.1374
vn -0.6694 0.7348 0.1093
vn -0.5515 0.8297 -0.0869
vn -0.4024 0.9138 -0.0547
vn 0.9878 0.1340 -0.0797
vn 0.9721 0.0745 -0.2226
vn 0.9601 -0.2369 -0.1486
vn 0.9867 -0.1614 -0.0212
vn 0.6757 0.4543 -0.5806
vn 0.7932 0.4829 -0.3710
vn 0.5961 -0.7997 -0.0725
vn 0.5970 -0.7981 -0.0813
vn 0.8405 -0.5326 0.0994
vn -0.2683 0.6303 -0.7285
vn 0.6195 0.4250 -0.6600
vn 0.5102 0.6351 -0.5800
vn 0.9347 0.0068 -0.3555
vn 0.9146 -0.3196 -0.2479
vn -0.9870 0.0875 0.1345
vn -0.9733 0.1567 0.1676
vn -0.9132 0.3335 -0.2343
vn -0.9230 0.2992 -0.2420
vn -0.7733 0.5677 -0.2823
vn -0.5238 0.8516 -0.0193
vn -0.5466 -0.2691 0.7930
vn -0.6532 0.2701 0.7074
vn 0.0370 0.6318 0.7742
vn 0.2489 0.1690 0.9537
vn -0.7861 0.6137 0.0735
vn -0.5947 0.7989 -0.0893
vn 0.0290 -0.9830 0.1811
vn 0.6245 -0.4809 0.6155
vn 0.1953 -0.6019 0.7743
vn -0.2328 -0.9102 0.3426
vn -0.9061 -0.0179 0.4227
vn -0.9270 0.2657 0.2648
vn -0.8056 0.4430 0.3933
vn -0.2135 0.9268 -0.3091
vn 0.1299 0.8927 -0.4315
vn 0.4871 -0.2974 0.8211
vn 0.8916 -0.3468 0.2912
vn 0.4542 -0.1978 0.8687
vn -0.1725 -0.5526 0.8154
vn 0.7059 -0.6952 -0.1355
vn 0.4376 -0.8992 -0.0021
vn -0.8094 0.5852 0.0490
vn -0.5943 0.7996 -0.0868
vn -0.9237 0.2982 -0.2406
vn -0.3518 0.5397 -0.7649
vn -0.9282 0.3027 -0.2166
vn 0.4975 0.7142 -0.4924
vn 0.4765 0.6920 -0.5423
vn 0.7421 0.3973 -0.5398
vn 0.7530 0.4081 -0.5162
vn 0.0904 0.8822 -0.4622
vn -0.2301 0.9212 -0.3138
vn -0.6104 0.7880 -0.0805
vn -0.6031 0.7928 -0.0878
vn 0.8800 -0.3591 -0.3110
vn 0.3998 -0.4683 0.7880
vn 0.4405 -0.4003 0.8036
vn -0.4934 -0.2132 0.8433
vn -0.5533 -0.3029 0.7760
vn 0.9189 -0.2578 0.2984
vn 0.9150 -0.2835 0.2870
vn -0.5323 -0.6768 0.5086
vn -0.5815 -0.7271 0.3649
vn -0.8079 -0.4701 0.3554
vn -0.7690 -0.4198 0.4820
vn -0.5691 -0.7497 0.3377
vn -0.5350 -0.7065 0.4634
vn -0.7829 -0.4773 0.3991
vn -0.9406 -0.0980 0.3252
vn -0.7899 0.4738 0.3893
vn -0.9311 0.2649 0.2506
vn -0.9469 -0.0985 0.3059
vn -0.9462 0.2353 0.2222
vn 0.8963 -0.0364 -0.4420
vn 0.8813 -0.0469 -0.4703
vn 0.8538 -0.3757 -0.3603
vn -0.7795 0.6218 0.0763
vn -0.5765 0.8153 -0.0547
vn -0.1600 0.9502 -0.2675
vn 0.1761 0.9003 -0.3981
vn -0.5569 0.8281 -0.0644
vn 0.6701 -0.7150 -0.1992
vn 0.7506 0.3755 -0.5437
vn 0.4441 -0.8948 -0.0468
vn 0.0849 -0.9886 0.1245
vn 0.0877 -0.9798 0.1800
vn -0.1924 -0.9400 0.2817
vn -0.2605 -0.9282 0.2658
vn 0.5165 0.6763 -0.5252
vn 0.6288 -0.7566 -0.1796
vn 0.6327 0.6616 -0.4025
vn 0.4771 0.2005 -0.8556
vn 0.9668 -0.1863 -0.1748
vn 0.9863 -0.0942 -0.1354
vn 0.5350 0.2812 -0.7967
vn -0.3780 -0.0473 0.9246
vn -0.9234 0.3064 0.2312
vn -0.5455 0.8114 0.2101
vn 0.1674 -0.9356 0.3107
vn -0.1858 -0.8914 0.4134
vn 0.3465 -0.8479 0.4013
vn 0.0281 -0.8190 0.5731
vn -0.9754 0.1891 0.1131
vn -0.9149 0.3864 -0.1169
vn -0.9144 0.3321 -0.2315
vn -0.3957 0.4853 -0.7797
vn 0.6810 -0.6977 0.2224
vn -0.9899 0.0715 0.1221
vn 0.9968 -0.0035 -0.0799
vn 0.9647 -0.1806 0.1918
vn 0.8458 -0.3748 0.3797
vn -0.5574 0.8253 -0.0906
vn -0.4115 0.9094 -0.0608
vn -0.2974 0.7913 0.5342
vn -0.6363 -0.4451 0.6301
vn -0.2403 -0.2310 0.9428
vn 0.6390 -0.7665 -0.0655
vn -0.4576 0.1225 0.8807
vn -0.8072 0.5314 0.2571
vn 0.5958 0.3687 -0.7135
vn 0.9938 -0.0342 -0.1056
vn 0.9101 -0.2929 0.2931
vn 0.3618 -0.9323 0.0035
vn -0.6389 0.7461 0.1875
vn 0.4717 0.3027 -0.8282
vn -0.6560 0.7490 0.0926
vn -0.8720 0.4459 -0.2018
vn -0.3935 0.4950 -0.7747
vn -0.9282 0.3027 -0.2163
vn -0.5315 0.8464 -0.0349
vn -0.1656 0.5631 -0.8097
vn 0.6105 0.0614 -0.7897
vn -0.7617 0.6056 -0.2305
vn -0.6991 0.6979 0.1556
vn -0.7042 0.7028 0.1009
vn 0.4926 0.2685 -0.8278
vn 0.9059 -0.3839 -0.1786
vn -0.7765 0.5885 -0.2249
vn -0.7792 -0.4803 0.4026
vn -0.8401 -0.4867 0.2395
vn -0.7556 0.6453 0.1127
vn -0.6734 0.7240 0.1493
vn -0.6564 0.7394 0.1495
vn -0.6295 0.7568 0.1761
vn 0.8607 0.4837 -0.1587
vn 0.7732 -0.6341 -0.0009
vn -0.7558 0.6450 0.1125
vn -0.6736 0.7239 0.1492
vn 0.4014 -0.8976 0.1820
vn 0.3501 -0.9162 0.1948
vn 0.4555 -0.8731 0.1739
vn 0.5488 -0.7157 0.4320
vn 0.4192 -0.6166 0.6663
vn -0.7743 0.5665 -0.2821
vn -0.8674 0.4533 -0.2054
vt 0.209503 0.700367
vt 0.214752 0.687049
vt 0.223509 0.690896
vt 0.219855 0.706306
vt 0.133227 0.834738
vt 0.126366 0.833432
vt 0.135670 0.796013
vt 0.139805 0.796686
vt 0.205567 0.626722
vt 0.193023 0.651458
vt 0.189141 0.649782
vt 0.201071 0.623597
vt 0.229163 0.710603
vt 0.232211 0.693750
vt 0.240860 0.695435
vt 0.237807 0.712963
vt 0.148967 0.640746
vt 0.144810 0.640517
vt 0.144207 0.610171
vt 0.149614 0.608730
vt 0.187449 0.613950
vt 0.177253 0.645977
vt 0.173258 0.644984
vt 0.182528 0.611254
vt 0.181236 0.647072
vt 0.192120 0.617034
vt 0.153077 0.641181
vt 0.154247 0.667775
vt 0.147950 0.666971
vt 0.268529 0.694402
vt 0.269414 0.678030
vt 0.277916 0.678160
vt 0.278300 0.692948
vt 0.343334 0.695480
vt 0.340660 0.684731
vt 0.349539 0.682328
vt 0.354617 0.693855
vt 0.246799 0.713009
vt 0.249684 0.695990
vt 0.258909 0.695514
vt 0.256857 0.711376
vt 0.123378 0.898270
vt 0.115235 0.922763
vt 0.111375 0.921780
vt 0.118411 0.897118
vt 0.268150 0.708787
vt 0.179061 0.673346
vt 0.172984 0.671680
vt 0.185202 0.648330
vt 0.252488 0.677371
vt 0.260933 0.677789
vt 0.136838 0.704776
vt 0.134255 0.730652
vt 0.129088 0.730163
vt 0.131072 0.704269
vt 0.196840 0.653401
vt 0.210175 0.629578
vt 0.313900 0.687453
vt 0.322760 0.686785
vt 0.323309 0.694991
vt 0.315071 0.695485
vt 0.337060 0.672373
vt 0.344785 0.669927
vt 0.166323 0.606932
vt 0.161206 0.642459
vt 0.157156 0.641761
vt 0.160698 0.606931
vt 0.320713 0.676194
vt 0.328988 0.674541
vt 0.331713 0.686012
vt 0.219577 0.672010
vt 0.227637 0.673922
vt 0.139137 0.770406
vt 0.143825 0.771217
vt 0.307118 0.696263
vt 0.305088 0.688407
vt 0.270527 0.645685
vt 0.278150 0.645772
vt 0.331083 0.641622
vt 0.338704 0.640530
vt 0.176343 0.711986
vt 0.170697 0.710789
vt 0.185042 0.675210
vt 0.235813 0.675480
vt 0.240303 0.643756
vt 0.247815 0.644493
vt 0.244110 0.676635
vt 0.232809 0.642883
vt 0.225318 0.641919
vt 0.217810 0.640917
vt 0.211578 0.669773
vt 0.262927 0.645467
vt 0.148220 0.706270
vt 0.144574 0.732103
vt 0.139415 0.731311
vt 0.142554 0.705421
vt 0.153851 0.707300
vt 0.160543 0.668865
vt 0.303653 0.677929
vt 0.300984 0.644998
vt 0.308549 0.644385
vt 0.312244 0.677297
vt 0.299033 0.596073
vt 0.298138 0.555572
vt 0.305094 0.555596
vt 0.306154 0.595769
vt 0.313297 0.595424
vt 0.312016 0.555606
vt 0.318895 0.555598
vt 0.320470 0.595057
vt 0.316083 0.643599
vt 0.323589 0.642663
vt 0.255356 0.645068
vt 0.256469 0.596374
vt 0.263570 0.596527
vt 0.327692 0.594708
vt 0.220576 0.595598
vt 0.227838 0.595676
vt 0.235047 0.595817
vt 0.334921 0.594355
vt 0.270660 0.596633
vt 0.249353 0.596190
vt 0.277744 0.596599
vt 0.284832 0.596496
vt 0.285775 0.645688
vt 0.291927 0.596319
vt 0.293390 0.645432
vt 0.242215 0.595996
vt 0.263048 0.555628
vt 0.270092 0.555490
vt 0.256009 0.555786
vt 0.248987 0.555973
vt 0.241996 0.556193
vt 0.228184 0.556736
vt 0.235054 0.556447
vt 0.153228 0.772759
vt 0.148517 0.772005
vt 0.154868 0.733831
vt 0.160012 0.734706
vt 0.134436 0.769639
vt 0.129707 0.768999
vt 0.325697 0.555506
vt 0.286450 0.678254
vt 0.295034 0.678201
vt 0.155111 0.607584
vt 0.196623 0.620313
vt 0.287396 0.691296
vt 0.296283 0.689683
vt 0.140615 0.640520
vt 0.136394 0.640786
vt 0.133543 0.613077
vt 0.138863 0.611687
vt 0.170256 0.736570
vt 0.165155 0.735604
vt 0.280038 0.705577
vt 0.141673 0.666485
vt 0.166801 0.670183
vt 0.169256 0.644079
vt 0.165241 0.643218
vt 0.206290 0.682218
vt 0.199178 0.692583
vt 0.332622 0.695229
vt 0.113461 0.895907
vt 0.122221 0.858701
vt 0.127957 0.859948
vt 0.131525 0.795361
vt 0.127388 0.794762
vt 0.165068 0.709610
vt 0.159459 0.708437
vt 0.149722 0.732957
vt 0.177331 0.609119
vt 0.171896 0.607677
vt 0.128227 0.899884
vt 0.133703 0.861123
vt 0.139336 0.862722
vt 0.277128 0.555501
vt 0.284151 0.555519
vt 0.162638 0.774432
vt 0.157941 0.773541
vt 0.135435 0.666325
vt 0.332429 0.555400
vt 0.152205 0.798748
vt 0.148099 0.797999
vt 0.123226 0.794319
vt 0.119455 0.832282
vt 0.146930 0.837426
vt 0.140115 0.835887
vt 0.143957 0.797321
vt 0.156280 0.799677
vt 0.107464 0.920894
vt 0.098503 0.958228
vt 0.095341 0.957529
vt 0.103622 0.919867
vt 0.116520 0.857378
vt 0.108553 0.894531
vt 0.104842 0.959470
vt 0.101695 0.958758
vt 0.107891 0.960563
vt 0.119001 0.924121
vt 0.091909 0.989713
vt 0.093028 0.989562
vt 0.093676 0.989952
vt 0.095867 0.990424
vt 0.096918 0.990805
vt 0.289720 0.701652
vt 0.298781 0.698391
vt 0.132152 0.641331
vt 0.124952 0.768541
vt 0.221406 0.557055
vt 0.291155 0.555544
vt 0.128225 0.614191
s 1
usemtl Trunk
f 2516/2723/2497 2533/2724/2498 2532/2725/2499 2515/2726/2500
f 2667/2727/2501 2666/2728/2502 2659/2729/2503 2660/2730/2504
f 2601/2731/2505 2618/2732/2506 2617/2733/2507 2600/2734/2508
f 2514/2735/2509 2531/2736/2510 2530/2737/2511 2513/2738/2512
f 2607/2739/2513 2606/2740/2514 2589/2741/2515 2590/2742/2516
f 2597/2743/2517 2614/2744/2518 2613/2745/2519 2596/2746/2520
f 2615/2747/2521 2614/2744/2518 2597/2743/2517 2598/2748/2522
f 2608/2749/2523 2623/2750/2524 2622/2751/2525 2607/2739/2513
f 2527/2752/2526 2544/2753/2527 2543/2754/2528 2526/2755/2529
f 2502/2756/2530 2519/2757/2531 2518/2758/2532 2501/2759/2533
f 2512/2760/2534 2529/2761/2535 2528/2762/2536 2511/2763/2537
f 2532/2725/2499 2531/2736/2510 2514/2735/2509 2515/2726/2500
f 2677/2764/2538 2682/2765/2539 2681/2766/2540 2676/2767/2541
f 2528/2762/2536 2527/2752/2526 2510/2768/2542 2511/2763/2537
f 2627/2769/2543 2626/2770/2544 2616/2771/2545 2617/2733/2507
f 2529/2761/2535 2546/2772/2546 2545/2773/2547 2528/2762/2536
f 2530/2737/2511 2529/2761/2535 2512/2760/2534 2513/2738/2512
f 2630/2774/2548 2639/2775/2549 2638/2776/2550 2629/2777/2551
f 2619/2778/2552 2618/2732/2506 2601/2731/2505 2602/2779/2553
f 2522/2780/2554 2521/2781/2555 2504/2782/2556 2505/2783/2557
f 2519/2757/2531 2536/2784/2558 2535/2785/2559 2518/2758/2532
f 2593/2786/2560 2610/2787/2561 2609/2788/2562 2592/2789/2563
f 2521/2781/2555 2538/2790/2564 2537/2791/2565 2520/2792/2566
f 2537/2791/2565 2536/2784/2558 2519/2757/2531 2520/2792/2566
f 2533/2724/2498 2550/2793/2567 2549/2794/2568 2532/2725/2499
f 2660/2730/2504 2659/2729/2503 2650/2795/2569 2651/2796/2570
f 2545/2773/2547 2544/2753/2527 2527/2752/2526 2528/2762/2536
f 2506/2797/2571 2523/2798/2572 2522/2780/2554 2505/2783/2557
f 2544/2753/2527 2561/2799/2573 2560/2800/2574 2543/2754/2528
f 2536/2784/2558 2553/2801/2575 2552/2802/2576 2535/2785/2559
f 2637/2803/2577 2636/2804/2578 2627/2769/2543 2628/2805/2579
f 2548/2806/2580 2565/2807/2581 2564/2808/2582 2547/2809/2583
f 2566/2810/2584 2565/2807/2581 2548/2806/2580 2549/2794/2568
f 2550/2793/2567 2567/2811/2585 2566/2810/2584 2549/2794/2568
f 2568/2812/2586 2567/2811/2585 2550/2793/2567 2551/2813/2587
f 2562/2814/2588 2561/2799/2573 2544/2753/2527 2545/2773/2547
f 2632/2815/2589 2641/2816/2590 2640/2817/2591 2631/2818/2592
f 2633/2819/2593 2632/2815/2589 2623/2750/2524 2624/2820/2594
f 2540/2821/2595 2557/2822/2596 2556/2823/2597 2539/2824/2598
f 2574/2825/2599 2591/2826/2600 2590/2827/2516 2573/2828/2601
f 2572/2829/2602 2589/2830/2515 2588/2831/2603 2571/2832/2604
f 2555/2833/2605 2572/2829/2602 2571/2832/2604 2554/2834/2606
f 2563/2835/2607 2580/2836/2608 2579/2837/2609 2562/2814/2588
f 2571/2832/2604 2570/2838/2610 2553/2801/2575 2554/2834/2606
f 2585/2839/2611 2584/2840/2612 2567/2811/2585 2568/2812/2586
f 2567/2811/2585 2584/2840/2612 2583/2841/2613 2566/2810/2584
f 2553/2801/2575 2570/2838/2610 2569/2842/2614 2552/2802/2576
f 2579/2837/2609 2578/2843/2615 2561/2799/2573 2562/2814/2588
f 2581/2844/2616 2580/2836/2608 2563/2835/2607 2564/2808/2582
f 2561/2799/2573 2578/2843/2615 2577/2845/2617 2560/2800/2574
f 2577/2845/2617 2576/2846/2618 2559/2847/2619 2560/2800/2574
f 2573/2828/2601 2572/2829/2602 2555/2833/2605 2556/2823/2597
f 2575/2848/2620 2574/2825/2599 2557/2822/2596 2558/2849/2621
f 2565/2807/2581 2582/2850/2622 2581/2844/2616 2564/2808/2582
f 2557/2822/2596 2574/2825/2599 2573/2828/2601 2556/2823/2597
f 2559/2847/2619 2576/2846/2618 2575/2848/2620 2558/2849/2621
f 2596/2851/2520 2595/2852/2623 2578/2843/2615 2579/2837/2609
f 2580/2836/2608 2597/2853/2517 2596/2851/2520 2579/2837/2609
f 2598/2854/2522 2597/2853/2517 2580/2836/2608 2581/2844/2616
f 2582/2850/2622 2599/2855/2624 2598/2854/2522 2581/2844/2616
f 2584/2840/2612 2601/2856/2505 2600/2857/2508 2583/2841/2613
f 2653/2858/2625 2652/2859/2626 2643/2860/2627 2644/2861/2628
f 2649/2862/2629 2648/2863/2630 2639/2775/2549 2640/2817/2591
f 2588/2831/2603 2587/2864/2631 2570/2838/2610 2571/2832/2604
f 2542/2865/2632 2559/2847/2619 2558/2849/2621 2541/2866/2633
f 2556/2823/2597 2555/2833/2605 2538/2790/2564 2539/2824/2598
f 2590/2827/2516 2589/2830/2515 2572/2829/2602 2573/2828/2601
f 2560/2800/2574 2559/2847/2619 2542/2865/2632 2543/2754/2528
f 2539/2824/2598 2538/2790/2564 2521/2781/2555 2522/2780/2554
f 2609/2788/2562 2608/2749/2523 2591/2867/2600 2592/2789/2563
f 2599/2868/2624 2616/2771/2545 2615/2747/2521 2598/2748/2522
f 2525/2869/2634 2542/2865/2632 2541/2866/2633 2524/2870/2635
f 2523/2798/2572 2540/2821/2595 2539/2824/2598 2522/2780/2554
f 2547/2809/2583 2546/2772/2546 2529/2761/2535 2530/2737/2511
f 2549/2794/2568 2548/2806/2580 2531/2736/2510 2532/2725/2499
f 2591/2867/2600 2608/2749/2523 2607/2739/2513 2590/2742/2516
f 2605/2871/2636 2604/2872/2637 2587/2873/2631 2588/2874/2603
f 2646/2875/2638 2645/2876/2639 2636/2804/2578 2637/2803/2577
f 2510/2768/2542 2527/2752/2526 2526/2755/2529 2509/2877/2640
f 2605/2871/2636 2621/2878/2641 2604/2872/2637
f 2607/2739/2513 2622/2751/2525 2606/2740/2514
f 2609/2788/2562 2623/2750/2524 2608/2749/2523
f 2609/2788/2562 2610/2787/2561 2623/2750/2524
f 2625/2879/2642 2624/2820/2594 2612/2880/2643 2613/2745/2519
f 2611/2881/2644 2612/2880/2643 2624/2820/2594
f 2534/2882/2645 2533/2724/2498 2516/2723/2497 2517/2883/2646
f 2613/2745/2519 2614/2744/2518 2625/2879/2642
f 2606/2740/2514 2622/2751/2525 2621/2878/2641 2605/2871/2636
f 2615/2747/2521 2616/2771/2545 2626/2770/2544
f 2617/2733/2507 2618/2732/2506 2627/2769/2543
f 2504/2782/2556 2521/2781/2555 2520/2792/2566 2503/2884/2647
f 2676/2767/2541 2675/2885/2648 2670/2886/2649 2671/2887/2650
f 2658/2888/2651 2657/2889/2652 2648/2863/2630 2649/2862/2629
f 2627/2769/2543 2636/2804/2578 2635/2890/2653 2626/2770/2544
f 2558/2849/2621 2557/2822/2596 2540/2821/2595 2541/2866/2633
f 2554/2834/2606 2553/2801/2575 2536/2784/2558 2537/2791/2565
f 2564/2808/2582 2563/2835/2607 2546/2772/2546 2547/2809/2583
f 2634/2891/2654 2643/2860/2627 2642/2892/2655 2633/2819/2593
f 2636/2804/2578 2645/2876/2639 2644/2861/2628 2635/2890/2653
f 2595/2893/2623 2612/2880/2643 2611/2881/2644 2594/2894/2656
f 2625/2879/2642 2634/2891/2654 2633/2819/2593 2624/2820/2594
f 2642/2892/2655 2641/2816/2590 2632/2815/2589 2633/2819/2593
f 2678/2895/2657 2677/2764/2538 2672/2896/2658 2673/2897/2659
f 2594/2898/2656 2593/2899/2560 2576/2846/2618 2577/2845/2617
f 2655/2900/2660 2654/2901/2661 2645/2876/2639 2646/2875/2638
f 2621/2878/2641 2630/2774/2548 2629/2777/2551 2620/2902/2662
f 2570/2838/2610 2587/2864/2631 2586/2903/2663 2569/2842/2614
f 2635/2890/2653 2634/2891/2654 2625/2879/2642 2626/2770/2544
f 2650/2795/2569 2659/2729/2503 2658/2888/2651 2649/2862/2629
f 2671/2887/2650 2670/2886/2649 2666/2728/2502 2667/2727/2501
f 2654/2901/2661 2663/2904/2664 2662/2905/2665 2653/2858/2625
f 2656/2906/2666 2657/2889/2652 2665/2907/2667
f 2658/2888/2651 2659/2729/2503 2666/2728/2502
f 2663/2904/2664 2665/2908/2668 2668/2909/2669 2662/2905/2665
f 2666/2728/2502 2665/2907/2667 2657/2889/2652 2658/2888/2651
f 2662/2905/2665 2668/2909/2669 2661/2910/2670
f 2664/2911/2671 2665/2908/2668 2663/2904/2664
f 2668/2909/2669 2672/2896/2658 2671/2887/2650 2667/2727/2501
f 2673/2897/2659 2672/2896/2658 2668/2909/2669 2665/2908/2668
f 2680/2912/2672 2685/2913/2673 2684/2914/2674 2679/2915/2675
f 2672/2896/2658 2677/2764/2538 2676/2767/2541 2671/2887/2650
f 2640/2817/2591 2639/2775/2549 2630/2774/2548 2631/2818/2592
f 2666/2728/2502 2670/2886/2649 2669/2916/2676 2665/2907/2667
f 2644/2861/2628 2643/2860/2627 2634/2891/2654 2635/2890/2653
f 2652/2859/2626 2661/2910/2670 2660/2730/2504 2651/2796/2570
f 2675/2885/2648 2680/2912/2672 2679/2915/2675 2674/2917/2677
f 2682/2765/2539 2687/2918/2678 2686/2919/2679 2681/2766/2540
f 2688/2920/2680 2687/2918/2678 2682/2765/2539 2683/2921/2681
f 2541/2866/2633 2540/2821/2595 2523/2798/2572 2524/2870/2635
f 2611/2881/2644 2610/2787/2561 2593/2786/2560 2594/2894/2656
f 2689/2922/2682 2684/2914/2674 2690/2923/2683
f 2685/2913/2673 2690/2923/2683 2684/2914/2674
f 2685/2913/2673 2686/2919/2679 2690/2923/2683
f 2691/2924/2682 2690/2923/2683 2686/2919/2679
f 2691/2924/2682 2686/2919/2679 2692/2925/2684
f 2687/2918/2678 2692/2925/2684 2686/2919/2679
f 2687/2918/2678 2688/2920/2680 2692/2925/2684
f 2693/2926/2682 2692/2925/2684 2688/2920/2680
f 2624/2820/2594 2623/2750/2524 2610/2787/2561 2611/2881/2644
f 2543/2754/2528 2542/2865/2632 2525/2869/2634 2526/2755/2529
f 2551/2813/2587 2550/2793/2567 2533/2724/2498 2534/2882/2645
f 2526/2755/2529 2525/2869/2634 2508/2927/2685 2509/2877/2640
f 2524/2870/2635 2523/2798/2572 2506/2797/2571 2507/2928/2686
f 2589/2741/2515 2606/2740/2514 2605/2871/2636 2588/2874/2603
f 2613/2745/2519 2612/2880/2643 2595/2893/2623 2596/2746/2520
f 2664/2911/2671 2663/2904/2664 2654/2901/2661 2655/2900/2660
f 2508/2927/2685 2525/2869/2634 2524/2870/2635 2507/2928/2686
f 2520/2792/2566 2519/2757/2531 2502/2756/2530 2503/2884/2647
f 2626/2770/2544 2625/2879/2642 2614/2744/2518 2615/2747/2521
f 2617/2733/2507 2616/2771/2545 2599/2868/2624 2600/2734/2508
f 2628/2805/2579 2627/2769/2543 2618/2732/2506 2619/2778/2552
f 2604/2872/2637 2621/2878/2641 2620/2902/2662 2603/2929/2687
f 2623/2750/2524 2632/2815/2589 2631/2818/2592 2622/2751/2525
f 2648/2863/2630 2657/2889/2652 2656/2906/2666 2647/2930/2688
f 2602/2931/2553 2601/2856/2505 2584/2840/2612 2585/2839/2611
f 2592/2932/2563 2591/2826/2600 2574/2825/2599 2575/2848/2620
f 2662/2905/2665 2661/2910/2670 2652/2859/2626 2653/2858/2625
f 2681/2766/2540 2680/2912/2672 2675/2885/2648 2676/2767/2541
f 2546/2772/2546 2563/2835/2607 2562/2814/2588 2545/2773/2547
f 2643/2860/2627 2652/2859/2626 2651/2796/2570 2642/2892/2655
f 2651/2796/2570 2650/2795/2569 2641/2816/2590 2642/2892/2655
f 2645/2876/2639 2654/2901/2661 2653/2858/2625 2644/2861/2628
f 2639/2775/2549 2648/2863/2630 2647/2930/2688 2638/2776/2550
f 2686/2919/2679 2685/2913/2673 2680/2912/2672 2681/2766/2540
f 2641/2816/2590 2650/2795/2569 2649/2862/2629 2640/2817/2591
f 2578/2843/2615 2595/2852/2623 2594/2898/2656 2577/2845/2617
f 2600/2857/2508 2599/2855/2624 2582/2850/2622 2583/2841/2613
f 2683/2921/2681 2682/2765/2539 2677/2764/2538 2678/2895/2657
f 2538/2790/2564 2555/2833/2605 2554/2834/2606 2537/2791/2565
f 2661/2910/2670 2668/2909/2669 2667/2727/2501 2660/2730/2504
f 2587/2873/2631 2604/2872/2637 2603/2929/2687 2586/2933/2663
f 2631/2818/2592 2630/2774/2548 2621/2878/2641 2622/2751/2525
f 2670/2886/2649 2675/2885/2648 2674/2917/2677 2669/2916/2676
f 2576/2846/2618 2593/2899/2560 2592/2932/2563 2575/2848/2620
f 2531/2736/2510 2548/2806/2580 2547/2809/2583 2530/2737/2511
f 2583/2841/2613 2582/2850/2622 2565/2807/2581 2566/2810/2584
o Tree_0.085
v -29.206329 9.073440 6.449254
v -29.312458 9.062350 6.580568
v -29.385576 9.018148 6.708985
v -29.416960 8.945188 6.812689
v -29.403023 8.854096 6.875870
v -29.346319 8.758339 6.888428
v -29.255079 8.672306 6.848040
v -29.141954 8.610473 6.762225
v -29.021772 8.584317 6.645842
v -28.891497 8.601597 6.503684
v -28.791952 8.656217 6.370603
v -28.740862 8.737640 6.264925
v -28.747528 8.832135 6.201559
v -28.811493 8.924827 6.189713
v -28.922461 9.002090 6.231624
v -29.062012 9.053495 6.322084
v -29.206329 9.073440 6.449254
v -29.184164 9.110706 6.550857
v -29.273569 9.090999 6.648715
v -29.335081 9.040436 6.744997
v -29.360598 8.965739 6.825143
v -29.346434 8.878663 6.878380
v -29.294746 8.791942 6.895709
v -29.213356 8.717546 6.873133
v -29.114092 8.667472 6.815664
v -29.010635 8.649887 6.732456
v -28.910986 8.668856 6.631305
v -28.839388 8.722597 6.531044
v -28.803978 8.800070 6.447027
v -28.812183 8.891418 6.390738
v -28.872458 8.979197 6.376862
v -28.963533 9.050555 6.402000
v -29.072674 9.097711 6.462286
v -29.184164 9.110706 6.550857
v -29.177849 9.167854 6.680642
v -29.260967 9.139179 6.753592
v -29.316971 9.079196 6.826583
v -29.338636 8.999904 6.891009
v -29.323725 8.913553 6.938626
v -29.274296 8.831930 6.961584
v -29.197533 8.765625 6.955712
v -29.103727 8.723605 6.918762
v -29.006918 8.713312 6.856961
v -28.920820 8.737015 6.782580
v -28.857344 8.792583 6.705811
v -28.827869 8.873878 6.637006
v -28.837759 8.969845 6.588038
v -28.898891 9.055193 6.566185
v -28.982985 9.123162 6.577799
v -29.080820 9.162464 6.618809
v -29.177849 9.167854 6.680642
v -29.183334 9.277670 6.962300
v -29.271757 9.240849 7.028566
v -29.332487 9.172970 7.099978
v -29.357941 9.087598 7.170279
v -29.340332 8.995994 7.220687
v -29.286886 8.914050 7.250546
v -29.204233 8.852844 7.248291
v -29.106604 8.819920 7.219364
v -29.007467 8.819471 7.166685
v -28.920107 8.851943 7.100451
v -28.855453 8.914874 7.032521
v -28.823877 9.002302 6.971628
v -28.835093 9.101028 6.923827
v -28.895111 9.184902 6.889740
v -28.981247 9.247729 6.887277
v -29.081879 9.280272 6.913160
v -29.183334 9.277670 6.962300
v -29.193253 9.448400 7.432343
v -29.311563 9.404637 7.528877
v -29.396725 9.321719 7.639915
v -29.430613 9.211236 7.740432
v -29.408367 9.094642 7.816439
v -29.335201 8.991644 7.854854
v -29.225344 8.918158 7.850458
v -29.097939 8.884213 7.803005
v -28.973480 8.892536 7.724903
v -28.868568 8.939852 7.631910
v -28.795616 9.019042 7.537166
v -28.763605 9.119894 7.451733
v -28.778984 9.228228 7.382852
v -28.840111 9.328289 7.341074
v -28.939098 9.405100 7.333446
v -29.062393 9.447790 7.364570
v -29.193253 9.448400 7.432343
v -29.199015 9.624302 8.001295
v -29.329336 9.580308 8.116219
v -29.419920 9.494020 8.240723
v -29.455858 9.378119 8.352357
v -29.432209 9.250502 8.432483
v -29.353819 9.134308 8.471020
v -29.234583 9.047259 8.463049
v -29.093925 9.001639 8.411362
v -28.953220 9.003052 8.325100
v -28.832819 9.050219 8.216908
v -28.749573 9.135675 8.102394
v -28.713104 9.243796 7.995519
v -28.729336 9.362262 7.913195
v -28.797674 9.475477 7.868464
v -28.910101 9.566141 7.868468
v -29.051125 9.619074 7.914656
v -29.199015 9.624302 8.001295
v -29.251043 9.937233 8.484367
v -29.361092 9.909207 8.592946
v -29.438715 9.851109 8.716163
v -29.472574 9.768319 8.832331
v -29.457279 9.675663 8.925924
v -29.394989 9.588840 8.983071
v -29.295633 9.521088 8.994820
v -29.174860 9.482775 8.959683
v -29.051159 9.478463 8.883102
v -28.942661 9.507339 8.776295
v -28.866213 9.567485 8.656487
v -28.833334 9.649624 8.541913
v -28.847382 9.738440 8.447145
v -28.907587 9.823025 8.388035
v -29.005301 9.890628 8.373968
v -29.125923 9.930758 8.407565
v -29.251043 9.937233 8.484367
v -29.330948 10.373217 8.926975
v -29.473429 10.314144 9.105786
v -29.488894 10.191666 9.270958
v -29.368282 10.077527 9.325733
v -29.182247 10.038590 9.238027
v -29.039766 10.097664 9.059216
v -29.024302 10.220142 8.894045
v -29.144915 10.334281 8.839270
v -29.330948 10.373217 8.926975
v -29.451139 11.181814 9.480627
v -29.585344 11.133066 9.652381
v -29.600630 11.024464 9.810797
v -29.488043 10.919625 9.863080
v -29.313534 10.879964 9.778602
v -29.179327 10.928713 9.606848
v -29.164043 11.037315 9.448432
v -29.276630 11.142153 9.396150
v -29.451139 11.181814 9.480627
v -29.481571 11.702551 9.792593
v -29.599480 11.669132 9.948038
v -29.613285 11.580369 10.089895
v -29.515314 11.490133 10.137260
v -29.361656 11.449115 10.060044
v -29.242895 11.482360 9.903573
v -29.228991 11.572794 9.761379
v -29.328310 11.664280 9.715591
v -29.481571 11.702551 9.792593
v -29.434267 12.329314 10.112607
v -29.532223 12.301897 10.242409
v -29.544310 12.233164 10.363807
v -29.463085 12.163782 10.407853
v -29.334204 12.134296 10.347251
v -29.233706 12.161685 10.215167
v -29.222326 12.231621 10.091635
v -29.306179 12.301208 10.049862
v -29.434267 12.329314 10.112607
v -29.346119 12.611714 10.262146
v -29.424709 12.590716 10.366575
v -29.435120 12.536179 10.464712
v -29.370728 12.480172 10.500856
v -29.267532 12.455537 10.452417
v -29.186592 12.476617 10.345848
v -29.177000 12.532204 10.245796
v -29.243774 12.588249 10.211807
v -29.346119 12.611714 10.262146
v -29.182243 12.902142 10.470738
v -29.255957 12.838251 10.633541
v -29.120699 12.766132 10.620384
v -29.046200 12.830428 10.455012
v -29.055052 13.066225 10.674044
v -29.119038 13.006225 10.798336
v -29.013762 12.930882 10.777048
v -28.949663 12.990204 10.651361
v -29.055052 13.066225 10.674044
v -28.894157 13.314563 11.137470
v -28.953331 13.255078 11.235857
v -28.865099 13.175238 11.206928
v -28.805927 13.234722 11.108542
v -28.894157 13.314563 11.137470
v -28.831165 13.409950 11.550616
v -28.880148 13.358744 11.612651
v -28.811302 13.296284 11.590182
v -28.762318 13.347489 11.528149
v -28.831165 13.409950 11.550616
v -28.882381 13.498896 12.281302
v -28.921921 13.455782 12.321942
v -28.865986 13.405556 12.307333
v -28.826447 13.448668 12.266692
v -28.882381 13.498896 12.281302
v -29.057465 13.518936 12.983974
v -29.057465 13.518936 12.983974
v -29.057465 13.518936 12.983974
v -29.057465 13.518936 12.983974
v -29.057465 13.518936 12.983974
vn -0.0366 0.9560 -0.2910
vn -0.0650 0.9296 -0.3627
vn 0.2981 0.8973 -0.3256
vn 0.3000 0.9292 -0.2161
vn 0.8009 -0.3915 0.4532
vn -0.5481 -0.1037 0.8299
vn 0.0455 -0.2972 0.9537
vn 0.5822 -0.4976 0.6430
vn 0.1613 0.9798 -0.1181
vn -0.2026 0.7160 -0.6681
vn 0.2599 0.7643 -0.5901
vn 0.4494 0.8802 -0.1529
vn 0.6400 0.7684 -0.0060
vn 0.6596 0.7362 -0.1516
vn 0.8917 0.4510 -0.0378
vn 0.8551 0.4996 0.1385
vn -0.9286 -0.2631 0.2617
vn -0.9988 -0.0029 -0.0493
vn -0.9886 0.0871 0.1227
vn -0.9124 -0.3617 0.1915
vn 0.9968 -0.0694 -0.0406
vn 0.9662 0.1739 0.1903
vn 0.9290 -0.0354 0.3684
vn 0.8809 -0.4726 0.0278
vn 0.9178 0.3897 -0.0763
vn 0.9411 0.3249 -0.0932
vn -0.6319 -0.4701 0.6162
vn 0.0161 -0.5252 0.8508
vn -0.8246 -0.3804 0.4187
vn 0.7313 -0.5861 0.3489
vn 0.7224 -0.6353 0.2729
vn 0.4358 -0.8388 0.3264
vn 0.4782 -0.7791 0.4054
vn -0.4455 0.8937 -0.0521
vn -0.6518 0.7399 -0.1665
vn -0.4663 0.8311 -0.3030
vn -0.3404 0.9150 -0.2167
vn 0.9433 0.1276 0.3065
vn 0.9833 0.0660 0.1693
vn 0.9404 -0.2441 0.2366
vn 0.9165 -0.1669 0.3635
vn 0.8522 0.4420 -0.2799
vn 0.8800 0.4732 -0.0415
vn 0.5693 -0.8037 0.1728
vn 0.5736 -0.8024 0.1650
vn 0.7312 -0.5354 0.4227
vn 0.0406 0.6206 -0.7831
vn 0.8308 0.4118 -0.3744
vn 0.7013 0.6236 -0.3454
vn 0.9994 -0.0034 0.0331
vn 0.9359 -0.3280 0.1284
vn -0.9614 0.0947 -0.2583
vn -0.9608 0.1643 -0.2232
vn -0.7483 0.3347 -0.5728
vn -0.7547 0.3004 -0.5833
vn -0.5983 0.5674 -0.5658
vn -0.4666 0.8540 -0.2302
vn -0.8132 -0.2543 0.5234
vn -0.8728 0.2841 0.3969
vn -0.2582 0.6432 0.7209
vn -0.1369 0.1820 0.9737
vn -0.7470 0.6188 -0.2432
vn -0.5056 0.8006 -0.3216
vn -0.0536 -0.9803 0.1899
vn 0.3332 -0.4748 0.8146
vn -0.1253 -0.5912 0.7968
vn -0.3567 -0.9037 0.2369
vn -0.9992 -0.0069 0.0401
vn -0.9545 0.2744 -0.1169
vn -0.8903 0.4531 0.0463
vn -0.0678 0.9231 -0.3785
vn 0.2959 0.8854 -0.3584
vn 0.1291 -0.2875 0.9490
vn 0.7062 -0.3470 0.6171
vn 0.0814 -0.1871 0.9790
vn -0.4798 -0.5393 0.6920
vn 0.6961 -0.7008 0.1559
vn 0.3949 -0.9014 0.1777
vn -0.7593 0.5901 -0.2744
vn -0.5061 0.8012 -0.3191
vn -0.7559 0.2994 -0.5822
vn -0.0234 0.5299 -0.8477
vn -0.7693 0.3042 -0.5619
vn 0.6566 0.7041 -0.2704
vn 0.6562 0.6813 -0.3243
vn 0.8972 0.3853 -0.2160
vn 0.8982 0.3964 -0.1901
vn 0.2712 0.8746 -0.4018
vn -0.0813 0.9175 -0.3892
vn -0.5236 0.7898 -0.3194
vn -0.5140 0.7945 -0.3234
vn 0.9279 -0.3683 0.0574
vn 0.0595 -0.4585 0.8867
vn 0.0917 -0.3904 0.9161
vn -0.7830 -0.1979 0.5897
vn -0.8132 -0.2883 0.5056
vn 0.7296 -0.2581 0.6333
vn 0.7302 -0.2839 0.6215
vn -0.6946 -0.6662 0.2715
vn -0.6850 -0.7185 0.1206
vn -0.8874 -0.4605 0.0214
vn -0.8999 -0.4085 0.1525
vn -0.6633 -0.7416 0.1005
vn -0.6799 -0.6966 0.2291
vn -0.8813 -0.4671 0.0714
vn -0.9942 -0.0882 -0.0622
vn -0.8739 0.4837 0.0483
vn -0.9528 0.2734 -0.1316
vn -0.9926 -0.0890 -0.0824
vn -0.9560 0.2435 -0.1634
vn 0.9970 -0.0477 -0.0611
vn 0.9940 -0.0586 -0.0928
vn 0.9227 -0.3855 0.0019
vn -0.7418 0.6269 -0.2381
vn -0.5020 0.8173 -0.2828
vn -0.0342 0.9469 -0.3198
vn 0.3257 0.8932 -0.3099
vn -0.4801 0.8299 -0.2843
vn 0.6874 -0.7214 0.0836
vn 0.9062 0.3634 -0.2160
vn 0.4182 -0.8977 0.1390
vn 0.0197 -0.9870 0.1594
vn 0.0009 -0.9774 0.2115
vn -0.2962 -0.9347 0.1967
vn -0.3528 -0.9227 0.1555
vn 0.6864 0.6656 -0.2929
vn 0.6413 -0.7624 0.0862
vn 0.7460 0.6522 -0.1347
vn 0.7726 0.1851 -0.6073
vn 0.9573 -0.1940 0.2144
vn 0.9610 -0.1013 0.2572
vn 0.8041 0.2664 -0.5315
vn -0.7062 -0.0314 0.7073
vn -0.9378 0.3146 -0.1471
vn -0.5757 0.8173 -0.0265
vn 0.0245 -0.9317 0.3623
vn -0.3405 -0.8841 0.3201
vn 0.1557 -0.8435 0.5140
vn -0.2040 -0.8104 0.5492
vn -0.9414 0.1958 -0.2747
vn -0.7946 0.3894 -0.4658
vn -0.7505 0.3333 -0.5707
vn -0.0587 0.4755 -0.8777
vn 0.5349 -0.6978 0.4764
vn -0.9595 0.0785 -0.2706
vn 0.9502 -0.0099 0.3114
vn 0.8138 -0.1827 0.5517
vn 0.6295 -0.3735 0.6813
vn -0.4704 0.8267 -0.3087
vn -0.3464 0.9105 -0.2258
vn -0.4722 0.8008 0.3684
vn -0.8349 -0.4322 0.3407
vn -0.5881 -0.2156 0.7795
vn 0.6065 -0.7707 0.1955
vn -0.7609 0.1381 0.6341
vn -0.8382 0.5393 -0.0810
vn 0.8290 0.3548 -0.4323
vn 0.9571 -0.0409 0.2869
vn 0.7232 -0.2932 0.6253
vn 0.3224 -0.9340 0.1541
vn -0.6538 0.7521 -0.0827
vn 0.7581 0.2877 -0.5852
vn -0.6329 0.7537 -0.1769
vn -0.7217 0.4474 -0.5282
vn -0.0586 0.4853 -0.8724
vn -0.7695 0.3042 -0.5616
vn -0.4677 0.8485 -0.2475
vn 0.1659 0.5517 -0.8174
vn 0.8686 0.0463 -0.4933
vn -0.6071 0.6060 -0.5140
vn -0.6975 0.7038 -0.1348
vn -0.6811 0.7078 -0.1873
vn 0.7769 0.2534 -0.5764
vn 0.9005 -0.3913 0.1898
vn -0.6232 0.5891 -0.5144
vn -0.8793 -0.4702 0.0760
vn -0.8725 -0.4787 -0.0979
vn -0.7336 0.6509 -0.1956
vn -0.6711 0.7297 -0.1310
vn -0.6554 0.7450 -0.1244
vn -0.6406 0.7626 -0.0897
vn 0.8603 0.4767 0.1803
vn 0.7068 -0.6381 0.3054
vn -0.7338 0.6506 -0.1958
vn -0.6712 0.7295 -0.1312
vn 0.2904 -0.8969 0.3336
vn 0.2380 -0.9150 0.3258
vn 0.3438 -0.8727 0.3467
vn 0.3318 -0.7120 0.6189
vn 0.1229 -0.6087 0.7838
vn -0.5992 0.5662 -0.5660
vn -0.7159 0.4546 -0.5299
vt 0.209503 0.700367
vt 0.214752 0.687049
vt 0.223509 0.690896
vt 0.219855 0.706306
vt 0.133227 0.834738
vt 0.126366 0.833432
vt 0.135670 0.796013
vt 0.139805 0.796686
vt 0.205567 0.626722
vt 0.193023 0.651458
vt 0.189141 0.649782
vt 0.201071 0.623597
vt 0.229163 0.710603
vt 0.232211 0.693750
vt 0.240860 0.695435
vt 0.237807 0.712963
vt 0.148967 0.640746
vt 0.144810 0.640517
vt 0.144207 0.610171
vt 0.149614 0.608730
vt 0.187449 0.613950
vt 0.177253 0.645977
vt 0.173258 0.644984
vt 0.182528 0.611254
vt 0.181236 0.647072
vt 0.192120 0.617034
vt 0.153077 0.641181
vt 0.154247 0.667775
vt 0.147950 0.666971
vt 0.268529 0.694402
vt 0.269414 0.678030
vt 0.277916 0.678160
vt 0.278300 0.692948
vt 0.343334 0.695480
vt 0.340660 0.684731
vt 0.349539 0.682328
vt 0.354617 0.693855
vt 0.246799 0.713009
vt 0.249684 0.695990
vt 0.258909 0.695514
vt 0.256857 0.711376
vt 0.123378 0.898270
vt 0.115235 0.922763
vt 0.111375 0.921780
vt 0.118411 0.897118
vt 0.268150 0.708787
vt 0.179061 0.673346
vt 0.172984 0.671680
vt 0.185202 0.648330
vt 0.252488 0.677371
vt 0.260933 0.677789
vt 0.136838 0.704776
vt 0.134255 0.730652
vt 0.129088 0.730163
vt 0.131072 0.704269
vt 0.196840 0.653401
vt 0.210175 0.629578
vt 0.313900 0.687453
vt 0.322760 0.686785
vt 0.323309 0.694991
vt 0.315071 0.695485
vt 0.337060 0.672373
vt 0.344785 0.669927
vt 0.166323 0.606932
vt 0.161206 0.642459
vt 0.157156 0.641761
vt 0.160698 0.606931
vt 0.320713 0.676194
vt 0.328988 0.674541
vt 0.331713 0.686012
vt 0.219577 0.672010
vt 0.227637 0.673922
vt 0.139137 0.770406
vt 0.143825 0.771217
vt 0.307118 0.696263
vt 0.305088 0.688407
vt 0.270527 0.645685
vt 0.278150 0.645772
vt 0.331083 0.641622
vt 0.338704 0.640530
vt 0.176343 0.711986
vt 0.170697 0.710789
vt 0.185042 0.675210
vt 0.235813 0.675480
vt 0.240303 0.643756
vt 0.247815 0.644493
vt 0.244110 0.676635
vt 0.232809 0.642883
vt 0.225318 0.641919
vt 0.217810 0.640917
vt 0.211578 0.669773
vt 0.262927 0.645467
vt 0.148220 0.706270
vt 0.144574 0.732103
vt 0.139415 0.731311
vt 0.142554 0.705421
vt 0.153851 0.707300
vt 0.160543 0.668865
vt 0.303653 0.677929
vt 0.300984 0.644998
vt 0.308549 0.644385
vt 0.312244 0.677297
vt 0.299033 0.596073
vt 0.298138 0.555572
vt 0.305094 0.555596
vt 0.306154 0.595769
vt 0.313297 0.595424
vt 0.312016 0.555606
vt 0.318895 0.555598
vt 0.320470 0.595057
vt 0.316083 0.643599
vt 0.323589 0.642663
vt 0.255356 0.645068
vt 0.256469 0.596374
vt 0.263570 0.596527
vt 0.327692 0.594708
vt 0.220576 0.595598
vt 0.227838 0.595676
vt 0.235047 0.595817
vt 0.334921 0.594355
vt 0.270660 0.596633
vt 0.249353 0.596190
vt 0.277744 0.596599
vt 0.284832 0.596496
vt 0.285775 0.645688
vt 0.291927 0.596319
vt 0.293390 0.645432
vt 0.242215 0.595996
vt 0.263048 0.555628
vt 0.270092 0.555490
vt 0.256009 0.555786
vt 0.248987 0.555973
vt 0.241996 0.556193
vt 0.228184 0.556736
vt 0.235054 0.556447
vt 0.153228 0.772759
vt 0.148517 0.772005
vt 0.154868 0.733831
vt 0.160012 0.734706
vt 0.134436 0.769639
vt 0.129707 0.768999
vt 0.325697 0.555506
vt 0.286450 0.678254
vt 0.295034 0.678201
vt 0.155111 0.607584
vt 0.196623 0.620313
vt 0.287396 0.691296
vt 0.296283 0.689683
vt 0.140615 0.640520
vt 0.136394 0.640786
vt 0.133543 0.613077
vt 0.138863 0.611687
vt 0.170256 0.736570
vt 0.165155 0.735604
vt 0.280038 0.705577
vt 0.141673 0.666485
vt 0.166801 0.670183
vt 0.169256 0.644079
vt 0.165241 0.643218
vt 0.206290 0.682218
vt 0.199178 0.692583
vt 0.332622 0.695229
vt 0.113461 0.895907
vt 0.122221 0.858701
vt 0.127957 0.859948
vt 0.131525 0.795361
vt 0.127388 0.794762
vt 0.165068 0.709610
vt 0.159459 0.708437
vt 0.149722 0.732957
vt 0.177331 0.609119
vt 0.171896 0.607677
vt 0.128227 0.899884
vt 0.133703 0.861123
vt 0.139336 0.862722
vt 0.277128 0.555501
vt 0.284151 0.555519
vt 0.162638 0.774432
vt 0.157941 0.773541
vt 0.135435 0.666325
vt 0.332429 0.555400
vt 0.152205 0.798748
vt 0.148099 0.797999
vt 0.123226 0.794319
vt 0.119455 0.832282
vt 0.146930 0.837426
vt 0.140115 0.835887
vt 0.143957 0.797321
vt 0.156280 0.799677
vt 0.107464 0.920894
vt 0.098503 0.958228
vt 0.095341 0.957529
vt 0.103622 0.919867
vt 0.116520 0.857378
vt 0.108553 0.894531
vt 0.104842 0.959470
vt 0.101695 0.958758
vt 0.107891 0.960563
vt 0.119001 0.924121
vt 0.091909 0.989713
vt 0.093028 0.989562
vt 0.093676 0.989952
vt 0.095867 0.990424
vt 0.096918 0.990805
vt 0.289720 0.701652
vt 0.298781 0.698391
vt 0.132152 0.641331
vt 0.124952 0.768541
vt 0.221406 0.557055
vt 0.291155 0.555544
vt 0.128225 0.614191
s 1
usemtl Trunk
f 2709/2934/2689 2726/2935/2690 2725/2936/2691 2708/2937/2692
f 2860/2938/2693 2859/2939/2694 2852/2940/2695 2853/2941/2696
f 2794/2942/2697 2811/2943/2698 2810/2944/2699 2793/2945/2700
f 2707/2946/2701 2724/2947/2702 2723/2948/2703 2706/2949/2704
f 2800/2950/2705 2799/2951/2706 2782/2952/2707 2783/2953/2708
f 2790/2954/2709 2807/2955/2710 2806/2956/2711 2789/2957/2712
f 2808/2958/2713 2807/2955/2710 2790/2954/2709 2791/2959/2714
f 2801/2960/2715 2816/2961/2716 2815/2962/2717 2800/2950/2705
f 2720/2963/2718 2737/2964/2719 2736/2965/2720 2719/2966/2721
f 2695/2967/2722 2712/2968/2723 2711/2969/2724 2694/2970/2725
f 2705/2971/2726 2722/2972/2727 2721/2973/2728 2704/2974/2729
f 2725/2936/2691 2724/2947/2702 2707/2946/2701 2708/2937/2692
f 2870/2975/2730 2875/2976/2731 2874/2977/2732 2869/2978/2733
f 2721/2973/2728 2720/2963/2718 2703/2979/2734 2704/2974/2729
f 2820/2980/2735 2819/2981/2736 2809/2982/2737 2810/2944/2699
f 2722/2972/2727 2739/2983/2738 2738/2984/2739 2721/2973/2728
f 2723/2948/2703 2722/2972/2727 2705/2971/2726 2706/2949/2704
f 2823/2985/2740 2832/2986/2741 2831/2987/2742 2822/2988/2743
f 2812/2989/2744 2811/2943/2698 2794/2942/2697 2795/2990/2745
f 2715/2991/2746 2714/2992/2747 2697/2993/2748 2698/2994/2749
f 2712/2968/2723 2729/2995/2750 2728/2996/2751 2711/2969/2724
f 2786/2997/2752 2803/2998/2753 2802/2999/2754 2785/3000/2755
f 2714/2992/2747 2731/3001/2756 2730/3002/2757 2713/3003/2758
f 2730/3002/2757 2729/2995/2750 2712/2968/2723 2713/3003/2758
f 2726/2935/2690 2743/3004/2759 2742/3005/2760 2725/2936/2691
f 2853/2941/2696 2852/2940/2695 2843/3006/2761 2844/3007/2762
f 2738/2984/2739 2737/2964/2719 2720/2963/2718 2721/2973/2728
f 2699/3008/2763 2716/3009/2764 2715/2991/2746 2698/2994/2749
f 2737/2964/2719 2754/3010/2765 2753/3011/2766 2736/2965/2720
f 2729/2995/2750 2746/3012/2767 2745/3013/2768 2728/2996/2751
f 2830/3014/2769 2829/3015/2770 2820/2980/2735 2821/3016/2771
f 2741/3017/2772 2758/3018/2773 2757/3019/2774 2740/3020/2775
f 2759/3021/2776 2758/3018/2773 2741/3017/2772 2742/3005/2760
f 2743/3004/2759 2760/3022/2777 2759/3021/2776 2742/3005/2760
f 2761/3023/2778 2760/3022/2777 2743/3004/2759 2744/3024/2779
f 2755/3025/2780 2754/3010/2765 2737/2964/2719 2738/2984/2739
f 2825/3026/2781 2834/3027/2782 2833/3028/2783 2824/3029/2784
f 2826/3030/2785 2825/3026/2781 2816/2961/2716 2817/3031/2786
f 2733/3032/2787 2750/3033/2788 2749/3034/2789 2732/3035/2790
f 2767/3036/2791 2784/3037/2792 2783/3038/2708 2766/3039/2793
f 2765/3040/2794 2782/3041/2707 2781/3042/2795 2764/3043/2796
f 2748/3044/2797 2765/3040/2794 2764/3043/2796 2747/3045/2798
f 2756/3046/2799 2773/3047/2800 2772/3048/2801 2755/3025/2780
f 2764/3043/2796 2763/3049/2802 2746/3012/2767 2747/3045/2798
f 2778/3050/2803 2777/3051/2804 2760/3022/2777 2761/3023/2778
f 2760/3022/2777 2777/3051/2804 2776/3052/2805 2759/3021/2776
f 2746/3012/2767 2763/3049/2802 2762/3053/2806 2745/3013/2768
f 2772/3048/2801 2771/3054/2807 2754/3010/2765 2755/3025/2780
f 2774/3055/2808 2773/3047/2800 2756/3046/2799 2757/3019/2774
f 2754/3010/2765 2771/3054/2807 2770/3056/2809 2753/3011/2766
f 2770/3056/2809 2769/3057/2810 2752/3058/2811 2753/3011/2766
f 2766/3039/2793 2765/3040/2794 2748/3044/2797 2749/3034/2789
f 2768/3059/2812 2767/3036/2791 2750/3033/2788 2751/3060/2813
f 2758/3018/2773 2775/3061/2814 2774/3055/2808 2757/3019/2774
f 2750/3033/2788 2767/3036/2791 2766/3039/2793 2749/3034/2789
f 2752/3058/2811 2769/3057/2810 2768/3059/2812 2751/3060/2813
f 2789/3062/2712 2788/3063/2815 2771/3054/2807 2772/3048/2801
f 2773/3047/2800 2790/3064/2709 2789/3062/2712 2772/3048/2801
f 2791/3065/2714 2790/3064/2709 2773/3047/2800 2774/3055/2808
f 2775/3061/2814 2792/3066/2816 2791/3065/2714 2774/3055/2808
f 2777/3051/2804 2794/3067/2697 2793/3068/2700 2776/3052/2805
f 2846/3069/2817 2845/3070/2818 2836/3071/2819 2837/3072/2820
f 2842/3073/2821 2841/3074/2822 2832/2986/2741 2833/3028/2783
f 2781/3042/2795 2780/3075/2823 2763/3049/2802 2764/3043/2796
f 2735/3076/2824 2752/3058/2811 2751/3060/2813 2734/3077/2825
f 2749/3034/2789 2748/3044/2797 2731/3001/2756 2732/3035/2790
f 2783/3038/2708 2782/3041/2707 2765/3040/2794 2766/3039/2793
f 2753/3011/2766 2752/3058/2811 2735/3076/2824 2736/2965/2720
f 2732/3035/2790 2731/3001/2756 2714/2992/2747 2715/2991/2746
f 2802/2999/2754 2801/2960/2715 2784/3078/2792 2785/3000/2755
f 2792/3079/2816 2809/2982/2737 2808/2958/2713 2791/2959/2714
f 2718/3080/2826 2735/3076/2824 2734/3077/2825 2717/3081/2827
f 2716/3009/2764 2733/3032/2787 2732/3035/2790 2715/2991/2746
f 2740/3020/2775 2739/2983/2738 2722/2972/2727 2723/2948/2703
f 2742/3005/2760 2741/3017/2772 2724/2947/2702 2725/2936/2691
f 2784/3078/2792 2801/2960/2715 2800/2950/2705 2783/2953/2708
f 2798/3082/2828 2797/3083/2829 2780/3084/2823 2781/3085/2795
f 2839/3086/2830 2838/3087/2831 2829/3015/2770 2830/3014/2769
f 2703/2979/2734 2720/2963/2718 2719/2966/2721 2702/3088/2832
f 2798/3082/2828 2814/3089/2833 2797/3083/2829
f 2800/2950/2705 2815/2962/2717 2799/2951/2706
f 2802/2999/2754 2816/2961/2716 2801/2960/2715
f 2802/2999/2754 2803/2998/2753 2816/2961/2716
f 2818/3090/2834 2817/3031/2786 2805/3091/2835 2806/2956/2711
f 2804/3092/2836 2805/3091/2835 2817/3031/2786
f 2727/3093/2837 2726/2935/2690 2709/2934/2689 2710/3094/2838
f 2806/2956/2711 2807/2955/2710 2818/3090/2834
f 2799/2951/2706 2815/2962/2717 2814/3089/2833 2798/3082/2828
f 2808/2958/2713 2809/2982/2737 2819/2981/2736
f 2810/2944/2699 2811/2943/2698 2820/2980/2735
f 2697/2993/2748 2714/2992/2747 2713/3003/2758 2696/3095/2839
f 2869/2978/2733 2868/3096/2840 2863/3097/2841 2864/3098/2842
f 2851/3099/2843 2850/3100/2844 2841/3074/2822 2842/3073/2821
f 2820/2980/2735 2829/3015/2770 2828/3101/2845 2819/2981/2736
f 2751/3060/2813 2750/3033/2788 2733/3032/2787 2734/3077/2825
f 2747/3045/2798 2746/3012/2767 2729/2995/2750 2730/3002/2757
f 2757/3019/2774 2756/3046/2799 2739/2983/2738 2740/3020/2775
f 2827/3102/2846 2836/3071/2819 2835/3103/2847 2826/3030/2785
f 2829/3015/2770 2838/3087/2831 2837/3072/2820 2828/3101/2845
f 2788/3104/2815 2805/3091/2835 2804/3092/2836 2787/3105/2848
f 2818/3090/2834 2827/3102/2846 2826/3030/2785 2817/3031/2786
f 2835/3103/2847 2834/3027/2782 2825/3026/2781 2826/3030/2785
f 2871/3106/2849 2870/2975/2730 2865/3107/2850 2866/3108/2851
f 2787/3109/2848 2786/3110/2752 2769/3057/2810 2770/3056/2809
f 2848/3111/2852 2847/3112/2853 2838/3087/2831 2839/3086/2830
f 2814/3089/2833 2823/2985/2740 2822/2988/2743 2813/3113/2854
f 2763/3049/2802 2780/3075/2823 2779/3114/2855 2762/3053/2806
f 2828/3101/2845 2827/3102/2846 2818/3090/2834 2819/2981/2736
f 2843/3006/2761 2852/2940/2695 2851/3099/2843 2842/3073/2821
f 2864/3098/2842 2863/3097/2841 2859/2939/2694 2860/2938/2693
f 2847/3112/2853 2856/3115/2856 2855/3116/2857 2846/3069/2817
f 2849/3117/2858 2850/3100/2844 2858/3118/2859
f 2851/3099/2843 2852/2940/2695 2859/2939/2694
f 2856/3115/2856 2858/3119/2860 2861/3120/2861 2855/3116/2857
f 2859/2939/2694 2858/3118/2859 2850/3100/2844 2851/3099/2843
f 2855/3116/2857 2861/3120/2861 2854/3121/2862
f 2857/3122/2863 2858/3119/2860 2856/3115/2856
f 2861/3120/2861 2865/3107/2850 2864/3098/2842 2860/2938/2693
f 2866/3108/2851 2865/3107/2850 2861/3120/2861 2858/3119/2860
f 2873/3123/2864 2878/3124/2865 2877/3125/2866 2872/3126/2867
f 2865/3107/2850 2870/2975/2730 2869/2978/2733 2864/3098/2842
f 2833/3028/2783 2832/2986/2741 2823/2985/2740 2824/3029/2784
f 2859/2939/2694 2863/3097/2841 2862/3127/2868 2858/3118/2859
f 2837/3072/2820 2836/3071/2819 2827/3102/2846 2828/3101/2845
f 2845/3070/2818 2854/3121/2862 2853/2941/2696 2844/3007/2762
f 2868/3096/2840 2873/3123/2864 2872/3126/2867 2867/3128/2869
f 2875/2976/2731 2880/3129/2870 2879/3130/2871 2874/2977/2732
f 2881/3131/2872 2880/3129/2870 2875/2976/2731 2876/3132/2873
f 2734/3077/2825 2733/3032/2787 2716/3009/2764 2717/3081/2827
f 2804/3092/2836 2803/2998/2753 2786/2997/2752 2787/3105/2848
f 2882/3133/2874 2877/3125/2866 2883/3134/2875
f 2878/3124/2865 2883/3134/2875 2877/3125/2866
f 2878/3124/2865 2879/3130/2871 2883/3134/2875
f 2884/3135/2874 2883/3134/2875 2879/3130/2871
f 2884/3135/2874 2879/3130/2871 2885/3136/2876
f 2880/3129/2870 2885/3136/2876 2879/3130/2871
f 2880/3129/2870 2881/3131/2872 2885/3136/2876
f 2886/3137/2874 2885/3136/2876 2881/3131/2872
f 2817/3031/2786 2816/2961/2716 2803/2998/2753 2804/3092/2836
f 2736/2965/2720 2735/3076/2824 2718/3080/2826 2719/2966/2721
f 2744/3024/2779 2743/3004/2759 2726/2935/2690 2727/3093/2837
f 2719/2966/2721 2718/3080/2826 2701/3138/2877 2702/3088/2832
f 2717/3081/2827 2716/3009/2764 2699/3008/2763 2700/3139/2878
f 2782/2952/2707 2799/2951/2706 2798/3082/2828 2781/3085/2795
f 2806/2956/2711 2805/3091/2835 2788/3104/2815 2789/2957/2712
f 2857/3122/2863 2856/3115/2856 2847/3112/2853 2848/3111/2852
f 2701/3138/2877 2718/3080/2826 2717/3081/2827 2700/3139/2878
f 2713/3003/2758 2712/2968/2723 2695/2967/2722 2696/3095/2839
f 2819/2981/2736 2818/3090/2834 2807/2955/2710 2808/2958/2713
f 2810/2944/2699 2809/2982/2737 2792/3079/2816 2793/2945/2700
f 2821/3016/2771 2820/2980/2735 2811/2943/2698 2812/2989/2744
f 2797/3083/2829 2814/3089/2833 2813/3113/2854 2796/3140/2879
f 2816/2961/2716 2825/3026/2781 2824/3029/2784 2815/2962/2717
f 2841/3074/2822 2850/3100/2844 2849/3117/2858 2840/3141/2880
f 2795/3142/2745 2794/3067/2697 2777/3051/2804 2778/3050/2803
f 2785/3143/2755 2784/3037/2792 2767/3036/2791 2768/3059/2812
f 2855/3116/2857 2854/3121/2862 2845/3070/2818 2846/3069/2817
f 2874/2977/2732 2873/3123/2864 2868/3096/2840 2869/2978/2733
f 2739/2983/2738 2756/3046/2799 2755/3025/2780 2738/2984/2739
f 2836/3071/2819 2845/3070/2818 2844/3007/2762 2835/3103/2847
f 2844/3007/2762 2843/3006/2761 2834/3027/2782 2835/3103/2847
f 2838/3087/2831 2847/3112/2853 2846/3069/2817 2837/3072/2820
f 2832/2986/2741 2841/3074/2822 2840/3141/2880 2831/2987/2742
f 2879/3130/2871 2878/3124/2865 2873/3123/2864 2874/2977/2732
f 2834/3027/2782 2843/3006/2761 2842/3073/2821 2833/3028/2783
f 2771/3054/2807 2788/3063/2815 2787/3109/2848 2770/3056/2809
f 2793/3068/2700 2792/3066/2816 2775/3061/2814 2776/3052/2805
f 2876/3132/2873 2875/2976/2731 2870/2975/2730 2871/3106/2849
f 2731/3001/2756 2748/3044/2797 2747/3045/2798 2730/3002/2757
f 2854/3121/2862 2861/3120/2861 2860/2938/2693 2853/2941/2696
f 2780/3084/2823 2797/3083/2829 2796/3140/2879 2779/3144/2855
f 2824/3029/2784 2823/2985/2740 2814/3089/2833 2815/2962/2717
f 2863/3097/2841 2868/3096/2840 2867/3128/2869 2862/3127/2868
f 2769/3057/2810 2786/3110/2752 2785/3143/2755 2768/3059/2812
f 2724/2947/2702 2741/3017/2772 2740/3020/2775 2723/2948/2703
f 2776/3052/2805 2775/3061/2814 2758/3018/2773 2759/3021/2776
o Tree_0.086
v -28.981888 4.803760 5.831092
v -28.935175 4.892116 5.706898
v -28.929092 4.954157 5.571032
v -28.962532 4.977374 5.442821
v -29.029499 4.957952 5.340998
v -29.119406 4.898263 5.280885
v -29.218849 4.806961 5.271876
v -29.313757 4.699768 5.316039
v -29.391661 4.595531 5.408041
v -29.454037 4.502699 5.552095
v -29.478340 4.443214 5.708245
v -29.458744 4.423415 5.851228
v -29.396959 4.444664 5.958395
v -29.301931 4.503119 6.013114
v -29.188589 4.590484 6.007376
v -29.075457 4.695100 5.942933
v -28.981888 4.803760 5.831092
v -29.015924 4.898100 5.800865
v -28.978397 4.956664 5.698431
v -28.975391 4.991619 5.582114
v -29.007019 4.997114 5.468801
v -29.069330 4.973571 5.375920
v -29.153063 4.923602 5.318114
v -29.245260 4.853034 5.303777
v -29.331999 4.774120 5.334123
v -29.400801 4.699449 5.404676
v -29.444910 4.637577 5.510232
v -29.454750 4.601538 5.635341
v -29.426567 4.594749 5.753158
v -29.361309 4.618770 5.846838
v -29.276091 4.672312 5.906433
v -29.181158 4.743090 5.917888
v -29.086378 4.822447 5.878681
v -29.015924 4.898100 5.800865
v -29.030783 5.026221 5.755392
v -28.993780 5.061164 5.663006
v -28.996271 5.073376 5.560763
v -29.030388 5.064712 5.457561
v -29.091913 5.037756 5.369598
v -29.172802 4.995263 5.310604
v -29.260708 4.941958 5.287790
v -29.342110 4.882946 5.305283
v -29.409458 4.828355 5.366387
v -29.448233 4.788860 5.454368
v -29.451096 4.770635 5.556275
v -29.415676 4.777214 5.659546
v -29.342430 4.809479 5.743647
v -29.262564 4.855955 5.814701
v -29.174049 4.914757 5.837980
v -29.094112 4.974933 5.817622
v -29.030783 5.026221 5.755392
v -29.042233 5.295483 5.628882
v -29.002583 5.320529 5.533798
v -29.002441 5.326492 5.423859
v -29.034416 5.317898 5.307837
v -29.099922 5.289130 5.213734
v -29.184225 5.250953 5.148944
v -29.276995 5.203329 5.130330
v -29.363083 5.155879 5.153604
v -29.431683 5.114184 5.217400
v -29.470989 5.086236 5.307620
v -29.477747 5.079092 5.413298
v -29.447050 5.095223 5.520125
v -29.379414 5.130292 5.613551
v -29.288586 5.167218 5.681585
v -29.195047 5.212904 5.708065
v -29.108282 5.258165 5.688461
v -29.042233 5.295483 5.628882
v -29.086832 5.736441 5.432292
v -29.028181 5.779103 5.297616
v -29.016382 5.803295 5.134253
v -29.055641 5.798768 4.973091
v -29.137903 5.770298 4.840704
v -29.250828 5.722624 4.762407
v -29.373219 5.663750 4.747256
v -29.484425 5.601340 4.796369
v -29.569170 5.546856 4.896953
v -29.617437 5.509758 5.029327
v -29.623360 5.494862 5.173796
v -29.586231 5.503270 5.312634
v -29.508945 5.530616 5.429568
v -29.405373 5.573341 5.510435
v -29.291040 5.625666 5.543209
v -29.179483 5.682616 5.517145
v -29.086832 5.736441 5.432292
v -29.143871 6.248765 5.157485
v -29.075041 6.304523 5.001017
v -29.057638 6.335931 4.817828
v -29.094833 6.335434 4.638519
v -29.180414 6.302175 4.491995
v -29.301937 6.245294 4.404359
v -29.437445 6.174212 4.385435
v -29.565956 6.100243 4.435863
v -29.668530 6.034603 4.545829
v -29.730463 5.986165 4.698153
v -29.743237 5.961440 4.870216
v -29.707523 5.959853 5.037082
v -29.627287 5.984938 5.176180
v -29.513144 6.034997 5.268131
v -29.382343 6.102725 5.299936
v -29.252346 6.177941 5.262010
v -29.143871 6.248765 5.157485
v -29.060337 6.797788 4.998337
v -28.998327 6.859032 4.861413
v -28.979187 6.908143 4.702345
v -29.006413 6.933289 4.545070
v -29.075689 6.933632 4.413710
v -29.176275 6.910464 4.329453
v -29.292606 6.867175 4.305394
v -29.407431 6.810631 4.345828
v -29.502577 6.748634 4.442295
v -29.564207 6.689277 4.579082
v -29.581575 6.643967 4.736024
v -29.552319 6.619514 4.889327
v -29.484182 6.615665 5.017777
v -29.384966 6.635840 5.101495
v -29.269611 6.677348 5.127660
v -29.155632 6.734076 5.091717
v -29.060337 6.797788 4.998337
v -28.877932 7.404355 4.929669
v -28.814304 7.494399 4.707375
v -28.888214 7.525252 4.496770
v -29.055893 7.478837 4.420692
v -29.219580 7.382348 4.524228
v -29.282978 7.292303 4.746264
v -29.208364 7.261445 4.956073
v -29.040758 7.307860 5.032233
v -28.877932 7.404355 4.929669
v -28.514690 8.343928 5.014502
v -28.458244 8.435780 4.813967
v -28.531000 8.471488 4.624837
v -28.690203 8.430140 4.557745
v -28.843180 8.335957 4.652659
v -28.900478 8.244112 4.854159
v -28.827850 8.208404 5.043433
v -28.667795 8.249747 5.109561
v -28.514690 8.343928 5.014502
v -28.335875 8.916055 5.144159
v -28.288538 9.006345 4.977221
v -28.353680 9.044147 4.817931
v -28.492250 9.010133 4.758953
v -28.625088 8.921065 4.835975
v -28.673838 8.829912 5.004748
v -28.608393 8.793015 5.165925
v -28.467676 8.829035 5.223298
v -28.335875 8.916055 5.144159
v -28.226391 9.562453 5.419082
v -28.192448 9.638187 5.286246
v -28.247498 9.675508 5.157843
v -28.360197 9.654301 5.108253
v -28.465780 9.585793 5.168028
v -28.501366 9.508336 5.303247
v -28.444675 9.470405 5.433739
v -28.330124 9.493453 5.480977
v -28.226391 9.562453 5.419082
v -28.251825 9.854057 5.579023
v -28.224321 9.915703 5.473043
v -28.267878 9.946605 5.369796
v -28.357998 9.929952 5.328994
v -28.442942 9.874455 5.376021
v -28.471796 9.811272 5.484174
v -28.426485 9.779808 5.589054
v -28.334942 9.798095 5.627756
v -28.251825 9.854057 5.579023
v -28.361731 10.187990 5.737769
v -28.373848 10.260307 5.566388
v -28.516634 10.195039 5.567935
v -28.504210 10.121189 5.741423
v -28.483364 10.433794 5.789693
v -28.489841 10.481728 5.647474
v -28.604307 10.410182 5.640484
v -28.597713 10.360818 5.783046
v -28.483364 10.433794 5.789693
v -28.691412 10.914774 5.765182
v -28.693316 10.944957 5.640347
v -28.791647 10.865940 5.628242
v -28.789743 10.835758 5.753076
v -28.691412 10.914774 5.765182
v -28.851181 11.261548 5.617808
v -28.846973 11.271811 5.524391
v -28.923796 11.210115 5.514761
v -28.928003 11.199853 5.608178
v -28.851181 11.261548 5.617808
v -29.017723 11.828636 5.237270
v -29.011816 11.829200 5.166056
v -29.075262 11.781944 5.156484
v -29.081167 11.781380 5.227699
v -29.017723 11.828636 5.237270
v -29.089489 12.335638 4.775660
v -29.089489 12.335638 4.775660
v -29.089489 12.335638 4.775660
v -29.089489 12.335638 4.775660
v -29.089489 12.335638 4.775660
vn 0.2887 0.4729 0.8325
vn 0.3300 0.4009 0.8546
vn -0.1224 0.4158 0.9012
vn -0.1193 0.5097 0.8520
vn -0.9873 0.0860 -0.1339
vn 0.2337 0.5935 -0.7701
vn -0.3771 0.5782 -0.7235
vn -0.8794 0.1885 -0.4372
vn 0.1159 0.6190 0.7768
vn 0.5593 0.0025 0.8290
vn -0.0033 0.1875 0.9823
vn -0.2587 0.5282 0.8088
vn -0.4890 0.5363 0.6880
vn -0.5153 0.4358 0.7379
vn -0.6974 0.3713 0.6131
vn -0.6847 0.4788 0.5496
vn 0.7488 -0.1544 -0.6445
vn 0.9113 -0.2107 -0.3537
vn 0.9156 -0.0469 -0.3993
vn 0.7332 -0.2396 -0.6364
vn -0.9177 0.0671 0.3915
vn -0.8541 0.3693 0.3663
vn -0.9198 0.3602 0.1557
vn -0.9836 -0.1563 0.0905
vn -0.7289 0.3380 0.5953
vn -0.7620 0.2467 0.5988
vn 0.4093 -0.0088 -0.9123
vn -0.3343 0.2511 -0.9084
vn 0.6041 -0.1163 -0.7884
vn -0.9787 -0.0545 -0.1980
vn -0.9717 -0.1505 -0.1823
vn -0.7686 -0.3115 -0.5587
vn -0.8100 -0.2105 -0.5474
vn 0.6884 0.5942 0.4160
vn 0.8943 0.3640 0.2603
vn 0.7788 0.3349 0.5304
vn 0.6419 0.4761 0.6011
vn -0.8569 0.3857 0.3421
vn -0.8634 0.2895 0.4131
vn -0.9715 0.1292 0.1987
vn -0.9606 0.2359 0.1470
vn -0.5836 0.0216 0.8118
vn -0.6672 0.2245 0.7102
vn -0.8213 -0.4374 -0.3662
vn -0.8220 -0.4431 -0.3576
vn -0.9766 0.0269 -0.2133
vn 0.2793 -0.0892 0.9561
vn -0.6094 0.2024 0.7666
vn -0.4777 0.3099 0.8220
vn -0.8594 0.1769 0.4797
vn -0.9732 0.0354 0.2273
vn 0.9372 -0.2548 -0.2384
vn 0.9662 -0.1210 -0.2278
vn 0.9408 -0.2791 0.1925
vn 0.9222 -0.3448 0.1748
vn 0.9007 -0.1503 0.4077
vn 0.8245 0.3307 0.4592
vn 0.5487 0.2165 -0.8075
vn 0.7638 0.4476 -0.4651
vn 0.1881 0.9712 -0.1463
vn -0.0888 0.8560 -0.5094
vn 0.9751 0.1632 0.1503
vn 0.8319 0.2688 0.4854
vn -0.2531 -0.5681 -0.7831
vn -0.6708 0.3302 -0.6641
vn -0.1866 0.1523 -0.9705
vn 0.1304 -0.5045 -0.8535
vn 0.8815 -0.0863 -0.4642
vn 0.9725 -0.0254 -0.2313
vn 0.9356 0.3004 -0.1856
vn 0.2986 0.4074 0.8630
vn -0.1416 0.3903 0.9097
vn -0.4488 0.5736 -0.6852
vn -0.9294 0.2687 -0.2530
vn -0.3769 0.6490 -0.6609
vn 0.1787 0.1669 -0.9696
vn -0.9310 -0.3109 -0.1911
vn -0.6899 -0.4886 -0.5341
vn 0.9834 0.1088 0.1451
vn 0.8285 0.2736 0.4887
vn 0.9316 -0.3434 0.1195
vn 0.3831 -0.2857 0.8784
vn 0.9301 -0.3500 0.1114
vn -0.5272 0.3368 0.7802
vn -0.4781 0.2438 0.8438
vn -0.6771 0.1533 0.7198
vn -0.6967 0.2694 0.6649
vn -0.0855 0.3424 0.9357
vn 0.3423 0.3831 0.8580
vn 0.8292 0.2716 0.4885
vn 0.8228 0.2716 0.4993
vn -0.9702 -0.1068 0.2177
vn -0.3911 0.3637 -0.8455
vn -0.4235 0.4639 -0.7781
vn 0.5226 0.2606 -0.8118
vn 0.5797 0.0083 -0.8148
vn -0.9069 0.3767 -0.1886
vn -0.9055 0.3835 -0.1818
vn 0.4820 -0.3137 -0.8181
vn 0.5010 -0.4670 -0.7287
vn 0.7031 -0.3821 -0.5997
vn 0.6992 -0.2450 -0.6717
vn 0.4717 -0.4878 -0.7346
vn 0.4677 -0.3913 -0.7926
vn 0.7007 -0.3513 -0.6210
vn 0.8901 -0.2123 -0.4033
vn 0.9779 0.1651 -0.1279
vn 0.9835 -0.0251 -0.1792
vn 0.8772 -0.2442 -0.4135
vn 0.9733 -0.0862 -0.2127
vn -0.8690 0.0371 0.4934
vn -0.8862 -0.0156 0.4631
vn -0.9670 -0.1609 0.1977
vn 0.9674 0.1702 0.1876
vn 0.8127 0.3237 0.4844
vn 0.3086 0.4384 0.8441
vn -0.1070 0.3982 0.9110
vn 0.7943 0.3326 0.5084
vn -0.9071 -0.3794 -0.1821
vn -0.6913 0.1376 0.7094
vn -0.6980 -0.5227 -0.4895
vn -0.2611 -0.6143 -0.7446
vn -0.2074 -0.5822 -0.7862
vn 0.0956 -0.5657 -0.8190
vn 0.1808 -0.5704 -0.8012
vn -0.4701 0.2561 0.8447
vn -0.9069 -0.3591 -0.2203
vn -0.5434 0.3974 0.7395
vn -0.4860 -0.3397 0.8053
vn -0.9767 0.0480 0.2092
vn -0.9481 0.2103 0.2385
vn -0.5431 -0.1260 0.8302
vn 0.4291 0.5249 -0.7351
vn 0.9811 0.0945 -0.1690
vn 0.8664 0.4310 0.2520
vn -0.2905 -0.4049 -0.8670
vn 0.1604 -0.4296 -0.8886
vn -0.5073 -0.1733 -0.8441
vn -0.0911 -0.1287 -0.9875
vn 0.9660 -0.2291 -0.1201
vn 0.9631 -0.2166 0.1598
vn 0.9488 -0.2741 0.1569
vn 0.4298 -0.3833 0.8176
vn -0.8667 -0.0784 -0.4926
vn 0.9251 -0.3095 -0.2201
vn -0.9077 0.3557 0.2225
vn -0.9211 0.3827 -0.0722
vn -0.8744 0.3388 -0.3474
vn 0.7783 0.3231 0.5383
vn 0.6312 0.4787 0.6103
vn 0.5384 0.8407 0.0580
vn 0.5538 0.0307 -0.8321
vn 0.2605 0.4912 -0.8312
vn -0.8549 -0.3942 -0.3373
vn 0.5199 0.5963 -0.6117
vn 0.9454 0.3256 -0.0148
vn -0.5868 0.0797 0.8058
vn -0.9186 0.3126 0.2416
vn -0.9150 0.3525 -0.1962
vn -0.6232 -0.5259 -0.5789
vn 0.8504 0.4759 0.2243
vn -0.4465 -0.3036 0.8417
vn 0.8674 0.3981 0.2985
vn 0.9600 -0.1301 0.2479
vn 0.4297 -0.3955 0.8118
vn 0.9270 -0.3348 0.1690
vn 0.7960 0.3598 0.4868
vn 0.2041 -0.3207 0.9249
vn -0.6136 -0.3810 0.6916
vn 0.9057 -0.0026 0.4238
vn 0.8952 0.3976 0.2013
vn 0.9012 0.3563 0.2469
vn -0.4712 -0.3177 0.8228
vn -0.9879 -0.1361 0.0743
vn 0.9151 -0.0139 0.4031
vn 0.6577 -0.1959 -0.7274
vn 0.6979 -0.3364 -0.6323
vn 0.9330 0.3088 0.1847
vn 0.8779 0.4195 0.2309
vn 0.8657 0.4361 0.2457
vn 0.8442 0.4777 0.2432
vn -0.7103 0.3998 0.5794
vn -0.9434 -0.2053 -0.2603
vn 0.9332 0.3084 0.1845
vn 0.8780 0.4193 0.2308
vn -0.6252 -0.3557 -0.6947
vn -0.5726 -0.3732 -0.7300
vn -0.6782 -0.3285 -0.6574
vn -0.6945 0.0227 -0.7191
vn -0.4844 0.2353 -0.8426
vn 0.8814 -0.1216 0.4564
vn 0.9549 -0.1304 0.2666
vt 0.209503 0.700367
vt 0.214752 0.687049
vt 0.223509 0.690896
vt 0.219855 0.706306
vt 0.133227 0.834738
vt 0.126366 0.833432
vt 0.135670 0.796013
vt 0.139805 0.796686
vt 0.205567 0.626722
vt 0.193023 0.651458
vt 0.189141 0.649782
vt 0.201071 0.623597
vt 0.229163 0.710603
vt 0.232211 0.693750
vt 0.240860 0.695435
vt 0.237807 0.712963
vt 0.148967 0.640746
vt 0.144810 0.640517
vt 0.144207 0.610171
vt 0.149614 0.608730
vt 0.187449 0.613950
vt 0.177253 0.645977
vt 0.173258 0.644984
vt 0.182528 0.611254
vt 0.181236 0.647072
vt 0.192120 0.617034
vt 0.153077 0.641181
vt 0.154247 0.667775
vt 0.147950 0.666971
vt 0.268529 0.694402
vt 0.269414 0.678030
vt 0.277916 0.678160
vt 0.278300 0.692948
vt 0.343334 0.695480
vt 0.340660 0.684731
vt 0.349539 0.682328
vt 0.354617 0.693855
vt 0.246799 0.713009
vt 0.249684 0.695990
vt 0.258909 0.695514
vt 0.256857 0.711376
vt 0.123378 0.898270
vt 0.115235 0.922763
vt 0.111375 0.921780
vt 0.118411 0.897118
vt 0.268150 0.708787
vt 0.179061 0.673346
vt 0.172984 0.671680
vt 0.185202 0.648330
vt 0.252488 0.677371
vt 0.260933 0.677789
vt 0.136838 0.704776
vt 0.134255 0.730652
vt 0.129088 0.730163
vt 0.131072 0.704269
vt 0.196840 0.653401
vt 0.210175 0.629578
vt 0.313900 0.687453
vt 0.322760 0.686785
vt 0.323309 0.694991
vt 0.315071 0.695485
vt 0.337060 0.672373
vt 0.344785 0.669927
vt 0.166323 0.606932
vt 0.161206 0.642459
vt 0.157156 0.641761
vt 0.160698 0.606931
vt 0.320713 0.676194
vt 0.328988 0.674541
vt 0.331713 0.686012
vt 0.219577 0.672010
vt 0.227637 0.673922
vt 0.139137 0.770406
vt 0.143825 0.771217
vt 0.307118 0.696263
vt 0.305088 0.688407
vt 0.270527 0.645685
vt 0.278150 0.645772
vt 0.331083 0.641622
vt 0.338704 0.640530
vt 0.176343 0.711986
vt 0.170697 0.710789
vt 0.185042 0.675210
vt 0.235813 0.675480
vt 0.240303 0.643756
vt 0.247815 0.644493
vt 0.244110 0.676635
vt 0.232809 0.642883
vt 0.225318 0.641919
vt 0.217810 0.640917
vt 0.211578 0.669773
vt 0.262927 0.645467
vt 0.148220 0.706270
vt 0.144574 0.732103
vt 0.139415 0.731311
vt 0.142554 0.705421
vt 0.153851 0.707300
vt 0.160543 0.668865
vt 0.303653 0.677929
vt 0.300984 0.644998
vt 0.308549 0.644385
vt 0.312244 0.677297
vt 0.299033 0.596073
vt 0.298138 0.555572
vt 0.305094 0.555596
vt 0.306154 0.595769
vt 0.313297 0.595424
vt 0.312016 0.555606
vt 0.318895 0.555598
vt 0.320470 0.595057
vt 0.316083 0.643599
vt 0.323589 0.642663
vt 0.255356 0.645068
vt 0.256469 0.596374
vt 0.263570 0.596527
vt 0.327692 0.594708
vt 0.220576 0.595598
vt 0.227838 0.595676
vt 0.235047 0.595817
vt 0.334921 0.594355
vt 0.270660 0.596633
vt 0.249353 0.596190
vt 0.277744 0.596599
vt 0.284832 0.596496
vt 0.285775 0.645688
vt 0.291927 0.596319
vt 0.293390 0.645432
vt 0.242215 0.595996
vt 0.263048 0.555628
vt 0.270092 0.555490
vt 0.256009 0.555786
vt 0.248987 0.555973
vt 0.241996 0.556193
vt 0.228184 0.556736
vt 0.235054 0.556447
vt 0.153228 0.772759
vt 0.148517 0.772005
vt 0.154868 0.733831
vt 0.160012 0.734706
vt 0.134436 0.769639
vt 0.129707 0.768999
vt 0.325697 0.555506
vt 0.286450 0.678254
vt 0.295034 0.678201
vt 0.155111 0.607584
vt 0.196623 0.620313
vt 0.287396 0.691296
vt 0.296283 0.689683
vt 0.140615 0.640520
vt 0.136394 0.640786
vt 0.133543 0.613077
vt 0.138863 0.611687
vt 0.170256 0.736570
vt 0.165155 0.735604
vt 0.280038 0.705577
vt 0.141673 0.666485
vt 0.166801 0.670183
vt 0.169256 0.644079
vt 0.165241 0.643218
vt 0.206290 0.682218
vt 0.199178 0.692583
vt 0.332622 0.695229
vt 0.113461 0.895907
vt 0.122221 0.858701
vt 0.127957 0.859948
vt 0.131525 0.795361
vt 0.127388 0.794762
vt 0.165068 0.709610
vt 0.159459 0.708437
vt 0.149722 0.732957
vt 0.177331 0.609119
vt 0.171896 0.607677
vt 0.128227 0.899884
vt 0.133703 0.861123
vt 0.139336 0.862722
vt 0.277128 0.555501
vt 0.284151 0.555519
vt 0.162638 0.774432
vt 0.157941 0.773541
vt 0.135435 0.666325
vt 0.332429 0.555400
vt 0.152205 0.798748
vt 0.148099 0.797999
vt 0.123226 0.794319
vt 0.119455 0.832282
vt 0.146930 0.837426
vt 0.140115 0.835887
vt 0.143957 0.797321
vt 0.156280 0.799677
vt 0.107464 0.920894
vt 0.098503 0.958228
vt 0.095341 0.957529
vt 0.103622 0.919867
vt 0.116520 0.857378
vt 0.108553 0.894531
vt 0.104842 0.959470
vt 0.101695 0.958758
vt 0.107891 0.960563
vt 0.119001 0.924121
vt 0.091909 0.989713
vt 0.093028 0.989562
vt 0.093676 0.989952
vt 0.095867 0.990424
vt 0.096918 0.990805
vt 0.289720 0.701652
vt 0.298781 0.698391
vt 0.132152 0.641331
vt 0.124952 0.768541
vt 0.221406 0.557055
vt 0.291155 0.555544
vt 0.128225 0.614191
s 1
usemtl Trunk
f 2902/3145/2881 2919/3146/2882 2918/3147/2883 2901/3148/2884
f 3053/3149/2885 3052/3150/2886 3045/3151/2887 3046/3152/2888
f 2987/3153/2889 3004/3154/2890 3003/3155/2891 2986/3156/2892
f 2900/3157/2893 2917/3158/2894 2916/3159/2895 2899/3160/2896
f 2993/3161/2897 2992/3162/2898 2975/3163/2899 2976/3164/2900
f 2983/3165/2901 3000/3166/2902 2999/3167/2903 2982/3168/2904
f 3001/3169/2905 3000/3166/2902 2983/3165/2901 2984/3170/2906
f 2994/3171/2907 3009/3172/2908 3008/3173/2909 2993/3161/2897
f 2913/3174/2910 2930/3175/2911 2929/3176/2912 2912/3177/2913
f 2888/3178/2914 2905/3179/2915 2904/3180/2916 2887/3181/2917
f 2898/3182/2918 2915/3183/2919 2914/3184/2920 2897/3185/2921
f 2918/3147/2883 2917/3158/2894 2900/3157/2893 2901/3148/2884
f 3063/3186/2922 3068/3187/2923 3067/3188/2924 3062/3189/2925
f 2914/3184/2920 2913/3174/2910 2896/3190/2926 2897/3185/2921
f 3013/3191/2927 3012/3192/2928 3002/3193/2929 3003/3155/2891
f 2915/3183/2919 2932/3194/2930 2931/3195/2931 2914/3184/2920
f 2916/3159/2895 2915/3183/2919 2898/3182/2918 2899/3160/2896
f 3016/3196/2932 3025/3197/2933 3024/3198/2934 3015/3199/2935
f 3005/3200/2936 3004/3154/2890 2987/3153/2889 2988/3201/2937
f 2908/3202/2938 2907/3203/2939 2890/3204/2940 2891/3205/2941
f 2905/3179/2915 2922/3206/2942 2921/3207/2943 2904/3180/2916
f 2979/3208/2944 2996/3209/2945 2995/3210/2946 2978/3211/2947
f 2907/3203/2939 2924/3212/2948 2923/3213/2949 2906/3214/2950
f 2923/3213/2949 2922/3206/2942 2905/3179/2915 2906/3214/2950
f 2919/3146/2882 2936/3215/2951 2935/3216/2952 2918/3147/2883
f 3046/3152/2888 3045/3151/2887 3036/3217/2953 3037/3218/2954
f 2931/3195/2931 2930/3175/2911 2913/3174/2910 2914/3184/2920
f 2892/3219/2955 2909/3220/2956 2908/3202/2938 2891/3205/2941
f 2930/3175/2911 2947/3221/2957 2946/3222/2958 2929/3176/2912
f 2922/3206/2942 2939/3223/2959 2938/3224/2960 2921/3207/2943
f 3023/3225/2961 3022/3226/2962 3013/3191/2927 3014/3227/2963
f 2934/3228/2964 2951/3229/2965 2950/3230/2966 2933/3231/2967
f 2952/3232/2968 2951/3229/2965 2934/3228/2964 2935/3216/2952
f 2936/3215/2951 2953/3233/2969 2952/3232/2968 2935/3216/2952
f 2954/3234/2970 2953/3233/2969 2936/3215/2951 2937/3235/2971
f 2948/3236/2972 2947/3221/2957 2930/3175/2911 2931/3195/2931
f 3018/3237/2973 3027/3238/2974 3026/3239/2975 3017/3240/2976
f 3019/3241/2977 3018/3237/2973 3009/3172/2908 3010/3242/2978
f 2926/3243/2979 2943/3244/2980 2942/3245/2981 2925/3246/2982
f 2960/3247/2983 2977/3248/2984 2976/3249/2900 2959/3250/2985
f 2958/3251/2986 2975/3252/2899 2974/3253/2987 2957/3254/2988
f 2941/3255/2989 2958/3251/2986 2957/3254/2988 2940/3256/2990
f 2949/3257/2991 2966/3258/2992 2965/3259/2993 2948/3236/2972
f 2957/3254/2988 2956/3260/2994 2939/3223/2959 2940/3256/2990
f 2971/3261/2995 2970/3262/2996 2953/3233/2969 2954/3234/2970
f 2953/3233/2969 2970/3262/2996 2969/3263/2997 2952/3232/2968
f 2939/3223/2959 2956/3260/2994 2955/3264/2998 2938/3224/2960
f 2965/3259/2993 2964/3265/2999 2947/3221/2957 2948/3236/2972
f 2967/3266/3000 2966/3258/2992 2949/3257/2991 2950/3230/2966
f 2947/3221/2957 2964/3265/2999 2963/3267/3001 2946/3222/2958
f 2963/3267/3001 2962/3268/3002 2945/3269/3003 2946/3222/2958
f 2959/3250/2985 2958/3251/2986 2941/3255/2989 2942/3245/2981
f 2961/3270/3004 2960/3247/2983 2943/3244/2980 2944/3271/3005
f 2951/3229/2965 2968/3272/3006 2967/3266/3000 2950/3230/2966
f 2943/3244/2980 2960/3247/2983 2959/3250/2985 2942/3245/2981
f 2945/3269/3003 2962/3268/3002 2961/3270/3004 2944/3271/3005
f 2982/3273/2904 2981/3274/3007 2964/3265/2999 2965/3259/2993
f 2966/3258/2992 2983/3275/2901 2982/3273/2904 2965/3259/2993
f 2984/3276/2906 2983/3275/2901 2966/3258/2992 2967/3266/3000
f 2968/3272/3006 2985/3277/3008 2984/3276/2906 2967/3266/3000
f 2970/3262/2996 2987/3278/2889 2986/3279/2892 2969/3263/2997
f 3039/3280/3009 3038/3281/3010 3029/3282/3011 3030/3283/3012
f 3035/3284/3013 3034/3285/3014 3025/3197/2933 3026/3239/2975
f 2974/3253/2987 2973/3286/3015 2956/3260/2994 2957/3254/2988
f 2928/3287/3016 2945/3269/3003 2944/3271/3005 2927/3288/3017
f 2942/3245/2981 2941/3255/2989 2924/3212/2948 2925/3246/2982
f 2976/3249/2900 2975/3252/2899 2958/3251/2986 2959/3250/2985
f 2946/3222/2958 2945/3269/3003 2928/3287/3016 2929/3176/2912
f 2925/3246/2982 2924/3212/2948 2907/3203/2939 2908/3202/2938
f 2995/3210/2946 2994/3171/2907 2977/3289/2984 2978/3211/2947
f 2985/3290/3008 3002/3193/2929 3001/3169/2905 2984/3170/2906
f 2911/3291/3018 2928/3287/3016 2927/3288/3017 2910/3292/3019
f 2909/3220/2956 2926/3243/2979 2925/3246/2982 2908/3202/2938
f 2933/3231/2967 2932/3194/2930 2915/3183/2919 2916/3159/2895
f 2935/3216/2952 2934/3228/2964 2917/3158/2894 2918/3147/2883
f 2977/3289/2984 2994/3171/2907 2993/3161/2897 2976/3164/2900
f 2991/3293/3020 2990/3294/3021 2973/3295/3015 2974/3296/2987
f 3032/3297/3022 3031/3298/3023 3022/3226/2962 3023/3225/2961
f 2896/3190/2926 2913/3174/2910 2912/3177/2913 2895/3299/3024
f 2991/3293/3020 3007/3300/3025 2990/3294/3021
f 2993/3161/2897 3008/3173/2909 2992/3162/2898
f 2995/3210/2946 3009/3172/2908 2994/3171/2907
f 2995/3210/2946 2996/3209/2945 3009/3172/2908
f 3011/3301/3026 3010/3242/2978 2998/3302/3027 2999/3167/2903
f 2997/3303/3028 2998/3302/3027 3010/3242/2978
f 2920/3304/3029 2919/3146/2882 2902/3145/2881 2903/3305/3030
f 2999/3167/2903 3000/3166/2902 3011/3301/3026
f 2992/3162/2898 3008/3173/2909 3007/3300/3025 2991/3293/3020
f 3001/3169/2905 3002/3193/2929 3012/3192/2928
f 3003/3155/2891 3004/3154/2890 3013/3191/2927
f 2890/3204/2940 2907/3203/2939 2906/3214/2950 2889/3306/3031
f 3062/3189/2925 3061/3307/3032 3056/3308/3033 3057/3309/3034
f 3044/3310/3035 3043/3311/3036 3034/3285/3014 3035/3284/3013
f 3013/3191/2927 3022/3226/2962 3021/3312/3037 3012/3192/2928
f 2944/3271/3005 2943/3244/2980 2926/3243/2979 2927/3288/3017
f 2940/3256/2990 2939/3223/2959 2922/3206/2942 2923/3213/2949
f 2950/3230/2966 2949/3257/2991 2932/3194/2930 2933/3231/2967
f 3020/3313/3038 3029/3282/3011 3028/3314/3039 3019/3241/2977
f 3022/3226/2962 3031/3298/3023 3030/3283/3012 3021/3312/3037
f 2981/3315/3007 2998/3302/3027 2997/3303/3028 2980/3316/3040
f 3011/3301/3026 3020/3313/3038 3019/3241/2977 3010/3242/2978
f 3028/3314/3039 3027/3238/2974 3018/3237/2973 3019/3241/2977
f 3064/3317/3041 3063/3186/2922 3058/3318/3042 3059/3319/3043
f 2980/3320/3040 2979/3321/2944 2962/3268/3002 2963/3267/3001
f 3041/3322/3044 3040/3323/3045 3031/3298/3023 3032/3297/3022
f 3007/3300/3025 3016/3196/2932 3015/3199/2935 3006/3324/3046
f 2956/3260/2994 2973/3286/3015 2972/3325/3047 2955/3264/2998
f 3021/3312/3037 3020/3313/3038 3011/3301/3026 3012/3192/2928
f 3036/3217/2953 3045/3151/2887 3044/3310/3035 3035/3284/3013
f 3057/3309/3034 3056/3308/3033 3052/3150/2886 3053/3149/2885
f 3040/3323/3045 3049/3326/3048 3048/3327/3049 3039/3280/3009
f 3042/3328/3050 3043/3311/3036 3051/3329/3051
f 3044/3310/3035 3045/3151/2887 3052/3150/2886
f 3049/3326/3048 3051/3330/3052 3054/3331/3053 3048/3327/3049
f 3052/3150/2886 3051/3329/3051 3043/3311/3036 3044/3310/3035
f 3048/3327/3049 3054/3331/3053 3047/3332/3054
f 3050/3333/3055 3051/3330/3052 3049/3326/3048
f 3054/3331/3053 3058/3318/3042 3057/3309/3034 3053/3149/2885
f 3059/3319/3043 3058/3318/3042 3054/3331/3053 3051/3330/3052
f 3066/3334/3056 3071/3335/3057 3070/3336/3058 3065/3337/3059
f 3058/3318/3042 3063/3186/2922 3062/3189/2925 3057/3309/3034
f 3026/3239/2975 3025/3197/2933 3016/3196/2932 3017/3240/2976
f 3052/3150/2886 3056/3308/3033 3055/3338/3060 3051/3329/3051
f 3030/3283/3012 3029/3282/3011 3020/3313/3038 3021/3312/3037
f 3038/3281/3010 3047/3332/3054 3046/3152/2888 3037/3218/2954
f 3061/3307/3032 3066/3334/3056 3065/3337/3059 3060/3339/3061
f 3068/3187/2923 3073/3340/3062 3072/3341/3063 3067/3188/2924
f 3074/3342/3064 3073/3340/3062 3068/3187/2923 3069/3343/3065
f 2927/3288/3017 2926/3243/2979 2909/3220/2956 2910/3292/3019
f 2997/3303/3028 2996/3209/2945 2979/3208/2944 2980/3316/3040
f 3075/3344/3066 3070/3336/3058 3076/3345/3067
f 3071/3335/3057 3076/3345/3067 3070/3336/3058
f 3071/3335/3057 3072/3341/3063 3076/3345/3067
f 3077/3346/3066 3076/3345/3067 3072/3341/3063
f 3077/3346/3066 3072/3341/3063 3078/3347/3068
f 3073/3340/3062 3078/3347/3068 3072/3341/3063
f 3073/3340/3062 3074/3342/3064 3078/3347/3068
f 3079/3348/3066 3078/3347/3068 3074/3342/3064
f 3010/3242/2978 3009/3172/2908 2996/3209/2945 2997/3303/3028
f 2929/3176/2912 2928/3287/3016 2911/3291/3018 2912/3177/2913
f 2937/3235/2971 2936/3215/2951 2919/3146/2882 2920/3304/3029
f 2912/3177/2913 2911/3291/3018 2894/3349/3069 2895/3299/3024
f 2910/3292/3019 2909/3220/2956 2892/3219/2955 2893/3350/3070
f 2975/3163/2899 2992/3162/2898 2991/3293/3020 2974/3296/2987
f 2999/3167/2903 2998/3302/3027 2981/3315/3007 2982/3168/2904
f 3050/3333/3055 3049/3326/3048 3040/3323/3045 3041/3322/3044
f 2894/3349/3069 2911/3291/3018 2910/3292/3019 2893/3350/3070
f 2906/3214/2950 2905/3179/2915 2888/3178/2914 2889/3306/3031
f 3012/3192/2928 3011/3301/3026 3000/3166/2902 3001/3169/2905
f 3003/3155/2891 3002/3193/2929 2985/3290/3008 2986/3156/2892
f 3014/3227/2963 3013/3191/2927 3004/3154/2890 3005/3200/2936
f 2990/3294/3021 3007/3300/3025 3006/3324/3046 2989/3351/3071
f 3009/3172/2908 3018/3237/2973 3017/3240/2976 3008/3173/2909
f 3034/3285/3014 3043/3311/3036 3042/3328/3050 3033/3352/3072
f 2988/3353/2937 2987/3278/2889 2970/3262/2996 2971/3261/2995
f 2978/3354/2947 2977/3248/2984 2960/3247/2983 2961/3270/3004
f 3048/3327/3049 3047/3332/3054 3038/3281/3010 3039/3280/3009
f 3067/3188/2924 3066/3334/3056 3061/3307/3032 3062/3189/2925
f 2932/3194/2930 2949/3257/2991 2948/3236/2972 2931/3195/2931
f 3029/3282/3011 3038/3281/3010 3037/3218/2954 3028/3314/3039
f 3037/3218/2954 3036/3217/2953 3027/3238/2974 3028/3314/3039
f 3031/3298/3023 3040/3323/3045 3039/3280/3009 3030/3283/3012
f 3025/3197/2933 3034/3285/3014 3033/3352/3072 3024/3198/2934
f 3072/3341/3063 3071/3335/3057 3066/3334/3056 3067/3188/2924
f 3027/3238/2974 3036/3217/2953 3035/3284/3013 3026/3239/2975
f 2964/3265/2999 2981/3274/3007 2980/3320/3040 2963/3267/3001
f 2986/3279/2892 2985/3277/3008 2968/3272/3006 2969/3263/2997
f 3069/3343/3065 3068/3187/2923 3063/3186/2922 3064/3317/3041
f 2924/3212/2948 2941/3255/2989 2940/3256/2990 2923/3213/2949
f 3047/3332/3054 3054/3331/3053 3053/3149/2885 3046/3152/2888
f 2973/3295/3015 2990/3294/3021 2989/3351/3071 2972/3355/3047
f 3017/3240/2976 3016/3196/2932 3007/3300/3025 3008/3173/2909
f 3056/3308/3033 3061/3307/3032 3060/3339/3061 3055/3338/3060
f 2962/3268/3002 2979/3321/2944 2978/3354/2947 2961/3270/3004
f 2917/3158/2894 2934/3228/2964 2933/3231/2967 2916/3159/2895
f 2969/3263/2997 2968/3272/3006 2951/3229/2965 2952/3232/2968
o Tree_0.087
v -28.256638 1.695809 7.579123
v -28.190203 1.784023 7.694089
v -28.088976 1.845990 7.784968
v -27.968607 1.869207 7.840355
v -27.847383 1.849858 7.853009
v -27.743872 1.790300 7.821425
v -27.673834 1.699170 7.750035
v -27.647800 1.592166 7.648445
v -27.669558 1.488110 7.529711
v -27.741434 1.395456 7.390036
v -27.846813 1.336088 7.272213
v -27.969847 1.316319 7.196766
v -28.091925 1.337509 7.176717
v -28.194508 1.395821 7.215679
v -28.261932 1.482981 7.307158
v -28.283817 1.587367 7.435692
v -28.256638 1.695809 7.579123
v -28.211761 1.790195 7.572093
v -28.156321 1.848644 7.666118
v -28.068251 1.883540 7.742188
v -27.960543 1.889039 7.789507
v -27.849184 1.865563 7.800093
v -27.751375 1.815716 7.771840
v -27.681822 1.745305 7.709468
v -27.650293 1.666559 7.622998
v -27.661243 1.592043 7.524943
v -27.714928 1.530298 7.423842
v -27.805470 1.494335 7.336915
v -27.914478 1.487551 7.284074
v -28.028322 1.511499 7.275263
v -28.128460 1.564918 7.303537
v -28.197517 1.635532 7.369853
v -28.227283 1.714703 7.468158
v -28.211761 1.790195 7.572093
v -28.167261 1.918321 7.589617
v -28.119246 1.953155 7.676831
v -28.038565 1.965324 7.739693
v -27.937094 1.956672 7.778658
v -27.830034 1.929785 7.786731
v -27.733114 1.887408 7.761445
v -27.659735 1.834249 7.707790
v -27.621656 1.775389 7.633627
v -27.626230 1.720946 7.542716
v -27.669712 1.681561 7.456913
v -27.746737 1.663389 7.390111
v -27.849087 1.669953 7.352107
v -27.960583 1.702127 7.355557
v -28.066191 1.748494 7.372421
v -28.140322 1.807150 7.426260
v -28.175255 1.867174 7.501107
v -28.167261 1.918321 7.589617
v -28.062326 2.187543 7.661348
v -28.013893 2.212476 7.752304
v -27.928921 2.218387 7.822068
v -27.818886 2.209795 7.870811
v -27.704554 2.181100 7.879691
v -27.600988 2.143043 7.855442
v -27.527781 2.095574 7.795374
v -27.491217 2.048289 7.713941
v -27.497089 2.006745 7.620377
v -27.541977 1.978908 7.532765
v -27.619459 1.971825 7.460577
v -27.721575 1.987952 7.416682
v -27.836739 2.022944 7.409891
v -27.946947 2.059741 7.437133
v -28.026726 2.105273 7.492808
v -28.066555 2.150371 7.572437
v -28.062326 2.187543 7.661348
v -27.882298 2.628489 7.752112
v -27.815279 2.670984 7.882881
v -27.696369 2.695079 7.995538
v -27.546797 2.690547 8.067247
v -27.392229 2.662161 8.087416
v -27.260073 2.614652 8.049561
v -27.170773 2.555988 7.964360
v -27.138277 2.493799 7.847097
v -27.162378 2.439512 7.717716
v -27.234200 2.402561 7.596451
v -27.342218 2.387742 7.500325
v -27.473173 2.396148 7.441115
v -27.612631 2.423412 7.426884
v -27.740845 2.465991 7.455866
v -27.838673 2.518128 7.523656
v -27.889219 2.574868 7.626580
v -27.882298 2.628489 7.752112
v -27.633924 3.140786 7.882919
v -27.556501 3.196349 8.035390
v -27.425808 3.227640 8.164956
v -27.263504 3.227126 8.249765
v -27.095890 3.193951 8.276313
v -26.951056 3.137245 8.237705
v -26.850517 3.066396 8.144726
v -26.808067 2.992678 8.013221
v -26.828125 2.927271 7.864083
v -26.906715 2.879014 7.719586
v -27.031738 2.854392 7.600662
v -27.183474 2.852818 7.522584
v -27.341949 2.877825 7.496593
v -27.485443 2.927725 7.526745
v -27.592964 2.995235 7.607915
v -27.646029 3.070203 7.732653
v -27.633924 3.140786 7.882919
v -27.564119 3.689585 8.049287
v -27.497503 3.750655 8.184109
v -27.386587 3.799658 8.299769
v -27.247667 3.824780 8.378376
v -27.102140 3.825185 8.407989
v -26.973209 3.802156 8.383497
v -26.880867 3.759063 8.308655
v -26.839369 3.702742 8.194100
v -26.853691 3.640958 8.059268
v -26.920443 3.581774 7.924828
v -27.030840 3.536567 7.811894
v -27.167973 3.512134 7.737375
v -27.310522 3.508224 7.708717
v -27.438168 3.528262 7.732486
v -27.531519 3.569577 7.805236
v -27.575956 3.626086 7.916291
v -27.564119 3.689585 8.049287
v -27.627003 4.295796 8.234936
v -27.495378 4.385624 8.425138
v -27.285625 4.416510 8.501417
v -27.120502 4.370358 8.419792
v -27.096846 4.274206 8.227390
v -27.228416 4.184377 8.037527
v -27.438000 4.153485 7.962297
v -27.603140 4.199638 8.043815
v -27.627003 4.295796 8.234936
v -27.923470 5.234763 8.463820
v -27.804132 5.326420 8.634686
v -27.611731 5.362170 8.698260
v -27.458935 5.321073 8.617511
v -27.435394 5.227206 8.438860
v -27.554935 5.135556 8.266725
v -27.747370 5.099807 8.202959
v -27.899960 5.140898 8.284979
v -27.923470 5.234763 8.463820
v -28.137508 5.806631 8.520997
v -28.038395 5.896760 8.663527
v -27.873905 5.934604 8.714095
v -27.740463 5.900807 8.644180
v -27.715839 5.812012 8.492456
v -27.815475 5.721024 8.347669
v -27.981617 5.684086 8.296143
v -28.115181 5.719882 8.368737
v -28.137508 5.806631 8.520997
v -28.420080 6.452961 8.432627
v -28.338860 6.528574 8.543167
v -28.204660 6.565932 8.581976
v -28.094881 6.544901 8.526155
v -28.074196 6.476610 8.406479
v -28.156219 6.399279 8.293155
v -28.293072 6.361308 8.254292
v -28.402206 6.384175 8.313040
v -28.420080 6.452961 8.432627
v -28.527946 6.744685 8.312114
v -28.463415 6.806232 8.400635
v -28.355957 6.837163 8.432390
v -28.267284 6.820651 8.388479
v -28.249819 6.765328 8.292871
v -28.315174 6.702245 8.201926
v -28.425007 6.670751 8.170492
v -28.512957 6.688893 8.216837
v -28.527946 6.744685 8.312114
v -28.581408 7.078887 8.127068
v -28.441179 7.151145 8.226379
v -28.351873 7.086131 8.114810
v -28.493925 7.012339 8.014399
v -28.544718 7.324930 8.000469
v -28.430611 7.372808 8.085632
v -28.352634 7.301462 8.001373
v -28.467081 7.252153 7.916081
v -28.544718 7.324930 8.000469
v -28.394325 7.806266 7.855823
v -28.296551 7.836395 7.933481
v -28.224833 7.757547 7.864933
v -28.322607 7.727419 7.787276
v -28.394325 7.806266 7.855823
v -28.179348 8.153255 7.826138
v -28.109739 8.163466 7.888589
v -28.053576 8.101904 7.835146
v -28.123184 8.091692 7.772694
v -28.179348 8.153255 7.826138
v -27.779839 8.720462 7.939288
v -27.728476 8.720982 7.988972
v -27.680841 8.673834 7.945866
v -27.732204 8.673312 7.896182
v -27.779839 8.720462 7.939288
v -27.377590 9.227376 8.177029
v -27.377590 9.227376 8.177029
v -27.377590 9.227376 8.177029
v -27.377590 9.227376 8.177029
v -27.377590 9.227376 8.177029
vn -0.8274 0.4728 -0.3032
vn -0.8706 0.4008 -0.2854
vn -0.6201 0.4165 -0.6649
vn -0.5841 0.5103 -0.6312
vn 0.7290 0.0877 -0.6789
vn 0.4474 0.5927 0.6697
vn 0.7983 0.5786 0.1675
vn 0.8952 0.1898 -0.4031
vn -0.6749 0.6192 -0.4014
vn -0.9957 0.0019 -0.0924
vn -0.7581 0.1880 -0.6245
vn -0.4623 0.5290 -0.7116
vn -0.2230 0.5375 -0.8133
vn -0.2449 0.4371 -0.8654
vn -0.0329 0.3728 -0.9273
vn 0.0081 0.4802 -0.8771
vn 0.0244 -0.1560 0.9875
vn -0.3035 -0.2125 0.9288
vn -0.2711 -0.0487 0.9613
vn 0.0281 -0.2412 0.9701
vn 0.2784 0.0689 -0.9580
vn 0.2574 0.3710 -0.8923
vn 0.4620 0.3619 -0.8097
vn 0.5532 -0.1545 -0.8186
vn 0.0009 0.3396 -0.9406
vn 0.0192 0.2483 -0.9685
vn 0.4466 -0.0100 0.8947
vn 0.9145 0.2512 0.3172
vn 0.2274 -0.1177 0.9667
vn 0.7732 -0.0529 -0.6319
vn 0.7567 -0.1489 -0.6366
vn 0.9195 -0.3104 -0.2413
vn 0.9368 -0.2093 -0.2803
vn -0.7584 0.5932 0.2701
vn -0.7682 0.3625 0.5277
vn -0.9040 0.3338 0.2671
vn -0.8721 0.4753 0.1167
vn 0.2778 0.3873 -0.8791
vn 0.2271 0.2912 -0.9293
vn 0.4616 0.1311 -0.8773
vn 0.4946 0.2377 -0.8360
vn -0.2585 0.0230 -0.9657
vn -0.1271 0.2260 -0.9658
vn 0.8040 -0.4361 -0.4043
vn 0.7978 -0.4418 -0.4102
vn 0.7837 0.0285 -0.6205
vn -0.9166 -0.0893 -0.3897
vn -0.2073 0.2038 -0.9568
vn -0.3336 0.3111 -0.8899
vn 0.1731 0.1787 -0.9686
vn 0.4406 0.0373 -0.8969
vn -0.4090 -0.2566 0.8757
vn -0.4357 -0.1229 0.8917
vn -0.7447 -0.2807 0.6055
vn -0.7193 -0.3464 0.6022
vn -0.8859 -0.1517 0.4383
vn -0.8779 0.3294 0.3476
vn 0.2771 0.2151 0.9365
vn -0.1243 0.4460 0.8863
vn -0.0067 0.9708 0.2399
vn 0.4497 0.8559 0.2554
vn -0.7341 0.1615 0.6595
vn -0.9028 0.2676 0.3366
vn 0.7667 -0.5680 0.2993
vn 0.9385 0.3311 -0.0977
vn 0.8691 0.1522 0.4707
vn 0.5782 -0.5052 0.6407
vn -0.1991 -0.0881 0.9760
vn -0.4371 -0.0273 0.8990
vn -0.4493 0.2986 0.8420
vn -0.8573 0.4073 -0.3150
vn -0.6145 0.3910 -0.6852
vn 0.8141 0.5740 0.0877
vn 0.7843 0.2702 -0.5584
vn 0.7496 0.6493 0.1281
vn 0.6369 0.1661 0.7528
vn 0.7379 -0.3094 -0.5998
vn 0.8507 -0.4876 -0.1963
vn -0.7353 0.1072 0.6692
vn -0.9032 0.2723 0.3319
vn -0.6823 -0.3450 0.6445
vn -0.9221 -0.2860 -0.2605
vn -0.6751 -0.3516 0.6486
vn -0.2699 0.3381 -0.9016
vn -0.3502 0.2450 -0.9041
vn -0.1281 0.1548 -0.9796
vn -0.0734 0.2709 -0.9598
vn -0.6701 0.3429 -0.6583
vn -0.8810 0.3829 -0.2780
vn -0.9035 0.2704 0.3326
vn -0.9077 0.2704 0.3208
vn 0.4462 -0.1049 -0.8888
vn 0.9016 0.3640 0.2336
vn 0.8700 0.4643 0.1660
vn 0.2969 0.2593 0.9190
vn 0.2632 0.0069 0.9647
vn 0.7202 0.3782 -0.5816
vn 0.7140 0.3850 -0.5848
vn 0.3279 -0.3149 0.8907
vn 0.2468 -0.4682 0.8485
vn 0.0190 -0.3836 0.9233
vn 0.0770 -0.2465 0.9661
vn 0.2699 -0.4889 0.8295
vn 0.3173 -0.3925 0.8633
vn 0.0369 -0.3528 0.9350
vn -0.2516 -0.2141 0.9438
vn -0.5207 0.1633 0.8380
vn -0.4844 -0.0269 0.8744
vn -0.2355 -0.2459 0.9402
vn -0.4519 -0.0880 0.8877
vn 0.1688 0.0388 -0.9849
vn 0.2030 -0.0139 -0.9791
vn 0.4597 -0.1591 -0.8737
vn -0.7581 0.1686 0.6299
vn -0.8899 0.3225 0.3225
vn -0.8490 0.4383 -0.2952
vn -0.6375 0.3988 -0.6592
vn -0.8968 0.3315 0.2931
vn 0.7158 -0.3779 -0.5872
vn -0.1111 0.1392 -0.9840
vn 0.8213 -0.5216 -0.2309
vn 0.7420 -0.6142 0.2687
vn 0.7401 -0.5822 0.3366
vn 0.5736 -0.5663 0.5919
vn 0.5059 -0.5711 0.6465
vn -0.3560 0.2574 -0.8984
vn 0.7453 -0.3576 -0.5627
vn -0.2282 0.3987 -0.8883
vn -0.3150 -0.3385 -0.8867
vn 0.4568 0.0498 -0.8882
vn 0.4159 0.2121 -0.8843
vn -0.2982 -0.1247 -0.9463
vn 0.2966 0.5238 0.7986
vn -0.4908 0.0927 0.8663
vn -0.7442 0.4296 0.5115
vn 0.8552 -0.4048 0.3238
vn 0.5863 -0.4303 0.6863
vn 0.9747 -0.1728 0.1419
vn 0.8219 -0.1290 0.5549
vn -0.5188 -0.2309 0.8231
vn -0.7336 -0.2182 0.6436
vn -0.7223 -0.2758 0.6342
vn -0.9046 -0.3836 -0.1860
vn 0.9303 -0.0771 -0.3587
vn -0.4155 -0.3113 0.8547
vn 0.4026 0.3574 -0.8427
vn 0.6390 0.3843 -0.6663
vn 0.8225 0.3401 -0.4559
vn -0.9098 0.3220 0.2618
vn -0.8724 0.4779 0.1026
vn -0.3866 0.8398 0.3812
vn 0.2930 0.0294 0.9557
vn 0.4777 0.4903 0.7289
vn 0.8028 -0.3929 -0.4485
vn 0.1435 0.5951 0.7907
vn -0.5877 0.3239 0.7414
vn -0.2518 0.0811 -0.9644
vn 0.3948 0.3143 -0.8633
vn 0.7312 0.3540 -0.5832
vn 0.8431 -0.5251 -0.1164
vn -0.7126 0.4745 0.5167
vn -0.3682 -0.3024 -0.8792
vn -0.7808 0.3967 0.4828
vn -0.7999 -0.1317 0.5855
vn -0.9000 -0.3959 -0.1824
vn -0.7178 -0.3363 0.6096
vn -0.8812 0.3586 0.3081
vn -0.8447 -0.3207 -0.4285
vn -0.1461 -0.3796 -0.9135
vn -0.9017 -0.0040 0.4323
vn -0.7232 0.3961 0.5658
vn -0.7622 0.3548 0.5414
vn -0.3379 -0.3165 -0.8864
vn 0.5684 -0.1344 -0.8117
vn -0.8916 -0.0154 0.4527
vn 0.1463 -0.1974 0.9693
vn 0.0474 -0.3380 0.9400
vn -0.7342 0.3072 0.6055
vn -0.7351 0.4180 0.5337
vn -0.7389 0.4346 0.5149
vn -0.7233 0.4764 0.4999
vn 0.0014 0.4013 -0.9159
vn 0.7993 -0.2038 -0.5654
vn -0.7342 0.3068 0.6057
vn -0.7352 0.4178 0.5338
vn 0.9339 -0.3549 -0.0443
vn 0.9279 -0.3725 0.0187
vn 0.9385 -0.3276 -0.1088
vn 0.9964 0.0236 -0.0818
vn 0.9587 0.2358 0.1594
vn -0.9114 -0.1230 0.3927
vn -0.8111 -0.1320 0.5698
vt 0.209503 0.700367
vt 0.214752 0.687049
vt 0.223509 0.690896
vt 0.219855 0.706306
vt 0.133227 0.834738
vt 0.126366 0.833432
vt 0.135670 0.796013
vt 0.139805 0.796686
vt 0.205567 0.626722
vt 0.193023 0.651458
vt 0.189141 0.649782
vt 0.201071 0.623597
vt 0.229163 0.710603
vt 0.232211 0.693750
vt 0.240860 0.695435
vt 0.237807 0.712963
vt 0.148967 0.640746
vt 0.144810 0.640517
vt 0.144207 0.610171
vt 0.149614 0.608730
vt 0.187449 0.613950
vt 0.177253 0.645977
vt 0.173258 0.644984
vt 0.182528 0.611254
vt 0.181236 0.647072
vt 0.192120 0.617034
vt 0.153077 0.641181
vt 0.154247 0.667775
vt 0.147950 0.666971
vt 0.268529 0.694402
vt 0.269414 0.678030
vt 0.277916 0.678160
vt 0.278300 0.692948
vt 0.343334 0.695480
vt 0.340660 0.684731
vt 0.349539 0.682328
vt 0.354617 0.693855
vt 0.246799 0.713009
vt 0.249684 0.695990
vt 0.258909 0.695514
vt 0.256857 0.711376
vt 0.123378 0.898270
vt 0.115235 0.922763
vt 0.111375 0.921780
vt 0.118411 0.897118
vt 0.268150 0.708787
vt 0.179061 0.673346
vt 0.172984 0.671680
vt 0.185202 0.648330
vt 0.252488 0.677371
vt 0.260933 0.677789
vt 0.136838 0.704776
vt 0.134255 0.730652
vt 0.129088 0.730163
vt 0.131072 0.704269
vt 0.196840 0.653401
vt 0.210175 0.629578
vt 0.313900 0.687453
vt 0.322760 0.686785
vt 0.323309 0.694991
vt 0.315071 0.695485
vt 0.337060 0.672373
vt 0.344785 0.669927
vt 0.166323 0.606932
vt 0.161206 0.642459
vt 0.157156 0.641761
vt 0.160698 0.606931
vt 0.320713 0.676194
vt 0.328988 0.674541
vt 0.331713 0.686012
vt 0.219577 0.672010
vt 0.227637 0.673922
vt 0.139137 0.770406
vt 0.143825 0.771217
vt 0.307118 0.696263
vt 0.305088 0.688407
vt 0.270527 0.645685
vt 0.278150 0.645772
vt 0.331083 0.641622
vt 0.338704 0.640530
vt 0.176343 0.711986
vt 0.170697 0.710789
vt 0.185042 0.675210
vt 0.235813 0.675480
vt 0.240303 0.643756
vt 0.247815 0.644493
vt 0.244110 0.676635
vt 0.232809 0.642883
vt 0.225318 0.641919
vt 0.217810 0.640917
vt 0.211578 0.669773
vt 0.262927 0.645467
vt 0.148220 0.706270
vt 0.144574 0.732103
vt 0.139415 0.731311
vt 0.142554 0.705421
vt 0.153851 0.707300
vt 0.160543 0.668865
vt 0.303653 0.677929
vt 0.300984 0.644998
vt 0.308549 0.644385
vt 0.312244 0.677297
vt 0.299033 0.596073
vt 0.298138 0.555572
vt 0.305094 0.555596
vt 0.306154 0.595769
vt 0.313297 0.595424
vt 0.312016 0.555606
vt 0.318895 0.555598
vt 0.320470 0.595057
vt 0.316083 0.643599
vt 0.323589 0.642663
vt 0.255356 0.645068
vt 0.256469 0.596374
vt 0.263570 0.596527
vt 0.327692 0.594708
vt 0.220576 0.595598
vt 0.227838 0.595676
vt 0.235047 0.595817
vt 0.334921 0.594355
vt 0.270660 0.596633
vt 0.249353 0.596190
vt 0.277744 0.596599
vt 0.284832 0.596496
vt 0.285775 0.645688
vt 0.291927 0.596319
vt 0.293390 0.645432
vt 0.242215 0.595996
vt 0.263048 0.555628
vt 0.270092 0.555490
vt 0.256009 0.555786
vt 0.248987 0.555973
vt 0.241996 0.556193
vt 0.228184 0.556736
vt 0.235054 0.556447
vt 0.153228 0.772759
vt 0.148517 0.772005
vt 0.154868 0.733831
vt 0.160012 0.734706
vt 0.134436 0.769639
vt 0.129707 0.768999
vt 0.325697 0.555506
vt 0.286450 0.678254
vt 0.295034 0.678201
vt 0.155111 0.607584
vt 0.196623 0.620313
vt 0.287396 0.691296
vt 0.296283 0.689683
vt 0.140615 0.640520
vt 0.136394 0.640786
vt 0.133543 0.613077
vt 0.138863 0.611687
vt 0.170256 0.736570
vt 0.165155 0.735604
vt 0.280038 0.705577
vt 0.141673 0.666485
vt 0.166801 0.670183
vt 0.169256 0.644079
vt 0.165241 0.643218
vt 0.206290 0.682218
vt 0.199178 0.692583
vt 0.332622 0.695229
vt 0.113461 0.895907
vt 0.122221 0.858701
vt 0.127957 0.859948
vt 0.131525 0.795361
vt 0.127388 0.794762
vt 0.165068 0.709610
vt 0.159459 0.708437
vt 0.149722 0.732957
vt 0.177331 0.609119
vt 0.171896 0.607677
vt 0.128227 0.899884
vt 0.133703 0.861123
vt 0.139336 0.862722
vt 0.277128 0.555501
vt 0.284151 0.555519
vt 0.162638 0.774432
vt 0.157941 0.773541
vt 0.135435 0.666325
vt 0.332429 0.555400
vt 0.152205 0.798748
vt 0.148099 0.797999
vt 0.123226 0.794319
vt 0.119455 0.832282
vt 0.146930 0.837426
vt 0.140115 0.835887
vt 0.143957 0.797321
vt 0.156280 0.799677
vt 0.107464 0.920894
vt 0.098503 0.958228
vt 0.095341 0.957529
vt 0.103622 0.919867
vt 0.116520 0.857378
vt 0.108553 0.894531
vt 0.104842 0.959470
vt 0.101695 0.958758
vt 0.107891 0.960563
vt 0.119001 0.924121
vt 0.091909 0.989713
vt 0.093028 0.989562
vt 0.093676 0.989952
vt 0.095867 0.990424
vt 0.096918 0.990805
vt 0.289720 0.701652
vt 0.298781 0.698391
vt 0.132152 0.641331
vt 0.124952 0.768541
vt 0.221406 0.557055
vt 0.291155 0.555544
vt 0.128225 0.614191
s 1
usemtl Trunk
f 3095/3356/3073 3112/3357/3074 3111/3358/3075 3094/3359/3076
f 3246/3360/3077 3245/3361/3078 3238/3362/3079 3239/3363/3080
f 3180/3364/3081 3197/3365/3082 3196/3366/3083 3179/3367/3084
f 3093/3368/3085 3110/3369/3086 3109/3370/3087 3092/3371/3088
f 3186/3372/3089 3185/3373/3090 3168/3374/3091 3169/3375/3092
f 3176/3376/3093 3193/3377/3094 3192/3378/3095 3175/3379/3096
f 3194/3380/3097 3193/3377/3094 3176/3376/3093 3177/3381/3098
f 3187/3382/3099 3202/3383/3100 3201/3384/3101 3186/3372/3089
f 3106/3385/3102 3123/3386/3103 3122/3387/3104 3105/3388/3105
f 3081/3389/3106 3098/3390/3107 3097/3391/3108 3080/3392/3109
f 3091/3393/3110 3108/3394/3111 3107/3395/3112 3090/3396/3113
f 3111/3358/3075 3110/3369/3086 3093/3368/3085 3094/3359/3076
f 3256/3397/3114 3261/3398/3115 3260/3399/3116 3255/3400/3117
f 3107/3395/3112 3106/3385/3102 3089/3401/3118 3090/3396/3113
f 3206/3402/3119 3205/3403/3120 3195/3404/3121 3196/3366/3083
f 3108/3394/3111 3125/3405/3122 3124/3406/3123 3107/3395/3112
f 3109/3370/3087 3108/3394/3111 3091/3393/3110 3092/3371/3088
f 3209/3407/3124 3218/3408/3125 3217/3409/3126 3208/3410/3127
f 3198/3411/3128 3197/3365/3082 3180/3364/3081 3181/3412/3129
f 3101/3413/3130 3100/3414/3131 3083/3415/3132 3084/3416/3133
f 3098/3390/3107 3115/3417/3134 3114/3418/3135 3097/3391/3108
f 3172/3419/3136 3189/3420/3137 3188/3421/3138 3171/3422/3139
f 3100/3414/3131 3117/3423/3140 3116/3424/3141 3099/3425/3142
f 3116/3424/3141 3115/3417/3134 3098/3390/3107 3099/3425/3142
f 3112/3357/3074 3129/3426/3143 3128/3427/3144 3111/3358/3075
f 3239/3363/3080 3238/3362/3079 3229/3428/3145 3230/3429/3146
f 3124/3406/3123 3123/3386/3103 3106/3385/3102 3107/3395/3112
f 3085/3430/3147 3102/3431/3148 3101/3413/3130 3084/3416/3133
f 3123/3386/3103 3140/3432/3149 3139/3433/3150 3122/3387/3104
f 3115/3417/3134 3132/3434/3151 3131/3435/3152 3114/3418/3135
f 3216/3436/3153 3215/3437/3154 3206/3402/3119 3207/3438/3155
f 3127/3439/3156 3144/3440/3157 3143/3441/3158 3126/3442/3159
f 3145/3443/3160 3144/3440/3157 3127/3439/3156 3128/3427/3144
f 3129/3426/3143 3146/3444/3161 3145/3443/3160 3128/3427/3144
f 3147/3445/3162 3146/3444/3161 3129/3426/3143 3130/3446/3163
f 3141/3447/3164 3140/3432/3149 3123/3386/3103 3124/3406/3123
f 3211/3448/3165 3220/3449/3166 3219/3450/3167 3210/3451/3168
f 3212/3452/3169 3211/3448/3165 3202/3383/3100 3203/3453/3170
f 3119/3454/3171 3136/3455/3172 3135/3456/3173 3118/3457/3174
f 3153/3458/3175 3170/3459/3176 3169/3460/3092 3152/3461/3177
f 3151/3462/3178 3168/3463/3091 3167/3464/3179 3150/3465/3180
f 3134/3466/3181 3151/3462/3178 3150/3465/3180 3133/3467/3182
f 3142/3468/3183 3159/3469/3184 3158/3470/3185 3141/3447/3164
f 3150/3465/3180 3149/3471/3186 3132/3434/3151 3133/3467/3182
f 3164/3472/3187 3163/3473/3188 3146/3444/3161 3147/3445/3162
f 3146/3444/3161 3163/3473/3188 3162/3474/3189 3145/3443/3160
f 3132/3434/3151 3149/3471/3186 3148/3475/3190 3131/3435/3152
f 3158/3470/3185 3157/3476/3191 3140/3432/3149 3141/3447/3164
f 3160/3477/3192 3159/3469/3184 3142/3468/3183 3143/3441/3158
f 3140/3432/3149 3157/3476/3191 3156/3478/3193 3139/3433/3150
f 3156/3478/3193 3155/3479/3194 3138/3480/3195 3139/3433/3150
f 3152/3461/3177 3151/3462/3178 3134/3466/3181 3135/3456/3173
f 3154/3481/3196 3153/3458/3175 3136/3455/3172 3137/3482/3197
f 3144/3440/3157 3161/3483/3198 3160/3477/3192 3143/3441/3158
f 3136/3455/3172 3153/3458/3175 3152/3461/3177 3135/3456/3173
f 3138/3480/3195 3155/3479/3194 3154/3481/3196 3137/3482/3197
f 3175/3484/3096 3174/3485/3199 3157/3476/3191 3158/3470/3185
f 3159/3469/3184 3176/3486/3093 3175/3484/3096 3158/3470/3185
f 3177/3487/3098 3176/3486/3093 3159/3469/3184 3160/3477/3192
f 3161/3483/3198 3178/3488/3200 3177/3487/3098 3160/3477/3192
f 3163/3473/3188 3180/3489/3081 3179/3490/3084 3162/3474/3189
f 3232/3491/3201 3231/3492/3202 3222/3493/3203 3223/3494/3204
f 3228/3495/3205 3227/3496/3206 3218/3408/3125 3219/3450/3167
f 3167/3464/3179 3166/3497/3207 3149/3471/3186 3150/3465/3180
f 3121/3498/3208 3138/3480/3195 3137/3482/3197 3120/3499/3209
f 3135/3456/3173 3134/3466/3181 3117/3423/3140 3118/3457/3174
f 3169/3460/3092 3168/3463/3091 3151/3462/3178 3152/3461/3177
f 3139/3433/3150 3138/3480/3195 3121/3498/3208 3122/3387/3104
f 3118/3457/3174 3117/3423/3140 3100/3414/3131 3101/3413/3130
f 3188/3421/3138 3187/3382/3099 3170/3500/3176 3171/3422/3139
f 3178/3501/3200 3195/3404/3121 3194/3380/3097 3177/3381/3098
f 3104/3502/3210 3121/3498/3208 3120/3499/3209 3103/3503/3211
f 3102/3431/3148 3119/3454/3171 3118/3457/3174 3101/3413/3130
f 3126/3442/3159 3125/3405/3122 3108/3394/3111 3109/3370/3087
f 3128/3427/3144 3127/3439/3156 3110/3369/3086 3111/3358/3075
f 3170/3500/3176 3187/3382/3099 3186/3372/3089 3169/3375/3092
f 3184/3504/3212 3183/3505/3213 3166/3506/3207 3167/3507/3179
f 3225/3508/3214 3224/3509/3215 3215/3437/3154 3216/3436/3153
f 3089/3401/3118 3106/3385/3102 3105/3388/3105 3088/3510/3216
f 3184/3504/3212 3200/3511/3217 3183/3505/3213
f 3186/3372/3089 3201/3384/3101 3185/3373/3090
f 3188/3421/3138 3202/3383/3100 3187/3382/3099
f 3188/3421/3138 3189/3420/3137 3202/3383/3100
f 3204/3512/3218 3203/3453/3170 3191/3513/3219 3192/3378/3095
f 3190/3514/3220 3191/3513/3219 3203/3453/3170
f 3113/3515/3221 3112/3357/3074 3095/3356/3073 3096/3516/3222
f 3192/3378/3095 3193/3377/3094 3204/3512/3218
f 3185/3373/3090 3201/3384/3101 3200/3511/3217 3184/3504/3212
f 3194/3380/3097 3195/3404/3121 3205/3403/3120
f 3196/3366/3083 3197/3365/3082 3206/3402/3119
f 3083/3415/3132 3100/3414/3131 3099/3425/3142 3082/3517/3223
f 3255/3400/3117 3254/3518/3224 3249/3519/3225 3250/3520/3226
f 3237/3521/3227 3236/3522/3228 3227/3496/3206 3228/3495/3205
f 3206/3402/3119 3215/3437/3154 3214/3523/3229 3205/3403/3120
f 3137/3482/3197 3136/3455/3172 3119/3454/3171 3120/3499/3209
f 3133/3467/3182 3132/3434/3151 3115/3417/3134 3116/3424/3141
f 3143/3441/3158 3142/3468/3183 3125/3405/3122 3126/3442/3159
f 3213/3524/3230 3222/3493/3203 3221/3525/3231 3212/3452/3169
f 3215/3437/3154 3224/3509/3215 3223/3494/3204 3214/3523/3229
f 3174/3526/3199 3191/3513/3219 3190/3514/3220 3173/3527/3232
f 3204/3512/3218 3213/3524/3230 3212/3452/3169 3203/3453/3170
f 3221/3525/3231 3220/3449/3166 3211/3448/3165 3212/3452/3169
f 3257/3528/3233 3256/3397/3114 3251/3529/3234 3252/3530/3235
f 3173/3531/3232 3172/3532/3136 3155/3479/3194 3156/3478/3193
f 3234/3533/3236 3233/3534/3237 3224/3509/3215 3225/3508/3214
f 3200/3511/3217 3209/3407/3124 3208/3410/3127 3199/3535/3238
f 3149/3471/3186 3166/3497/3207 3165/3536/3239 3148/3475/3190
f 3214/3523/3229 3213/3524/3230 3204/3512/3218 3205/3403/3120
f 3229/3428/3145 3238/3362/3079 3237/3521/3227 3228/3495/3205
f 3250/3520/3226 3249/3519/3225 3245/3361/3078 3246/3360/3077
f 3233/3534/3237 3242/3537/3240 3241/3538/3241 3232/3491/3201
f 3235/3539/3242 3236/3522/3228 3244/3540/3243
f 3237/3521/3227 3238/3362/3079 3245/3361/3078
f 3242/3537/3240 3244/3541/3244 3247/3542/3245 3241/3538/3241
f 3245/3361/3078 3244/3540/3243 3236/3522/3228 3237/3521/3227
f 3241/3538/3241 3247/3542/3245 3240/3543/3246
f 3243/3544/3247 3244/3541/3244 3242/3537/3240
f 3247/3542/3245 3251/3529/3234 3250/3520/3226 3246/3360/3077
f 3252/3530/3235 3251/3529/3234 3247/3542/3245 3244/3541/3244
f 3259/3545/3248 3264/3546/3249 3263/3547/3250 3258/3548/3251
f 3251/3529/3234 3256/3397/3114 3255/3400/3117 3250/3520/3226
f 3219/3450/3167 3218/3408/3125 3209/3407/3124 3210/3451/3168
f 3245/3361/3078 3249/3519/3225 3248/3549/3252 3244/3540/3243
f 3223/3494/3204 3222/3493/3203 3213/3524/3230 3214/3523/3229
f 3231/3492/3202 3240/3543/3246 3239/3363/3080 3230/3429/3146
f 3254/3518/3224 3259/3545/3248 3258/3548/3251 3253/3550/3253
f 3261/3398/3115 3266/3551/3254 3265/3552/3255 3260/3399/3116
f 3267/3553/3256 3266/3551/3254 3261/3398/3115 3262/3554/3257
f 3120/3499/3209 3119/3454/3171 3102/3431/3148 3103/3503/3211
f 3190/3514/3220 3189/3420/3137 3172/3419/3136 3173/3527/3232
f 3268/3555/3258 3263/3547/3250 3269/3556/3259
f 3264/3546/3249 3269/3556/3259 3263/3547/3250
f 3264/3546/3249 3265/3552/3255 3269/3556/3259
f 3270/3557/3258 3269/3556/3259 3265/3552/3255
f 3270/3557/3258 3265/3552/3255 3271/3558/3260
f 3266/3551/3254 3271/3558/3260 3265/3552/3255
f 3266/3551/3254 3267/3553/3256 3271/3558/3260
f 3272/3559/3258 3271/3558/3260 3267/3553/3256
f 3203/3453/3170 3202/3383/3100 3189/3420/3137 3190/3514/3220
f 3122/3387/3104 3121/3498/3208 3104/3502/3210 3105/3388/3105
f 3130/3446/3163 3129/3426/3143 3112/3357/3074 3113/3515/3221
f 3105/3388/3105 3104/3502/3210 3087/3560/3261 3088/3510/3216
f 3103/3503/3211 3102/3431/3148 3085/3430/3147 3086/3561/3262
f 3168/3374/3091 3185/3373/3090 3184/3504/3212 3167/3507/3179
f 3192/3378/3095 3191/3513/3219 3174/3526/3199 3175/3379/3096
f 3243/3544/3247 3242/3537/3240 3233/3534/3237 3234/3533/3236
f 3087/3560/3261 3104/3502/3210 3103/3503/3211 3086/3561/3262
f 3099/3425/3142 3098/3390/3107 3081/3389/3106 3082/3517/3223
f 3205/3403/3120 3204/3512/3218 3193/3377/3094 3194/3380/3097
f 3196/3366/3083 3195/3404/3121 3178/3501/3200 3179/3367/3084
f 3207/3438/3155 3206/3402/3119 3197/3365/3082 3198/3411/3128
f 3183/3505/3213 3200/3511/3217 3199/3535/3238 3182/3562/3263
f 3202/3383/3100 3211/3448/3165 3210/3451/3168 3201/3384/3101
f 3227/3496/3206 3236/3522/3228 3235/3539/3242 3226/3563/3264
f 3181/3564/3129 3180/3489/3081 3163/3473/3188 3164/3472/3187
f 3171/3565/3139 3170/3459/3176 3153/3458/3175 3154/3481/3196
f 3241/3538/3241 3240/3543/3246 3231/3492/3202 3232/3491/3201
f 3260/3399/3116 3259/3545/3248 3254/3518/3224 3255/3400/3117
f 3125/3405/3122 3142/3468/3183 3141/3447/3164 3124/3406/3123
f 3222/3493/3203 3231/3492/3202 3230/3429/3146 3221/3525/3231
f 3230/3429/3146 3229/3428/3145 3220/3449/3166 3221/3525/3231
f 3224/3509/3215 3233/3534/3237 3232/3491/3201 3223/3494/3204
f 3218/3408/3125 3227/3496/3206 3226/3563/3264 3217/3409/3126
f 3265/3552/3255 3264/3546/3249 3259/3545/3248 3260/3399/3116
f 3220/3449/3166 3229/3428/3145 3228/3495/3205 3219/3450/3167
f 3157/3476/3191 3174/3485/3199 3173/3531/3232 3156/3478/3193
f 3179/3490/3084 3178/3488/3200 3161/3483/3198 3162/3474/3189
f 3262/3554/3257 3261/3398/3115 3256/3397/3114 3257/3528/3233
f 3117/3423/3140 3134/3466/3181 3133/3467/3182 3116/3424/3141
f 3240/3543/3246 3247/3542/3245 3246/3360/3077 3239/3363/3080
f 3166/3506/3207 3183/3505/3213 3182/3562/3263 3165/3566/3239
f 3210/3451/3168 3209/3407/3124 3200/3511/3217 3201/3384/3101
f 3249/3519/3225 3254/3518/3224 3253/3550/3253 3248/3549/3252
f 3155/3479/3194 3172/3532/3136 3171/3565/3139 3154/3481/3196
f 3110/3369/3086 3127/3439/3156 3126/3442/3159 3109/3370/3087
f 3162/3474/3189 3161/3483/3198 3144/3440/3157 3145/3443/3160
o Tree_0.088
v -29.506029 7.442117 7.474412
v -29.500645 7.354144 7.607860
v -29.537825 7.292344 7.739914
v -29.609959 7.269156 7.851915
v -29.705217 7.288374 7.927583
v -29.808865 7.347668 7.955781
v -29.905676 7.438475 7.932277
v -29.982136 7.545184 7.860113
v -30.027889 7.648998 7.748184
v -30.042633 7.741422 7.591657
v -30.017303 7.800650 7.435573
v -29.954210 7.820394 7.305767
v -29.862036 7.799304 7.223228
v -29.754471 7.741202 7.200969
v -29.648232 7.654328 7.241928
v -29.560413 7.550258 7.338644
v -29.506029 7.442117 7.474412
v -29.556038 7.348476 7.501852
v -29.549572 7.289937 7.608369
v -29.581945 7.255025 7.718984
v -29.647226 7.249500 7.816760
v -29.735250 7.272848 7.885332
v -29.832346 7.322452 7.913356
v -29.924154 7.392590 7.897536
v -29.998198 7.471177 7.842327
v -30.044739 7.545755 7.756714
v -30.059908 7.607895 7.648785
v -30.029596 7.643692 7.525887
v -29.972319 7.651072 7.429242
v -29.893633 7.628431 7.373948
v -29.782095 7.574079 7.331501
v -29.680576 7.502988 7.342433
v -29.602989 7.424128 7.409987
v -29.556038 7.348476 7.501852
v -29.599854 7.221853 7.557675
v -29.590895 7.186927 7.654477
v -29.620222 7.174345 7.745751
v -29.680801 7.182583 7.828912
v -29.765471 7.209239 7.891893
v -29.861275 7.251482 7.923084
v -29.955439 7.304748 7.920776
v -30.031385 7.363758 7.882713
v -30.078917 7.418225 7.806050
v -30.095516 7.458132 7.717707
v -30.078356 7.477363 7.632431
v -30.026880 7.472196 7.560571
v -29.963678 7.443260 7.538188
v -29.834208 7.394096 7.462551
v -29.726099 7.334085 7.450642
v -29.647703 7.273460 7.485967
v -29.599854 7.221853 7.557675
v -29.714172 6.958827 7.743785
v -29.702618 6.933720 7.842940
v -29.734056 6.927614 7.944653
v -29.803717 6.936478 8.048203
v -29.898085 6.965313 8.120006
v -30.004961 7.003802 8.162043
v -30.098772 7.051019 8.150385
v -30.177202 7.098427 8.105261
v -30.218607 7.139382 8.018871
v -30.231125 7.167375 7.924192
v -30.217356 7.175591 7.835102
v -30.174265 7.161325 7.763749
v -30.106781 7.128918 7.723675
v -29.976074 7.090130 7.662987
v -29.857943 7.042845 7.645015
v -29.765953 6.996509 7.674386
v -29.714172 6.958827 7.743785
v -30.003750 6.535638 8.116316
v -30.010921 6.495357 8.285005
v -30.072193 6.473427 8.466919
v -30.179550 6.479821 8.628811
v -30.313204 6.509407 8.743884
v -30.447773 6.556929 8.785848
v -30.564220 6.614841 8.756910
v -30.643585 6.675663 8.663556
v -30.676764 6.728151 8.524286
v -30.663614 6.763218 8.364415
v -30.608713 6.776473 8.208764
v -30.521620 6.767282 8.079392
v -30.407286 6.739738 7.987797
v -30.279125 6.696961 7.938669
v -30.154631 6.644578 7.937497
v -30.055651 6.588046 7.996212
v -30.003750 6.535638 8.116316
v -30.275309 6.035999 8.502351
v -30.260906 5.980922 8.675209
v -30.301111 5.949748 8.854552
v -30.389338 5.949978 9.010193
v -30.511410 5.982539 9.117373
v -30.648777 6.038454 9.156709
v -30.778486 6.108479 9.126793
v -30.881050 6.181460 9.034311
v -30.941822 6.246301 8.894873
v -30.952242 6.294215 8.729502
v -30.911243 6.318754 8.562364
v -30.826982 6.320487 8.416675
v -30.710363 6.295899 8.312783
v -30.577442 6.246652 8.265711
v -30.448248 6.179950 8.281957
v -30.341642 6.105837 8.364367
v -30.275309 6.035999 8.502351
v -30.281042 5.491054 8.720637
v -30.267229 5.430462 8.873043
v -30.298969 5.381641 9.030859
v -30.371744 5.356343 9.169766
v -30.474678 5.355470 9.268966
v -30.591932 5.377849 9.312707
v -30.705492 5.420225 9.294319
v -30.798304 5.475869 9.215855
v -30.855997 5.537090 9.091344
v -30.870401 5.595883 8.940156
v -30.837873 5.640937 8.785188
v -30.763615 5.665479 8.649854
v -30.661261 5.669721 8.551547
v -30.544470 5.650233 8.506810
v -30.431093 5.609623 8.522788
v -30.338562 5.553871 8.597650
v -30.281042 5.491054 8.720637
v -30.175127 4.889911 8.895215
v -30.185438 4.800531 9.128435
v -30.317026 4.769176 9.301223
v -30.493423 4.814304 9.313961
v -30.611729 4.909487 9.158711
v -30.601526 4.998892 8.926065
v -30.468279 5.030138 8.752942
v -30.291670 4.984985 8.739835
v -30.175127 4.889911 8.895215
v -29.879295 3.959321 9.013824
v -29.888174 3.867945 9.222581
v -30.012728 3.831791 9.376145
v -30.180725 3.872114 9.385618
v -30.294153 3.965292 9.244678
v -30.285854 4.056666 9.034814
v -30.160231 4.092710 8.879859
v -29.991653 4.052389 8.871493
v -29.879295 3.959321 9.013824
v -29.711628 3.392079 8.995035
v -29.718769 3.302197 9.169096
v -29.828667 3.264132 9.298679
v -29.977049 3.297442 9.309577
v -30.078419 3.385753 9.193539
v -30.072048 3.476490 9.017288
v -29.960526 3.513578 8.885221
v -29.810661 3.478280 8.876590
v -29.711628 3.392079 8.995035
v -29.564257 2.750123 8.816726
v -29.573858 2.674735 8.954497
v -29.666838 2.637382 9.060298
v -29.790365 2.658242 9.073227
v -29.872900 2.726293 8.983985
v -29.864212 2.803403 8.843528
v -29.768362 2.841310 8.735549
v -29.643705 2.818609 8.725337
v -29.564257 2.750123 8.816726
v -29.555016 2.459915 8.676023
v -29.562744 2.398593 8.786575
v -29.637659 2.367745 8.872747
v -29.737450 2.384184 8.884871
v -29.804264 2.439322 8.814169
v -29.797201 2.502181 8.701183
v -29.719622 2.533548 8.613482
v -29.619072 2.515479 8.603745
v -29.555016 2.459915 8.676023
v -29.626842 2.127074 8.510854
v -29.693150 2.055032 8.671865
v -29.829929 2.119815 8.627182
v -29.761372 2.193267 8.462876
v -29.735292 1.881647 8.434730
v -29.786314 1.833895 8.568747
v -29.897722 1.904977 8.539772
v -29.845573 1.954073 8.404495
v -29.735292 1.881647 8.434730
v -29.946758 1.400559 8.402702
v -29.987345 1.370491 8.520800
v -30.084850 1.449099 8.501491
v -30.043726 1.479116 8.382826
v -29.946758 1.400559 8.402702
v -30.143187 1.053250 8.493751
v -30.168253 1.043097 8.583853
v -30.244482 1.104473 8.568933
v -30.219416 1.114626 8.478829
v -30.143187 1.053250 8.493751
v -30.417860 0.485827 8.804747
v -30.434433 0.485358 8.874259
v -30.497881 0.532351 8.863482
v -30.481308 0.532822 8.793970
v -30.417860 0.485827 8.804747
v -30.627960 -0.021028 9.222172
v -30.627960 -0.021028 9.222172
v -30.627960 -0.021028 9.222172
v -30.627960 -0.021028 9.222172
v -30.627960 -0.021028 9.222172
vn 0.4188 -0.5617 -0.7135
vn 0.4175 -0.5211 -0.7444
vn 0.0315 -0.5080 -0.8608
vn 0.0619 -0.5714 -0.8183
vn -0.9823 -0.0744 -0.1718
vn -0.0059 -0.5650 0.8250
vn -0.5734 -0.5410 0.6153
vn -0.9744 -0.1448 0.1718
vn 0.2551 -0.7278 -0.6366
vn 0.7850 -0.1063 -0.6103
vn 0.3083 -0.2753 -0.9106
vn -0.0501 -0.6177 -0.7848
vn -0.2861 -0.5714 -0.7692
vn -0.3307 -0.4810 -0.8119
vn -0.4803 -0.4254 -0.7670
vn -0.4768 -0.5063 -0.7186
vn 0.5018 0.1882 0.8443
vn 0.7561 0.2100 0.6199
vn 0.7429 0.0458 0.6679
vn 0.4927 0.2725 0.8264
vn -0.7487 -0.0596 -0.6602
vn -0.6984 -0.3677 -0.6141
vn -0.8339 -0.3425 -0.4328
vn -0.8948 0.2204 -0.3883
vn -0.4972 -0.3574 -0.7906
vn -0.5405 -0.2839 -0.7920
vn 0.0851 0.0784 0.9933
vn -0.6057 -0.1488 0.7817
vn 0.3211 0.1734 0.9310
vn -0.9838 0.1748 -0.0399
vn -0.9306 0.3662 -0.0016
vn -0.7343 0.5445 0.4054
vn -0.8582 0.3483 0.3771
vn 0.7285 -0.6475 -0.2237
vn 0.8807 -0.4725 -0.0343
vn 0.8254 -0.4522 -0.3381
vn 0.7253 -0.5461 -0.4192
vn -0.6994 -0.3939 -0.5964
vn -0.6810 -0.3052 -0.6656
vn -0.8736 -0.0794 -0.4801
vn -0.8765 -0.2007 -0.4376
vn -0.3017 -0.0281 -0.9530
vn -0.4113 -0.2284 -0.8824
vn -0.8962 0.4344 0.0906
vn -0.8875 0.4526 0.0864
vn -0.9963 0.0599 -0.0624
vn 0.5592 -0.0237 -0.8287
vn -0.3241 -0.2558 -0.9108
vn -0.1838 -0.3609 -0.9143
vn -0.6456 -0.2086 -0.7346
vn -0.8728 0.0524 -0.4853
vn 0.8208 0.2417 0.5175
vn 0.8518 0.0992 0.5143
vn 0.9690 0.2322 0.0848
vn 0.9513 0.2926 0.0969
vn 0.9917 0.0772 -0.1030
vn 0.8627 -0.4778 -0.1654
vn 0.2878 -0.1740 0.9417
vn 0.5885 -0.4433 0.6761
vn 0.1395 -0.9706 0.1962
vn -0.2239 -0.8484 0.4797
vn 0.9272 -0.3656 0.0821
vn 0.8117 -0.4963 -0.3080
vn -0.4591 0.6342 0.6221
vn -0.8600 -0.2468 0.4466
vn -0.4862 -0.0539 0.8722
vn -0.1389 0.5622 0.8152
vn 0.6976 0.0753 0.7125
vn 0.8605 -0.0562 0.5064
vn 0.8199 -0.3594 0.4457
vn 0.2943 -0.5761 -0.7626
vn -0.0674 -0.5134 -0.8555
vn -0.6371 -0.5223 0.5668
vn -0.9746 -0.2231 -0.0208
vn -0.5472 -0.6255 0.5561
vn -0.0775 -0.0854 0.9933
vn -0.7998 0.6000 -0.0160
vn -0.5631 0.7649 0.3128
vn 0.9054 -0.4057 0.1248
vn 0.7390 -0.6157 -0.2734
vn 0.9406 0.2944 0.1692
vn 0.6340 0.1656 -0.7554
vn 0.9351 0.3021 0.1853
vn -0.3788 -0.4131 -0.8282
vn -0.3275 -0.3545 -0.8758
vn -0.4471 -0.2624 -0.8551
vn -0.4712 -0.3268 -0.8193
vn -0.0413 -0.5176 -0.8546
vn 0.2730 -0.6425 -0.7160
vn 0.7369 -0.6084 -0.2947
vn 0.7757 -0.5162 -0.3631
vn -0.8415 0.2517 -0.4780
vn -0.6349 -0.2548 0.7294
vn -0.6435 -0.3919 0.6575
vn 0.2450 -0.2003 0.9486
vn 0.2890 0.0327 0.9568
vn -0.9436 -0.3212 -0.0805
vn -0.9400 -0.3282 -0.0936
vn 0.2819 0.4173 0.8640
vn 0.3100 0.5900 0.7455
vn 0.5066 0.4597 0.7294
vn 0.4745 0.2966 0.8288
vn 0.2469 0.5933 0.7662
vn 0.1899 0.4381 0.8786
vn 0.4746 0.4282 0.7690
vn 0.7097 0.2294 0.6661
vn 0.8674 -0.1944 0.4581
vn 0.8559 -0.0935 0.5086
vn 0.7127 0.2437 0.6578
vn 0.8520 -0.0701 0.5188
vn -0.6622 -0.0838 -0.7446
vn -0.6966 0.0228 -0.7171
vn -0.8407 0.2523 -0.4791
vn 0.9039 -0.4052 0.1373
vn 0.7417 -0.6325 -0.2233
vn 0.2974 -0.6974 -0.6521
vn -0.0134 -0.5891 -0.8079
vn 0.7273 -0.6460 -0.2317
vn -0.8209 0.5625 -0.0987
vn -0.4566 -0.2248 -0.8608
vn -0.6761 0.7052 0.2133
vn -0.3442 0.7672 0.5412
vn -0.1785 0.7922 0.5836
vn -0.0842 0.6960 0.7131
vn 0.0861 0.7266 0.6816
vn -0.2711 -0.3902 -0.8799
vn -0.8987 0.4262 -0.1034
vn -0.2986 -0.4657 -0.8330
vn -0.2227 0.3060 -0.9256
vn -0.8659 -0.0333 -0.4992
vn -0.8373 -0.1835 -0.5150
vn -0.2625 0.0624 -0.9629
vn 0.1827 -0.5024 0.8451
vn 0.8783 -0.1130 0.4646
vn 0.8517 -0.5177 0.0815
vn -0.3197 0.5960 0.7366
vn 0.0245 0.5563 0.8306
vn -0.6339 0.2958 0.7146
vn -0.2940 0.2263 0.9286
vn 0.8898 0.2025 0.4090
vn 0.9777 0.1609 0.1347
vn 0.9651 0.2259 0.1322
vn 0.6576 0.2872 -0.6965
vn -0.9426 0.1818 0.2802
vn 0.8183 0.2943 0.4937
vn -0.8022 -0.3363 -0.4934
vn -0.9152 -0.3434 -0.2109
vn -0.9586 -0.2752 0.0734
vn 0.7980 -0.4702 -0.3769
vn 0.6797 -0.5807 -0.4480
vn 0.5068 -0.8572 0.0915
vn 0.2689 -0.0192 0.9630
vn -0.0082 -0.4760 0.8794
vn -0.9084 0.4137 0.0603
vn 0.3077 -0.5841 0.7511
vn 0.8851 -0.3520 0.3044
vn -0.3007 -0.1446 -0.9427
vn -0.8047 -0.2985 -0.5132
vn -0.9499 -0.3040 -0.0720
vn -0.7219 0.6066 0.3329
vn 0.8767 -0.4781 0.0530
vn -0.1650 0.2891 -0.9430
vn 0.9088 -0.4170 -0.0170
vn 0.9957 0.0810 0.0452
vn 0.6484 0.3250 -0.6885
vn 0.9552 0.2763 0.1063
vn 0.8336 -0.5151 -0.1994
vn 0.4575 0.2618 -0.8498
vn -0.3748 0.3528 -0.8574
vn 0.9885 -0.0446 -0.1442
vn 0.9018 -0.4251 0.0773
vn 0.9212 -0.3875 0.0351
vn -0.2001 0.2843 -0.9376
vn -0.9150 0.1579 -0.3713
vn 0.9921 -0.0352 -0.1202
vn 0.3976 0.1994 0.8956
vn 0.4649 0.3400 0.8175
vn 0.9453 -0.3050 0.1159
vn 0.9077 -0.4160 0.0551
vn 0.8911 -0.4528 0.0303
vn 0.8766 -0.4803 0.0314
vn -0.4929 -0.4034 -0.7709
vn -0.9784 0.2015 -0.0470
vn 0.9454 -0.3046 0.1161
vn 0.9080 -0.4150 0.0572
vn -0.8119 0.3537 0.4645
vn -0.7729 0.3714 0.5144
vn -0.8504 0.3263 0.4127
vn -0.8455 0.0493 0.5317
vn -0.6902 -0.1790 0.7012
vn 0.9819 0.0320 -0.1866
vn 0.9962 0.0849 0.0208
vt 0.209503 0.700367
vt 0.214752 0.687049
vt 0.223509 0.690896
vt 0.219855 0.706306
vt 0.133227 0.834738
vt 0.126366 0.833432
vt 0.135670 0.796013
vt 0.139805 0.796686
vt 0.205567 0.626722
vt 0.193023 0.651458
vt 0.189141 0.649782
vt 0.201071 0.623597
vt 0.229163 0.710603
vt 0.232211 0.693750
vt 0.240860 0.695435
vt 0.237807 0.712963
vt 0.148967 0.640746
vt 0.144810 0.640517
vt 0.144207 0.610171
vt 0.149614 0.608730
vt 0.187449 0.613950
vt 0.177253 0.645977
vt 0.173258 0.644984
vt 0.182528 0.611254
vt 0.181236 0.647072
vt 0.192120 0.617034
vt 0.153077 0.641181
vt 0.154247 0.667775
vt 0.147950 0.666971
vt 0.268529 0.694402
vt 0.269414 0.678030
vt 0.277916 0.678160
vt 0.278300 0.692948
vt 0.343334 0.695480
vt 0.340660 0.684731
vt 0.349539 0.682328
vt 0.354617 0.693855
vt 0.246799 0.713009
vt 0.249684 0.695990
vt 0.258909 0.695514
vt 0.256857 0.711376
vt 0.123378 0.898270
vt 0.115235 0.922763
vt 0.111375 0.921780
vt 0.118411 0.897118
vt 0.268150 0.708787
vt 0.179061 0.673346
vt 0.172984 0.671680
vt 0.185202 0.648330
vt 0.252488 0.677371
vt 0.260933 0.677789
vt 0.136838 0.704776
vt 0.134255 0.730652
vt 0.129088 0.730163
vt 0.131072 0.704269
vt 0.196840 0.653401
vt 0.210175 0.629578
vt 0.313900 0.687453
vt 0.322760 0.686785
vt 0.323309 0.694991
vt 0.315071 0.695485
vt 0.337060 0.672373
vt 0.344785 0.669927
vt 0.166323 0.606932
vt 0.161206 0.642459
vt 0.157156 0.641761
vt 0.160698 0.606931
vt 0.320713 0.676194
vt 0.328988 0.674541
vt 0.331713 0.686012
vt 0.219577 0.672010
vt 0.227637 0.673922
vt 0.139137 0.770406
vt 0.143825 0.771217
vt 0.307118 0.696263
vt 0.305088 0.688407
vt 0.270527 0.645685
vt 0.278150 0.645772
vt 0.331083 0.641622
vt 0.338704 0.640530
vt 0.176343 0.711986
vt 0.170697 0.710789
vt 0.185042 0.675210
vt 0.235813 0.675480
vt 0.240303 0.643756
vt 0.247815 0.644493
vt 0.244110 0.676635
vt 0.232809 0.642883
vt 0.225318 0.641919
vt 0.217810 0.640917
vt 0.211578 0.669773
vt 0.262927 0.645467
vt 0.148220 0.706270
vt 0.144574 0.732103
vt 0.139415 0.731311
vt 0.142554 0.705421
vt 0.153851 0.707300
vt 0.160543 0.668865
vt 0.303653 0.677929
vt 0.300984 0.644998
vt 0.308549 0.644385
vt 0.312244 0.677297
vt 0.299033 0.596073
vt 0.298138 0.555572
vt 0.305094 0.555596
vt 0.306154 0.595769
vt 0.313297 0.595424
vt 0.312016 0.555606
vt 0.318895 0.555598
vt 0.320470 0.595057
vt 0.316083 0.643599
vt 0.323589 0.642663
vt 0.255356 0.645068
vt 0.256469 0.596374
vt 0.263570 0.596527
vt 0.327692 0.594708
vt 0.220576 0.595598
vt 0.227838 0.595676
vt 0.235047 0.595817
vt 0.334921 0.594355
vt 0.270660 0.596633
vt 0.249353 0.596190
vt 0.277744 0.596599
vt 0.284832 0.596496
vt 0.285775 0.645688
vt 0.291927 0.596319
vt 0.293390 0.645432
vt 0.242215 0.595996
vt 0.263048 0.555628
vt 0.270092 0.555490
vt 0.256009 0.555786
vt 0.248987 0.555973
vt 0.241996 0.556193
vt 0.228184 0.556736
vt 0.235054 0.556447
vt 0.153228 0.772759
vt 0.148517 0.772005
vt 0.154868 0.733831
vt 0.160012 0.734706
vt 0.134436 0.769639
vt 0.129707 0.768999
vt 0.325697 0.555506
vt 0.286450 0.678254
vt 0.295034 0.678201
vt 0.155111 0.607584
vt 0.196623 0.620313
vt 0.287396 0.691296
vt 0.296283 0.689683
vt 0.140615 0.640520
vt 0.136394 0.640786
vt 0.133543 0.613077
vt 0.138863 0.611687
vt 0.170256 0.736570
vt 0.165155 0.735604
vt 0.280038 0.705577
vt 0.141673 0.666485
vt 0.166801 0.670183
vt 0.169256 0.644079
vt 0.165241 0.643218
vt 0.206290 0.682218
vt 0.199178 0.692583
vt 0.332622 0.695229
vt 0.113461 0.895907
vt 0.122221 0.858701
vt 0.127957 0.859948
vt 0.131525 0.795361
vt 0.127388 0.794762
vt 0.165068 0.709610
vt 0.159459 0.708437
vt 0.149722 0.732957
vt 0.177331 0.609119
vt 0.171896 0.607677
vt 0.128227 0.899884
vt 0.133703 0.861123
vt 0.139336 0.862722
vt 0.277128 0.555501
vt 0.284151 0.555519
vt 0.162638 0.774432
vt 0.157941 0.773541
vt 0.135435 0.666325
vt 0.332429 0.555400
vt 0.152205 0.798748
vt 0.148099 0.797999
vt 0.123226 0.794319
vt 0.119455 0.832282
vt 0.146930 0.837426
vt 0.140115 0.835887
vt 0.143957 0.797321
vt 0.156280 0.799677
vt 0.107464 0.920894
vt 0.098503 0.958228
vt 0.095341 0.957529
vt 0.103622 0.919867
vt 0.116520 0.857378
vt 0.108553 0.894531
vt 0.104842 0.959470
vt 0.101695 0.958758
vt 0.107891 0.960563
vt 0.119001 0.924121
vt 0.091909 0.989713
vt 0.093028 0.989562
vt 0.093676 0.989952
vt 0.095867 0.990424
vt 0.096918 0.990805
vt 0.289720 0.701652
vt 0.298781 0.698391
vt 0.132152 0.641331
vt 0.124952 0.768541
vt 0.221406 0.557055
vt 0.291155 0.555544
vt 0.128225 0.614191
s 1
usemtl Trunk
f 3288/3567/3265 3305/3568/3266 3304/3569/3267 3287/3570/3268
f 3439/3571/3269 3438/3572/3270 3431/3573/3271 3432/3574/3272
f 3373/3575/3273 3390/3576/3274 3389/3577/3275 3372/3578/3276
f 3286/3579/3277 3303/3580/3278 3302/3581/3279 3285/3582/3280
f 3379/3583/3281 3378/3584/3282 3361/3585/3283 3362/3586/3284
f 3369/3587/3285 3386/3588/3286 3385/3589/3287 3368/3590/3288
f 3387/3591/3289 3386/3588/3286 3369/3587/3285 3370/3592/3290
f 3380/3593/3291 3395/3594/3292 3394/3595/3293 3379/3583/3281
f 3299/3596/3294 3316/3597/3295 3315/3598/3296 3298/3599/3297
f 3274/3600/3298 3291/3601/3299 3290/3602/3300 3273/3603/3301
f 3284/3604/3302 3301/3605/3303 3300/3606/3304 3283/3607/3305
f 3304/3569/3267 3303/3580/3278 3286/3579/3277 3287/3570/3268
f 3449/3608/3306 3454/3609/3307 3453/3610/3308 3448/3611/3309
f 3300/3606/3304 3299/3596/3294 3282/3612/3310 3283/3607/3305
f 3399/3613/3311 3398/3614/3312 3388/3615/3313 3389/3577/3275
f 3301/3605/3303 3318/3616/3314 3317/3617/3315 3300/3606/3304
f 3302/3581/3279 3301/3605/3303 3284/3604/3302 3285/3582/3280
f 3402/3618/3316 3411/3619/3317 3410/3620/3318 3401/3621/3319
f 3391/3622/3320 3390/3576/3274 3373/3575/3273 3374/3623/3321
f 3294/3624/3322 3293/3625/3323 3276/3626/3324 3277/3627/3325
f 3291/3601/3299 3308/3628/3326 3307/3629/3327 3290/3602/3300
f 3365/3630/3328 3382/3631/3329 3381/3632/3330 3364/3633/3331
f 3293/3625/3323 3310/3634/3332 3309/3635/3333 3292/3636/3334
f 3309/3635/3333 3308/3628/3326 3291/3601/3299 3292/3636/3334
f 3305/3568/3266 3322/3637/3335 3321/3638/3336 3304/3569/3267
f 3432/3574/3272 3431/3573/3271 3422/3639/3337 3423/3640/3338
f 3317/3617/3315 3316/3597/3295 3299/3596/3294 3300/3606/3304
f 3278/3641/3339 3295/3642/3340 3294/3624/3322 3277/3627/3325
f 3316/3597/3295 3333/3643/3341 3332/3644/3342 3315/3598/3296
f 3308/3628/3326 3325/3645/3343 3324/3646/3344 3307/3629/3327
f 3409/3647/3345 3408/3648/3346 3399/3613/3311 3400/3649/3347
f 3320/3650/3348 3337/3651/3349 3336/3652/3350 3319/3653/3351
f 3338/3654/3352 3337/3651/3349 3320/3650/3348 3321/3638/3336
f 3322/3637/3335 3339/3655/3353 3338/3654/3352 3321/3638/3336
f 3340/3656/3354 3339/3655/3353 3322/3637/3335 3323/3657/3355
f 3334/3658/3356 3333/3643/3341 3316/3597/3295 3317/3617/3315
f 3404/3659/3357 3413/3660/3358 3412/3661/3359 3403/3662/3360
f 3405/3663/3361 3404/3659/3357 3395/3594/3292 3396/3664/3362
f 3312/3665/3363 3329/3666/3364 3328/3667/3365 3311/3668/3366
f 3346/3669/3367 3363/3670/3368 3362/3671/3284 3345/3672/3369
f 3344/3673/3370 3361/3674/3283 3360/3675/3371 3343/3676/3372
f 3327/3677/3373 3344/3673/3370 3343/3676/3372 3326/3678/3374
f 3335/3679/3375 3352/3680/3376 3351/3681/3377 3334/3658/3356
f 3343/3676/3372 3342/3682/3378 3325/3645/3343 3326/3678/3374
f 3357/3683/3379 3356/3684/3380 3339/3655/3353 3340/3656/3354
f 3339/3655/3353 3356/3684/3380 3355/3685/3381 3338/3654/3352
f 3325/3645/3343 3342/3682/3378 3341/3686/3382 3324/3646/3344
f 3351/3681/3377 3350/3687/3383 3333/3643/3341 3334/3658/3356
f 3353/3688/3384 3352/3680/3376 3335/3679/3375 3336/3652/3350
f 3333/3643/3341 3350/3687/3383 3349/3689/3385 3332/3644/3342
f 3349/3689/3385 3348/3690/3386 3331/3691/3387 3332/3644/3342
f 3345/3672/3369 3344/3673/3370 3327/3677/3373 3328/3667/3365
f 3347/3692/3388 3346/3669/3367 3329/3666/3364 3330/3693/3389
f 3337/3651/3349 3354/3694/3390 3353/3688/3384 3336/3652/3350
f 3329/3666/3364 3346/3669/3367 3345/3672/3369 3328/3667/3365
f 3331/3691/3387 3348/3690/3386 3347/3692/3388 3330/3693/3389
f 3368/3695/3288 3367/3696/3391 3350/3687/3383 3351/3681/3377
f 3352/3680/3376 3369/3697/3285 3368/3695/3288 3351/3681/3377
f 3370/3698/3290 3369/3697/3285 3352/3680/3376 3353/3688/3384
f 3354/3694/3390 3371/3699/3392 3370/3698/3290 3353/3688/3384
f 3356/3684/3380 3373/3700/3273 3372/3701/3276 3355/3685/3381
f 3425/3702/3393 3424/3703/3394 3415/3704/3395 3416/3705/3396
f 3421/3706/3397 3420/3707/3398 3411/3619/3317 3412/3661/3359
f 3360/3675/3371 3359/3708/3399 3342/3682/3378 3343/3676/3372
f 3314/3709/3400 3331/3691/3387 3330/3693/3389 3313/3710/3401
f 3328/3667/3365 3327/3677/3373 3310/3634/3332 3311/3668/3366
f 3362/3671/3284 3361/3674/3283 3344/3673/3370 3345/3672/3369
f 3332/3644/3342 3331/3691/3387 3314/3709/3400 3315/3598/3296
f 3311/3668/3366 3310/3634/3332 3293/3625/3323 3294/3624/3322
f 3381/3632/3330 3380/3593/3291 3363/3711/3368 3364/3633/3331
f 3371/3712/3392 3388/3615/3313 3387/3591/3289 3370/3592/3290
f 3297/3713/3402 3314/3709/3400 3313/3710/3401 3296/3714/3403
f 3295/3642/3340 3312/3665/3363 3311/3668/3366 3294/3624/3322
f 3319/3653/3351 3318/3616/3314 3301/3605/3303 3302/3581/3279
f 3321/3638/3336 3320/3650/3348 3303/3580/3278 3304/3569/3267
f 3363/3711/3368 3380/3593/3291 3379/3583/3281 3362/3586/3284
f 3377/3715/3404 3376/3716/3405 3359/3717/3399 3360/3718/3371
f 3418/3719/3406 3417/3720/3407 3408/3648/3346 3409/3647/3345
f 3282/3612/3310 3299/3596/3294 3298/3599/3297 3281/3721/3408
f 3377/3715/3404 3393/3722/3409 3376/3716/3405
f 3379/3583/3281 3394/3595/3293 3378/3584/3282
f 3381/3632/3330 3395/3594/3292 3380/3593/3291
f 3381/3632/3330 3382/3631/3329 3395/3594/3292
f 3397/3723/3410 3396/3664/3362 3384/3724/3411 3385/3589/3287
f 3383/3725/3412 3384/3724/3411 3396/3664/3362
f 3306/3726/3413 3305/3568/3266 3288/3567/3265 3289/3727/3414
f 3385/3589/3287 3386/3588/3286 3397/3723/3410
f 3378/3584/3282 3394/3595/3293 3393/3722/3409 3377/3715/3404
f 3387/3591/3289 3388/3615/3313 3398/3614/3312
f 3389/3577/3275 3390/3576/3274 3399/3613/3311
f 3276/3626/3324 3293/3625/3323 3292/3636/3334 3275/3728/3415
f 3448/3611/3309 3447/3729/3416 3442/3730/3417 3443/3731/3418
f 3430/3732/3419 3429/3733/3420 3420/3707/3398 3421/3706/3397
f 3399/3613/3311 3408/3648/3346 3407/3734/3421 3398/3614/3312
f 3330/3693/3389 3329/3666/3364 3312/3665/3363 3313/3710/3401
f 3326/3678/3374 3325/3645/3343 3308/3628/3326 3309/3635/3333
f 3336/3652/3350 3335/3679/3375 3318/3616/3314 3319/3653/3351
f 3406/3735/3422 3415/3704/3395 3414/3736/3423 3405/3663/3361
f 3408/3648/3346 3417/3720/3407 3416/3705/3396 3407/3734/3421
f 3367/3737/3391 3384/3724/3411 3383/3725/3412 3366/3738/3424
f 3397/3723/3410 3406/3735/3422 3405/3663/3361 3396/3664/3362
f 3414/3736/3423 3413/3660/3358 3404/3659/3357 3405/3663/3361
f 3450/3739/3425 3449/3608/3306 3444/3740/3426 3445/3741/3427
f 3366/3742/3424 3365/3743/3328 3348/3690/3386 3349/3689/3385
f 3427/3744/3428 3426/3745/3429 3417/3720/3407 3418/3719/3406
f 3393/3722/3409 3402/3618/3316 3401/3621/3319 3392/3746/3430
f 3342/3682/3378 3359/3708/3399 3358/3747/3431 3341/3686/3382
f 3407/3734/3421 3406/3735/3422 3397/3723/3410 3398/3614/3312
f 3422/3639/3337 3431/3573/3271 3430/3732/3419 3421/3706/3397
f 3443/3731/3418 3442/3730/3417 3438/3572/3270 3439/3571/3269
f 3426/3745/3429 3435/3748/3432 3434/3749/3433 3425/3702/3393
f 3428/3750/3434 3429/3733/3420 3437/3751/3435
f 3430/3732/3419 3431/3573/3271 3438/3572/3270
f 3435/3748/3432 3437/3752/3436 3440/3753/3437 3434/3749/3433
f 3438/3572/3270 3437/3751/3435 3429/3733/3420 3430/3732/3419
f 3434/3749/3433 3440/3753/3437 3433/3754/3438
f 3436/3755/3439 3437/3752/3436 3435/3748/3432
f 3440/3753/3437 3444/3740/3426 3443/3731/3418 3439/3571/3269
f 3445/3741/3427 3444/3740/3426 3440/3753/3437 3437/3752/3436
f 3452/3756/3440 3457/3757/3441 3456/3758/3442 3451/3759/3443
f 3444/3740/3426 3449/3608/3306 3448/3611/3309 3443/3731/3418
f 3412/3661/3359 3411/3619/3317 3402/3618/3316 3403/3662/3360
f 3438/3572/3270 3442/3730/3417 3441/3760/3444 3437/3751/3435
f 3416/3705/3396 3415/3704/3395 3406/3735/3422 3407/3734/3421
f 3424/3703/3394 3433/3754/3438 3432/3574/3272 3423/3640/3338
f 3447/3729/3416 3452/3756/3440 3451/3759/3443 3446/3761/3445
f 3454/3609/3307 3459/3762/3446 3458/3763/3447 3453/3610/3308
f 3460/3764/3448 3459/3762/3446 3454/3609/3307 3455/3765/3449
f 3313/3710/3401 3312/3665/3363 3295/3642/3340 3296/3714/3403
f 3383/3725/3412 3382/3631/3329 3365/3630/3328 3366/3738/3424
f 3461/3766/3450 3456/3758/3442 3462/3767/3451
f 3457/3757/3441 3462/3767/3451 3456/3758/3442
f 3457/3757/3441 3458/3763/3447 3462/3767/3451
f 3463/3768/3450 3462/3767/3451 3458/3763/3447
f 3463/3768/3450 3458/3763/3447 3464/3769/3452
f 3459/3762/3446 3464/3769/3452 3458/3763/3447
f 3459/3762/3446 3460/3764/3448 3464/3769/3452
f 3465/3770/3450 3464/3769/3452 3460/3764/3448
f 3396/3664/3362 3395/3594/3292 3382/3631/3329 3383/3725/3412
f 3315/3598/3296 3314/3709/3400 3297/3713/3402 3298/3599/3297
f 3323/3657/3355 3322/3637/3335 3305/3568/3266 3306/3726/3413
f 3298/3599/3297 3297/3713/3402 3280/3771/3453 3281/3721/3408
f 3296/3714/3403 3295/3642/3340 3278/3641/3339 3279/3772/3454
f 3361/3585/3283 3378/3584/3282 3377/3715/3404 3360/3718/3371
f 3385/3589/3287 3384/3724/3411 3367/3737/3391 3368/3590/3288
f 3436/3755/3439 3435/3748/3432 3426/3745/3429 3427/3744/3428
f 3280/3771/3453 3297/3713/3402 3296/3714/3403 3279/3772/3454
f 3292/3636/3334 3291/3601/3299 3274/3600/3298 3275/3728/3415
f 3398/3614/3312 3397/3723/3410 3386/3588/3286 3387/3591/3289
f 3389/3577/3275 3388/3615/3313 3371/3712/3392 3372/3578/3276
f 3400/3649/3347 3399/3613/3311 3390/3576/3274 3391/3622/3320
f 3376/3716/3405 3393/3722/3409 3392/3746/3430 3375/3773/3455
f 3395/3594/3292 3404/3659/3357 3403/3662/3360 3394/3595/3293
f 3420/3707/3398 3429/3733/3420 3428/3750/3434 3419/3774/3456
f 3374/3775/3321 3373/3700/3273 3356/3684/3380 3357/3683/3379
f 3364/3776/3331 3363/3670/3368 3346/3669/3367 3347/3692/3388
f 3434/3749/3433 3433/3754/3438 3424/3703/3394 3425/3702/3393
f 3453/3610/3308 3452/3756/3440 3447/3729/3416 3448/3611/3309
f 3318/3616/3314 3335/3679/3375 3334/3658/3356 3317/3617/3315
f 3415/3704/3395 3424/3703/3394 3423/3640/3338 3414/3736/3423
f 3423/3640/3338 3422/3639/3337 3413/3660/3358 3414/3736/3423
f 3417/3720/3407 3426/3745/3429 3425/3702/3393 3416/3705/3396
f 3411/3619/3317 3420/3707/3398 3419/3774/3456 3410/3620/3318
f 3458/3763/3447 3457/3757/3441 3452/3756/3440 3453/3610/3308
f 3413/3660/3358 3422/3639/3337 3421/3706/3397 3412/3661/3359
f 3350/3687/3383 3367/3696/3391 3366/3742/3424 3349/3689/3385
f 3372/3701/3276 3371/3699/3392 3354/3694/3390 3355/3685/3381
f 3455/3765/3449 3454/3609/3307 3449/3608/3306 3450/3739/3425
f 3310/3634/3332 3327/3677/3373 3326/3678/3374 3309/3635/3333
f 3433/3754/3438 3440/3753/3437 3439/3571/3269 3432/3574/3272
f 3359/3717/3399 3376/3716/3405 3375/3773/3455 3358/3777/3431
f 3403/3662/3360 3402/3618/3316 3393/3722/3409 3394/3595/3293
f 3442/3730/3417 3447/3729/3416 3446/3761/3445 3441/3760/3444
f 3348/3690/3386 3365/3743/3328 3364/3776/3331 3347/3692/3388
f 3303/3580/3278 3320/3650/3348 3319/3653/3351 3302/3581/3279
f 3355/3685/3381 3354/3694/3390 3337/3651/3349 3338/3654/3352
o Tree_1.107
v -23.162792 15.628448 6.059662
v -25.152685 15.976779 7.316793
v -24.772230 13.938460 8.483795
v -22.782337 13.590128 7.226664
v -25.152685 15.976779 7.316793
v -23.162792 15.628448 6.059662
v -24.772230 13.938460 8.483795
v -22.782337 13.590128 7.226664
v -24.202187 13.140966 6.905029
v -22.954403 14.317956 8.554003
v -23.334856 16.356274 7.387001
v -24.582642 15.179286 5.738029
v -22.954403 14.317956 8.554003
v -24.202187 13.140966 6.905029
v -23.334856 16.356274 7.387001
v -24.582642 15.179286 5.738029
v -21.403147 15.117426 6.608452
v -21.624477 14.388314 8.862514
v -20.059828 12.643457 8.451749
v -19.838497 13.372568 6.197687
v -21.624477 14.388314 8.862514
v -21.403147 15.117426 6.608452
v -20.059828 12.643457 8.451749
v -19.838497 13.372568 6.197687
v -20.816448 12.358903 6.778429
v -19.037609 13.802944 7.420194
v -20.602261 15.547802 7.830960
v -22.381098 14.103761 7.189194
v -19.037609 13.802944 7.420194
v -20.816448 12.358903 6.778429
v -20.602261 15.547802 7.830960
v -22.381098 14.103761 7.189194
v -22.441818 14.992571 7.056017
v -24.323967 15.873648 8.214722
v -24.947540 13.674208 8.874269
v -23.065390 12.793129 7.715564
v -24.323967 15.873648 8.214722
v -22.441818 14.992571 7.056017
v -24.947540 13.674208 8.874269
v -23.065390 12.793129 7.715564
v -24.475906 13.036533 7.193680
v -23.160593 13.254588 9.164412
v -22.537020 15.454029 8.504865
v -23.852335 15.235975 6.534132
v -23.160593 13.254588 9.164412
v -24.475906 13.036533 7.193680
v -22.537020 15.454029 8.504865
v -23.852335 15.235975 6.534132
v -20.332077 15.224514 6.690596
v -21.388588 16.586327 8.330911
v -22.081482 14.635692 9.504071
v -21.024969 13.273878 7.863756
v -21.388588 16.586327 8.330911
v -20.332077 15.224514 6.690596
v -22.081482 14.635692 9.504071
v -21.024969 13.273878 7.863756
v -22.455673 13.796981 7.888524
v -20.439472 13.840226 9.151239
v -19.746580 15.790862 7.978080
v -21.762783 15.747617 6.715364
v -20.439472 13.840226 9.151239
v -22.455673 13.796981 7.888524
v -19.746580 15.790862 7.978080
v -21.762783 15.747617 6.715364
v -22.519173 15.881022 7.250888
v -24.453087 16.785442 8.301311
v -24.878910 14.681892 9.328505
v -22.944996 13.777471 8.278083
v -24.453087 16.785442 8.301311
v -22.519173 15.881022 7.250888
v -24.878910 14.681892 9.328505
v -22.944996 13.777471 8.278083
v -24.378115 13.815790 7.762453
v -23.059010 14.462688 9.634048
v -22.633184 16.566238 8.606854
v -23.952290 15.919341 6.735259
v -23.059010 14.462688 9.634048
v -24.378115 13.815790 7.762453
v -22.633184 16.566238 8.606854
v -23.952290 15.919341 6.735259
v -20.765949 15.870162 7.482701
v -22.073084 16.508928 9.365456
v -21.882477 14.306351 10.245061
v -20.575342 13.667585 8.362305
v -22.073084 16.508928 9.365456
v -20.765949 15.870162 7.482701
v -21.882477 14.306351 10.245061
v -20.575342 13.667585 8.362305
v -22.087698 13.606069 8.535985
v -20.108694 14.240114 9.694827
v -20.299301 16.442692 8.815224
v -22.278305 15.808648 7.656382
v -20.108694 14.240114 9.694827
v -22.087698 13.606069 8.535985
v -20.299301 16.442692 8.815224
v -22.278305 15.808648 7.656382
v -22.278633 15.278378 8.483817
v -24.168406 16.001801 9.735538
v -24.620832 13.749290 10.354316
v -22.731062 13.025866 9.102594
v -24.168406 16.001801 9.735538
v -22.278633 15.278378 8.483817
v -24.620832 13.749290 10.354316
v -22.731062 13.025866 9.102594
v -24.173531 13.188513 8.639995
v -22.800409 13.441956 10.566570
v -22.347982 15.694469 9.947794
v -23.721102 15.441026 8.021217
v -22.800409 13.441956 10.566570
v -24.173531 13.188513 8.639995
v -22.347982 15.694469 9.947794
v -23.721102 15.441026 8.021217
v -21.591732 16.018946 8.529955
v -22.432289 15.338404 10.649323
v -20.803541 13.606203 10.739072
v -19.962986 14.286748 8.619707
v -22.432289 15.338404 10.649323
v -21.591732 16.018946 8.529955
v -20.803541 13.606203 10.739072
v -19.962986 14.286748 8.619707
v -21.057831 13.273293 8.928560
v -19.540585 14.755767 10.006345
v -21.169331 16.487967 9.916595
v -22.686579 15.005493 8.838810
v -19.540585 14.755767 10.006345
v -21.057831 13.273293 8.928560
v -21.169331 16.487967 9.916595
v -22.686579 15.005493 8.838810
v -22.844940 15.850549 9.168626
v -24.360918 15.228007 10.893629
v -23.022339 13.322556 11.382346
v -21.506361 13.945098 9.657342
v -24.360918 15.228007 10.893629
v -22.844940 15.850549 9.168626
v -23.022339 13.322556 11.382346
v -21.506361 13.945098 9.657342
v -22.739529 13.055166 9.565213
v -21.485975 14.336995 11.129472
v -22.824556 16.242445 10.640758
v -24.078110 14.960618 9.076499
v -21.485975 14.336995 11.129472
v -22.739529 13.055166 9.565213
v -22.824556 16.242445 10.640758
v -24.078110 14.960618 9.076499
v -20.717976 16.269108 8.639338
v -22.191416 16.881876 10.404243
v -22.056702 14.674830 11.282985
v -20.583263 14.062063 9.518082
v -22.191416 16.881876 10.404243
v -20.717976 16.269108 8.639338
v -22.056702 14.674830 11.282985
v -20.583263 14.062063 9.518082
v -22.104332 13.985125 9.558025
v -20.240944 14.629215 10.890060
v -20.375658 16.836262 10.011316
v -22.239046 16.192169 8.679283
v -20.240944 14.629215 10.890060
v -22.104332 13.985125 9.558025
v -20.375658 16.836262 10.011316
v -22.239046 16.192169 8.679283
v -22.441895 16.364492 9.412439
v -23.956022 15.940777 11.198294
v -22.724918 13.989244 11.779053
v -21.210791 14.412959 9.993199
v -23.956022 15.940777 11.198294
v -22.441895 16.364492 9.412439
v -22.724918 13.989244 11.779053
v -21.210791 14.412959 9.993199
v -22.497101 13.596680 9.976987
v -21.135782 14.890265 11.438094
v -22.366886 16.841799 10.857335
v -23.728205 15.548215 9.396227
v -21.135782 14.890265 11.438094
v -22.497101 13.596680 9.976987
v -22.366886 16.841799 10.857335
v -23.728205 15.548215 9.396227
v -21.466480 16.448805 9.183673
v -22.508654 15.904624 11.252279
v -21.012259 14.074899 11.524831
v -19.970085 14.619078 9.456225
v -22.508654 15.904624 11.252279
v -21.466480 16.448805 9.183673
v -21.012259 14.074899 11.524831
v -19.970085 14.619078 9.456225
v -21.151161 13.691237 9.711834
v -19.622744 15.111574 10.855501
v -21.119141 16.941301 10.582948
v -22.647558 15.520966 9.439281
v -19.622744 15.111574 10.855501
v -21.151161 13.691237 9.711834
v -21.119141 16.941301 10.582948
v -22.647558 15.520966 9.439281
v -20.813437 16.468304 9.525537
v -22.385195 17.763477 10.755776
v -23.207340 15.784191 11.789158
v -21.635582 14.489017 10.558919
v -22.385195 17.763477 10.755776
v -20.813437 16.468304 9.525537
v -23.207340 15.784191 11.789158
v -21.635582 14.489017 10.558919
v -23.057230 14.878315 10.173515
v -21.471342 15.135858 11.928514
v -20.649195 17.115145 10.895132
v -22.235083 16.857603 9.140133
v -21.471342 15.135858 11.928514
v -23.057230 14.878315 10.173515
v -20.649195 17.115145 10.895132
v -22.235083 16.857603 9.140133
v -23.779533 14.018493 7.528813
v -22.205881 14.236695 9.136733
v -21.403292 16.078726 8.101278
v -22.976944 15.860523 6.493357
v -22.205881 14.236695 9.136733
v -23.779533 14.018493 7.528813
v -21.403292 16.078726 8.101278
v -22.976944 15.860523 6.493357
v -21.642347 15.301914 6.534067
v -23.052620 16.593697 7.738983
v -23.855209 14.751665 8.774440
v -22.444935 13.459882 7.569522
v -23.052620 16.593697 7.738983
v -21.642347 15.301914 6.534067
v -23.855209 14.751665 8.774440
v -22.444935 13.459882 7.569522
v -19.888475 13.291770 6.956057
v -17.657377 12.995653 6.746485
v -17.507597 14.936878 5.598177
v -19.738695 15.232995 5.807748
v -17.657377 12.995653 6.746485
v -19.888475 13.291770 6.956057
v -17.507597 14.936878 5.598177
v -19.738695 15.232995 5.807748
v -19.011461 14.554780 4.756077
v -18.681051 15.674317 6.691761
v -18.830832 13.733091 7.840069
v -19.161242 12.613555 5.904387
v -18.681051 15.674317 6.691761
v -19.011461 14.554780 4.756077
v -18.830832 13.733091 7.840069
v -19.161242 12.613555 5.904387
v -23.014097 12.471766 7.995866
v -21.228733 12.868792 9.324117
v -21.417578 15.083973 8.915812
v -23.202942 14.686946 7.587563
v -21.228733 12.868792 9.324117
v -23.014097 12.471766 7.995866
v -21.417578 15.083973 8.915812
v -23.202942 14.686946 7.587563
v -21.802099 14.739993 7.227454
v -23.175493 14.951521 9.010270
v -22.986649 12.736340 9.418575
v -21.613253 12.524812 7.635757
v -23.175493 14.951521 9.010270
v -21.802099 14.739993 7.227454
v -22.986649 12.736340 9.418575
v -21.613253 12.524812 7.635757
v -19.295052 13.289852 7.382995
v -17.370495 14.461836 7.204276
v -18.527905 16.393044 7.404850
v -20.452461 15.221062 7.583570
v -17.370495 14.461836 7.204276
v -19.295052 13.289852 7.382995
v -18.527905 16.393044 7.404850
v -20.452461 15.221062 7.583570
v -19.810982 15.729487 6.389894
v -19.554296 15.650224 8.634270
v -18.396885 13.719013 8.433696
v -18.653572 13.798277 6.189319
v -19.554296 15.650224 8.634270
v -19.810982 15.729487 6.389894
v -18.396885 13.719013 8.433696
v -18.653572 13.798277 6.189319
v -22.623671 14.293791 8.567634
v -21.094461 15.747316 9.378920
v -22.237341 17.465067 8.455577
v -23.766552 16.011539 7.644293
v -21.094461 15.747316 9.378920
v -22.623671 14.293791 8.567634
v -22.237341 17.465067 8.455577
v -23.766552 16.011539 7.644293
v -22.549734 16.485716 7.020301
v -23.760002 16.700184 8.917314
v -22.617121 14.982434 9.840654
v -21.406855 14.767967 7.943642
v -23.760002 16.700184 8.917314
v -22.549734 16.485716 7.020301
v -22.617121 14.982434 9.840654
v -21.406855 14.767967 7.943642
v -19.967281 14.018682 8.679118
v -17.721380 13.938054 8.921662
v -17.534817 15.921349 7.853425
v -19.780718 16.001976 7.610880
v -17.721380 13.938054 8.921662
v -19.967281 14.018682 8.679118
v -17.534817 15.921349 7.853425
v -19.780718 16.001976 7.610880
v -18.795004 15.429025 6.719283
v -18.969711 16.510427 8.696513
v -19.156275 14.527132 9.764751
v -18.981567 13.445728 7.787519
v -18.969711 16.510427 8.696513
v -18.795004 15.429025 6.719283
v -19.156275 14.527132 9.764751
v -18.981567 13.445728 7.787519
v -23.617308 12.798866 9.613374
v -22.147728 12.079822 11.115044
v -20.952112 13.929503 10.830657
v -22.421690 14.648547 9.328987
v -22.147728 12.079822 11.115044
v -23.617308 12.798866 9.613374
v -20.952112 13.929503 10.830657
v -22.421690 14.648547 9.328987
v -21.254520 13.862595 9.124079
v -22.413197 14.859265 10.735231
v -23.608814 13.009583 11.019616
v -22.450138 12.012913 9.408465
v -22.413197 14.859265 10.735231
v -21.254520 13.862595 9.124079
v -23.608814 13.009583 11.019616
v -22.450138 12.012913 9.408465
v -19.361416 14.945415 9.033668
v -17.694458 16.412285 9.068869
v -19.157480 18.077974 8.939492
v -20.824438 16.611103 8.904291
v -17.694458 16.412285 9.068869
v -19.361416 14.945415 9.033668
v -19.157480 18.077974 8.939492
v -20.824438 16.611103 8.904291
v -20.101725 17.160889 7.810026
v -20.213587 17.234814 10.026718
v -18.750563 15.569125 10.156094
v -18.638702 15.495201 7.939403
v -20.213587 17.234814 10.026718
v -20.101725 17.160889 7.810026
v -18.750563 15.569125 10.156094
v -18.638702 15.495201 7.939403
v -22.292824 13.940957 10.541979
v -20.435673 14.457868 11.644472
v -20.622911 16.565891 10.971515
v -22.480061 16.048979 9.869020
v -20.435673 14.457868 11.644472
v -22.292824 13.940957 10.541979
v -20.622911 16.565891 10.971515
v -22.480061 16.048979 9.869020
v -21.135612 16.020834 9.406782
v -22.338789 16.490656 11.213252
v -22.151552 14.382632 11.886209
v -20.948376 13.912809 10.079741
v -22.338789 16.490656 11.213252
v -21.135612 16.020834 9.406782
v -22.151552 14.382632 11.886209
v -20.948376 13.912809 10.079741
v -19.151152 14.530054 9.352190
v -17.484810 15.991737 9.488123
v -18.951164 17.658777 9.537857
v -20.617506 16.197094 9.401923
v -17.484810 15.991737 9.488123
v -19.151152 14.530054 9.352190
v -18.951164 17.658777 9.537857
v -20.617506 16.197094 9.401923
v -19.916317 16.845304 8.348287
v -19.985624 16.718231 10.564306
v -18.519268 15.051191 10.514574
v -18.449963 15.178266 8.298553
v -19.985624 16.718231 10.564306
v -19.916317 16.845304 8.348287
v -18.519268 15.051191 10.514574
v -18.449963 15.178266 8.298553
v -22.097569 14.736733 10.685513
v -20.183718 15.083978 11.757096
v -20.043646 17.106808 10.851431
v -21.957497 16.759563 9.779848
v -20.183718 15.083978 11.757096
v -22.097569 14.736733 10.685513
v -20.043646 17.106808 10.851431
v -21.957497 16.759563 9.779848
v -20.633106 16.474411 9.347788
v -21.750805 17.322510 11.069175
v -21.890879 15.299681 11.974841
v -20.773180 14.451582 10.253452
v -21.750805 17.322510 11.069175
v -20.633106 16.474411 9.347788
v -21.890879 15.299681 11.974841
v -20.773180 14.451582 10.253452
v -20.663565 15.020229 10.101492
v -18.721447 14.548371 11.069599
v -17.725277 16.094088 9.824570
v -19.667395 16.565947 8.856463
v -18.721447 14.548371 11.069599
v -20.663565 15.020229 10.101492
v -17.725277 16.094088 9.824570
v -19.667395 16.565947 8.856463
v -18.685900 15.615659 8.461982
v -19.095196 17.138748 10.025431
v -20.091366 15.593032 11.270459
v -19.682070 14.069942 9.707012
v -19.095196 17.138748 10.025431
v -18.685900 15.615659 8.461982
v -20.091366 15.593032 11.270459
v -19.682070 14.069942 9.707012
v -20.501366 14.827337 10.685804
v -18.857397 16.231657 11.192702
v -20.216885 17.951347 10.837515
v -21.860853 16.547026 10.330616
v -18.857397 16.231657 11.192702
v -20.501366 14.827337 10.685804
v -20.216885 17.951347 10.837515
v -21.860853 16.547026 10.330616
v -20.894695 17.132441 9.467004
v -21.511835 17.085068 11.599747
v -20.152348 15.365379 11.954935
v -19.535210 15.412753 9.822191
v -21.511835 17.085068 11.599747
v -20.894695 17.132441 9.467004
v -20.152348 15.365379 11.954935
v -19.535210 15.412753 9.822191
v -24.704548 16.078697 6.696366
v -26.323797 16.162918 8.002290
v -25.396732 14.770373 9.241590
v -23.777483 14.686152 7.935664
v -26.323797 16.162918 8.002290
v -24.704548 16.078697 6.696366
v -25.396732 14.770373 9.241590
v -23.777483 14.686152 7.935664
v -24.886995 13.947146 7.935254
v -23.963369 15.492534 8.980816
v -24.890434 16.885078 7.741516
v -25.814060 15.339694 6.695955
v -23.963369 15.492534 8.980816
v -24.886995 13.947146 7.935254
v -24.890434 16.885078 7.741516
v -25.814060 15.339694 6.695955
v -19.326998 15.005887 6.874707
v -18.752518 14.678218 8.848815
v -17.764378 12.938686 8.272527
v -18.338858 13.266356 6.298418
v -18.752518 14.678218 8.848815
v -19.326998 15.005887 6.874707
v -17.764378 12.938686 8.272527
v -18.338858 13.266356 6.298418
v -18.979130 12.587299 7.250300
v -17.239002 13.683276 6.925823
v -18.227140 15.422808 7.502112
v -19.967270 14.326832 7.826590
v -17.239002 13.683276 6.925823
v -18.979130 12.587299 7.250300
v -18.227140 15.422808 7.502112
v -19.967270 14.326832 7.826590
v -24.230173 14.108283 8.099634
v -25.965363 14.013577 9.246213
v -25.734856 11.952151 9.424784
v -23.999666 12.046857 8.278203
v -25.965363 14.013577 9.246213
v -24.230173 14.108283 8.099634
v -25.734856 11.952151 9.424784
v -23.999666 12.046857 8.278203
v -25.257320 11.871087 7.872549
v -24.130163 12.146862 9.601122
v -24.360672 14.208288 9.422553
v -25.487827 13.932514 7.693979
v -24.130163 12.146862 9.601122
v -25.257320 11.871087 7.872549
v -24.360672 14.208288 9.422553
v -25.487827 13.932514 7.693979
v -18.991882 15.318223 7.641383
v -19.056305 15.780940 9.670235
v -18.813395 13.766664 10.137340
v -18.748970 13.303946 8.108488
v -19.056305 15.780940 9.670235
v -18.991882 15.318223 7.641383
v -18.813395 13.766664 10.137340
v -18.748970 13.303946 8.108488
v -19.808102 13.363448 8.915858
v -17.741379 13.614618 8.924199
v -17.984289 15.628894 8.457094
v -20.051012 15.377725 8.448753
v -17.741379 13.614618 8.924199
v -19.808102 13.363448 8.915858
v -17.984289 15.628894 8.457094
v -20.051012 15.377725 8.448753
v -24.707651 16.410715 8.002173
v -26.272041 16.424862 9.375849
v -25.334848 14.913719 10.458719
v -23.770458 14.899572 9.085044
v -26.272041 16.424862 9.375849
v -24.707651 16.410715 8.002173
v -25.334848 14.913719 10.458719
v -23.770458 14.899572 9.085044
v -24.898422 14.189210 9.069956
v -23.894007 15.621251 10.199073
v -24.831200 17.132395 9.116201
v -25.835615 15.700355 7.987084
v -23.894007 15.621251 10.199073
v -24.898422 14.189210 9.069956
v -24.831200 17.132395 9.116201
v -25.835615 15.700355 7.987084
v -19.270226 16.407492 8.268115
v -19.378460 16.691952 10.327695
v -18.531572 14.814462 10.631512
v -18.423338 14.530002 8.571931
v -19.378460 16.691952 10.327695
v -19.270226 16.407492 8.268115
v -18.531572 14.814462 10.631512
v -18.423338 14.530002 8.571931
v -19.416048 14.216993 9.404818
v -17.517216 15.070578 9.386709
v -18.364103 16.948069 9.082893
v -20.262936 16.094484 9.101001
v -17.517216 15.070578 9.386709
v -19.416048 14.216993 9.404818
v -18.364103 16.948069 9.082893
v -20.262936 16.094484 9.101001
v -23.837074 14.011622 10.242410
v -25.066061 14.658495 11.657563
v -26.086533 12.962062 11.546783
v -24.857544 12.315188 10.131629
v -25.066061 14.658495 11.657563
v -23.837074 14.011622 10.242410
v -26.086533 12.962062 11.546783
v -24.857544 12.315188 10.131629
v -25.936451 12.972431 10.005487
v -24.761826 12.175445 11.389895
v -23.741356 13.871878 11.500673
v -24.915981 14.668864 10.116266
v -24.761826 12.175445 11.389895
v -25.936451 12.972431 10.005487
v -23.741356 13.871878 11.500673
v -24.915981 14.668864 10.116266
v -19.959757 17.436375 9.541475
v -19.645786 17.602474 11.492207
v -18.110466 16.355701 11.351255
v -18.424437 16.189600 9.400524
v -19.645786 17.602474 11.492207
v -19.959757 17.436375 9.541475
v -18.110466 16.355701 11.351255
v -18.424437 16.189600 9.400524
v -18.906248 15.489640 10.343836
v -17.691450 17.022442 10.017798
v -19.226770 18.269217 10.158750
v -20.441568 16.736412 10.484786
v -17.691450 17.022442 10.017798
v -18.906248 15.489640 10.343836
v -19.226770 18.269217 10.158750
v -20.441568 16.736412 10.484786
v -22.601898 15.753156 11.184706
v -23.620308 16.434429 12.743622
v -24.120872 14.577979 13.227919
v -23.102461 13.896705 11.669001
v -23.620308 16.434429 12.743622
v -22.601898 15.753156 11.184706
v -24.120872 14.577979 13.227919
v -23.102461 13.896705 11.669001
v -24.322813 14.241617 11.729816
v -22.696836 14.096811 12.855316
v -22.196276 15.953261 12.371021
v -23.822250 16.098068 11.245521
v -22.696836 14.096811 12.855316
v -24.322813 14.241617 11.729816
v -22.196276 15.953261 12.371021
v -23.822250 16.098068 11.245521
v -19.285620 16.306818 9.785631
v -19.199919 16.482571 11.758773
v -18.272591 14.733789 11.874266
v -18.358292 14.558036 9.901124
v -19.199919 16.482571 11.758773
v -19.285620 16.306818 9.785631
v -18.272591 14.733789 11.874266
v -18.358292 14.558036 9.901124
v -19.199261 14.169429 10.769272
v -17.448763 15.087246 10.611489
v -18.376091 16.836027 10.495997
v -20.126587 15.918210 10.653778
v -17.448763 15.087246 10.611489
v -19.199261 14.169429 10.769272
v -18.376091 16.836027 10.495997
v -20.126587 15.918210 10.653778
v -22.646526 17.279114 10.538924
v -23.609753 17.862043 12.171073
v -23.275448 16.092319 13.000429
v -22.312222 15.509392 11.368280
v -23.609753 17.862043 12.171073
v -22.646526 17.279114 10.538924
v -23.275448 16.092319 13.000429
v -22.312222 15.509392 11.368280
v -23.547800 15.403524 11.640425
v -21.847225 16.081598 12.401854
v -22.181530 17.851324 11.572498
v -23.882103 17.173248 10.811068
v -21.847225 16.081598 12.401854
v -23.547800 15.403524 11.640425
v -22.181530 17.851324 11.572498
v -23.882103 17.173248 10.811068
v -19.497202 16.961685 9.341721
v -19.684769 17.710173 11.168221
v -19.387854 15.907018 11.937632
v -19.200287 15.158532 10.111131
v -19.684769 17.710173 11.168221
v -19.497202 16.961685 9.341721
v -19.387854 15.907018 11.937632
v -19.200287 15.158532 10.111131
v -20.251041 15.284781 10.812485
v -18.299585 15.631073 10.870975
v -18.596500 17.434227 10.101565
v -20.547956 17.087934 10.043075
v -18.299585 15.631073 10.870975
v -20.251041 15.284781 10.812485
v -18.596500 17.434227 10.101565
v -20.547956 17.087934 10.043075
v -20.990376 17.001873 10.784170
v -21.681009 17.908333 12.406782
v -22.020252 16.144920 13.247507
v -21.329617 15.238463 11.624894
v -21.681009 17.908333 12.406782
v -20.990376 17.001873 10.784170
v -22.020252 16.144920 13.247507
v -21.329617 15.238463 11.624894
v -22.519579 15.593437 11.889286
v -20.692162 15.608657 12.658590
v -20.352921 17.372066 11.817867
v -22.180338 17.356848 11.048563
v -20.692162 15.608657 12.658590
v -22.519579 15.593437 11.889286
v -20.352921 17.372066 11.817867
v -22.180338 17.356848 11.048563
v -24.445539 15.169803 8.136582
v -24.079056 16.591482 9.439576
v -24.697845 17.934357 8.148426
v -25.064329 16.512676 6.845432
v -24.079056 16.591482 9.439576
v -24.445539 15.169803 8.136582
v -24.697845 17.934357 8.148426
v -25.064329 16.512676 6.845432
v -24.004490 17.166191 7.017196
v -25.830980 16.996504 7.716063
v -25.212191 15.653631 9.007214
v -23.385700 15.823318 8.308346
v -25.830980 16.996504 7.716063
v -24.004490 17.166191 7.017196
v -25.212191 15.653631 9.007214
v -23.385700 15.823318 8.308346
v -18.024723 13.045917 6.874004
v -16.070890 13.228982 6.922041
v -16.237480 15.128885 6.457391
v -18.191313 14.945819 6.409354
v -16.070890 13.228982 6.922041
v -18.024723 13.045917 6.874004
v -16.237480 15.128885 6.457391
v -18.191313 14.945819 6.409354
v -17.364866 14.789841 5.475276
v -17.454693 15.248250 7.381862
v -17.288103 13.348348 7.846512
v -17.198278 12.889938 5.939926
v -17.454693 15.248250 7.381862
v -17.364866 14.789841 5.475276
v -17.288103 13.348348 7.846512
v -17.198278 12.889938 5.939926
v -24.466240 11.873543 8.407287
v -24.058331 12.111634 10.312595
v -24.461662 14.026630 10.159643
v -24.869572 13.788539 8.254334
v -24.058331 12.111634 10.312595
v -24.466240 11.873543 8.407287
v -24.461662 14.026630 10.159643
v -24.869572 13.788539 8.254334
v -23.767763 14.063626 8.793029
v -25.645054 13.703926 9.239887
v -25.241720 11.788929 9.392839
v -23.364431 12.148629 8.945981
v -25.645054 13.703926 9.239887
v -23.767763 14.063626 8.793029
v -25.241720 11.788929 9.392839
v -23.364431 12.148629 8.945981
v -17.603806 13.624917 7.637710
v -15.934372 14.590070 8.004803
v -16.966850 16.161274 8.569239
v -18.636282 15.196122 8.202146
v -15.934372 14.590070 8.004803
v -17.603806 13.624917 7.637710
v -16.966850 16.161274 8.569239
v -18.636282 15.196122 8.202146
v -17.960356 15.918737 7.427036
v -17.976664 15.245627 9.270928
v -16.944185 13.674422 8.706492
v -16.927879 14.347533 6.862601
v -17.976664 15.245627 9.270928
v -17.960356 15.918737 7.427036
v -16.944185 13.674422 8.706492
v -16.927879 14.347533 6.862601
v -25.238287 15.295368 9.126600
v -24.818958 15.878206 10.953550
v -23.952795 17.489126 10.240825
v -24.372124 16.906288 8.413875
v -24.818958 15.878206 10.953550
v -25.238287 15.295368 9.126600
v -23.952795 17.489126 10.240825
v -24.372124 16.906288 8.413875
v -23.348938 16.660227 9.101181
v -25.059847 17.618620 9.188128
v -25.926010 16.007698 9.900852
v -24.215101 15.049308 9.813908
v -25.059847 17.618620 9.188128
v -23.348938 16.660227 9.101181
v -25.926010 16.007698 9.900852
v -24.215101 15.049308 9.813908
v -17.543201 14.913741 8.345427
v -15.877566 15.913009 8.628982
v -16.888088 17.595892 8.634292
v -18.553722 16.596624 8.350738
v -15.877566 15.913009 8.628982
v -17.543201 14.913741 8.345427
v -16.888088 17.595892 8.634292
v -18.553722 16.596624 8.350738
v -17.767273 17.071571 7.492968
v -18.007666 16.921095 9.435350
v -16.997143 15.238210 9.430039
v -16.756752 15.388687 7.487657
v -18.007666 16.921095 9.435350
v -17.767273 17.071571 7.492968
v -16.997143 15.238210 9.430039
v -16.756752 15.388687 7.487657
vn 0.5460 0.3091 -0.7786
vn 0.5088 0.2806 -0.8139
vn 0.6706 0.2490 -0.6988
vn 0.7595 0.2239 -0.6108
vn 0.7893 0.6122 0.0469
vn 0.7775 0.6286 -0.0180
vn 0.7775 0.6056 0.1694
vn 0.7902 0.5406 0.2886
vn -0.0432 0.8146 0.5785
vn -0.0563 0.7626 0.6444
vn 0.1754 0.7150 0.6767
vn 0.1290 0.7860 0.6047
vn 0.0777 0.7055 -0.7045
vn -0.0428 0.7425 -0.6684
vn 0.1022 0.7481 -0.6557
vn 0.2259 0.6918 -0.6859
vn -0.6741 0.4416 -0.5920
vn -0.8663 0.4194 -0.2713
vn -0.8195 0.4218 -0.3880
vn -0.6956 0.4138 -0.5873
vn 0.0869 0.2251 -0.9705
vn 0.0979 0.1925 -0.9764
vn 0.3416 0.1391 -0.9295
vn 0.4726 0.1008 -0.8755
vn 0.3094 0.5590 -0.7693
vn 0.1718 0.5640 -0.8077
vn 0.2983 0.5634 -0.7704
vn 0.4265 0.5275 -0.7347
vn -0.3649 0.6628 0.6539
vn -0.5043 0.7035 0.5007
vn -0.6464 0.6108 0.4573
vn -0.4757 0.5667 0.6727
vn 0.3444 0.8532 0.3918
vn 0.2867 0.9016 0.3240
vn 0.1851 0.8872 0.4225
vn 0.2185 0.8331 0.5082
vn -0.6356 0.7026 -0.3200
vn -0.7026 0.6874 -0.1839
vn -0.6304 0.7099 -0.3140
vn -0.5694 0.6872 -0.4512
vn -0.6791 0.4561 0.5751
vn -0.8222 0.4411 0.3598
vn -0.8773 0.3555 0.3225
vn -0.6247 0.3644 0.6906
vn -0.0188 0.7360 0.6767
vn -0.1476 0.7275 0.6700
vn -0.1411 0.6866 0.7132
vn 0.0190 0.6938 0.7199
vn -0.0933 0.5160 0.8515
vn 0.0719 0.5164 0.8533
vn 0.1925 0.4754 0.8584
vn 0.0455 0.5126 0.8574
vn 0.1165 0.8251 0.5529
vn 0.0940 0.7620 0.6407
vn 0.3773 0.6879 0.6200
vn 0.3159 0.7793 0.5412
vn 0.3150 0.8737 0.3706
vn 0.2545 0.9240 0.2854
vn 0.1475 0.9117 0.3834
vn 0.1835 0.8566 0.4823
vn -0.4466 0.4905 -0.7483
vn -0.5732 0.4937 -0.6541
vn -0.7700 0.3722 -0.5182
vn -0.6281 0.4616 -0.6264
vn 0.3428 0.6724 -0.6561
vn 0.4844 0.6953 -0.5309
vn 0.6048 0.6672 -0.4349
vn 0.4206 0.6949 -0.5832
vn -0.4998 0.3639 -0.7860
vn -0.6083 0.3866 -0.6932
vn -0.7856 0.2801 -0.5518
vn -0.6636 0.3362 -0.6683
vn -0.8240 0.0737 -0.5618
vn -0.7562 0.0858 -0.6487
vn -0.9766 -0.0278 -0.2132
vn -0.9498 0.0086 -0.3126
vn 0.4740 0.5282 0.7045
vn 0.6303 0.5130 0.5827
vn 0.6853 0.5393 0.4893
vn 0.5592 0.5742 0.5980
vn -0.7444 -0.0436 -0.6663
vn -0.9746 -0.0335 -0.2214
vn -0.9341 0.0215 -0.3565
vn -0.7872 0.0129 -0.6166
vn -0.4942 0.6151 0.6144
vn -0.4407 0.5969 0.6704
vn -0.2016 0.4683 0.8602
vn -0.3139 0.5743 0.7560
vn 0.5793 0.5014 -0.6426
vn 0.5179 0.4902 -0.7010
vn 0.7067 0.4426 -0.5520
vn 0.8318 0.3404 -0.4384
vn -0.9662 0.1440 0.2138
vn -0.9755 0.1732 0.1357
vn -0.7876 0.0135 0.6161
vn -0.8719 0.0704 0.4846
vn -0.6556 -0.1067 -0.7476
vn -0.6740 -0.1490 -0.7236
vn -0.9009 -0.2177 -0.3755
vn -0.8312 -0.1472 -0.5362
vn 0.3784 0.0951 -0.9207
vn 0.6663 0.0994 -0.7391
vn 0.7773 0.0301 -0.6284
vn 0.2384 0.0228 -0.9709
vn 0.3645 0.6760 0.6404
vn 0.4338 0.7116 0.5526
vn 0.2927 0.7042 0.6469
vn 0.2053 0.6359 0.7440
vn -0.5743 0.3946 0.7173
vn -0.7144 0.3711 0.5932
vn -0.6366 0.3902 0.6652
vn -0.4550 0.3653 0.8121
vn -0.3415 0.3123 0.8865
vn -0.5218 0.2864 0.8036
vn -0.3751 0.3309 0.8659
vn -0.1661 0.2860 0.9437
vn -0.8960 0.4400 -0.0600
vn -0.8916 0.4523 0.0210
vn -0.8945 0.4041 0.1914
vn -0.9007 0.4258 0.0856
vn -0.7578 0.6297 -0.1708
vn -0.7995 0.5908 0.1084
vn -0.7896 0.6119 -0.0465
vn -0.7650 0.5930 -0.2514
vn -0.1199 0.4224 -0.8984
vn 0.1327 0.4290 -0.8935
vn 0.2507 0.4281 -0.8683
vn -0.1770 0.4399 -0.8804
vn -0.4052 0.3597 0.8405
vn -0.5666 0.3373 0.7518
vn -0.4500 0.3683 0.8135
vn -0.2568 0.3350 0.9066
vn 0.1196 0.5789 0.8066
vn 0.0257 0.5580 0.8294
vn 0.1439 0.5544 0.8197
vn 0.2297 0.5615 0.7949
vn 0.6768 0.7069 0.2055
vn 0.6796 0.7334 0.0168
vn 0.5996 0.7955 0.0876
vn 0.5904 0.7701 0.2416
vn 0.4728 0.2164 0.8542
vn 0.7699 0.2711 0.5776
vn 0.8157 0.2324 0.5298
vn 0.6380 0.2668 0.7223
vn -0.4972 0.4481 -0.7430
vn -0.8577 0.4420 -0.2628
vn -0.7804 0.4654 -0.4175
vn -0.5943 0.4557 -0.6627
vn 0.1318 0.5279 -0.8390
vn -0.0185 0.5296 -0.8480
vn 0.1104 0.5277 -0.8422
vn 0.2464 0.4943 -0.8336
vn 0.5463 0.6057 -0.5785
vn 0.7152 0.6193 -0.3240
vn 0.8018 0.5761 -0.1589
vn 0.4589 0.5906 -0.6638
vn 0.6720 0.5147 0.5324
vn 0.7268 0.5083 0.4620
vn 0.6304 0.4907 0.6015
vn 0.5554 0.4498 0.6995
vn 0.6999 0.2953 -0.6503
vn 0.8744 0.3052 -0.3772
vn 0.9401 0.2698 -0.2085
vn 0.6132 0.2706 -0.7421
vn 0.6132 0.5946 0.5200
vn 0.7430 0.5845 0.3259
vn 0.7113 0.6375 0.2960
vn 0.6183 0.6515 0.4397
vn -0.9633 0.0559 -0.2626
vn -0.8924 0.0626 -0.4468
vn -0.9575 -0.1616 0.2390
vn -0.9957 -0.0541 0.0746
vn -0.8498 0.0425 -0.5254
vn -0.7584 0.0472 -0.6501
vn -0.9856 -0.0952 -0.1396
vn -0.9686 -0.0383 -0.2457
vn 0.4172 0.7832 0.4610
vn 0.3110 0.8412 0.4423
vn 0.1868 0.7902 0.5837
vn 0.2434 0.7119 0.6588
vn 0.6399 0.7467 0.1815
vn 0.6603 0.7506 0.0239
vn 0.5994 0.7994 0.0413
vn 0.5819 0.7954 0.1697
vn -0.4121 0.8158 0.4057
vn -0.5140 0.8075 0.2893
vn -0.5776 0.7417 0.3409
vn -0.4473 0.7508 0.4859
vn 0.0148 0.5576 -0.8300
vn -0.1504 0.5713 -0.8069
vn 0.0267 0.5628 -0.8261
vn 0.1862 0.4960 -0.8481
vn 0.4887 0.8197 0.2988
vn 0.3697 0.8764 0.3087
vn 0.3024 0.8271 0.4738
vn 0.4001 0.7550 0.5194
vn -0.5431 0.4820 -0.6876
vn -0.6496 0.4878 -0.5831
vn -0.7669 0.4291 -0.4772
vn -0.6624 0.4717 -0.5820
vn -0.6659 -0.0319 -0.7454
vn -0.6699 -0.0450 -0.7411
vn -0.8968 -0.1213 -0.4255
vn -0.8311 -0.0722 -0.5515
vn 0.6429 0.5733 0.5080
vn 0.7497 0.5648 0.3449
vn 0.7492 0.5950 0.2910
vn 0.6683 0.6139 0.4202
vn 0.7447 0.5569 0.3677
vn 0.7779 0.5585 0.2880
vn 0.7277 0.5520 0.4072
vn 0.6891 0.5247 0.4999
vn 0.0830 0.7246 -0.6841
vn 0.2494 0.7562 -0.6049
vn 0.4125 0.7224 -0.5550
vn 0.2236 0.7406 -0.6337
vn 0.4855 0.8113 0.3256
vn 0.3857 0.8648 0.3215
vn 0.3098 0.8254 0.4719
vn 0.3853 0.7593 0.5244
vn 0.6084 0.6738 0.4193
vn 0.6196 0.7099 0.3350
vn 0.5279 0.6938 0.4898
vn 0.4953 0.6210 0.6075
vn -0.5310 0.5621 -0.6341
vn -0.7304 0.5082 -0.4563
vn -0.6108 0.5266 -0.5913
vn -0.4532 0.5065 -0.7335
vn 0.4539 0.3930 -0.7997
vn 0.6442 0.4036 -0.6497
vn 0.7420 0.3958 -0.5411
vn 0.4470 0.4259 -0.7866
vn 0.4719 0.6033 0.6429
vn 0.5660 0.6172 0.5465
vn 0.4542 0.6155 0.6441
vn 0.3601 0.5678 0.7402
vn 0.1880 -0.0439 -0.9812
vn 0.2952 -0.0303 -0.9549
vn 0.5480 -0.0886 -0.8318
vn 0.6144 -0.1413 -0.7763
vn -0.8300 0.4987 0.2496
vn -0.7740 0.5015 0.3865
vn -0.7425 0.4730 0.4743
vn -0.7925 0.4963 0.3544
vn 0.6717 0.7407 0.0126
vn 0.6265 0.7792 -0.0162
vn 0.6281 0.7668 0.1323
vn 0.6717 0.7136 0.1989
vn 0.5739 0.8133 0.0957
vn 0.5821 0.8102 -0.0690
vn 0.4951 0.8665 -0.0632
vn 0.4888 0.8692 0.0739
vn -0.4333 0.6660 0.6073
vn -0.5716 0.6472 0.5044
vn -0.5841 0.5906 0.5568
vn -0.3951 0.6053 0.6910
vn 0.5561 0.4902 -0.6712
vn 0.4108 0.4887 -0.7697
vn 0.5367 0.4831 -0.6917
vn 0.6640 0.4416 -0.6034
vn -0.1936 0.2087 -0.9586
vn -0.1342 0.1731 -0.9757
vn 0.1513 0.0969 -0.9837
vn 0.3159 0.0309 -0.9483
vn -0.9665 0.2567 -0.0049
vn -0.9576 0.2852 0.0402
vn -0.9270 0.2006 0.3168
vn -0.9547 0.2242 0.1958
vn -0.6575 0.5452 0.5201
vn -0.7469 0.5140 0.4218
vn -0.6656 0.5099 0.5449
vn -0.5747 0.5177 0.6338
vn -0.7001 0.1296 -0.7022
vn -0.6398 0.1531 -0.7532
vn -0.9212 0.0353 -0.3874
vn -0.8674 0.0675 -0.4930
vn 0.4222 0.3286 -0.8449
vn 0.6170 0.3273 -0.7157
vn 0.6503 0.3433 -0.6777
vn 0.3372 0.3338 -0.8803
vn -0.8801 0.4740 -0.0265
vn -0.8722 0.4869 0.0469
vn -0.8677 0.3866 0.3125
vn -0.8792 0.4431 0.1754
vn 0.0366 0.5314 0.8463
vn 0.2097 0.5284 0.8227
vn 0.3849 0.4538 0.8037
vn 0.2189 0.5189 0.8263
vn 0.3997 0.6007 0.6923
vn 0.4812 0.6207 0.6191
vn 0.3148 0.5968 0.7381
vn 0.2007 0.5112 0.8357
vn -0.1512 0.4001 -0.9039
vn -0.3575 0.3694 -0.8577
vn -0.2360 0.3709 -0.8982
vn -0.0675 0.3649 -0.9286
vn -0.5430 0.7162 0.4385
vn -0.6574 0.7056 0.2646
vn -0.7430 0.6028 0.2907
vn -0.5778 0.6157 0.5358
vn 0.5476 0.7970 0.2548
vn 0.5950 0.7985 0.0915
vn 0.5099 0.8560 0.0854
vn 0.4705 0.8546 0.2198
vn -0.6381 0.5260 0.5623
vn -0.7311 0.5005 0.4636
vn -0.6558 0.4995 0.5661
vn -0.5556 0.5002 0.6642
vn 0.2837 0.2268 -0.9317
vn 0.4716 0.2272 -0.8520
vn 0.5142 0.2357 -0.8247
vn 0.2376 0.2357 -0.9423
vn 0.2845 0.4032 0.8698
vn 0.0845 0.3720 0.9244
vn 0.1848 0.3835 0.9049
vn 0.4439 0.3619 0.8197
vn 0.4785 0.7976 0.3673
vn 0.5787 0.7881 0.2097
vn 0.4941 0.8543 0.1616
vn 0.4139 0.8625 0.2913
vn -0.6598 0.1322 -0.7397
vn -0.5567 0.1566 -0.8158
vn -0.9104 0.0116 -0.4135
vn -0.8514 0.0536 -0.5217
vn 0.6243 0.7168 0.3106
vn 0.6195 0.7426 0.2546
vn 0.5662 0.7399 0.3632
vn 0.5611 0.7029 0.4371
vn -0.0875 0.8999 0.4272
vn -0.1584 0.8515 0.4999
vn 0.0100 0.8120 0.5836
vn 0.0477 0.8681 0.4940
vn -0.1902 0.7729 0.6053
vn -0.3065 0.7724 0.5562
vn -0.3386 0.7278 0.5964
vn -0.1949 0.7283 0.6569
vn 0.1560 0.5900 -0.7922
vn 0.0577 0.5979 -0.7995
vn 0.1838 0.5951 -0.7823
vn 0.2901 0.5629 -0.7740
vn 0.4350 0.7888 0.4342
vn 0.3511 0.8426 0.4084
vn 0.2410 0.8053 0.5417
vn 0.2855 0.7363 0.6135
vn -0.1470 0.7320 -0.6652
vn 0.0737 0.7750 -0.6277
vn 0.2803 0.7284 -0.6252
vn 0.0172 0.7607 -0.6489
vn 0.0181 0.4412 0.8972
vn 0.3984 0.4557 0.7960
vn 0.2691 0.5673 0.7783
vn 0.0293 0.5489 0.8353
vn -0.1010 0.5727 0.8135
vn 0.0452 0.5670 0.8225
vn 0.1582 0.5386 0.8276
vn 0.0252 0.5731 0.8191
vn -0.9696 -0.0507 -0.2395
vn -0.9787 -0.0467 0.2000
vn -0.9944 -0.0010 0.1055
vn -0.9857 -0.0043 -0.1684
vn 0.3615 0.3680 -0.8567
vn 0.5129 0.3723 -0.7735
vn 0.5929 0.3754 -0.7124
vn 0.3942 0.3971 -0.8288
vn 0.6728 0.1309 -0.7282
vn 0.8454 0.1367 -0.5163
vn 0.9075 0.1126 -0.4046
vn 0.6349 0.1152 -0.7639
vn 0.7047 0.7079 0.0468
vn 0.6773 0.7104 -0.1915
vn 0.5876 0.7961 -0.1451
vn 0.6072 0.7938 0.0358
vn -0.3091 0.8024 0.5105
vn -0.4427 0.7369 0.5109
vn -0.1966 0.6166 0.7623
vn -0.1515 0.7253 0.6715
vn -0.2305 0.8226 0.5199
vn -0.3884 0.8198 0.4207
vn -0.4684 0.7288 0.4994
vn -0.2625 0.7323 0.6283
vn 0.3598 0.7636 0.5361
vn 0.3490 0.8250 0.4445
vn 0.2042 0.8060 0.5556
vn 0.1731 0.7225 0.6693
vn -0.6766 0.5369 -0.5040
vn -0.7812 0.5265 -0.3354
vn -0.8646 0.4604 -0.2013
vn -0.7729 0.5290 -0.3504
vn -0.6591 0.6000 0.4534
vn -0.7684 0.5625 0.3052
vn -0.7587 0.5143 0.3998
vn -0.6091 0.5391 0.5817
vn -0.3736 0.6696 0.6420
vn -0.5291 0.6486 0.5471
vn -0.5426 0.5822 0.6055
vn -0.3269 0.6005 0.7297
vn -0.8658 -0.0032 -0.5004
vn -0.9963 -0.0030 -0.0857
vn -0.9866 0.0328 -0.1597
vn -0.9078 0.0336 -0.4181
vn -0.3950 0.8572 0.3304
vn -0.4422 0.7992 0.4071
vn -0.3028 0.7688 0.5633
vn -0.2879 0.8406 0.4588
vn 0.6158 0.4699 -0.6324
vn 0.7561 0.4935 -0.4299
vn 0.8458 0.4697 -0.2531
vn 0.6498 0.5299 -0.5449
vn 0.5330 0.5448 -0.6474
vn 0.6390 0.5602 -0.5272
vn 0.7398 0.5466 -0.3923
vn 0.6359 0.5861 -0.5021
vn -0.8184 0.5396 -0.1978
vn -0.8343 0.5130 0.2018
vn -0.8489 0.5247 0.0635
vn -0.8393 0.5132 -0.1793
vn -0.7401 0.3669 -0.5636
vn -0.7825 0.3928 -0.4830
vn -0.9212 0.2879 -0.2616
vn -0.8553 0.3350 -0.3953
vn 0.0525 0.6407 0.7660
vn -0.1324 0.6313 0.7641
vn -0.1485 0.5685 0.8092
vn 0.1138 0.5761 0.8094
vn 0.8414 0.5087 0.1824
vn 0.8593 0.5016 -0.1003
vn 0.8286 0.5496 -0.1061
vn 0.8195 0.5662 0.0884
vn 0.7358 0.2870 -0.6134
vn 0.8745 0.3014 -0.3800
vn 0.9345 0.2826 -0.2166
vn 0.7253 0.3057 -0.6168
vn -0.5824 0.1744 -0.7940
vn -0.6450 0.2061 -0.7359
vn -0.8824 0.0546 -0.4674
vn -0.7719 0.1228 -0.6237
vn -0.4939 0.4634 -0.7357
vn -0.4724 0.4882 -0.7339
vn -0.8424 0.2655 -0.4689
vn -0.7168 0.3869 -0.5801
vn 0.7760 0.5931 -0.2148
vn 0.7234 0.6010 -0.3398
vn 0.7577 0.6061 -0.2418
vn 0.8046 0.5792 -0.1307
vn 0.5752 0.8034 0.1541
vn 0.4405 0.8726 0.2111
vn 0.4203 0.8051 0.4184
vn 0.5464 0.7077 0.4479
vn -0.9246 0.1734 -0.3393
vn -0.9837 0.1790 -0.0136
vn -0.9836 0.1743 -0.0466
vn -0.9484 0.1755 -0.2641
vn -0.7870 0.3686 -0.4947
vn -0.8281 0.3950 -0.3978
vn -0.9483 0.2755 -0.1575
vn -0.8908 0.3337 -0.3084
vn 0.1705 0.6972 -0.6963
vn 0.3252 0.7224 -0.6102
vn 0.4676 0.6933 -0.5483
vn 0.2846 0.7141 -0.6395
vn -0.2918 0.5387 0.7903
vn -0.1512 0.5373 0.8297
vn -0.0323 0.5013 0.8646
vn -0.1631 0.5362 0.8282
vn -0.4796 0.4821 -0.7332
vn -0.5735 0.4917 -0.6553
vn -0.7838 0.3693 -0.4992
vn -0.6559 0.4500 -0.6061
vn 0.0681 0.4220 -0.9040
vn 0.0335 0.3940 -0.9185
vn 0.2564 0.3508 -0.9007
vn 0.3936 0.2981 -0.8696
vn -0.4239 0.6788 0.5996
vn -0.3865 0.6532 0.6511
vn -0.2077 0.6031 0.7701
vn -0.2819 0.6623 0.6942
vn -0.7270 0.6855 -0.0383
vn -0.7121 0.6390 0.2908
vn -0.7301 0.6749 0.1073
vn -0.7531 0.6462 -0.1233
vn -0.1002 0.4832 -0.8698
vn 0.0909 0.4930 -0.8653
vn 0.2173 0.4869 -0.8460
vn -0.0439 0.5189 -0.8537
vn 0.6704 0.3545 -0.6518
vn 0.8391 0.3630 -0.4051
vn 0.9030 0.3443 -0.2569
vn 0.5974 0.3535 -0.7198
vn 0.5816 0.8033 0.1282
vn 0.5874 0.8078 -0.0484
vn 0.4947 0.8686 -0.0282
vn 0.4886 0.8646 0.1173
vn -0.7557 0.5485 -0.3579
vn -0.7891 0.5479 -0.2776
vn -0.8451 0.5147 -0.1447
vn -0.8062 0.5416 -0.2380
vn 0.7655 0.6404 0.0623
vn 0.7555 0.6552 -0.0061
vn 0.7494 0.6508 0.1220
vn 0.7586 0.6169 0.2097
vn -0.4784 0.6094 0.6323
vn -0.3460 0.5964 0.7243
vn -0.2413 0.5667 0.7878
vn -0.3594 0.6115 0.7049
vn 0.5110 0.2908 0.8089
vn 0.6683 0.2564 0.6983
vn 0.4644 0.2130 0.8596
vn 0.2625 0.1185 0.9576
vn -0.3133 0.7075 0.6335
vn -0.4438 0.7116 0.5447
vn -0.5035 0.6548 0.5637
vn -0.3311 0.6516 0.6825
vn 0.4707 0.2487 -0.8465
vn 0.6225 0.2130 -0.7531
vn 0.8423 0.1055 -0.5285
vn 0.9225 0.0280 -0.3850
vn -0.5583 0.6816 0.4729
vn -0.6750 0.6710 0.3068
vn -0.7446 0.5812 0.3283
vn -0.5744 0.5925 0.5648
vn 0.1176 0.5751 -0.8096
vn -0.0382 0.5844 -0.8106
vn 0.0947 0.5864 -0.8045
vn 0.2345 0.5467 -0.8038
vn 0.0853 0.8479 0.5232
vn 0.2167 0.8536 0.4737
vn 0.1696 0.8997 0.4022
vn 0.0556 0.8944 0.4437
vn 0.5545 0.3488 -0.7555
vn 0.7809 0.3210 -0.5359
vn 0.7461 0.3530 -0.5646
vn 0.3388 0.2959 -0.8931
vn -0.8543 0.3158 -0.4128
vn -0.8756 0.3366 -0.3463
vn -0.9445 0.2828 -0.1671
vn -0.9163 0.2969 -0.2690
vn -0.3723 0.7787 -0.5051
vn -0.5114 0.7093 -0.4852
vn -0.6701 0.6687 -0.3221
vn -0.5215 0.7693 -0.3690
vn 0.5063 0.5660 -0.6506
vn 0.6130 0.5804 -0.5360
vn 0.7093 0.5670 -0.4188
vn 0.5950 0.6006 -0.5342
vn 0.8545 0.4503 0.2588
vn 0.8908 0.4537 0.0243
vn 0.8841 0.4643 -0.0525
vn 0.8623 0.4900 0.1277
vn -0.9420 -0.0535 -0.3313
vn -0.9882 -0.0558 0.1427
vn -0.9973 -0.0024 0.0737
vn -0.9766 0.0006 -0.2149
vn -0.5828 0.8126 0.0072
vn -0.6253 0.7779 0.0623
vn -0.6050 0.7713 0.1977
vn -0.5679 0.8134 0.1260
vn 0.4352 0.6128 0.6596
vn 0.4112 0.6385 0.6506
vn 0.2037 0.5721 0.7945
vn 0.1042 0.4439 0.8900
vn -0.8743 0.1690 -0.4549
vn -0.9781 0.1928 -0.0787
vn -0.9833 0.1811 -0.0207
vn -0.9402 0.1949 -0.2795
vn 0.7543 0.3581 0.5503
vn 0.8270 0.3859 0.4090
vn 0.8938 0.3578 0.2702
vn 0.8289 0.3768 0.4134
vn 0.5709 0.5038 0.6482
vn 0.7864 0.4923 0.3731
vn 0.7167 0.5902 0.3715
vn 0.5788 0.6010 0.5512
vn -0.0422 0.6926 0.7201
vn -0.0162 0.6611 0.7501
vn 0.2470 0.5916 0.7675
vn 0.1493 0.6638 0.7328
vn 0.7714 0.6203 -0.1423
vn 0.7236 0.6643 -0.1876
vn 0.7844 0.6184 0.0477
vn 0.8529 0.4881 0.1852
vn -0.6409 0.5970 -0.4824
vn -0.6930 0.5873 -0.4181
vn -0.8017 0.5380 -0.2604
vn -0.7320 0.5846 -0.3499
vn -0.9703 0.1133 -0.2139
vn -0.9248 0.1204 0.3609
vn -0.9553 0.1581 0.2496
vn -0.9853 0.1580 -0.0650
vn 0.0650 0.6631 0.7457
vn 0.2025 0.6472 0.7350
vn 0.2588 0.6761 0.6899
vn 0.1398 0.6976 0.7027
vn 0.6446 0.7631 -0.0466
vn 0.5921 0.8036 -0.0601
vn 0.6065 0.7907 0.0832
vn 0.6605 0.7389 0.1333
vn -0.1780 0.5154 -0.8383
vn -0.0004 0.5254 -0.8509
vn 0.1258 0.5175 -0.8464
vn -0.1056 0.5486 -0.8294
vn -0.3606 0.7654 0.5330
vn -0.3548 0.7284 0.5861
vn -0.1958 0.7000 0.6868
vn -0.2345 0.7532 0.6146
vn -0.2613 0.5197 -0.8134
vn -0.1468 0.5255 -0.8380
vn -0.0154 0.5196 -0.8543
vn -0.1182 0.5447 -0.8302
vn -0.0219 0.2985 -0.9542
vn 0.1720 0.3014 -0.9378
vn 0.2537 0.3078 -0.9170
vn -0.0283 0.3194 -0.9472
vn 0.5713 0.6774 0.4634
vn 0.5853 0.7107 0.3902
vn 0.4853 0.6967 0.5282
vn 0.4473 0.6324 0.6324
vn 0.6152 0.7763 -0.1375
vn 0.5399 0.8381 -0.0784
vn 0.5985 0.7942 0.1052
vn 0.6945 0.7093 0.1209
vn 0.0660 0.5761 0.8147
vn -0.0800 0.5565 0.8270
vn -0.0151 0.5389 0.8422
vn 0.1647 0.5432 0.8233
vn -0.3552 0.7554 -0.5506
vn -0.6242 0.7257 -0.2895
vn -0.4670 0.7836 -0.4098
vn -0.2989 0.7467 -0.5942
vn 0.3142 0.7151 -0.6244
vn 0.4602 0.7445 -0.4836
vn 0.5948 0.7072 -0.3822
vn 0.4002 0.7323 -0.5509
vn -0.0727 0.3111 0.9476
vn 0.0993 0.3336 0.9375
vn 0.2836 0.2476 0.9264
vn 0.1123 0.2905 0.9503
vn -0.0813 0.2848 0.9551
vn -0.3128 0.2451 0.9177
vn -0.1437 0.3000 0.9430
vn 0.1361 0.2432 0.9604
vn 0.4342 0.8945 -0.1061
vn 0.3511 0.9308 -0.1013
vn 0.3751 0.9269 0.0080
vn 0.4578 0.8888 0.0185
vn 0.1707 0.4502 -0.8765
vn -0.4663 0.4931 -0.7344
vn -0.3676 0.4918 -0.7893
vn -0.0510 0.5048 -0.8617
vn -0.6028 0.3282 0.7273
vn -0.7558 0.3014 0.5813
vn -0.6709 0.3371 0.6605
vn -0.4626 0.2961 0.8357
vn 0.5408 0.4324 -0.7215
vn 0.4852 0.4112 -0.7717
vn 0.6469 0.3814 -0.6603
vn 0.7485 0.3377 -0.5707
vn 0.6295 0.5520 0.5469
vn 0.7334 0.5641 0.3795
vn 0.6374 0.5570 0.5324
vn 0.5463 0.4881 0.6806
vn -0.9745 0.2104 0.0780
vn -0.9655 0.2374 0.1071
vn -0.9060 0.1580 0.3927
vn -0.9432 0.1773 0.2810
vn -0.9580 -0.1543 0.2418
vn -0.9389 -0.1979 0.2817
vn -0.7934 -0.2276 0.5645
vn -0.8725 -0.1756 0.4559
vn -0.0466 -0.1450 -0.9883
vn -0.4323 -0.1531 -0.8886
vn -0.4070 -0.0928 -0.9087
vn -0.1559 -0.0877 -0.9839
vn 0.9779 0.2088 0.0042
vn 0.9786 0.1881 -0.0836
vn 0.9819 0.1662 0.0906
vn 0.9650 0.1480 0.2167
vn -0.3348 0.6950 0.6363
vn -0.4447 0.6807 0.5822
vn -0.4287 0.6499 0.6276
vn -0.2946 0.6601 0.6910
vn 0.9219 0.3698 0.1158
vn 0.9064 0.3838 -0.1765
vn 0.8852 0.3847 -0.2615
vn 0.9071 0.4180 -0.0492
vn 0.7847 0.1194 -0.6083
vn 0.7508 0.0999 -0.6529
vn 0.8950 0.0516 -0.4431
vn 0.9606 -0.0041 -0.2779
vn -0.5702 0.7324 0.3720
vn -0.6665 0.7100 0.2271
vn -0.7145 0.6382 0.2867
vn -0.5822 0.6610 0.4734
vn -0.0053 0.6028 0.7978
vn -0.1563 0.5831 0.7972
vn -0.1049 0.5567 0.8241
vn 0.0860 0.5645 0.8210
vn -0.1493 0.5058 0.8496
vn -0.0431 0.5104 0.8589
vn 0.0993 0.4701 0.8770
vn -0.0155 0.4976 0.8673
vn -0.7013 0.5052 -0.5029
vn -0.8393 0.4735 -0.2670
vn -0.7895 0.4788 -0.3839
vn -0.6889 0.4696 -0.5522
vn 0.3589 0.5910 0.7225
vn 0.4729 0.6122 0.6338
vn 0.2994 0.5904 0.7495
vn 0.1687 0.4981 0.8505
vn 0.3712 0.3828 -0.8460
vn 0.5899 0.3960 -0.7037
vn 0.7087 0.3828 -0.5926
vn 0.3576 0.4140 -0.8371
vn -0.8817 0.4308 0.1923
vn -0.8466 0.4663 0.2565
vn -0.7341 0.2434 0.6339
vn -0.8109 0.3679 0.4551
vn -0.3822 0.6597 -0.6471
vn -0.1724 0.6879 -0.7050
vn -0.0026 0.6534 -0.7570
vn -0.2792 0.6940 -0.6637
vt 0.303320 0.730331
vt 0.547464 0.730331
vt 0.547464 0.974475
vt 0.303320 0.974475
s 1
usemtl Leaves
f 3834/3778/3457 3837/3779/3458 3836/3780/3459 3835/3781/3460
f 3937/3779/3461 3935/3778/3462 3934/3781/3463 3936/3780/3464
f 3761/3779/3465 3759/3778/3466 3758/3781/3467 3760/3780/3468
f 4138/3778/3469 4141/3779/3470 4140/3780/3471 4139/3781/3472
f 3813/3779/3473 3812/3778/3474 3811/3781/3475 3810/3780/3476
f 3754/3778/3477 3757/3779/3478 3756/3780/3479 3755/3781/3480
f 3866/3778/3481 3869/3779/3482 3868/3780/3483 3867/3781/3484
f 3992/3778/3485 3993/3779/3486 3991/3780/3487 3990/3781/3488
f 3953/3779/3489 3951/3778/3490 3950/3781/3491 3952/3780/3492
f 3861/3779/3493 3860/3778/3494 3859/3781/3495 3858/3780/3496
f 3928/3778/3497 3929/3779/3498 3927/3780/3499 3926/3781/3500
f 4072/3778/3501 4073/3779/3502 4071/3780/3503 4070/3781/3504
f 3825/3779/3505 3823/3778/3506 3822/3781/3507 3824/3780/3508
f 3697/3779/3509 3695/3778/3510 3694/3781/3511 3696/3780/3512
f 3889/3779/3513 3887/3778/3514 3886/3781/3515 3888/3780/3516
f 3498/3778/3517 3501/3779/3518 3500/3780/3519 3499/3781/3520
f 3637/3779/3521 3636/3778/3522 3635/3781/3523 3634/3780/3524
f 3530/3778/3525 3533/3779/3526 3532/3780/3527 3531/3781/3528
f 3642/3778/3529 3645/3779/3530 3644/3780/3531 3643/3781/3532
f 3688/3778/3533 3689/3779/3534 3687/3780/3535 3686/3781/3536
f 3749/3779/3537 3748/3778/3538 3747/3781/3539 3746/3780/3540
f 3713/3779/3541 3711/3778/3542 3710/3781/3543 3712/3780/3544
f 3706/3778/3545 3709/3779/3546 3708/3780/3547 3707/3781/3548
f 3898/3778/3549 3901/3779/3550 3900/3780/3551 3899/3781/3552
f 3882/3778/3553 3885/3779/3554 3884/3780/3555 3883/3781/3556
f 3525/3779/3557 3524/3778/3558 3523/3781/3559 3522/3780/3560
f 3537/3779/3561 3535/3778/3562 3534/3781/3563 3536/3780/3564
f 3640/3778/3565 3641/3779/3566 3639/3780/3567 3638/3781/3568
f 3592/3778/3569 3593/3779/3570 3591/3780/3571 3590/3781/3572
f 4058/3778/3573 4061/3779/3574 4060/3780/3575 4059/3781/3576
f 3765/3779/3577 3764/3778/3578 3763/3781/3579 3762/3780/3580
f 3941/3779/3581 3940/3778/3582 3939/3781/3583 3938/3780/3584
f 3656/3778/3585 3657/3779/3586 3655/3780/3587 3654/3781/3588
f 4008/3778/3589 4009/3779/3590 4007/3780/3591 4006/3781/3592
f 4152/3778/3593 4153/3779/3594 4151/3780/3595 4150/3781/3596
f 3784/3778/3597 3785/3779/3598 3783/3780/3599 3782/3781/3600
f 3717/3779/3601 3716/3778/3602 3715/3781/3603 3714/3780/3604
f 3786/3778/3605 3789/3779/3606 3788/3780/3607 3787/3781/3608
f 3925/3779/3609 3924/3778/3610 3923/3781/3611 3922/3780/3612
f 4017/3779/3613 4015/3778/3614 4014/3781/3615 4016/3780/3616
f 3509/3779/3617 3508/3778/3618 3507/3781/3619 3506/3780/3620
f 3816/3778/3621 3817/3779/3622 3815/3780/3623 3814/3781/3624
f 3482/3778/3625 3485/3779/3626 3484/3780/3627 3483/3781/3628
f 3578/3778/3629 3581/3779/3630 3580/3780/3631 3579/3781/3632
f 3601/3779/3633 3599/3778/3634 3598/3781/3635 3600/3780/3636
f 4184/3778/3637 4185/3779/3638 4183/3780/3639 4182/3781/3640
f 3672/3778/3641 3673/3779/3642 3671/3780/3643 3670/3781/3644
f 3722/3778/3645 3725/3779/3646 3724/3780/3647 3723/3781/3648
f 3585/3779/3649 3583/3778/3650 3582/3781/3651 3584/3780/3652
f 3658/3778/3653 3661/3779/3654 3660/3780/3655 3659/3781/3656
f 3946/3778/3657 3949/3779/3658 3948/3780/3659 3947/3781/3660
f 3848/3778/3661 3849/3779/3662 3847/3780/3663 3846/3781/3664
f 4081/3779/3665 4079/3778/3666 4078/3781/3667 4080/3780/3668
f 3589/3779/3669 3588/3778/3670 3587/3781/3671 3586/3780/3672
f 3649/3779/3673 3647/3778/3674 3646/3781/3675 3648/3780/3676
f 3553/3779/3677 3551/3778/3678 3550/3781/3679 3552/3780/3680
f 3685/3779/3681 3684/3778/3682 3683/3781/3683 3682/3780/3684
f 3621/3779/3685 3620/3778/3686 3619/3781/3687 3618/3780/3688
f 3665/3779/3689 3663/3778/3690 3662/3781/3691 3664/3780/3692
f 3850/3778/3693 3853/3779/3694 3852/3780/3695 3851/3781/3696
f 4097/3779/3697 4095/3778/3698 4094/3781/3699 4096/3780/3700
f 3969/3779/3701 3967/3778/3702 3966/3781/3703 3968/3780/3704
f 3800/3778/3705 3801/3779/3706 3799/3780/3707 3798/3781/3708
f 3624/3778/3709 3625/3779/3710 3623/3780/3711 3622/3781/3712
f 3738/3778/3713 3741/3779/3714 3740/3780/3715 3739/3781/3716
f 3690/3778/3717 3693/3779/3718 3692/3780/3719 3691/3781/3720
f 3962/3778/3721 3965/3779/3722 3964/3780/3723 3963/3781/3724
f 3896/3778/3725 3897/3779/3726 3895/3780/3727 3894/3781/3728
f 3626/3778/3729 3629/3779/3730 3628/3780/3731 3627/3781/3732
f 4021/3779/3733 4020/3778/3734 4019/3781/3735 4018/3780/3736
f 3930/3778/3737 3933/3779/3738 3932/3780/3739 3931/3781/3740
f 3729/3779/3741 3727/3778/3742 3726/3781/3743 3728/3780/3744
f 3569/3779/3745 3567/3778/3746 3566/3781/3747 3568/3780/3748
f 4165/3779/3749 4164/3778/3750 4163/3781/3751 4162/3780/3752
f 3512/3778/3753 3513/3779/3754 3511/3780/3755 3510/3781/3756
f 3880/3778/3757 3881/3779/3758 3879/3780/3759 3878/3781/3760
f 3960/3778/3761 3961/3779/3762 3959/3780/3763 3958/3781/3764
f 4085/3779/3765 4084/3778/3766 4083/3781/3767 4082/3780/3768
f 3912/3778/3769 3913/3779/3770 3911/3780/3771 3910/3781/3772
f 3752/3778/3773 3753/3779/3774 3751/3780/3775 3750/3781/3776
f 3594/3778/3777 3597/3779/3778 3596/3780/3779 3595/3781/3780
f 4049/3779/3781 4047/3778/3782 4046/3781/3783 4048/3780/3784
f 3857/3779/3785 3855/3778/3786 3854/3781/3787 3856/3780/3788
f 4088/3778/3789 4089/3779/3790 4087/3780/3791 4086/3781/3792
f 4170/3778/3793 4173/3779/3794 4172/3780/3795 4171/3781/3796
f 3633/3779/3797 3631/3778/3798 3630/3781/3799 3632/3780/3800
f 3493/3779/3801 3492/3778/3802 3491/3781/3803 3490/3780/3804
f 4136/3778/3805 4137/3779/3806 4135/3780/3807 4134/3781/3808
f 3793/3779/3809 3791/3778/3810 3790/3781/3811 3792/3780/3812
f 3797/3779/3813 3796/3778/3814 3795/3781/3815 3794/3780/3816
f 4053/3779/3817 4052/3778/3818 4051/3781/3819 4050/3780/3820
f 3669/3779/3821 3668/3778/3822 3667/3781/3823 3666/3780/3824
f 3736/3778/3825 3737/3779/3826 3735/3780/3827 3734/3781/3828
f 3777/3779/3829 3775/3778/3830 3774/3781/3831 3776/3780/3832
f 3528/3778/3833 3529/3779/3834 3527/3780/3835 3526/3781/3836
f 3473/3779/3837 3471/3778/3838 3470/3781/3839 3472/3780/3840
f 3514/3778/3841 3517/3779/3842 3516/3780/3843 3515/3781/3844
f 3480/3778/3845 3481/3779/3846 3479/3780/3847 3478/3781/3848
f 3560/3778/3849 3561/3779/3850 3559/3780/3851 3558/3781/3852
f 3877/3779/3853 3876/3778/3854 3875/3781/3855 3874/3780/3856
f 3681/3779/3857 3679/3778/3858 3678/3781/3859 3680/3780/3860
f 3477/3779/3861 3476/3778/3862 3475/3781/3863 3474/3780/3864
f 3893/3779/3865 3892/3778/3866 3891/3781/3867 3890/3780/3868
f 4117/3779/3869 4116/3778/3870 4115/3781/3871 4114/3780/3872
f 3610/3778/3873 3613/3779/3874 3612/3780/3875 3611/3781/3876
f 3944/3778/3877 3945/3779/3878 3943/3780/3879 3942/3781/3880
f 4120/3778/3881 4121/3779/3882 4119/3780/3883 4118/3781/3884
f 3541/3779/3885 3540/3778/3886 3539/3781/3887 3538/3780/3888
f 3466/3778/3889 3469/3779/3890 3468/3780/3891 3467/3781/3892
f 3914/3778/3893 3917/3779/3894 3916/3780/3895 3915/3781/3896
f 4090/3778/3897 4093/3779/3898 4092/3780/3899 4091/3781/3900
f 3489/3779/3901 3487/3778/3902 3486/3781/3903 3488/3780/3904
f 4181/3779/3905 4180/3778/3906 4179/3781/3907 4178/3780/3908
f 3546/3778/3909 3549/3779/3910 3548/3780/3911 3547/3781/3912
f 3653/3779/3913 3652/3778/3914 3651/3781/3915 3650/3780/3916
f 3873/3779/3917 3871/3778/3918 3870/3781/3919 3872/3780/3920
f 3562/3778/3921 3565/3779/3922 3564/3780/3923 3563/3781/3924
f 4106/3778/3925 4109/3779/3926 4108/3780/3927 4107/3781/3928
f 3809/3779/3929 3807/3778/3930 3806/3781/3931 3808/3780/3932
f 3701/3779/3933 3700/3778/3934 3699/3781/3935 3698/3780/3936
f 3973/3779/3937 3972/3778/3938 3971/3781/3939 3970/3780/3940
f 3573/3779/3941 3572/3778/3942 3571/3781/3943 3570/3780/3944
f 3832/3778/3945 3833/3779/3946 3831/3780/3947 3830/3781/3948
f 4074/3778/3949 4077/3779/3950 4076/3780/3951 4075/3781/3952
f 4065/3779/3953 4063/3778/3954 4062/3781/3955 4064/3780/3956
f 3745/3779/3957 3743/3778/3958 3742/3781/3959 3744/3780/3960
f 3985/3779/3961 3983/3778/3962 3982/3781/3963 3984/3780/3964
f 4024/3778/3965 4025/3779/3966 4023/3780/3967 4022/3781/3968
f 3770/3778/3969 3773/3779/3970 3772/3780/3971 3771/3781/3972
f 3576/3778/3973 3577/3779/3974 3575/3780/3975 3574/3781/3976
f 3818/3778/3977 3821/3779/3978 3820/3780/3979 3819/3781/3980
f 4104/3778/3981 4105/3779/3982 4103/3780/3983 4102/3781/3984
f 3989/3779/3985 3988/3778/3986 3987/3781/3987 3986/3780/3988
f 4042/3778/3989 4045/3779/3990 4044/3780/3991 4043/3781/3992
f 3978/3778/3993 3981/3779/3994 3980/3780/3995 3979/3781/3996
f 3957/3779/3997 3956/3778/3998 3955/3781/3999 3954/3780/4000
f 3768/3778/4001 3769/3779/4002 3767/3780/4003 3766/3781/4004
f 3829/3779/4005 3828/3778/4006 3827/3781/4007 3826/3780/4008
f 4161/3779/4009 4159/3778/4010 4158/3781/4011 4160/3780/4012
f 3921/3779/4013 3919/3778/4014 3918/3781/4015 3920/3780/4016
f 4149/3779/4017 4148/3778/4018 4147/3781/4019 4146/3780/4020
f 3864/3778/4021 3865/3779/4022 3863/3780/4023 3862/3781/4024
f 3720/3778/4025 3721/3779/4026 3719/3780/4027 3718/3781/4028
f 4113/3779/4029 4111/3778/4030 4110/3781/4031 4112/3780/4032
f 4122/3778/4033 4125/3779/4034 4124/3780/4035 4123/3781/4036
f 4010/3778/4037 4013/3779/4038 4012/3780/4039 4011/3781/4040
f 3733/3779/4041 3732/3778/4042 3731/3781/4043 3730/3780/4044
f 4168/3778/4045 4169/3779/4046 4167/3780/4047 4166/3781/4048
f 4033/3779/4049 4031/3778/4050 4030/3781/4051 4032/3780/4052
f 4037/3779/4053 4036/3778/4054 4035/3781/4055 4034/3780/4056
f 3841/3779/4057 3839/3778/4058 3838/3781/4059 3840/3780/4060
f 4005/3779/4061 4004/3778/4062 4003/3781/4063 4002/3780/4064
f 4069/3779/4065 4068/3778/4066 4067/3781/4067 4066/3780/4068
f 3617/3779/4069 3615/3778/4070 3614/3781/4071 3616/3780/4072
f 3905/3779/4073 3903/3778/4074 3902/3781/4075 3904/3780/4076
f 4040/3778/4077 4041/3779/4078 4039/3780/4079 4038/3781/4080
f 3781/3779/4081 3780/3778/4082 3779/3781/4083 3778/3780/4084
f 3605/3779/4085 3604/3778/4086 3603/3781/4087 3602/3780/4088
f 4145/3779/4089 4143/3778/4090 4142/3781/4091 4144/3780/4092
f 3496/3778/4093 3497/3779/4094 3495/3780/4095 3494/3781/4096
f 4001/3779/4097 3999/3778/4098 3998/3781/4099 4000/3780/4100
f 4133/3779/4101 4132/3778/4102 4131/3781/4103 4130/3780/4104
f 3608/3778/4105 3609/3779/4106 3607/3780/4107 3606/3781/4108
f 3802/3778/4109 3805/3779/4110 3804/3780/4111 3803/3781/4112
f 3521/3779/4113 3519/3778/4114 3518/3781/4115 3520/3780/4116
f 4026/3778/4117 4029/3779/4118 4028/3780/4119 4027/3781/4120
f 3994/3778/4121 3997/3779/4122 3996/3780/4123 3995/3781/4124
f 4101/3779/4125 4100/3778/4126 4099/3781/4127 4098/3780/4128
f 4154/3778/4129 4157/3779/4130 4156/3780/4131 4155/3781/4132
f 4056/3778/4133 4057/3779/4134 4055/3780/4135 4054/3781/4136
f 3704/3778/4137 3705/3779/4138 3703/3780/4139 3702/3781/4140
f 3674/3778/4141 3677/3779/4142 3676/3780/4143 3675/3781/4144
f 3544/3778/4145 3545/3779/4146 3543/3780/4147 3542/3781/4148
f 3976/3778/4149 3977/3779/4150 3975/3780/4151 3974/3781/4152
f 4177/3779/4153 4175/3778/4154 4174/3781/4155 4176/3780/4156
f 3845/3779/4157 3844/3778/4158 3843/3781/4159 3842/3780/4160
f 3505/3779/4161 3503/3778/4162 3502/3781/4163 3504/3780/4164
f 3557/3779/4165 3556/3778/4166 3555/3781/4167 3554/3780/4168
f 4129/3779/4169 4127/3778/4170 4126/3781/4171 4128/3780/4172
f 3909/3779/4173 3908/3778/4174 3907/3781/4175 3906/3780/4176
o Tree_1.106
v -22.120806 14.156311 4.535783
v -23.842356 13.467792 6.026957
v -22.385633 11.829869 6.952456
v -20.664083 12.518388 5.461284
v -23.842356 13.467792 6.026957
v -22.120806 14.156311 4.535783
v -22.385633 11.829869 6.952456
v -20.664083 12.518388 5.461284
v -21.732048 11.451694 5.254440
v -20.973358 13.034266 6.861064
v -22.430080 14.672188 5.935564
v -23.188772 13.089618 4.328942
v -20.973358 13.034266 6.861064
v -21.732048 11.451694 5.254440
v -22.430080 14.672188 5.935564
v -23.188772 13.089618 4.328942
v -19.449842 14.974058 7.694323
v -18.984537 14.162038 9.881903
v -16.855310 13.397233 9.145117
v -17.320616 14.209252 6.957537
v -18.984537 14.162038 9.881903
v -19.449842 14.974058 7.694323
v -16.855310 13.397233 9.145117
v -17.320616 14.209252 6.957537
v -17.611795 12.833601 7.544024
v -16.657190 14.935287 8.121113
v -18.786417 15.700092 8.857900
v -19.741022 13.598407 8.280809
v -16.657190 14.935287 8.121113
v -17.611795 12.833601 7.544024
v -18.786417 15.700092 8.857900
v -19.741022 13.598407 8.280809
v -21.917908 16.268888 4.149538
v -23.811192 16.101955 5.580968
v -23.222553 13.855165 6.097512
v -21.329269 14.022096 4.666080
v -23.811192 16.101955 5.580968
v -21.917908 16.268888 4.149538
v -23.222553 13.855165 6.097512
v -21.329269 14.022096 4.666080
v -21.880762 11.220051 5.560011
v -20.565329 11.985193 7.389102
v -21.153965 14.231986 6.872559
v -22.469398 13.466843 5.043468
v -20.565329 11.985193 7.389102
v -21.880762 11.220051 5.560011
v -21.153965 14.231986 6.872559
v -22.469398 13.466843 5.043468
v -18.556986 15.580379 7.670055
v -19.892084 16.217422 9.533674
v -19.409988 14.140163 10.589119
v -18.074890 13.503120 8.725500
v -19.892084 16.217422 9.533674
v -18.556986 15.580379 7.670055
v -19.409988 14.140163 10.589119
v -18.074890 13.503120 8.725500
v -21.249142 15.189836 4.864444
v -19.339563 16.159658 5.900951
v -19.821661 18.236917 4.845507
v -21.731237 17.267094 3.809000
v -17.654140 14.242849 9.989201
v -19.563717 13.273027 8.952693
v -18.136236 16.320108 8.933756
v -20.045815 15.350286 7.897249
v -22.378082 17.004547 4.432995
v -24.342495 16.836391 5.764984
v -23.576004 14.757828 6.632996
v -21.611591 14.925983 5.301006
v -24.342495 16.836391 5.764984
v -22.378082 17.004547 4.432995
v -23.576004 14.757828 6.632996
v -21.611591 14.925983 5.301006
v -22.948481 14.285860 4.948682
v -21.846230 15.431581 6.718921
v -22.612720 17.510145 5.850909
v -23.714973 16.364424 4.080670
v -21.846230 15.431581 6.718921
v -22.948481 14.285860 4.948682
v -22.612720 17.510145 5.850909
v -23.714973 16.364424 4.080670
v -19.129635 15.914205 8.560658
v -20.307369 15.789942 10.624365
v -18.978157 13.925299 11.270653
v -17.800423 14.049563 9.206944
v -20.307369 15.789942 10.624365
v -19.129635 15.914205 8.560658
v -18.978157 13.925299 11.270653
v -17.800423 14.049563 9.206944
v -20.748699 15.180282 5.447991
v -19.165182 16.653051 6.440365
v -20.494392 18.517694 5.794078
v -22.077911 17.044926 4.801704
v -19.165182 16.653051 6.440365
v -20.748699 15.180282 5.447991
v -20.494392 18.517694 5.794078
v -22.077911 17.044926 4.801704
v -21.712555 16.555590 5.571704
v -23.525024 16.244080 7.081440
v -22.768036 14.034261 7.534262
v -20.955566 14.345768 6.024526
v -23.525024 16.244080 7.081440
v -21.712555 16.555590 5.571704
v -22.768036 14.034261 7.534262
v -20.955566 14.345768 6.024526
v -22.351990 13.808540 5.737208
v -21.009117 14.633791 7.519632
v -21.766106 16.843613 7.066812
v -23.108978 16.018360 5.284387
v -21.009117 14.633791 7.519632
v -22.351990 13.808540 5.737208
v -21.766106 16.843613 7.066812
v -23.108978 16.018360 5.284387
v -21.458437 17.533453 5.611845
v -21.573668 16.470297 7.737360
v -19.325081 15.732597 7.490271
v -19.209854 16.795755 5.364758
v -21.573668 16.470297 7.737360
v -21.458437 17.533453 5.611845
v -19.325081 15.732597 7.490271
v -19.209854 16.795755 5.364758
v -19.640644 15.372134 5.694739
v -18.871246 17.368851 6.735187
v -21.119829 18.106550 6.982275
v -21.889229 16.109833 5.941828
v -18.871246 17.368851 6.735187
v -19.640644 15.372134 5.694739
v -21.119829 18.106550 6.982275
v -21.889229 16.109833 5.941828
v -22.380630 16.764528 6.363579
v -23.165844 15.439163 8.176927
v -21.032425 14.398342 8.340011
v -20.247210 15.723708 6.526662
v -23.165844 15.439163 8.176927
v -22.380630 16.764528 6.363579
v -21.032425 14.398342 8.340011
v -20.247210 15.723708 6.526662
v -20.912487 14.353698 6.486075
v -20.210106 16.033426 8.017923
v -22.343525 17.074245 7.854843
v -23.045908 15.394518 6.322995
v -20.210106 16.033426 8.017923
v -20.912487 14.353698 6.486075
v -22.343525 17.074245 7.854843
v -23.045908 15.394518 6.322995
v -20.801126 18.169498 5.649057
v -22.127670 17.945988 7.611636
v -20.845106 16.050585 8.262684
v -19.518562 16.274097 6.300106
v -22.127670 17.945988 7.611636
v -20.801126 18.169498 5.649057
v -20.845106 16.050585 8.262684
v -19.518562 16.274097 6.300106
v -20.800295 15.474257 6.496534
v -19.298065 16.895128 7.673739
v -20.580629 18.790531 7.022691
v -22.082859 17.369659 5.845486
v -19.298065 16.895128 7.673739
v -20.800295 15.474257 6.496534
v -20.580629 18.790531 7.022691
v -22.082859 17.369659 5.845486
v -22.238935 17.401482 6.609023
v -23.108061 16.249451 8.500805
v -21.033592 15.113855 8.762321
v -20.164467 16.265886 6.870540
v -23.108061 16.249451 8.500805
v -22.238935 17.401482 6.609023
v -21.033592 15.113855 8.762321
v -20.164467 16.265886 6.870540
v -20.900251 14.932630 6.917646
v -20.123985 16.677517 8.336859
v -22.198452 17.813114 8.075342
v -22.974720 16.068226 6.656130
v -20.123985 16.677517 8.336859
v -20.900251 14.932630 6.917646
v -22.198452 17.813114 8.075342
v -22.974720 16.068226 6.656130
v -21.461765 17.951052 6.285207
v -21.823954 16.911974 8.394834
v -19.619038 16.019775 8.333937
v -19.256849 17.058853 6.224310
v -21.823954 16.911974 8.394834
v -21.461765 17.951052 6.285207
v -19.619038 16.019775 8.333937
v -19.256849 17.058853 6.224310
v -19.810547 15.670380 6.518808
v -18.992901 17.616064 7.617513
v -21.197817 18.508263 7.678409
v -22.015465 16.562580 6.579704
v -18.992901 17.616064 7.617513
v -19.810547 15.670380 6.518808
v -21.197817 18.508263 7.678409
v -22.015465 16.562580 6.579704
v -20.855183 18.271973 6.554992
v -22.664148 18.615044 8.062086
v -22.300415 16.454672 8.990456
v -20.491449 16.111601 7.483361
v -22.664148 18.615044 8.062086
v -20.855183 18.271973 6.554992
v -22.300415 16.454672 8.990456
v -20.491449 16.111601 7.483361
v -21.966156 15.780727 7.291186
v -20.463917 16.716930 8.881212
v -20.827648 18.877302 7.952842
v -22.329889 17.941101 6.362815
v -20.463917 16.716930 8.881212
v -21.966156 15.780727 7.291186
v -20.827648 18.877302 7.952842
v -22.329889 17.941101 6.362815
v -21.692333 12.405470 5.907533
v -20.202587 13.305663 7.349651
v -20.518751 15.336407 6.408636
v -22.008497 14.436214 4.966516
v -21.066126 15.658363 6.113748
v -22.555874 14.758171 4.671629
v -21.382290 17.689108 5.172732
v -22.872038 16.788916 3.730613
v -21.440960 16.939754 3.575309
v -23.111317 17.358232 5.039611
v -22.795153 15.327487 5.980628
v -21.124794 14.909008 4.516325
v -23.111317 17.358232 5.039611
v -21.440960 16.939754 3.575309
v -22.795153 15.327487 5.980628
v -21.124794 14.909008 4.516325
v -17.220514 14.091993 7.706123
v -15.168152 14.911252 7.230704
v -16.114967 16.718435 6.257550
v -18.167330 15.899177 6.732968
v -15.168152 14.911252 7.230704
v -17.220514 14.091993 7.706123
v -16.114967 16.718435 6.257550
v -18.167330 15.899177 6.732968
v -17.360077 15.685516 5.550789
v -17.332693 16.768246 7.534812
v -16.385878 14.961061 8.507967
v -16.413261 13.878332 6.523944
v -17.332693 16.768246 7.534812
v -17.360077 15.685516 5.550789
v -16.385878 14.961061 8.507967
v -16.413261 13.878332 6.523944
v -21.093779 13.756833 4.908267
v -19.543192 14.923788 6.067275
v -20.811325 16.786386 5.888482
v -22.361910 15.619431 4.729474
v -19.543192 14.923788 6.067275
v -21.093779 13.756833 4.908267
v -20.811325 16.786386 5.888482
v -22.361910 15.619431 4.729474
v -21.218004 16.350004 4.226882
v -22.265347 15.822424 6.159271
v -20.997215 13.959824 6.338066
v -19.949871 14.487406 4.405674
v -22.265347 15.822424 6.159271
v -21.218004 16.350004 4.226882
v -20.997215 13.959824 6.338066
v -19.949871 14.487406 4.405674
v -24.992662 10.186070 7.451634
v -23.896694 12.143646 7.175674
v -25.788832 13.273753 7.677738
v -26.884802 11.316179 7.953698
v -15.547898 16.320543 7.788605
v -16.643866 14.362968 8.064566
v -17.440037 17.450651 8.290668
v -18.536005 15.493077 8.566628
v -18.384003 16.282322 7.362949
v -17.811234 16.269894 9.549540
v -15.919094 15.139785 9.047477
v -16.491863 15.152213 6.860887
v -26.160028 12.092996 8.936608
v -26.732800 12.105423 6.750018
v -24.267889 10.962887 8.434546
v -24.840660 10.975315 6.247955
v -21.535776 15.524380 5.600755
v -20.779324 17.509359 6.373439
v -22.714128 18.492617 5.741668
v -23.470581 16.507637 4.968986
v -20.779324 17.509359 6.373439
v -21.535776 15.524380 5.600755
v -22.714128 18.492617 5.741668
v -23.470581 16.507637 4.968986
v -22.722548 17.526608 4.264004
v -23.613453 17.076649 6.292114
v -21.678646 16.093391 6.923884
v -20.787743 16.543350 4.895774
v -23.613453 17.076649 6.292114
v -22.722548 17.526608 4.264004
v -21.678646 16.093391 6.923884
v -20.787743 16.543350 4.895774
v -17.393202 14.640202 9.487471
v -15.366976 15.642056 9.477926
v -16.290539 17.501423 8.583958
v -18.316765 16.499569 8.593502
v -15.366976 15.642056 9.477926
v -17.393202 14.640202 9.487471
v -16.290539 17.501423 8.583958
v -18.316765 16.499569 8.593502
v -17.312088 16.497684 7.551641
v -17.700462 17.302938 9.627726
v -16.776899 15.443570 10.521696
v -16.388525 14.638315 8.445610
v -17.700462 17.302938 9.627726
v -17.312088 16.497684 7.551641
v -16.776899 15.443570 10.521696
v -16.388525 14.638315 8.445610
v -21.548500 13.705680 6.604675
v -19.721077 13.737612 7.866105
v -19.594454 15.941796 7.626865
v -21.421875 15.909864 6.365437
v -19.721077 13.737612 7.866105
v -21.548500 13.705680 6.604675
v -19.594454 15.941796 7.626865
v -21.421875 15.909864 6.365437
v -20.063175 15.788241 5.964020
v -21.318638 16.057034 7.775996
v -21.445263 13.852849 8.015234
v -20.189800 13.584057 6.203258
v -21.318638 16.057034 7.775996
v -20.063175 15.788241 5.964020
v -21.445263 13.852849 8.015234
v -20.189800 13.584057 6.203258
v -18.940157 17.649946 5.770611
v -18.178007 19.735788 5.761467
v -20.256447 20.496040 5.945306
v -21.018597 18.410196 5.954451
v -18.178007 19.735788 5.761467
v -18.940157 17.649946 5.770611
v -20.256447 20.496040 5.945306
v -21.018597 18.410196 5.954451
v -20.801638 19.271801 4.844243
v -20.625837 19.217266 7.057344
v -18.547396 18.457016 6.873504
v -18.723198 18.511551 4.660403
v -20.625837 19.217266 7.057344
v -20.801638 19.271801 4.844243
v -18.547396 18.457016 6.873504
v -18.723198 18.511551 4.660403
v -20.806692 15.315841 7.486740
v -19.281677 16.629044 8.425636
v -20.534544 18.406332 7.974784
v -22.059555 17.093128 7.035887
v -19.281677 16.629044 8.425636
v -20.806692 15.315841 7.486740
v -20.534544 18.406332 7.974784
v -22.059555 17.093128 7.035887
v -20.940544 17.728455 6.430769
v -21.958559 17.508366 8.392122
v -20.705694 15.731078 8.842974
v -19.687677 15.951165 6.881622
v -21.958559 17.508366 8.392122
v -20.940544 17.728455 6.430769
v -20.705694 15.731078 8.842974
v -19.687677 15.951165 6.881622
v -18.516586 17.377602 6.024789
v -17.738518 19.455624 6.114942
v -19.795605 20.210161 6.476559
v -20.573669 18.132139 6.386406
v -17.738518 19.455624 6.114942
v -18.516586 17.377602 6.024789
v -19.795605 20.210161 6.476559
v -20.573669 18.132139 6.386406
v -18.730892 17.151642 9.416092
v -18.423147 16.941437 11.605339
v -16.366062 16.186899 11.243724
v -16.673809 16.397104 9.054476
v -20.108572 18.858246 7.517090
v -20.416317 19.068451 5.327844
v -18.051487 18.103708 7.155475
v -18.359232 18.313913 4.966227
v -20.992970 16.102854 7.681410
v -19.342714 17.295540 8.567894
v -20.302826 19.162399 7.843519
v -21.953081 17.969713 6.957036
v -19.342714 17.295540 8.567894
v -20.992970 16.102854 7.681410
v -20.302826 19.162399 7.843519
v -21.953081 17.969713 6.957036
v -20.725851 18.369272 6.360167
v -21.860107 18.524302 8.263091
v -20.899996 16.657442 8.987467
v -19.765739 16.502415 7.084541
v -21.860107 18.524302 8.263091
v -20.725851 18.369272 6.360167
v -20.899996 16.657442 8.987467
v -19.765739 16.502415 7.084541
v -19.960253 17.057947 6.974929
v -17.912617 17.549446 7.680135
v -17.949394 19.419769 6.483376
v -19.997028 18.928270 5.778171
v -17.912617 17.549446 7.680135
v -19.960253 17.057947 6.974929
v -17.949394 19.419769 6.483376
v -19.997028 18.928270 5.778171
v -17.063152 16.662167 9.282166
v -17.921951 17.753958 11.014837
v -17.885174 15.883636 12.211596
v -17.026377 14.791842 10.478926
v -17.921951 17.753958 11.014837
v -17.063152 16.662167 9.282166
v -17.885174 15.883636 12.211596
v -17.026377 14.791842 10.478926
v -19.646723 16.949600 7.517972
v -18.809452 18.955626 7.972428
v -20.854702 19.819653 7.926582
v -21.691973 17.813627 7.472125
v -18.809452 18.955626 7.972428
v -19.646723 16.949600 7.517972
v -20.854702 19.819653 7.926582
v -21.691973 17.813627 7.472125
v -21.247950 18.816668 6.567276
v -21.466179 18.415407 8.740538
v -19.420929 17.551382 8.786386
v -19.202700 17.952641 6.613123
v -21.466179 18.415407 8.740538
v -21.247950 18.816668 6.567276
v -19.420929 17.551382 8.786386
v -19.202700 17.952641 6.613123
v -24.450325 16.143591 4.138032
v -25.717718 15.400354 5.613095
v -24.080519 14.589004 6.610985
v -22.813126 15.332240 5.135920
v -25.717718 15.400354 5.613095
v -24.450325 16.143591 4.138032
v -24.080519 14.589004 6.610985
v -22.813126 15.332240 5.135920
v -22.565847 11.798531 6.422659
v -22.347240 13.565959 7.501040
v -23.984440 14.377311 6.503151
v -24.203047 12.609882 5.424772
v -23.210779 15.918660 6.265137
v -23.429386 14.151231 5.186756
v -24.847979 16.730011 5.267248
v -25.066586 14.962583 4.188868
v -17.553429 15.866516 7.723692
v -16.624260 15.797160 9.585501
v -15.022242 14.764767 8.747527
v -15.951410 14.834124 6.885717
v -16.624260 15.797160 9.585501
v -17.553429 15.866516 7.723692
v -15.022242 14.764767 8.747527
v -15.951410 14.834124 6.885717
v -16.055317 13.903074 7.834135
v -15.104170 15.709688 7.426748
v -16.706188 16.742081 8.264722
v -17.657333 14.935467 8.672110
v -23.452965 11.532789 6.813817
v -24.404112 9.726175 7.221204
v -25.054985 12.565183 7.651792
v -26.006130 10.758568 8.059178
v -22.911131 14.603342 5.293559
v -24.216991 13.652275 6.606836
v -23.017208 11.951242 6.567964
v -21.711349 12.902310 5.254685
v -24.216991 13.652275 6.606836
v -22.911131 14.603342 5.293559
v -23.017208 11.951242 6.567964
v -21.711349 12.902310 5.254685
v -22.779072 12.155666 4.972487
v -21.688313 12.888100 6.587506
v -22.888096 14.589132 6.626380
v -23.978855 13.856699 5.011361
v -21.688313 12.888100 6.587506
v -22.779072 12.155666 4.972487
v -22.888096 14.589132 6.626380
v -23.978855 13.856699 5.011361
v -17.302883 16.278669 8.475359
v -17.295679 16.593220 10.533394
v -16.067287 14.930939 10.783154
v -16.074492 14.616389 8.725120
v -18.981102 18.510027 6.445144
v -18.988306 18.195478 4.387110
v -17.752710 16.847748 6.694905
v -17.759914 16.533199 4.636871
v -18.597494 16.052309 5.555757
v -16.916573 17.265728 5.364413
v -18.144962 18.928007 5.114652
v -19.825886 17.714588 5.305996
v -15.231148 15.348919 9.452662
v -16.912071 14.135499 9.644006
v -16.459539 17.011198 9.202900
v -18.140463 15.797780 9.394245
v -24.428474 16.394457 5.461651
v -25.605589 15.614180 6.991378
v -23.925261 14.708388 7.822358
v -22.748144 15.488667 6.292631
v -25.605589 15.614180 6.991378
v -24.428474 16.394457 5.461651
v -23.925261 14.708388 7.822358
v -22.748144 15.488667 6.292631
v -23.396040 14.324322 6.333578
v -23.041941 16.028788 7.475466
v -24.722269 16.934580 6.644485
v -25.076370 15.230115 5.502598
v -23.041941 16.028788 7.475466
v -23.396040 14.324322 6.333578
v -24.722269 16.934580 6.644485
v -25.076370 15.230115 5.502598
v -17.972860 17.080927 9.226552
v -17.915251 17.217289 11.303228
v -16.248623 15.970064 11.338893
v -16.306229 15.833704 9.262215
v -19.600676 19.134098 7.214980
v -19.658283 18.997736 5.138303
v -17.934046 17.886873 7.250644
v -17.991653 17.750513 5.173966
v -18.591812 16.974344 6.076473
v -17.345409 18.635771 5.932802
v -19.012039 19.882994 5.897138
v -20.258442 18.221569 6.040810
v -17.345409 18.635771 5.932802
v -18.591812 16.974344 6.076473
v -19.012039 19.882994 5.897138
v -20.258442 18.221569 6.040810
v -22.225552 14.644251 7.363259
v -23.404102 14.578485 8.956435
v -23.505669 12.604486 8.799815
v -22.327118 12.670252 7.206638
v -23.404102 14.578485 8.956435
v -22.225552 14.644251 7.363259
v -23.505669 12.604486 8.799815
v -22.327118 12.670252 7.206638
v -23.594185 12.731297 7.258935
v -22.002892 12.556594 8.428884
v -21.901323 14.530594 8.585503
v -23.492619 14.705296 7.415555
v -22.002892 12.556594 8.428884
v -23.594185 12.731297 7.258935
v -21.901323 14.530594 8.585503
v -23.492619 14.705296 7.415555
v -20.567665 19.530281 6.568310
v -20.101833 19.769102 8.480764
v -18.196060 19.418724 8.060314
v -18.661890 19.179901 6.147858
v -20.101833 19.769102 8.480764
v -20.567665 19.530281 6.568310
v -18.196060 19.418724 8.060314
v -18.661890 19.179901 6.147858
v -18.619213 18.306963 7.068772
v -18.331905 20.243896 6.756911
v -20.237679 20.594276 7.177362
v -20.524984 18.657341 7.489222
v -18.331905 20.243896 6.756911
v -18.619213 18.306963 7.068772
v -20.237679 20.594276 7.177362
v -20.524984 18.657341 7.489222
v -21.842894 16.736404 8.323982
v -22.834476 16.797770 10.039940
v -22.325275 14.915878 10.401489
v -21.333691 14.854513 8.685530
v -22.834476 16.797770 10.039940
v -21.842894 16.736404 8.323982
v -22.325275 14.915878 10.401489
v -21.333691 14.854513 8.685530
v -22.550230 14.568318 8.909234
v -20.910418 15.189800 9.834591
v -21.419621 17.071690 9.473043
v -23.059433 16.450209 8.547686
v -20.910418 15.189800 9.834591
v -22.550230 14.568318 8.909234
v -21.419621 17.071690 9.473043
v -23.059433 16.450209 8.547686
v -19.413183 18.857239 6.632764
v -19.147442 18.994118 8.592909
v -17.497824 17.903931 8.445397
v -17.763563 17.767048 6.485253
v -19.147442 18.994118 8.592909
v -19.413183 18.857239 6.632764
v -17.497824 17.903931 8.445397
v -17.763563 17.767048 6.485253
v -18.191040 16.996532 7.399305
v -17.123493 18.647068 7.139316
v -18.773113 19.737257 7.286828
v -19.840658 18.086721 7.546816
v -17.123493 18.647068 7.139316
v -18.191040 16.996532 7.399305
v -18.773113 19.737257 7.286828
v -19.840658 18.086721 7.546816
v -22.692759 18.071342 7.830787
v -23.579657 18.070885 9.604182
v -22.336979 16.656147 10.225295
v -21.450081 16.656607 8.451900
v -23.579657 18.070885 9.604182
v -22.692759 18.071342 7.830787
v -22.336979 16.656147 10.225295
v -21.450081 16.656607 8.451900
v -22.437429 15.961795 8.844712
v -21.172249 17.351049 9.477803
v -22.414928 18.765789 8.856690
v -23.680107 17.376532 8.223598
v -21.172249 17.351049 9.477803
v -22.437429 15.961795 8.844712
v -22.414928 18.765789 8.856690
v -23.680107 17.376532 8.223598
v -19.968536 19.342552 6.276776
v -20.231691 19.854326 8.174237
v -19.014080 18.394087 8.736951
v -18.750925 17.882317 6.839490
v -20.231691 19.854326 8.174237
v -19.968536 19.342552 6.276776
v -19.014080 18.394087 8.736951
v -18.750925 17.882317 6.839490
v -19.627499 17.467083 7.658710
v -18.084875 18.706968 7.538239
v -19.302485 20.167204 6.975524
v -20.845110 18.927320 7.095996
v -18.084875 18.706968 7.538239
v -19.627499 17.467083 7.658710
v -19.302485 20.167204 6.975524
v -20.845110 18.927320 7.095996
v -21.086430 18.617298 7.869311
v -21.890364 19.031698 9.633816
v -21.235216 17.298359 10.339392
v -20.431282 16.883961 8.574887
v -21.890364 19.031698 9.633816
v -21.086430 18.617298 7.869311
v -21.235216 17.298359 10.339392
v -20.431282 16.883961 8.574887
v -21.597839 16.615171 8.997756
v -19.907873 17.484268 9.563620
v -20.563021 19.217606 8.858046
v -22.252987 18.348511 8.292181
v -19.907873 17.484268 9.563620
v -21.597839 16.615171 8.997756
v -20.563021 19.217606 8.858046
v -22.252987 18.348511 8.292181
v -22.731619 13.076295 6.687496
v -22.903589 14.459863 8.069323
v -24.256252 15.377416 6.982273
v -24.084282 13.993847 5.600446
v -23.767128 16.812563 6.833419
v -23.595158 15.428996 5.451592
v -25.119793 17.730116 5.746369
v -24.947821 16.346548 4.364542
v -23.447023 15.070991 5.716669
v -24.859116 14.023559 6.589684
v -23.506453 13.106006 7.676735
v -22.094360 14.153439 6.803720
v -24.859116 14.023559 6.589684
v -23.447023 15.070991 5.716669
v -23.506453 13.106006 7.676735
v -22.094360 14.153439 6.803720
v -17.726215 14.828085 6.910065
v -16.105824 15.926374 6.763884
v -17.213398 17.525040 6.497738
v -18.833790 16.426750 6.643919
v -16.105824 15.926374 6.763884
v -17.726215 14.828085 6.910065
v -17.213398 17.525040 6.497738
v -18.833790 16.426750 6.643919
v -15.938342 16.661827 6.106898
v -15.968201 16.964005 8.046247
v -14.860626 15.365339 8.312393
v -14.830770 15.063162 6.373044
v -18.200562 17.017155 7.555122
v -18.170704 16.714977 5.615772
v -17.092987 15.418489 7.821267
v -17.063131 15.116312 5.881918
v -22.017506 12.522308 5.416728
v -21.510267 12.870723 7.280754
v -22.787670 14.359588 7.350068
v -23.294909 14.011173 5.486042
v -21.510267 12.870723 7.280754
v -22.017506 12.522308 5.416728
v -22.787670 14.359588 7.350068
v -23.294909 14.011173 5.486042
v -22.391258 14.766001 5.925925
v -23.792768 13.535078 6.537380
v -22.515366 12.046212 6.468066
v -21.113855 13.277135 5.856611
v -23.792768 13.535078 6.537380
v -22.391258 14.766001 5.925925
v -22.515366 12.046212 6.468066
v -21.113855 13.277135 5.856611
v -17.527462 15.515270 7.674219
v -16.479881 17.152800 7.946900
v -18.042568 18.016712 8.762344
v -19.090147 16.379183 8.489663
v -16.479881 17.152800 7.946900
v -17.527462 15.515270 7.674219
v -18.042568 18.016712 8.762344
v -19.090147 16.379183 8.489663
v -18.951235 17.360321 7.716412
v -18.390995 16.708069 9.481059
v -16.828308 15.844155 8.665615
v -17.388550 16.496408 6.900969
v -18.390995 16.708069 9.481059
v -18.951235 17.360321 7.716412
v -16.828308 15.844155 8.665615
v -17.388550 16.496408 6.900969
v -24.206768 15.128662 6.528665
v -23.863438 15.787008 8.345801
v -23.970184 17.636234 7.695997
v -24.313517 16.977888 5.878860
v -23.863438 15.787008 8.345801
v -24.206768 15.128662 6.528665
v -23.970184 17.636234 7.695997
v -24.313517 16.977888 5.878860
v -23.211298 17.233809 6.426095
v -25.141068 17.248646 6.785334
v -25.034321 15.399418 7.435137
v -23.104553 15.384583 7.075900
v -25.141068 17.248646 6.785334
v -23.211298 17.233809 6.426095
v -25.034321 15.399418 7.435137
v -23.104553 15.384583 7.075900
v -24.101986 12.422913 8.365690
v -23.085445 14.090984 8.559248
v -24.759521 15.079857 8.829208
v -25.776062 13.411785 8.635652
v -16.969011 18.321032 8.681053
v -17.985550 16.652962 8.487495
v -18.643087 19.309906 8.951014
v -19.659628 17.641832 8.757456
v -19.318960 18.461496 7.867545
v -19.187063 18.156626 9.802214
v -17.512987 17.167755 9.532252
v -17.644882 17.472626 7.597585
v -19.187063 18.156626 9.802214
v -19.318960 18.461496 7.867545
v -17.512987 17.167755 9.532252
v -17.644882 17.472626 7.597585
vn 0.2209 0.5564 -0.8010
vn 0.1970 0.5146 -0.8345
vn 0.3687 0.5612 -0.7410
vn 0.4702 0.5794 -0.6657
vn 0.4040 0.9146 0.0180
vn 0.3770 0.9252 -0.0435
vn 0.4139 0.8995 0.1399
vn 0.4722 0.8451 0.2505
vn -0.3422 0.6760 0.6526
vn -0.3199 0.6222 0.7145
vn -0.0913 0.6909 0.7171
vn -0.1752 0.7329 0.6574
vn -0.3638 0.6764 -0.6404
vn -0.4812 0.6499 -0.5883
vn -0.3558 0.7241 -0.5908
vn -0.2257 0.7351 -0.6392
vn -0.8777 0.0805 -0.4725
vn -0.9898 -0.0409 -0.1363
vn -0.9664 -0.0128 -0.2566
vn -0.8825 0.0456 -0.4681
vn -0.1657 0.2677 -0.9491
vn -0.1415 0.2446 -0.9592
vn 0.1023 0.3137 -0.9440
vn 0.2419 0.3414 -0.9082
vn -0.1019 0.6614 -0.7431
vn -0.2294 0.6008 -0.7658
vn -0.1138 0.6599 -0.7426
vn 0.0197 0.6890 -0.7245
vn -0.5400 0.3861 0.7479
vn -0.7018 0.3593 0.6151
vn -0.7876 0.2110 0.5789
vn -0.5883 0.2481 0.7696
vn -0.0491 0.9016 0.4297
vn -0.1316 0.9183 0.3733
vn -0.1995 0.8541 0.4804
vn -0.1330 0.8201 0.5566
vn -0.9297 0.3196 -0.1832
vn -0.9619 0.2701 -0.0427
vn -0.9278 0.3284 -0.1771
vn -0.8830 0.3418 -0.3216
vn -0.7266 0.0563 0.6847
vn -0.8740 -0.0193 0.4856
vn -0.8866 -0.1197 0.4467
vn -0.6199 -0.0014 0.7847
vn -0.2702 0.6160 0.7400
vn -0.3792 0.5468 0.7465
vn -0.3482 0.5128 0.7847
vn -0.2113 0.5959 0.7748
vn -0.2068 0.3822 0.9007
vn -0.0630 0.4619 0.8847
vn 0.0621 0.4838 0.8730
vn -0.0836 0.4458 0.8912
vn -0.2117 0.7627 0.6111
vn -0.1893 0.6940 0.6946
vn 0.0894 0.7659 0.6367
vn -0.0182 0.8188 0.5738
vn -0.0874 0.9062 0.4137
vn -0.1756 0.9237 0.3406
vn -0.2493 0.8586 0.4479
vn -0.1782 0.8246 0.5369
vn -0.7245 0.2373 -0.6472
vn -0.8230 0.1764 -0.5399
vn -0.9180 -0.0287 -0.3955
vn -0.8518 0.1212 -0.5096
vn -0.1107 0.7734 -0.6242
vn 0.0191 0.8579 -0.5134
vn 0.1505 0.8883 -0.4340
vn -0.0435 0.8285 -0.5583
vn -0.7162 0.1019 -0.6904
vn -0.8084 0.0668 -0.5848
vn -0.8927 -0.1158 -0.4355
vn -0.8293 -0.0046 -0.5588
vn -0.8299 -0.3149 -0.4604
vn -0.7888 -0.2691 -0.5526
vn -0.8664 -0.4875 -0.1083
vn -0.8741 -0.4399 -0.2062
vn 0.2607 0.6700 0.6951
vn 0.3870 0.7353 0.5563
vn 0.4095 0.7876 0.4604
vn 0.2983 0.7543 0.5848
vn -0.7198 -0.3764 -0.5833
vn -0.8630 -0.4914 -0.1172
vn -0.8726 -0.4196 -0.2502
vn -0.7768 -0.3489 -0.5242
vn -0.6354 0.2833 0.7184
vn -0.5725 0.2914 0.7664
vn -0.2772 0.2881 0.9166
vn -0.4396 0.3300 0.8354
vn 0.1778 0.7369 -0.6522
vn 0.1216 0.6993 -0.7044
vn 0.3291 0.7439 -0.5816
vn 0.5020 0.7112 -0.4922
vn -0.8792 -0.3446 0.3291
vn -0.9119 -0.3212 0.2555
vn -0.6061 -0.3850 0.6960
vn -0.7247 -0.3717 0.5802
vn -0.6239 -0.3866 -0.6792
vn -0.6166 -0.4332 -0.6573
vn -0.7332 -0.6128 -0.2947
vn -0.7283 -0.5127 -0.4547
vn 0.1564 0.2925 -0.9434
vn 0.4301 0.4293 -0.7942
vn 0.5748 0.4187 -0.7031
vn 0.0617 0.1633 -0.9846
vn 0.0866 0.7487 0.6572
vn 0.1179 0.8158 0.5661
vn 0.0117 0.7387 0.6739
vn -0.0185 0.6340 0.7731
vn -0.5866 0.0485 0.8085
vn -0.7147 -0.0358 0.6986
vn -0.6459 0.0162 0.7632
vn -0.4557 0.0774 0.8868
vn -0.3216 0.0833 0.9432
vn -0.4777 -0.0236 0.8782
vn -0.3624 0.0841 0.9282
vn -0.1485 0.1429 0.9785
vn -0.9960 -0.0433 0.0780
vn -0.9868 -0.0328 0.1588
vn -0.9428 -0.0815 0.3233
vn -0.9732 -0.0624 0.2213
vn -0.9808 0.1926 -0.0291
vn -0.9599 0.1302 0.2481
vn -0.9828 0.1580 0.0957
vn -0.9809 0.1593 -0.1115
vn -0.4289 0.3391 -0.8373
vn -0.2115 0.4662 -0.8591
vn -0.1049 0.5213 -0.8469
vn -0.4843 0.3264 -0.8117
vn -0.4058 0.0956 0.9089
vn -0.5480 0.0010 0.8365
vn -0.4526 0.0824 0.8879
vn -0.2558 0.1433 0.9560
vn -0.0575 0.5410 0.8391
vn -0.1261 0.4769 0.8699
vn -0.0229 0.5308 0.8472
vn 0.0449 0.5790 0.8141
vn 0.2834 0.9388 0.1959
vn 0.2471 0.9689 0.0113
vn 0.1580 0.9828 0.0957
vn 0.1833 0.9516 0.2468
vn 0.4279 0.3917 0.8146
vn 0.6221 0.5907 0.5139
vn 0.6736 0.5801 0.4580
vn 0.5295 0.5192 0.6709
vn -0.7477 0.1757 -0.6404
vn -0.9918 -0.0172 -0.1268
vn -0.9571 0.0450 -0.2861
vn -0.8246 0.1332 -0.5497
vn -0.2515 0.5508 -0.7958
vn -0.3843 0.4803 -0.7884
vn -0.2704 0.5404 -0.7968
vn -0.1351 0.5763 -0.8060
vn 0.1087 0.8106 -0.5754
vn 0.2846 0.8961 -0.3405
vn 0.4033 0.8950 -0.1904
vn 0.0279 0.7578 -0.6519
vn 0.4155 0.7584 0.5021
vn 0.4564 0.7812 0.4259
vn 0.4003 0.7153 0.5729
vn 0.3679 0.6405 0.6741
vn 0.3791 0.6145 -0.6919
vn 0.5643 0.6990 -0.4394
vn 0.6616 0.6945 -0.2828
vn 0.3026 0.5539 -0.7757
vn 0.3249 0.8005 0.5036
vn 0.4156 0.8598 0.2966
vn 0.3588 0.8919 0.2753
vn 0.2912 0.8552 0.4288
vn -0.9012 -0.4063 -0.1509
vn -0.8683 -0.3609 -0.3403
vn -0.7236 -0.6090 0.3248
vn -0.8306 -0.5283 0.1762
vn -0.8326 -0.3558 -0.4245
vn -0.7726 -0.3040 -0.5573
vn -0.8321 -0.5531 -0.0408
vn -0.8589 -0.4919 -0.1423
vn 0.0569 0.8733 0.4838
vn -0.0655 0.8736 0.4821
vn -0.1298 0.7651 0.6307
vn -0.0332 0.7214 0.6917
vn 0.2291 0.9566 0.1798
vn 0.2232 0.9745 0.0219
vn 0.1495 0.9875 0.0503
vn 0.1540 0.9718 0.1788
vn -0.6879 0.5048 0.5215
vn -0.7888 0.4520 0.4166
vn -0.8058 0.3623 0.4684
vn -0.6766 0.4286 0.5987
vn -0.3660 0.5203 -0.7716
vn -0.5130 0.4522 -0.7296
vn -0.3577 0.5305 -0.7685
vn -0.1903 0.5493 -0.8137
vn 0.0793 0.9445 0.3189
vn -0.0496 0.9366 0.3468
vn -0.0619 0.8562 0.5129
vn 0.0635 0.8387 0.5409
vn -0.7959 0.1816 -0.5775
vn -0.8769 0.1324 -0.4620
vn -0.9365 0.0215 -0.3500
vn -0.8803 0.1121 -0.4610
vn -0.6680 -0.3260 -0.6690
vn -0.6647 -0.3395 -0.6655
vn -0.7822 -0.5248 -0.3357
vn -0.7657 -0.4465 -0.4629
vn 0.3590 0.7965 0.4866
vn 0.4333 0.8452 0.3128
vn 0.4112 0.8730 0.2623
vn 0.3498 0.8468 0.4007
vn 0.4359 0.8352 0.3352
vn 0.4530 0.8549 0.2529
vn 0.4289 0.8215 0.3757
vn 0.4211 0.7763 0.4691
vn -0.3654 0.6952 -0.6191
vn -0.2244 0.8005 -0.5557
vn -0.0597 0.8478 -0.5270
vn -0.2436 0.7752 -0.5828
vn 0.0843 0.9348 0.3450
vn -0.0285 0.9338 0.3567
vn -0.0550 0.8584 0.5101
vn 0.0493 0.8352 0.5478
vn 0.2693 0.8706 0.4118
vn 0.2502 0.9100 0.3305
vn 0.1995 0.8474 0.4921
vn 0.2219 0.7644 0.6054
vn -0.8159 0.2561 -0.5184
vn -0.9393 0.1077 -0.3259
vn -0.8626 0.1853 -0.4707
vn -0.7358 0.2477 -0.6303
vn 0.0981 0.5863 -0.8041
vn 0.2795 0.6826 -0.6752
vn 0.3834 0.7196 -0.5790
vn 0.0783 0.6114 -0.7874
vn 0.2149 0.7365 0.6414
vn 0.2768 0.7968 0.5371
vn 0.1939 0.7387 0.6456
vn 0.1479 0.6488 0.7464
vn 0.0480 0.0809 -0.9956
vn 0.1385 0.1437 -0.9799
vn 0.4031 0.2104 -0.8906
vn 0.4935 0.1945 -0.8477
vn -0.9233 0.0306 0.3828
vn -0.8569 0.0559 0.5124
vn -0.8038 0.0435 0.5933
vn -0.8750 0.0435 0.4822
vn 0.2362 0.9717 0.0086
vn 0.1746 0.9846 -0.0114
vn 0.2026 0.9700 0.1342
vn 0.2748 0.9424 0.1905
vn 0.1283 0.9858 0.1081
vn 0.1140 0.9919 -0.0561
vn 0.0125 0.9993 -0.0358
vn 0.0248 0.9946 0.1009
vn -0.6074 0.3574 0.7095
vn -0.7332 0.2775 0.6208
vn -0.7101 0.2203 0.6688
vn -0.5339 0.3201 0.7826
vn 0.1589 0.7167 -0.6790
vn 0.0195 0.6485 -0.7609
vn 0.1426 0.7019 -0.6979
vn 0.2852 0.7241 -0.6280
vn -0.4003 0.1181 -0.9087
vn -0.3342 0.1160 -0.9353
vn -0.0509 0.1867 -0.9811
vn 0.1285 0.2069 -0.9699
vn -0.9631 -0.2396 0.1231
vn -0.9626 -0.2116 0.1694
vn -0.8575 -0.2792 0.4321
vn -0.9095 -0.2682 0.3175
vn -0.7576 0.1464 0.6361
vn -0.8343 0.0789 0.5456
vn -0.7445 0.1107 0.6584
vn -0.6567 0.1587 0.7373
vn -0.7681 -0.2022 -0.6076
vn -0.7338 -0.1511 -0.6624
vn -0.8722 -0.4005 -0.2809
vn -0.8552 -0.3432 -0.3883
vn 0.0947 0.5159 -0.8514
vn 0.2827 0.6046 -0.7446
vn 0.3095 0.6335 -0.7091
vn 0.0133 0.4806 -0.8768
vn -0.9936 -0.0070 0.1125
vn -0.9826 0.0060 0.1855
vn -0.8944 -0.0876 0.4387
vn -0.9501 -0.0395 0.3094
vn -0.1017 0.4583 0.8830
vn 0.0471 0.5395 0.8406
vn 0.2322 0.5590 0.7960
vn 0.0601 0.5356 0.8423
vn 0.1601 0.6982 0.6978
vn 0.2114 0.7570 0.6183
vn 0.0945 0.6525 0.7518
vn 0.0492 0.5198 0.8529
vn -0.4463 0.3047 -0.8414
vn -0.6049 0.1773 -0.7763
vn -0.5055 0.2382 -0.8293
vn -0.3603 0.3148 -0.8781
vn -0.7501 0.3537 0.5588
vn -0.8688 0.2945 0.3981
vn -0.8911 0.1625 0.4237
vn -0.7194 0.2459 0.6496
vn 0.1352 0.9542 0.2670
vn 0.1531 0.9831 0.1003
vn 0.0510 0.9928 0.1088
vn 0.0360 0.9686 0.2459
vn -0.7257 0.1376 0.6741
vn -0.8084 0.0734 0.5841
vn -0.7281 0.1057 0.6773
vn -0.6276 0.1516 0.7636
vn 0.0102 0.3627 -0.9318
vn 0.1846 0.4511 -0.8732
vn 0.2214 0.4781 -0.8499
vn -0.0357 0.3487 -0.9366
vn 0.1779 0.4644 0.8676
vn 0.0262 0.3392 0.9403
vn 0.1053 0.3982 0.9112
vn 0.3292 0.5063 0.7970
vn 0.0904 0.9181 0.3858
vn 0.1602 0.9627 0.2181
vn 0.0486 0.9814 0.1858
vn -0.0070 0.9462 0.3235
vn -0.7395 -0.1794 -0.6488
vn -0.6718 -0.1062 -0.7331
vn -0.8552 -0.4153 -0.3101
vn -0.8388 -0.3469 -0.4197
vn 0.2476 0.9191 0.3065
vn 0.2235 0.9411 0.2539
vn 0.1935 0.9099 0.3670
vn 0.2168 0.8728 0.4372
vn -0.4422 0.7340 0.5155
vn -0.4709 0.6553 0.5907
vn -0.2940 0.6992 0.6517
vn -0.3002 0.7691 0.5642
vn -0.4468 0.5680 0.6912
vn -0.5545 0.5132 0.6551
vn -0.5558 0.4575 0.6942
vn -0.4226 0.5252 0.7387
vn -0.2532 0.6155 -0.7463
vn -0.3436 0.5754 -0.7422
vn -0.2301 0.6330 -0.7391
vn -0.1212 0.6556 -0.7453
vn 0.0661 0.8876 0.4559
vn -0.0360 0.8951 0.4443
vn -0.0956 0.8056 0.5847
vn -0.0143 0.7644 0.6446
vn -0.5664 0.5905 -0.5749
vn -0.3894 0.7331 -0.5576
vn -0.1872 0.7916 -0.5816
vn -0.4347 0.6941 -0.5738
vn -0.0681 0.3689 0.9270
vn 0.2420 0.5673 0.7871
vn 0.0742 0.6035 0.7939
vn -0.1179 0.4704 0.8745
vn -0.2456 0.4293 0.8691
vn -0.1144 0.4943 0.8617
vn -0.0019 0.5236 0.8520
vn -0.1351 0.4902 0.8611
vn -0.8530 -0.5035 -0.1372
vn -0.8018 -0.5174 0.2992
vn -0.8502 -0.4821 0.2115
vn -0.8792 -0.4726 -0.0608
vn 0.0215 0.5216 -0.8529
vn 0.1629 0.5957 -0.7865
vn 0.2395 0.6351 -0.7343
vn 0.0401 0.5620 -0.8262
vn 0.4224 0.4596 -0.7812
vn 0.5993 0.5415 -0.5896
vn 0.6803 0.5469 -0.4880
vn 0.3919 0.4288 -0.8140
vn 0.2851 0.9578 0.0358
vn 0.2270 0.9538 -0.1969
vn 0.1148 0.9844 -0.1333
vn 0.1582 0.9865 0.0435
vn -0.5773 0.5395 0.6129
vn -0.6625 0.4179 0.6216
vn -0.3565 0.4233 0.8329
vn -0.3814 0.5430 0.7482
vn -0.5171 0.5947 0.6156
vn -0.6670 0.5193 0.5342
vn -0.6827 0.3988 0.6123
vn -0.4872 0.4970 0.7180
vn 0.0267 0.8263 0.5625
vn -0.0245 0.8776 0.4787
vn -0.1260 0.7881 0.6025
vn -0.0979 0.6966 0.7107
vn -0.9126 0.1601 -0.3763
vn -0.9753 0.0957 -0.1990
vn -0.9980 -0.0062 -0.0634
vn -0.9713 0.1024 -0.2145
vn -0.7942 0.1956 0.5754
vn -0.8921 0.1145 0.4370
vn -0.8478 0.0741 0.5252
vn -0.7040 0.1624 0.6914
vn -0.5524 0.3882 0.7377
vn -0.6910 0.2979 0.6586
vn -0.6632 0.2314 0.7118
vn -0.4669 0.3475 0.8132
vn -0.8215 -0.4042 -0.4023
vn -0.8775 -0.4790 0.0223
vn -0.8963 -0.4408 -0.0487
vn -0.8639 -0.3946 -0.3128
vn -0.7030 0.5516 0.4489
vn -0.7060 0.4758 0.5246
vn -0.5485 0.5115 0.6614
vn -0.5841 0.5847 0.5630
vn 0.2259 0.7266 -0.6489
vn 0.3649 0.8087 -0.4614
vn 0.4789 0.8257 -0.2982
vn 0.2393 0.7929 -0.5604
vn 0.1163 0.7528 -0.6479
vn 0.2180 0.8137 -0.5389
vn 0.3310 0.8463 -0.4175
vn 0.2065 0.8342 -0.5113
vn -0.9947 0.0853 -0.0576
vn -0.9405 0.0426 0.3372
vn -0.9779 0.0498 0.2029
vn -0.9979 0.0516 -0.0395
vn -0.8958 -0.0176 -0.4441
vn -0.9338 -0.0176 -0.3574
vn -0.9741 -0.1828 -0.1330
vn -0.9576 -0.1059 -0.2681
vn -0.1507 0.5641 0.8118
vn -0.3074 0.4670 0.8291
vn -0.2855 0.4029 0.8696
vn -0.0608 0.5356 0.8423
vn 0.5171 0.8449 0.1369
vn 0.4967 0.8556 -0.1455
vn 0.4465 0.8832 -0.1435
vn 0.4579 0.8875 0.0515
vn 0.4194 0.6233 -0.6600
vn 0.5657 0.6958 -0.4425
vn 0.6495 0.7033 -0.2890
vn 0.4009 0.6348 -0.6605
vn -0.6996 -0.1037 -0.7070
vn -0.7610 -0.1077 -0.6398
vn -0.8586 -0.3625 -0.3625
vn -0.8165 -0.2451 -0.5228
vn -0.7511 0.1905 -0.6321
vn -0.7438 0.2224 -0.6303
vn -0.9237 -0.1585 -0.3487
vn -0.8873 0.0116 -0.4611
vn 0.3651 0.8991 -0.2414
vn 0.2982 0.8845 -0.3587
vn 0.3392 0.9026 -0.2650
vn 0.4082 0.8983 -0.1626
vn 0.1422 0.9760 0.1649
vn 0.0002 0.9702 0.2422
vn 0.0434 0.8953 0.4434
vn 0.2032 0.8696 0.4499
vn -0.9337 -0.2825 -0.2201
vn -0.9426 -0.3156 0.1092
vn -0.9448 -0.3187 0.0761
vn -0.9450 -0.2943 -0.1429
vn -0.9279 -0.0407 -0.3707
vn -0.9626 -0.0402 -0.2679
vn -0.9773 -0.2098 -0.0282
vn -0.9758 -0.1267 -0.1784
vn -0.2780 0.7135 -0.6431
vn -0.1433 0.8075 -0.5723
vn 0.0030 0.8486 -0.5290
vn -0.1788 0.7816 -0.5976
vn -0.3987 0.3085 0.8636
vn -0.2702 0.3737 0.8873
vn -0.1449 0.3982 0.9058
vn -0.2803 0.3670 0.8870
vn -0.7471 0.2136 -0.6294
vn -0.8225 0.1746 -0.5413
vn -0.9260 -0.0384 -0.3755
vn -0.8677 0.0970 -0.4876
vn -0.2659 0.4293 -0.8631
vn -0.2847 0.3885 -0.8763
vn -0.0679 0.4573 -0.8867
vn 0.0808 0.4762 -0.8756
vn -0.6064 0.3734 0.7020
vn -0.5546 0.3674 0.7466
vn -0.3588 0.4060 0.8405
vn -0.4618 0.4244 0.7788
vn -0.9620 0.2524 0.1040
vn -0.8813 0.2091 0.4238
vn -0.9394 0.2373 0.2474
vn -0.9780 0.2079 0.0190
vn -0.4365 0.4010 -0.8054
vn -0.2742 0.5014 -0.8206
vn -0.1586 0.5562 -0.8158
vn -0.4021 0.4589 -0.7923
vn 0.3252 0.6523 -0.6847
vn 0.5023 0.7335 -0.4579
vn 0.5874 0.7434 -0.3198
vn 0.2528 0.6183 -0.7442
vn 0.1442 0.9798 0.1385
vn 0.1226 0.9918 -0.0365
vn 0.0160 0.9999 -0.0009
vn 0.0328 0.9891 0.1434
vn -0.9666 0.1280 -0.2220
vn -0.9843 0.1091 -0.1390
vn -0.9988 0.0491 -0.0045
vn -0.9907 0.0941 -0.0986
vn 0.3721 0.9274 0.0384
vn 0.3469 0.9375 -0.0268
vn 0.3615 0.9270 0.1002
vn 0.3977 0.8991 0.1828
vn -0.6164 0.2854 0.7339
vn -0.4823 0.3349 0.8094
vn -0.3683 0.3573 0.8583
vn -0.5038 0.3422 0.7931
vn 0.4196 0.4766 0.7725
vn 0.5574 0.5253 0.6429
vn 0.4229 0.3845 0.8205
vn 0.3055 0.2017 0.9306
vn -0.5190 0.4507 0.7263
vn -0.6468 0.3942 0.6529
vn -0.6693 0.3151 0.6729
vn -0.5013 0.3917 0.7716
vn 0.1744 0.4692 -0.8657
vn 0.3364 0.5082 -0.7928
vn 0.6097 0.5130 -0.6042
vn 0.7360 0.4794 -0.4780
vn -0.7423 0.3150 0.5914
vn -0.8619 0.2545 0.4386
vn -0.8770 0.1417 0.4591
vn -0.7014 0.2264 0.6758
vn -0.2820 0.5845 -0.7608
vn -0.4221 0.5178 -0.7441
vn -0.3066 0.5832 -0.7523
vn -0.1661 0.6156 -0.7704
vn -0.2539 0.7686 0.5872
vn -0.1491 0.8383 0.5245
vn -0.2217 0.8581 0.4631
vn -0.3127 0.7975 0.5160
vn 0.2127 0.5946 -0.7754
vn 0.4533 0.6726 -0.5850
vn 0.4040 0.6847 -0.6066
vn 0.0308 0.4486 -0.8932
vn -0.9501 -0.1217 -0.2873
vn -0.9692 -0.1157 -0.2172
vn -0.9788 -0.2012 -0.0374
vn -0.9750 -0.1724 -0.1400
vn -0.7622 0.5184 -0.3878
vn -0.8477 0.3901 -0.3595
vn -0.9440 0.2734 -0.1847
vn -0.8688 0.4344 -0.2378
vn 0.0826 0.7587 -0.6462
vn 0.1846 0.8192 -0.5429
vn 0.2910 0.8503 -0.4385
vn 0.1596 0.8281 -0.5373
vn 0.5667 0.7978 0.2057
vn 0.5641 0.8252 -0.0300
vn 0.5426 0.8335 -0.1044
vn 0.5365 0.8402 0.0788
vn -0.8405 -0.4899 -0.2313
vn -0.8138 -0.5281 0.2426
vn -0.8565 -0.4837 0.1803
vn -0.8800 -0.4627 -0.1073
vn -0.8902 0.4317 0.1451
vn -0.9032 0.3793 0.2011
vn -0.8636 0.3792 0.3323
vn -0.8611 0.4361 0.2613
vn 0.1808 0.7268 0.6627
vn 0.1465 0.7380 0.6587
vn 0.0173 0.5758 0.8174
vn 0.0046 0.4128 0.9108
vn -0.9040 -0.2587 -0.3404
vn -0.9532 -0.2989 0.0454
vn -0.9441 -0.3134 0.1023
vn -0.9491 -0.2729 -0.1572
vn 0.5636 0.6602 0.4965
vn 0.5941 0.7236 0.3514
vn 0.6463 0.7353 0.2042
vn 0.6007 0.7165 0.3547
vn 0.3488 0.6968 0.6267
vn 0.5035 0.7985 0.3301
vn 0.3963 0.8508 0.3451
vn 0.2962 0.7886 0.5388
vn -0.2640 0.5654 0.7815
vn -0.2223 0.5494 0.8054
vn 0.0419 0.6145 0.7878
vn -0.0820 0.6319 0.7707
vn 0.3583 0.9186 -0.1667
vn 0.2896 0.9355 -0.2023
vn 0.3969 0.9176 0.0199
vn 0.5372 0.8323 0.1365
vn -0.9070 0.2294 -0.3532
vn -0.9388 0.1939 -0.2848
vn -0.9882 0.0938 -0.1215
vn -0.9619 0.1708 -0.2133
vn -0.9276 -0.3608 -0.0966
vn -0.8115 -0.3498 0.4681
vn -0.8714 -0.3281 0.3647
vn -0.9411 -0.3333 0.0565
vn -0.1532 0.5903 0.7925
vn -0.0275 0.6428 0.7656
vn 0.0015 0.6965 0.7175
vn -0.1104 0.6578 0.7451
vn 0.1937 0.9800 -0.0450
vn 0.1270 0.9907 -0.0490
vn 0.1656 0.9821 0.0901
vn 0.2441 0.9611 0.1291
vn -0.5150 0.3908 -0.7629
vn -0.3669 0.4854 -0.7936
vn -0.2527 0.5391 -0.8034
vn -0.4665 0.4546 -0.7588
vn -0.6015 0.4817 0.6373
vn -0.5716 0.4505 0.6858
vn -0.4058 0.4990 0.7657
vn -0.4746 0.5292 0.7033
vn -0.5861 0.3539 -0.7289
vn -0.4926 0.4148 -0.7650
vn -0.3777 0.4732 -0.7959
vn -0.4757 0.4451 -0.7587
vn -0.2927 0.2793 -0.9145
vn -0.1231 0.3746 -0.9190
vn -0.0522 0.4188 -0.9066
vn -0.3072 0.2943 -0.9050
vn 0.2413 0.8546 0.4598
vn 0.2277 0.8927 0.3889
vn 0.1664 0.8283 0.5350
vn 0.1782 0.7505 0.6363
vn 0.1493 0.9801 -0.1306
vn 0.0628 0.9963 -0.0583
vn 0.1601 0.9806 0.1131
vn 0.2859 0.9519 0.1104
vn -0.1016 0.5125 0.8526
vn -0.2177 0.4248 0.8787
vn -0.1508 0.4401 0.8852
vn 0.0010 0.5309 0.8474
vn -0.7427 0.5075 -0.4368
vn -0.9264 0.3444 -0.1521
vn -0.8337 0.4743 -0.2827
vn -0.6956 0.5283 -0.4868
vn -0.1514 0.7962 -0.5858
vn -0.0187 0.8880 -0.4595
vn 0.1302 0.9170 -0.3770
vn -0.0745 0.8505 -0.5207
vn -0.0786 0.2097 0.9746
vn 0.0590 0.3124 0.9481
vn 0.2585 0.3260 0.9093
vn 0.0925 0.2805 0.9554
vn -0.0726 0.1822 0.9806
vn -0.2605 0.0373 0.9648
vn -0.1358 0.1660 0.9767
vn 0.1370 0.2502 0.9585
vn -0.0597 0.9958 -0.0691
vn -0.1486 0.9875 -0.0520
vn -0.1106 0.9924 0.0532
vn -0.0191 0.9985 0.0512
vn -0.1861 0.5025 -0.8443
vn -0.7409 0.2297 -0.6311
vn -0.6621 0.2776 -0.6961
vn -0.4027 0.4433 -0.8008
vn -0.5786 -0.0237 0.8153
vn -0.7194 -0.1164 0.6848
vn -0.6514 -0.0467 0.7573
vn -0.4264 0.0124 0.9045
vn 0.1660 0.6602 -0.7325
vn 0.1206 0.6164 -0.7781
vn 0.2909 0.6648 -0.6881
vn 0.4124 0.6727 -0.6144
vn 0.3629 0.7701 0.5246
vn 0.4243 0.8357 0.3487
vn 0.3654 0.7788 0.5098
vn 0.3393 0.6703 0.6600
vn -0.9366 -0.2864 0.2017
vn -0.9375 -0.2593 0.2321
vn -0.8085 -0.3087 0.5010
vn -0.8655 -0.3064 0.3962
vn -0.7271 -0.6029 0.3283
vn -0.6843 -0.6331 0.3617
vn -0.5044 -0.5976 0.6233
vn -0.6129 -0.5868 0.5291
vn -0.1094 -0.1202 -0.9867
vn -0.4273 -0.3157 -0.8472
vn -0.4367 -0.2501 -0.8642
vn -0.2310 -0.1227 -0.9652
vn 0.7529 0.6530 -0.0820
vn 0.7511 0.6377 -0.1709
vn 0.7885 0.6150 -0.0008
vn 0.7999 0.5871 0.1241
vn -0.5314 0.4293 0.7303
vn -0.6278 0.3656 0.6872
vn -0.5930 0.3449 0.7276
vn -0.4723 0.4165 0.7768
vn 0.6435 0.7639 0.0494
vn 0.5828 0.7773 -0.2369
vn 0.5521 0.7704 -0.3187
vn 0.5850 0.8038 -0.1078
vn 0.5419 0.4999 -0.6757
vn 0.5154 0.4678 -0.7180
vn 0.6929 0.4885 -0.5304
vn 0.7992 0.4664 -0.3790
vn -0.7907 0.3568 0.4975
vn -0.8841 0.2951 0.3624
vn -0.8836 0.2074 0.4199
vn -0.7533 0.2854 0.5926
vn -0.1787 0.5022 0.8461
vn -0.3008 0.4123 0.8599
vn -0.2399 0.4130 0.8786
vn -0.0779 0.5118 0.8556
vn -0.2509 0.3464 0.9039
vn -0.1594 0.4011 0.9020
vn -0.0139 0.4338 0.9009
vn -0.1281 0.4030 0.9062
vn -0.9190 0.1205 -0.3755
vn -0.9913 0.0194 -0.1300
vn -0.9667 0.0514 -0.2506
vn -0.8982 0.0967 -0.4289
vn 0.1334 0.6690 0.7312
vn 0.2102 0.7451 0.6330
vn 0.0857 0.6392 0.7642
vn 0.0295 0.4925 0.8698
vn 0.0246 0.5389 -0.8420
vn 0.2283 0.6514 -0.7235
vn 0.3534 0.6937 -0.6276
vn -0.0009 0.5594 -0.8289
vn -0.9442 -0.0520 0.3253
vn -0.9215 -0.0059 0.3883
vn -0.6658 -0.1583 0.7292
vn -0.8163 -0.0809 0.5719
vn -0.7344 0.4136 -0.5382
vn -0.5732 0.5408 -0.6156
vn -0.4163 0.5938 -0.6886
vn -0.6632 0.4936 -0.5626
vt 0.303320 0.730331
vt 0.547464 0.730331
vt 0.547464 0.974475
vt 0.303320 0.974475
s 1
usemtl Leaves
f 4554/3782/4177 4557/3783/4178 4556/3784/4179 4555/3785/4180
f 4657/3783/4181 4655/3782/4182 4654/3785/4183 4656/3784/4184
f 4481/3783/4185 4479/3782/4186 4478/3785/4187 4480/3784/4188
f 4858/3782/4189 4861/3783/4190 4860/3784/4191 4859/3785/4192
f 4533/3783/4193 4532/3782/4194 4531/3785/4195 4530/3784/4196
f 4474/3782/4197 4477/3783/4198 4476/3784/4199 4475/3785/4200
f 4586/3782/4201 4589/3783/4202 4588/3784/4203 4587/3785/4204
f 4712/3782/4205 4713/3783/4206 4711/3784/4207 4710/3785/4208
f 4673/3783/4209 4671/3782/4210 4670/3785/4211 4672/3784/4212
f 4581/3783/4213 4580/3782/4214 4579/3785/4215 4578/3784/4216
f 4648/3782/4217 4649/3783/4218 4647/3784/4219 4646/3785/4220
f 4792/3782/4221 4793/3783/4222 4791/3784/4223 4790/3785/4224
f 4545/3783/4225 4543/3782/4226 4542/3785/4227 4544/3784/4228
f 4417/3783/4229 4415/3782/4230 4414/3785/4231 4416/3784/4232
f 4609/3783/4233 4607/3782/4234 4606/3785/4235 4608/3784/4236
f 4218/3782/4237 4221/3783/4238 4220/3784/4239 4219/3785/4240
f 4357/3783/4241 4356/3782/4242 4355/3785/4243 4354/3784/4244
f 4250/3782/4245 4253/3783/4246 4252/3784/4247 4251/3785/4248
f 4362/3782/4249 4365/3783/4250 4364/3784/4251 4363/3785/4252
f 4408/3782/4253 4409/3783/4254 4407/3784/4255 4406/3785/4256
f 4469/3783/4257 4468/3782/4258 4467/3785/4259 4466/3784/4260
f 4433/3783/4261 4431/3782/4262 4430/3785/4263 4432/3784/4264
f 4426/3782/4265 4429/3783/4266 4428/3784/4267 4427/3785/4268
f 4618/3782/4269 4621/3783/4270 4620/3784/4271 4619/3785/4272
f 4602/3782/4273 4605/3783/4274 4604/3784/4275 4603/3785/4276
f 4245/3783/4277 4244/3782/4278 4243/3785/4279 4242/3784/4280
f 4257/3783/4281 4255/3782/4282 4254/3785/4283 4256/3784/4284
f 4360/3782/4285 4361/3783/4286 4359/3784/4287 4358/3785/4288
f 4312/3782/4289 4313/3783/4290 4311/3784/4291 4310/3785/4292
f 4778/3782/4293 4781/3783/4294 4780/3784/4295 4779/3785/4296
f 4485/3783/4297 4484/3782/4298 4483/3785/4299 4482/3784/4300
f 4661/3783/4301 4660/3782/4302 4659/3785/4303 4658/3784/4304
f 4376/3782/4305 4377/3783/4306 4375/3784/4307 4374/3785/4308
f 4728/3782/4309 4729/3783/4310 4727/3784/4311 4726/3785/4312
f 4872/3782/4313 4873/3783/4314 4871/3784/4315 4870/3785/4316
f 4504/3782/4317 4505/3783/4318 4503/3784/4319 4502/3785/4320
f 4437/3783/4321 4436/3782/4322 4435/3785/4323 4434/3784/4324
f 4506/3782/4325 4509/3783/4326 4508/3784/4327 4507/3785/4328
f 4645/3783/4329 4644/3782/4330 4643/3785/4331 4642/3784/4332
f 4737/3783/4333 4735/3782/4334 4734/3785/4335 4736/3784/4336
f 4229/3783/4337 4228/3782/4338 4227/3785/4339 4226/3784/4340
f 4536/3782/4341 4537/3783/4342 4535/3784/4343 4534/3785/4344
f 4202/3782/4345 4205/3783/4346 4204/3784/4347 4203/3785/4348
f 4298/3782/4349 4301/3783/4350 4300/3784/4351 4299/3785/4352
f 4321/3783/4353 4319/3782/4354 4318/3785/4355 4320/3784/4356
f 4904/3782/4357 4905/3783/4358 4903/3784/4359 4902/3785/4360
f 4392/3782/4361 4393/3783/4362 4391/3784/4363 4390/3785/4364
f 4442/3782/4365 4445/3783/4366 4444/3784/4367 4443/3785/4368
f 4305/3783/4369 4303/3782/4370 4302/3785/4371 4304/3784/4372
f 4378/3782/4373 4381/3783/4374 4380/3784/4375 4379/3785/4376
f 4666/3782/4377 4669/3783/4378 4668/3784/4379 4667/3785/4380
f 4568/3782/4381 4569/3783/4382 4567/3784/4383 4566/3785/4384
f 4801/3783/4385 4799/3782/4386 4798/3785/4387 4800/3784/4388
f 4309/3783/4389 4308/3782/4390 4307/3785/4391 4306/3784/4392
f 4369/3783/4393 4367/3782/4394 4366/3785/4395 4368/3784/4396
f 4273/3783/4397 4271/3782/4398 4270/3785/4399 4272/3784/4400
f 4405/3783/4401 4404/3782/4402 4403/3785/4403 4402/3784/4404
f 4341/3783/4405 4340/3782/4406 4339/3785/4407 4338/3784/4408
f 4385/3783/4409 4383/3782/4410 4382/3785/4411 4384/3784/4412
f 4570/3782/4413 4573/3783/4414 4572/3784/4415 4571/3785/4416
f 4817/3783/4417 4815/3782/4418 4814/3785/4419 4816/3784/4420
f 4689/3783/4421 4687/3782/4422 4686/3785/4423 4688/3784/4424
f 4520/3782/4425 4521/3783/4426 4519/3784/4427 4518/3785/4428
f 4344/3782/4429 4345/3783/4430 4343/3784/4431 4342/3785/4432
f 4458/3782/4433 4461/3783/4434 4460/3784/4435 4459/3785/4436
f 4410/3782/4437 4413/3783/4438 4412/3784/4439 4411/3785/4440
f 4682/3782/4441 4685/3783/4442 4684/3784/4443 4683/3785/4444
f 4616/3782/4445 4617/3783/4446 4615/3784/4447 4614/3785/4448
f 4346/3782/4449 4349/3783/4450 4348/3784/4451 4347/3785/4452
f 4741/3783/4453 4740/3782/4454 4739/3785/4455 4738/3784/4456
f 4650/3782/4457 4653/3783/4458 4652/3784/4459 4651/3785/4460
f 4449/3783/4461 4447/3782/4462 4446/3785/4463 4448/3784/4464
f 4289/3783/4465 4287/3782/4466 4286/3785/4467 4288/3784/4468
f 4885/3783/4469 4884/3782/4470 4883/3785/4471 4882/3784/4472
f 4232/3782/4473 4233/3783/4474 4231/3784/4475 4230/3785/4476
f 4600/3782/4477 4601/3783/4478 4599/3784/4479 4598/3785/4480
f 4680/3782/4481 4681/3783/4482 4679/3784/4483 4678/3785/4484
f 4805/3783/4485 4804/3782/4486 4803/3785/4487 4802/3784/4488
f 4632/3782/4489 4633/3783/4490 4631/3784/4491 4630/3785/4492
f 4472/3782/4493 4473/3783/4494 4471/3784/4495 4470/3785/4496
f 4314/3782/4497 4317/3783/4498 4316/3784/4499 4315/3785/4500
f 4769/3783/4501 4767/3782/4502 4766/3785/4503 4768/3784/4504
f 4577/3783/4505 4575/3782/4506 4574/3785/4507 4576/3784/4508
f 4808/3782/4509 4809/3783/4510 4807/3784/4511 4806/3785/4512
f 4890/3782/4513 4893/3783/4514 4892/3784/4515 4891/3785/4516
f 4353/3783/4517 4351/3782/4518 4350/3785/4519 4352/3784/4520
f 4213/3783/4521 4212/3782/4522 4211/3785/4523 4210/3784/4524
f 4856/3782/4525 4857/3783/4526 4855/3784/4527 4854/3785/4528
f 4513/3783/4529 4511/3782/4530 4510/3785/4531 4512/3784/4532
f 4517/3783/4533 4516/3782/4534 4515/3785/4535 4514/3784/4536
f 4773/3783/4537 4772/3782/4538 4771/3785/4539 4770/3784/4540
f 4389/3783/4541 4388/3782/4542 4387/3785/4543 4386/3784/4544
f 4456/3782/4545 4457/3783/4546 4455/3784/4547 4454/3785/4548
f 4497/3783/4549 4495/3782/4550 4494/3785/4551 4496/3784/4552
f 4248/3782/4553 4249/3783/4554 4247/3784/4555 4246/3785/4556
f 4193/3783/4557 4191/3782/4558 4190/3785/4559 4192/3784/4560
f 4234/3782/4561 4237/3783/4562 4236/3784/4563 4235/3785/4564
f 4200/3782/4565 4201/3783/4566 4199/3784/4567 4198/3785/4568
f 4280/3782/4569 4281/3783/4570 4279/3784/4571 4278/3785/4572
f 4597/3783/4573 4596/3782/4574 4595/3785/4575 4594/3784/4576
f 4401/3783/4577 4399/3782/4578 4398/3785/4579 4400/3784/4580
f 4197/3783/4581 4196/3782/4582 4195/3785/4583 4194/3784/4584
f 4613/3783/4585 4612/3782/4586 4611/3785/4587 4610/3784/4588
f 4837/3783/4589 4836/3782/4590 4835/3785/4591 4834/3784/4592
f 4330/3782/4593 4333/3783/4594 4332/3784/4595 4331/3785/4596
f 4664/3782/4597 4665/3783/4598 4663/3784/4599 4662/3785/4600
f 4840/3782/4601 4841/3783/4602 4839/3784/4603 4838/3785/4604
f 4261/3783/4605 4260/3782/4606 4259/3785/4607 4258/3784/4608
f 4186/3782/4609 4189/3783/4610 4188/3784/4611 4187/3785/4612
f 4634/3782/4613 4637/3783/4614 4636/3784/4615 4635/3785/4616
f 4810/3782/4617 4813/3783/4618 4812/3784/4619 4811/3785/4620
f 4209/3783/4621 4207/3782/4622 4206/3785/4623 4208/3784/4624
f 4901/3783/4625 4900/3782/4626 4899/3785/4627 4898/3784/4628
f 4266/3782/4629 4269/3783/4630 4268/3784/4631 4267/3785/4632
f 4373/3783/4633 4372/3782/4634 4371/3785/4635 4370/3784/4636
f 4593/3783/4637 4591/3782/4638 4590/3785/4639 4592/3784/4640
f 4282/3782/4641 4285/3783/4642 4284/3784/4643 4283/3785/4644
f 4826/3782/4645 4829/3783/4646 4828/3784/4647 4827/3785/4648
f 4529/3783/4649 4527/3782/4650 4526/3785/4651 4528/3784/4652
f 4421/3783/4653 4420/3782/4654 4419/3785/4655 4418/3784/4656
f 4693/3783/4657 4692/3782/4658 4691/3785/4659 4690/3784/4660
f 4293/3783/4661 4292/3782/4662 4291/3785/4663 4290/3784/4664
f 4552/3782/4665 4553/3783/4666 4551/3784/4667 4550/3785/4668
f 4794/3782/4669 4797/3783/4670 4796/3784/4671 4795/3785/4672
f 4785/3783/4673 4783/3782/4674 4782/3785/4675 4784/3784/4676
f 4465/3783/4677 4463/3782/4678 4462/3785/4679 4464/3784/4680
f 4705/3783/4681 4703/3782/4682 4702/3785/4683 4704/3784/4684
f 4744/3782/4685 4745/3783/4686 4743/3784/4687 4742/3785/4688
f 4490/3782/4689 4493/3783/4690 4492/3784/4691 4491/3785/4692
f 4296/3782/4693 4297/3783/4694 4295/3784/4695 4294/3785/4696
f 4538/3782/4697 4541/3783/4698 4540/3784/4699 4539/3785/4700
f 4824/3782/4701 4825/3783/4702 4823/3784/4703 4822/3785/4704
f 4709/3783/4705 4708/3782/4706 4707/3785/4707 4706/3784/4708
f 4762/3782/4709 4765/3783/4710 4764/3784/4711 4763/3785/4712
f 4698/3782/4713 4701/3783/4714 4700/3784/4715 4699/3785/4716
f 4677/3783/4717 4676/3782/4718 4675/3785/4719 4674/3784/4720
f 4488/3782/4721 4489/3783/4722 4487/3784/4723 4486/3785/4724
f 4549/3783/4725 4548/3782/4726 4547/3785/4727 4546/3784/4728
f 4881/3783/4729 4879/3782/4730 4878/3785/4731 4880/3784/4732
f 4641/3783/4733 4639/3782/4734 4638/3785/4735 4640/3784/4736
f 4869/3783/4737 4868/3782/4738 4867/3785/4739 4866/3784/4740
f 4584/3782/4741 4585/3783/4742 4583/3784/4743 4582/3785/4744
f 4440/3782/4745 4441/3783/4746 4439/3784/4747 4438/3785/4748
f 4833/3783/4749 4831/3782/4750 4830/3785/4751 4832/3784/4752
f 4842/3782/4753 4845/3783/4754 4844/3784/4755 4843/3785/4756
f 4730/3782/4757 4733/3783/4758 4732/3784/4759 4731/3785/4760
f 4453/3783/4761 4452/3782/4762 4451/3785/4763 4450/3784/4764
f 4888/3782/4765 4889/3783/4766 4887/3784/4767 4886/3785/4768
f 4753/3783/4769 4751/3782/4770 4750/3785/4771 4752/3784/4772
f 4757/3783/4773 4756/3782/4774 4755/3785/4775 4754/3784/4776
f 4561/3783/4777 4559/3782/4778 4558/3785/4779 4560/3784/4780
f 4725/3783/4781 4724/3782/4782 4723/3785/4783 4722/3784/4784
f 4789/3783/4785 4788/3782/4786 4787/3785/4787 4786/3784/4788
f 4337/3783/4789 4335/3782/4790 4334/3785/4791 4336/3784/4792
f 4625/3783/4793 4623/3782/4794 4622/3785/4795 4624/3784/4796
f 4760/3782/4797 4761/3783/4798 4759/3784/4799 4758/3785/4800
f 4501/3783/4801 4500/3782/4802 4499/3785/4803 4498/3784/4804
f 4325/3783/4805 4324/3782/4806 4323/3785/4807 4322/3784/4808
f 4865/3783/4809 4863/3782/4810 4862/3785/4811 4864/3784/4812
f 4216/3782/4813 4217/3783/4814 4215/3784/4815 4214/3785/4816
f 4721/3783/4817 4719/3782/4818 4718/3785/4819 4720/3784/4820
f 4853/3783/4821 4852/3782/4822 4851/3785/4823 4850/3784/4824
f 4328/3782/4825 4329/3783/4826 4327/3784/4827 4326/3785/4828
f 4522/3782/4829 4525/3783/4830 4524/3784/4831 4523/3785/4832
f 4241/3783/4833 4239/3782/4834 4238/3785/4835 4240/3784/4836
f 4746/3782/4837 4749/3783/4838 4748/3784/4839 4747/3785/4840
f 4714/3782/4841 4717/3783/4842 4716/3784/4843 4715/3785/4844
f 4821/3783/4845 4820/3782/4846 4819/3785/4847 4818/3784/4848
f 4874/3782/4849 4877/3783/4850 4876/3784/4851 4875/3785/4852
f 4776/3782/4853 4777/3783/4854 4775/3784/4855 4774/3785/4856
f 4424/3782/4857 4425/3783/4858 4423/3784/4859 4422/3785/4860
f 4394/3782/4861 4397/3783/4862 4396/3784/4863 4395/3785/4864
f 4264/3782/4865 4265/3783/4866 4263/3784/4867 4262/3785/4868
f 4696/3782/4869 4697/3783/4870 4695/3784/4871 4694/3785/4872
f 4897/3783/4873 4895/3782/4874 4894/3785/4875 4896/3784/4876
f 4565/3783/4877 4564/3782/4878 4563/3785/4879 4562/3784/4880
f 4225/3783/4881 4223/3782/4882 4222/3785/4883 4224/3784/4884
f 4277/3783/4885 4276/3782/4886 4275/3785/4887 4274/3784/4888
f 4849/3783/4889 4847/3782/4890 4846/3785/4891 4848/3784/4892
f 4629/3783/4893 4628/3782/4894 4627/3785/4895 4626/3784/4896
o Tree_1.108
v -37.846912 18.030378 5.276645
v -35.646732 17.228086 4.856018
v -36.469261 15.921636 3.045489
v -38.669441 16.723927 3.466115
v -35.646732 17.228086 4.856018
v -37.846912 18.030378 5.276645
v -36.469261 15.921636 3.045489
v -38.669441 16.723927 3.466115
v -37.979134 15.493216 4.040570
v -37.599602 17.312803 2.555159
v -36.777077 18.619255 4.365688
v -37.156605 16.799667 5.851099
v -37.599602 17.312803 2.555159
v -37.979134 15.493216 4.040570
v -36.777077 18.619255 4.365688
v -37.156605 16.799667 5.851099
v -34.787987 18.724436 -0.524896
v -34.027023 18.195942 -2.716474
v -36.259670 17.698721 -3.371796
v -37.020634 18.227215 -1.180218
v -34.027023 18.195942 -2.716474
v -34.787987 18.724436 -0.524896
v -36.259670 17.698721 -3.371796
v -37.020634 18.227215 -1.180218
v -38.156395 17.962955 -1.699347
v -38.468815 20.228975 -2.354274
v -36.236168 20.726196 -1.698951
v -35.923748 18.460176 -1.044025
v -38.468815 20.228975 -2.354274
v -38.156395 17.962955 -1.699347
v -36.236168 20.726196 -1.698951
v -35.923748 18.460176 -1.044025
v -36.820763 17.450390 2.714080
v -34.471203 17.129930 2.518481
v -34.845993 15.055179 1.415613
v -37.195553 15.375636 1.611212
v -34.471203 17.129930 2.518481
v -36.820763 17.450390 2.714080
v -34.845993 15.055179 1.415613
v -37.195553 15.375636 1.611212
v -36.244717 14.687521 2.582592
v -36.266739 15.807384 0.483352
v -35.891949 17.882137 1.586221
v -35.869926 16.762276 3.685461
v -37.726559 16.390499 1.731083
v -37.704536 15.270637 3.830323
v -37.351768 18.465254 2.833951
v -37.329750 17.345390 4.933191
v -36.492001 17.604515 -1.121732
v -34.305252 18.199507 -1.846646
v -34.280785 16.324751 -3.311595
v -36.467533 15.729757 -2.586680
v -34.305252 18.199507 -1.846646
v -36.492001 17.604515 -1.121732
v -34.280785 16.324751 -3.311595
v -36.467533 15.729757 -2.586680
v -38.522907 17.138330 2.838140
v -39.460411 18.477232 1.109032
v -39.484879 20.351988 2.573979
v -38.547375 19.013086 4.303088
v -32.221779 17.208189 -0.612856
v -31.284273 15.869288 1.116251
v -32.246246 19.082947 0.852091
v -31.308739 17.744045 2.581199
v -37.685768 18.713680 4.091659
v -35.332245 18.372133 4.016430
v -35.647480 16.522074 2.553798
v -38.001003 16.863621 2.629027
v -35.332245 18.372133 4.016430
v -37.685768 18.713680 4.091659
v -35.647480 16.522074 2.553798
v -38.001003 16.863621 2.629027
v -35.675503 15.415531 2.288814
v -35.524044 16.872244 0.413598
v -35.208809 18.722301 1.876229
v -35.360268 17.265591 3.751445
v -36.983864 17.455359 1.661328
v -37.135326 15.998646 3.536544
v -36.668629 19.305416 3.123959
v -36.820091 17.848705 4.999175
v -31.659176 18.498676 1.629768
v -29.550640 18.386570 0.533000
v -30.439034 16.812103 -1.013996
v -32.547569 16.924212 0.082773
v -29.550640 18.386570 0.533000
v -31.659176 18.498676 1.629768
v -30.439034 16.812103 -1.013996
v -32.547569 16.924212 0.082773
v -38.616360 17.258204 2.084510
v -39.269218 19.038616 0.647399
v -38.380825 20.613083 2.194393
v -37.727962 18.832670 3.631506
v -37.809399 18.455502 -0.600332
v -37.156536 16.675087 0.836780
v -36.921005 20.029968 0.946663
v -36.268143 18.249556 2.383775
v -36.183132 17.893805 1.471608
v -33.868408 17.450472 1.144655
v -34.415295 15.431808 0.010066
v -36.730019 15.875138 0.337019
v -33.868408 17.450472 1.144655
v -36.183132 17.893805 1.471608
v -34.415295 15.431808 0.010066
v -36.730019 15.875138 0.337019
v -35.771133 15.108351 1.239098
v -35.837124 16.287264 -0.826622
v -35.290234 18.305929 0.307967
v -35.224247 17.127016 2.373686
v -37.296944 16.870378 0.421108
v -37.230957 15.691465 2.486828
v -36.750057 18.889044 1.555697
v -36.684071 17.710131 3.621417
v -36.297024 18.898418 1.458096
v -35.107830 18.029041 -0.410430
v -37.166767 17.621397 -1.531139
v -38.355961 18.490776 0.337386
v -35.107830 18.029041 -0.410430
v -36.297024 18.898418 1.458096
v -37.166767 17.621397 -1.531139
v -38.355961 18.490776 0.337386
v -39.384789 17.637632 1.315725
v -39.295425 19.814648 0.359688
v -37.236488 20.222290 1.480397
v -37.325851 18.045277 2.436435
v -37.835602 19.231531 -0.888042
v -37.924965 17.054518 0.067995
v -35.776665 19.639175 0.232667
v -35.866028 17.462160 1.188705
v -36.634872 18.653685 2.455569
v -35.082314 17.396082 1.163522
v -36.842144 16.710167 -0.283511
v -38.394703 17.967770 1.008537
v -33.622490 16.812967 -0.084208
v -35.175049 18.070568 1.207839
v -35.382320 16.127052 -1.531241
v -36.934879 17.384655 -0.239194
v -36.510036 15.931699 -0.067154
v -36.117680 17.831528 -1.444869
v -34.357849 18.517441 0.002162
v -34.750202 16.617615 1.379877
v -36.117680 17.831528 -1.444869
v -36.510036 15.931699 -0.067154
v -34.357849 18.517441 0.002162
v -34.750202 16.617615 1.379877
v -36.773262 19.627495 1.175886
v -34.604729 19.385887 0.226946
v -35.454136 17.774509 -1.303855
v -37.622665 18.016115 -0.354915
v -34.604729 19.385887 0.226946
v -36.773262 19.627495 1.175886
v -35.454136 17.774509 -1.303855
v -37.622665 18.016115 -0.354915
v -37.971470 17.635630 1.290662
v -38.458679 19.369547 -0.264184
v -37.609276 20.980927 1.266618
v -37.122066 19.247009 2.821463
v -38.458679 19.369547 -0.264184
v -37.971470 17.635630 1.290662
v -37.609276 20.980927 1.266618
v -37.122066 19.247009 2.821463
v -35.108246 18.741394 1.030189
v -33.429443 17.648836 -0.254074
v -35.093193 16.869711 -1.766120
v -36.771996 17.962269 -0.481858
v -33.429443 17.648836 -0.254074
v -35.108246 18.741394 1.030189
v -35.093193 16.869711 -1.766120
v -36.771996 17.962269 -0.481858
v -36.237358 16.542816 -0.338720
v -35.963589 18.507673 -1.652406
v -34.299839 19.286800 -0.140360
v -34.573608 17.321943 1.173327
v -35.963589 18.507673 -1.652406
v -36.237358 16.542816 -0.338720
v -34.299839 19.286800 -0.140360
v -34.573608 17.321943 1.173327
v -35.890118 19.370510 0.968841
v -34.502934 18.485928 -0.750058
v -36.434528 17.936638 -2.026220
v -37.821716 18.821220 -0.307322
v -34.502934 18.485928 -0.750058
v -35.890118 19.370510 0.968841
v -36.434528 17.936638 -2.026220
v -37.821716 18.821220 -0.307322
v -37.305656 17.397671 -0.475704
v -37.228031 19.537106 -1.514059
v -35.296432 20.086395 -0.237895
v -35.374058 17.946960 0.800460
v -37.228031 19.537106 -1.514059
v -37.305656 17.397671 -0.475704
v -35.296432 20.086395 -0.237895
v -35.374058 17.946960 0.800460
v -36.219807 19.803028 0.470893
v -33.859386 20.004219 0.248809
v -33.813293 18.018087 -1.060596
v -36.173717 17.816898 -0.838512
v -33.859386 20.004219 0.248809
v -36.219807 19.803028 0.470893
v -33.813293 18.018087 -1.060596
v -36.173717 17.816898 -0.838512
v -36.541321 17.833149 1.307492
v -36.837418 19.127827 -0.666722
v -36.883511 21.113958 0.642683
v -36.587410 19.819283 2.616898
v -36.837418 19.127827 -0.666722
v -36.541321 17.833149 1.307492
v -36.883511 21.113958 0.642683
v -36.587410 19.819283 2.616898
v -37.578140 16.497684 3.630637
v -37.948383 17.741495 1.779892
v -38.050850 19.606104 3.053519
v -37.680611 18.362293 4.904265
v -36.488560 17.158381 0.532162
v -36.118320 15.914569 2.382906
v -36.591030 19.022989 1.805789
v -36.220787 17.779179 3.656535
v -38.942463 18.713562 4.288482
v -36.714951 19.006073 4.039453
v -36.612480 17.141464 2.765824
v -38.839996 16.848953 3.014854
v -36.714951 19.006073 4.039453
v -38.942463 18.713562 4.288482
v -36.612480 17.141464 2.765824
v -38.839996 16.848953 3.014854
v -38.295242 19.275621 -1.842726
v -40.198475 20.349676 -2.420224
v -39.812477 21.895681 -0.817016
v -37.909245 20.821625 -0.239516
v -40.198475 20.349676 -2.420224
v -38.295242 19.275621 -1.842726
v -39.812477 21.895681 -0.817016
v -37.909245 20.821625 -0.239516
v -39.248920 20.625612 0.272050
v -38.092155 21.876881 -1.213082
v -38.478153 20.330877 -2.816291
v -39.634918 19.079609 -1.331159
v -38.092155 21.876881 -1.213082
v -39.248920 20.625612 0.272050
v -38.478153 20.330877 -2.816291
v -39.634918 19.079609 -1.331159
v -37.277390 15.172435 1.241770
v -37.834206 16.662119 -0.364532
v -36.738243 18.286604 0.762108
v -36.181427 16.796921 2.368409
v -37.834206 16.662119 -0.364532
v -37.277390 15.172435 1.241770
v -36.738243 18.286604 0.762108
v -36.181427 16.796921 2.368409
v -37.352604 17.643438 2.287111
v -35.455704 17.142149 1.164667
v -36.551666 15.517663 0.038027
v -38.448566 16.018953 1.160472
v -35.455704 17.142149 1.164667
v -37.352604 17.643438 2.287111
v -36.551666 15.517663 0.038027
v -38.448566 16.018953 1.160472
v -32.578751 13.129748 -1.532451
v -33.491028 15.197335 -1.579726
v -31.556927 16.068565 -0.798949
v -30.644650 14.000979 -0.751674
v -39.467178 21.730139 -2.453287
v -38.554905 19.662552 -2.406012
v -37.533081 22.601368 -1.672510
v -36.620804 20.533783 -1.625235
v -35.755554 20.143337 -0.613812
v -35.023159 20.418003 -2.734555
v -36.957260 19.546772 -3.515333
v -37.689655 19.272108 -1.394590
v -30.643360 14.965346 -1.830955
v -31.375759 14.690682 0.289788
v -32.577461 14.094115 -2.611732
v -33.309860 13.819451 -0.490990
v -37.852463 17.491478 2.435616
v -37.901260 19.630480 1.706447
v -36.569717 20.246984 3.425842
v -36.520920 18.107983 4.155010
v -37.901260 19.630480 1.706447
v -37.852463 17.491478 2.435616
v -36.569717 20.246984 3.425842
v -36.520920 18.107983 4.155010
v -37.453403 19.159790 4.500012
v -35.627476 18.767376 3.226672
v -36.959019 18.150871 1.507278
v -38.784946 18.543285 2.780619
v -35.627476 18.767376 3.226672
v -37.453403 19.159790 4.500012
v -36.959019 18.150871 1.507278
v -38.784946 18.543285 2.780619
v -35.529007 18.871788 -3.167960
v -37.139072 20.164209 -4.088144
v -36.724606 21.772343 -2.554676
v -35.114540 20.479921 -1.634493
v -37.139072 20.164209 -4.088144
v -35.529007 18.871788 -3.167960
v -36.724606 21.772343 -2.554676
v -35.114540 20.479921 -1.634493
v -37.891556 17.605125 0.845249
v -36.360115 18.528677 -0.537191
v -36.774582 16.920544 -2.070660
v -38.306023 15.996991 -0.688219
v -32.149097 20.179810 0.200249
v -33.680534 19.256256 1.582689
v -32.563560 18.571676 -1.333220
v -34.095001 17.648123 0.049221
v -35.966263 15.208324 0.072647
v -36.783001 15.632278 -1.948466
v -36.851730 17.798935 -1.466207
v -36.034992 17.374981 0.554906
v -36.783001 15.632278 -1.948466
v -35.966263 15.208324 0.072647
v -36.851730 17.798935 -1.466207
v -36.034992 17.374981 0.554906
v -37.393665 17.424604 0.138325
v -35.329712 17.664520 -0.645403
v -35.260983 15.497864 -1.127661
v -37.324936 15.257948 -0.343934
v -35.329712 17.664520 -0.645403
v -37.393665 17.424604 0.138325
v -35.260983 15.497864 -1.127661
v -37.324936 15.257948 -0.343934
v -38.290092 19.409491 -0.007169
v -38.768063 21.577103 -0.075693
v -36.883553 22.026958 1.009639
v -36.405582 19.859346 1.078162
v -38.768063 21.577103 -0.075693
v -38.290092 19.409491 -0.007169
v -36.883553 22.026958 1.009639
v -36.405582 19.859346 1.078162
v -37.133392 20.638668 2.018877
v -36.060146 20.814116 0.082628
v -37.944656 20.364260 -1.002702
v -39.017902 20.188812 0.933546
v -36.060146 20.814116 0.082628
v -37.133392 20.638668 2.018877
v -37.944656 20.364260 -1.002702
v -39.017902 20.188812 0.933546
v -35.971115 16.986219 -0.799133
v -36.617195 18.595823 -2.186020
v -35.690807 20.113773 -0.855858
v -35.044731 18.504169 0.531028
v -36.617195 18.595823 -2.186020
v -35.971115 16.986219 -0.799133
v -35.690807 20.113773 -0.855858
v -35.044731 18.504169 0.531028
v -36.259209 19.243792 0.532807
v -34.347118 19.052231 -0.580258
v -35.273502 17.534281 -1.910419
v -37.185593 17.725842 -0.797356
v -34.347118 19.052231 -0.580258
v -36.259209 19.243792 0.532807
v -35.273502 17.534281 -1.910419
v -37.185593 17.725842 -0.797356
v -38.521915 19.228939 -0.488677
v -38.958805 21.400352 -0.649246
v -36.994186 21.864086 0.276450
v -36.557293 19.692673 0.437018
v -38.958805 21.400352 -0.649246
v -38.521915 19.228939 -0.488677
v -36.994186 21.864086 0.276450
v -36.557293 19.692673 0.437018
v -31.422571 19.855280 0.904740
v -30.483908 19.895344 -1.107472
v -32.448524 19.431610 -2.033169
v -33.387192 19.391544 -0.020956
v -36.262718 20.581270 -0.633314
v -37.201382 20.541206 1.378898
v -38.227337 20.117537 -1.559011
v -39.166004 20.077473 0.453202
v -35.648739 17.750353 -0.734628
v -36.436935 19.255543 -2.164610
v -35.897823 20.881020 -0.750794
v -35.109627 19.375832 0.679187
v -36.436935 19.255543 -2.164610
v -35.648739 17.750353 -0.734628
v -35.897823 20.881020 -0.750794
v -35.109627 19.375832 0.679187
v -36.427380 19.900579 0.578356
v -34.422436 20.055233 -0.363967
v -34.961544 18.429754 -1.777783
v -36.966488 18.275101 -0.835459
v -34.422436 20.055233 -0.363967
v -36.427380 19.900579 0.578356
v -34.961544 18.429754 -1.777783
v -36.966488 18.275101 -0.835459
v -36.823174 18.782328 -0.551468
v -38.094959 19.641094 -2.156703
v -38.582905 21.366791 -0.846905
v -37.311119 20.508024 0.758330
v -38.094959 19.641094 -2.156703
v -36.823174 18.782328 -0.551468
v -38.582905 21.366791 -0.846905
v -37.311119 20.508024 0.758330
v -32.917973 19.614202 0.041874
v -31.164070 20.717007 -0.757717
v -30.676126 18.991310 -2.067515
v -32.430027 17.888504 -1.267926
v -34.007820 21.995865 -3.651751
v -35.761723 20.893059 -2.852160
v -33.519875 20.270168 -4.961549
v -35.273777 19.167362 -4.161960
v -36.791470 18.772919 -1.186954
v -37.081623 20.915779 -1.692572
v -35.343678 21.451792 -0.418237
v -35.053524 19.308929 0.087381
v -37.081623 20.915779 -1.692572
v -36.791470 18.772919 -1.186954
v -35.343678 21.451792 -0.418237
v -35.053524 19.308929 0.087381
v -35.845428 20.280672 0.758650
v -34.493744 20.051477 -0.988381
v -36.231689 19.515465 -2.262717
v -37.583374 19.744661 -0.515685
v -34.493744 20.051477 -0.988381
v -35.845428 20.280672 0.758650
v -36.231689 19.515465 -2.262717
v -37.583374 19.744661 -0.515685
v -34.735237 16.941978 4.063554
v -32.925018 16.153234 3.403640
v -33.794079 15.694281 1.568267
v -35.604298 16.483025 2.228183
v -32.925018 16.153234 3.403640
v -34.735237 16.941978 4.063554
v -33.794079 15.694281 1.568267
v -35.604298 16.483025 2.228183
v -36.614960 15.814995 3.576096
v -36.065102 17.686289 2.847797
v -35.196045 18.145245 4.683170
v -35.745899 16.273951 5.411468
v -36.065102 17.686289 2.847797
v -36.614960 15.814995 3.576096
v -35.196045 18.145245 4.683170
v -35.745899 16.273951 5.411468
v -36.856129 16.963076 1.372218
v -36.603359 17.206047 -0.679992
v -38.474911 16.356260 -1.011122
v -38.727684 16.113289 1.041088
v -37.620773 21.216183 -3.447245
v -37.873547 20.973213 -1.395035
v -39.492329 20.366396 -3.778376
v -39.745098 20.123426 -1.726165
v -39.205845 19.278101 -2.604671
v -40.082138 21.163128 -2.489426
v -38.210583 22.012915 -2.158296
v -37.334290 20.127888 -2.273541
v -36.073555 14.630323 0.805077
v -35.197262 12.745296 0.689832
v -34.202003 15.480110 1.136207
v -33.325706 13.595083 1.020962
v -35.491585 15.765209 2.033807
v -33.754768 14.751285 1.495359
v -34.901970 13.255533 0.611527
v -36.638786 14.269458 1.149976
v -33.754768 14.751285 1.495359
v -35.491585 15.765209 2.033807
v -34.901970 13.255533 0.611527
v -36.638786 14.269458 1.149976
v -35.965855 13.346881 1.837843
v -35.922264 14.380895 0.031350
v -34.775063 15.876646 0.915181
v -34.818653 14.842632 2.721673
v -35.922264 14.380895 0.031350
v -35.965855 13.346881 1.837843
v -34.775063 15.876646 0.915181
v -34.818653 14.842632 2.721673
v -33.194336 19.126604 0.777638
v -32.038666 19.625547 -0.880670
v -33.047104 18.198679 -2.012752
v -34.202770 17.699736 -0.354444
v -37.817478 20.311474 -0.406512
v -38.973148 19.812531 1.251796
v -38.825912 18.884607 -1.538594
v -39.981583 18.385662 0.119714
v -38.191277 20.799406 0.991044
v -39.599110 22.231050 0.440678
v -38.590675 23.657919 1.572760
v -37.182842 22.226276 2.123126
v -34.444420 18.615135 -1.292950
v -33.036587 17.183491 -0.742584
v -33.435986 20.042004 -0.160869
v -32.028152 18.610359 0.389497
v -35.462368 17.896397 4.243260
v -33.699680 17.089888 3.483670
v -34.704014 16.529257 1.748301
v -36.466702 17.335768 2.507892
v -32.239861 16.506773 2.235940
v -34.002544 17.313282 2.995530
v -33.244190 15.946142 0.500571
v -35.006878 16.752651 1.260162
v -34.535660 15.512206 1.388186
v -34.067951 17.347889 0.524464
v -33.063618 17.908520 2.259833
v -33.531326 16.072838 3.123556
v -34.067951 17.347889 0.524464
v -34.535660 15.512206 1.388186
v -33.063618 17.908520 2.259833
v -33.531326 16.072838 3.123556
v -35.005535 21.162157 -2.250671
v -33.895020 21.495077 -3.979952
v -35.353710 20.523577 -5.103737
v -36.464230 20.190657 -3.374456
v -36.830078 20.902147 -0.611760
v -37.940598 20.569225 1.117521
v -38.288773 19.930647 -1.735546
v -39.399292 19.597725 -0.006264
v -38.461765 18.825377 -0.555505
v -39.448402 20.636412 -0.840449
v -37.989712 21.607912 0.283336
v -37.003071 19.796877 0.568280
v -39.448402 20.636412 -0.840449
v -38.461765 18.825377 -0.555505
v -37.989712 21.607912 0.283336
v -37.003071 19.796877 0.568280
v -34.913330 16.098780 -0.042178
v -33.059731 16.001076 -0.739416
v -33.213001 14.028551 -0.870469
v -35.066601 14.126256 -0.173230
v -33.059731 16.001076 -0.739416
v -34.913330 16.098780 -0.042178
v -33.213001 14.028551 -0.870469
v -35.066601 14.126256 -0.173230
v -33.981579 13.998970 0.473645
v -34.668743 14.175378 -1.377896
v -34.515476 16.147903 -1.246843
v -33.828308 15.971494 0.604697
v -34.668743 14.175378 -1.377896
v -33.981579 13.998970 0.473645
v -34.515476 16.147903 -1.246843
v -33.828308 15.971494 0.604697
v -36.354794 21.086266 0.506460
v -35.665966 21.566910 -1.289652
v -37.506634 21.472616 -2.020797
v -38.195461 20.991970 -0.224686
v -35.665966 21.566910 -1.289652
v -36.354794 21.086266 0.506460
v -37.506634 21.472616 -2.020797
v -38.195461 20.991970 -0.224686
v -37.788605 20.223551 -1.149847
v -38.051254 22.144907 -0.736414
v -36.210587 22.239201 -0.005269
v -35.947937 20.317844 -0.418701
v -38.051254 22.144907 -0.736414
v -37.788605 20.223551 -1.149847
v -36.210587 22.239201 -0.005269
v -35.947937 20.317844 -0.418701
v -34.539806 18.303780 -0.709246
v -32.763767 18.370781 -1.588283
v -33.130405 16.628935 -2.461822
v -34.906448 16.561934 -1.582783
v -32.763767 18.370781 -1.588283
v -34.539806 18.303780 -0.709246
v -33.130405 16.628935 -2.461822
v -34.906448 16.561934 -1.582783
v -33.795166 16.116240 -1.160489
v -34.596897 17.061230 -2.708306
v -34.230255 18.803074 -1.834769
v -33.428528 17.858084 -0.286951
v -34.596897 17.061230 -2.708306
v -33.795166 16.116240 -1.160489
v -34.230255 18.803074 -1.834769
v -33.428528 17.858084 -0.286951
v -36.704544 23.534824 0.985051
v -35.831112 23.889158 -0.759394
v -37.364929 23.052874 -1.697233
v -38.238361 22.698538 0.047211
v -36.455235 20.959169 -2.018864
v -37.328663 20.604836 -0.274420
v -37.989052 20.122885 -2.956704
v -38.862484 19.768549 -1.212260
v -37.437317 21.958996 -0.603424
v -38.340664 23.721548 -0.697710
v -36.806847 24.557833 0.240129
v -35.903500 22.795280 0.334417
v -38.340664 23.721548 -0.697710
v -37.437317 21.958996 -0.603424
v -36.806847 24.557833 0.240129
v -35.903500 22.795280 0.334417
v -34.005081 19.443615 0.368909
v -32.288891 19.470901 -0.623798
v -33.084980 18.323801 -2.031603
v -34.801170 18.296516 -1.038896
v -32.288891 19.470901 -0.623798
v -34.005081 19.443615 0.368909
v -33.084980 18.323801 -2.031603
v -34.801170 18.296516 -1.038896
v -33.817856 17.498892 -0.945029
v -34.411533 19.115967 -1.926930
v -33.615444 20.263067 -0.519124
v -33.021767 18.645992 0.462778
v -34.411533 19.115967 -1.926930
v -33.817856 17.498892 -0.945029
v -33.615444 20.263067 -0.519124
v -33.021767 18.645992 0.462778
v -37.027470 20.965693 0.396208
v -35.721127 21.603052 -0.952403
v -36.532173 20.402027 -2.305643
v -37.838520 19.764668 -0.957032
v -35.721127 21.603052 -0.952403
v -37.027470 20.965693 0.396208
v -36.532173 20.402027 -2.305643
v -37.838520 19.764668 -0.957032
v -36.690048 19.298012 -1.231189
v -37.941917 20.741215 -1.761763
v -37.130867 21.942238 -0.408523
v -35.878998 20.499035 0.122051
v -37.941917 20.741215 -1.761763
v -36.690048 19.298012 -1.231189
v -37.130867 21.942238 -0.408523
v -35.878998 20.499035 0.122051
v -35.275005 20.228062 -0.438421
v -33.600842 20.675417 -1.402048
v -33.887066 19.133379 -2.615192
v -35.561226 18.686028 -1.651565
v -33.600842 20.675417 -1.402048
v -35.275005 20.228062 -0.438421
v -33.887066 19.133379 -2.615192
v -35.561226 18.686028 -1.651565
v -34.380001 18.283264 -1.418302
v -35.403122 19.446672 -2.655728
v -35.116898 20.988708 -1.442585
v -34.093777 19.825302 -0.205159
v -35.403122 19.446672 -2.655728
v -34.380001 18.283264 -1.418302
v -35.116898 20.988708 -1.442585
v -34.093777 19.825302 -0.205159
v -36.233276 17.071650 3.649862
v -35.220940 18.533680 2.818647
v -34.629158 19.132151 4.592036
v -35.641495 17.670120 5.423250
v -33.761116 17.950563 1.570917
v -34.773457 16.488535 2.402132
v -33.169334 18.549036 3.344305
v -34.181675 17.087006 4.175520
v -36.023682 18.837509 5.156824
v -34.449440 17.672356 5.024705
v -35.041222 17.073885 3.251316
v -36.615463 18.239038 3.383436
v -34.449440 17.672356 5.024705
v -36.023682 18.837509 5.156824
v -35.041222 17.073885 3.251316
v -36.615463 18.239038 3.383436
v -38.259323 19.850561 -0.794190
v -39.600769 21.163849 -1.367849
v -38.706512 22.544930 -0.297240
v -37.365070 21.231644 0.276420
v -39.600769 21.163849 -1.367849
v -38.259323 19.850561 -0.794190
v -38.706512 22.544930 -0.297240
v -37.365070 21.231644 0.276420
v -40.046650 21.852970 -0.796124
v -38.926773 22.323257 -2.338197
v -39.821030 20.942177 -3.408807
v -40.940903 20.471888 -1.866733
v -37.341709 21.992102 -0.724081
v -38.461582 21.521812 0.817993
v -38.235962 20.611019 -1.794690
v -39.355835 20.140730 -0.252617
v -36.324223 13.863859 1.119465
v -35.688145 14.454213 -0.641262
v -34.475933 15.732165 0.225147
v -35.112011 15.141809 1.985874
v -35.688145 14.454213 -0.641262
v -36.324223 13.863859 1.119465
v -34.475933 15.732165 0.225147
v -35.112011 15.141809 1.985874
v -35.561005 16.061985 1.256814
v -34.154156 14.693920 1.306353
v -35.366367 13.415968 0.439945
v -36.773216 14.784033 0.390405
v -34.154156 14.693920 1.306353
v -35.561005 16.061985 1.256814
v -35.366367 13.415968 0.439945
v -36.773216 14.784033 0.390405
v -37.949306 20.626930 -1.424109
v -38.542645 22.422386 -1.950965
v -36.729069 23.110258 -1.649209
v -36.135731 21.314804 -1.122352
v -38.542645 22.422386 -1.950965
v -37.949306 20.626930 -1.424109
v -36.729069 23.110258 -1.649209
v -36.135731 21.314804 -1.122352
v -35.631142 18.220623 -1.689244
v -35.170513 17.825077 -3.555965
v -36.984089 17.137203 -3.857721
v -37.444717 17.532749 -1.991001
v -35.542450 18.905224 -2.530803
v -36.003078 19.300770 -0.664083
v -37.356026 18.217350 -2.832560
v -37.816654 18.612896 -0.965839
v -35.153362 16.781847 3.038188
v -34.383484 17.648088 1.453828
v -34.512646 19.392447 2.344786
v -35.282524 18.526205 3.929146
v -32.923660 17.064972 0.206098
v -33.693539 16.198730 1.790457
v -33.052822 18.809332 1.097056
v -33.822701 17.943090 2.681416
v -34.415291 18.412180 1.677105
v -32.614212 18.166996 2.418239
v -32.485050 16.422636 1.527282
v -34.286125 16.667820 0.786147
v -34.074032 18.750111 3.665970
v -35.875114 18.995295 2.924835
v -33.944870 17.005751 2.775012
v -35.745949 17.250935 2.033877
v -32.972015 13.719702 -0.219651
v -33.580994 15.533269 -0.659421
v -31.966946 16.277332 0.173944
v -31.357965 14.463764 0.613713
v -37.641590 23.565136 -2.109784
v -37.032612 21.751568 -1.670014
v -36.027542 24.309200 -1.276419
v -35.418564 22.495632 -0.836649
v -34.534111 22.192440 -0.181581
v -33.597485 22.089380 -1.903611
v -35.211533 21.345318 -2.736976
v -36.148163 21.448378 -1.014946
v -34.221603 19.159391 -3.163082
v -35.158234 19.262451 -1.441052
v -35.835655 18.415329 -3.996447
v -36.772282 18.518389 -2.274417
vn -0.5835 0.5078 0.6338
vn -0.5854 0.4600 0.6676
vn -0.6726 0.5405 0.5054
vn -0.7138 0.5807 0.3915
vn -0.2554 0.9630 -0.0858
vn -0.2661 0.9638 -0.0186
vn -0.1973 0.9608 -0.1945
vn -0.1888 0.9263 -0.3261
vn 0.6964 0.6731 -0.2488
vn 0.7080 0.6292 -0.3207
vn 0.5250 0.7318 -0.4346
vn 0.5648 0.7549 -0.3333
vn -0.0004 0.5520 0.8339
vn 0.1238 0.5129 0.8495
vn 0.0241 0.6046 0.7961
vn -0.1098 0.6308 0.7681
vn 0.4733 -0.0971 0.8755
vn 0.7429 -0.2028 0.6379
vn 0.6591 -0.1827 0.7295
vn 0.4771 -0.1317 0.8689
vn -0.3667 0.1515 0.9179
vn -0.3941 0.1316 0.9096
vn -0.5827 0.2379 0.7771
vn -0.6766 0.2896 0.6770
vn -0.2756 0.5675 0.7759
vn -0.1870 0.4864 0.8535
vn -0.2656 0.5643 0.7817
vn -0.3641 0.6149 0.6995
vn 0.8910 0.3665 -0.2678
vn 0.9499 0.3035 -0.0752
vn 0.9897 0.1412 -0.0228
vn 0.9326 0.2253 -0.2819
vn 0.3472 0.9192 -0.1855
vn 0.3858 0.9180 -0.0918
vn 0.4964 0.8542 -0.1543
vn 0.4807 0.8379 -0.2586
vn 0.6946 0.1568 0.7021
vn 0.7953 0.1160 0.5951
vn 0.6971 0.1663 0.6974
vn 0.5811 0.1731 0.7952
vn 0.9858 0.0078 -0.1680
vn 0.9922 -0.1071 0.0640
vn 0.9735 -0.2114 0.0870
vn 0.9480 -0.0236 -0.3172
vn 0.6804 0.6329 -0.3694
vn 0.7691 0.5490 -0.3273
vn 0.7619 0.5237 -0.3811
vn 0.6492 0.6253 -0.4331
vn 0.6987 0.4272 -0.5739
vn 0.5766 0.5260 -0.6252
vn 0.4680 0.5654 -0.6792
vn 0.5961 0.5076 -0.6221
vn 0.5718 0.7745 -0.2706
vn 0.5941 0.7179 -0.3628
vn 0.3363 0.8256 -0.4531
vn 0.3949 0.8556 -0.3347
vn 0.3705 0.9165 -0.1510
vn 0.4046 0.9136 -0.0402
vn 0.5202 0.8482 -0.1000
vn 0.5077 0.8337 -0.2173
vn 0.2616 0.0645 0.9630
vn 0.3980 -0.0006 0.9174
vn 0.5410 -0.2036 0.8160
vn 0.4344 -0.0566 0.8989
vn -0.1940 0.6873 0.7000
vn -0.2340 0.8003 0.5521
vn -0.2968 0.8574 0.4205
vn -0.2092 0.7577 0.6182
vn 0.2205 -0.0715 0.9728
vn 0.3527 -0.1103 0.9292
vn 0.4912 -0.2892 0.8216
vn 0.3789 -0.1814 0.9075
vn 0.4101 -0.4779 0.7768
vn 0.3285 -0.4351 0.8383
vn 0.6218 -0.6211 0.4771
vn 0.5777 -0.5843 0.5700
vn 0.2191 0.7625 -0.6087
vn 0.0426 0.8333 -0.5512
vn -0.0251 0.8794 -0.4754
vn 0.1334 0.8411 -0.5241
vn 0.2461 -0.5330 0.8096
vn 0.6138 -0.6252 0.4820
vn 0.5537 -0.5682 0.6088
vn 0.3282 -0.5091 0.7957
vn 0.9460 0.2482 -0.2085
vn 0.9210 0.2701 -0.2808
vn 0.7588 0.3253 -0.5643
vn 0.8518 0.3346 -0.4032
vn -0.4517 0.6926 0.5624
vn -0.4368 0.6422 0.6299
vn -0.5377 0.7289 0.4239
vn -0.6342 0.7310 0.2517
vn 0.8851 -0.4423 0.1445
vn 0.8734 -0.4310 0.2268
vn 0.8583 -0.4071 -0.3125
vn 0.8936 -0.4227 -0.1508
vn 0.1128 -0.5372 0.8359
vn 0.1152 -0.5800 0.8064
vn 0.3986 -0.7413 0.5400
vn 0.3138 -0.6566 0.6859
vn -0.6289 0.2252 0.7442
vn -0.7631 0.4150 0.4955
vn -0.8336 0.4349 0.3405
vn -0.5830 0.0800 0.8085
vn 0.3486 0.8102 -0.4713
vn 0.2775 0.8726 -0.4019
vn 0.4193 0.7905 -0.4465
vn 0.4912 0.6919 -0.5292
vn 0.9373 0.0328 -0.3469
vn 0.9764 -0.0797 -0.2006
vn 0.9591 -0.0122 -0.2827
vn 0.8742 0.0882 -0.4774
vn 0.7946 0.1195 -0.5953
vn 0.8800 -0.0154 -0.4747
vn 0.8203 0.1127 -0.5608
vn 0.6751 0.2076 -0.7079
vn 0.8663 -0.1865 0.4634
vn 0.9041 -0.1674 0.3931
vn 0.9548 -0.1936 0.2255
vn 0.9251 -0.1887 0.3294
vn 0.8126 0.0382 0.5816
vn 0.9437 0.0052 0.3308
vn 0.8805 0.0152 0.4737
vn 0.7646 -0.0021 0.6445
vn -0.0810 0.1921 0.9780
vn -0.2637 0.3481 0.8996
vn -0.3412 0.4197 0.8411
vn -0.0218 0.1735 0.9846
vn 0.8465 0.1157 -0.5197
vn 0.9172 -0.0056 -0.3984
vn 0.8727 0.0937 -0.4792
vn 0.7517 0.1897 -0.6316
vn 0.5529 0.6005 -0.5777
vn 0.6220 0.5298 -0.5766
vn 0.5279 0.5965 -0.6046
vn 0.4570 0.6512 -0.6059
vn -0.0551 0.9848 -0.1645
vn -0.1247 0.9921 0.0127
vn -0.0030 1.0000 -0.0071
vn 0.0571 0.9869 -0.1508
vn 0.1252 0.5249 -0.8419
vn -0.1870 0.7227 -0.6654
vn -0.2615 0.7150 -0.6484
vn -0.0288 0.6527 -0.7571
vn 0.2800 0.0009 0.9600
vn 0.7516 -0.1789 0.6349
vn 0.6396 -0.1270 0.7582
vn 0.3906 -0.0442 0.9195
vn -0.1891 0.4312 0.8822
vn -0.0801 0.3423 0.9362
vn -0.1747 0.4180 0.8915
vn -0.2893 0.4730 0.8322
vn -0.3463 0.7616 0.5478
vn -0.3559 0.8940 0.2724
vn -0.3715 0.9246 0.0841
vn -0.3255 0.6904 0.6460
vn -0.0092 0.8554 -0.5179
vn -0.0836 0.8770 -0.4731
vn 0.0392 0.8171 -0.5752
vn 0.1163 0.7478 -0.6536
vn -0.6500 0.5990 0.4677
vn -0.6577 0.7333 0.1726
vn -0.6522 0.7580 -0.0101
vn -0.6375 0.5200 0.5685
vn 0.0700 0.8832 -0.4637
vn -0.1152 0.9364 -0.3315
vn -0.0773 0.9574 -0.2782
vn 0.0608 0.9250 -0.3750
vn 0.6333 -0.5504 0.5440
vn 0.5048 -0.5180 0.6905
vn 0.7335 -0.6794 0.0222
vn 0.7462 -0.6298 0.2157
vn 0.4290 -0.5152 0.7419
vn 0.3098 -0.4674 0.8280
vn 0.6257 -0.6743 0.3923
vn 0.5965 -0.6274 0.5005
vn 0.2870 0.9124 -0.2918
vn 0.3877 0.8940 -0.2246
vn 0.5149 0.7910 -0.3305
vn 0.4650 0.7683 -0.4399
vn -0.0176 0.9927 -0.1192
vn -0.0985 0.9950 0.0177
vn -0.0207 0.9991 0.0358
vn 0.0453 0.9961 -0.0756
vn 0.8977 0.4403 0.0181
vn 0.9194 0.3634 0.1507
vn 0.9553 0.2772 0.1027
vn 0.9252 0.3740 -0.0641
vn -0.0830 0.3860 0.9188
vn 0.0570 0.3005 0.9521
vn -0.0874 0.3976 0.9134
vn -0.2499 0.4373 0.8639
vn 0.1827 0.9707 -0.1559
vn 0.3045 0.9460 -0.1110
vn 0.4004 0.8802 -0.2548
vn 0.3104 0.8845 -0.3481
vn 0.3552 0.0052 0.9348
vn 0.4824 -0.0449 0.8748
vn 0.5853 -0.1529 0.7962
vn 0.4843 -0.0653 0.8725
vn 0.1596 -0.4834 0.8607
vn 0.1577 -0.4958 0.8540
vn 0.4234 -0.6659 0.6143
vn 0.3454 -0.5979 0.7234
vn 0.0319 0.8828 -0.4686
vn -0.1220 0.9262 -0.3568
vn -0.1295 0.9455 -0.2987
vn -0.0040 0.9231 -0.3845
vn -0.1126 0.9188 -0.3784
vn -0.1707 0.9332 -0.3162
vn -0.0854 0.9079 -0.4103
vn -0.0308 0.8708 -0.4907
vn 0.0142 0.5721 0.8200
vn -0.0597 0.7030 0.7087
vn -0.1770 0.7771 0.6040
vn -0.0607 0.6727 0.7374
vn 0.1922 0.9644 -0.1817
vn 0.2922 0.9473 -0.1310
vn 0.3932 0.8831 -0.2559
vn 0.3258 0.8796 -0.3468
vn 0.0708 0.9353 -0.3467
vn 0.0447 0.9638 -0.2627
vn 0.1713 0.9092 -0.3794
vn 0.2089 0.8413 -0.4985
vn 0.4101 0.0809 0.9085
vn 0.6075 -0.0663 0.7915
vn 0.4698 0.0085 0.8827
vn 0.2811 0.0745 0.9568
vn -0.4810 0.5183 0.7071
vn -0.5529 0.6525 0.5182
vn -0.5832 0.7134 0.3886
vn -0.4535 0.5416 0.7078
vn 0.2326 0.8162 -0.5290
vn 0.1281 0.8753 -0.4662
vn 0.2524 0.8155 -0.5208
vn 0.3395 0.7293 -0.5941
vn -0.5839 -0.0042 0.8118
vn -0.6456 0.0727 0.7602
vn -0.8108 0.1867 0.5548
vn -0.8632 0.1887 0.4682
vn 0.9801 -0.0749 0.1837
vn 0.9986 -0.0280 0.0447
vn 0.9983 -0.0248 -0.0528
vn 0.9959 -0.0458 0.0774
vn -0.1169 0.9929 0.0213
vn -0.0759 0.9944 0.0730
vn -0.0197 0.9977 -0.0650
vn -0.0507 0.9866 -0.1548
vn 0.0286 0.9996 -0.0010
vn -0.0497 0.9884 0.1437
vn 0.0463 0.9821 0.1826
vn 0.1113 0.9919 0.0620
vn 0.9235 0.3245 -0.2044
vn 0.9728 0.2187 -0.0762
vn 0.9758 0.1704 -0.1374
vn 0.9001 0.3057 -0.3104
vn -0.4524 0.6674 0.5916
vn -0.3872 0.5716 0.7234
vn -0.4504 0.6486 0.6136
vn -0.5284 0.6984 0.4827
vn -0.1611 -0.0276 0.9866
vn -0.2308 -0.0221 0.9728
vn -0.4858 0.0863 0.8698
vn -0.6269 0.1344 0.7674
vn 0.8489 -0.3706 0.3770
vn 0.8762 -0.3387 0.3428
vn 0.9291 -0.3653 0.0580
vn 0.9097 -0.3729 0.1826
vn 0.9915 0.0874 -0.0967
vn 1.0000 0.0011 0.0087
vn 0.9902 0.0563 -0.1278
vn 0.9646 0.1240 -0.2327
vn 0.2861 -0.3711 0.8834
vn 0.2312 -0.3206 0.9186
vn 0.5379 -0.5521 0.6371
vn 0.4688 -0.5030 0.7261
vn -0.5097 0.4442 0.7368
vn -0.6000 0.5698 0.5615
vn -0.6003 0.6056 0.5224
vn -0.4590 0.3948 0.7959
vn 0.8862 -0.1472 0.4393
vn 0.9184 -0.1261 0.3750
vn 0.9780 -0.1817 0.1029
vn 0.9564 -0.1547 0.2476
vn 0.6075 0.5164 -0.6036
vn 0.4669 0.6151 -0.6354
vn 0.2901 0.6582 -0.6947
vn 0.4567 0.6133 -0.6444
vn 0.3063 0.7752 -0.5525
vn 0.2243 0.8336 -0.5048
vn 0.3871 0.7253 -0.5693
vn 0.4704 0.5971 -0.6498
vn -0.0714 0.1553 0.9853
vn 0.0864 0.0117 0.9962
vn -0.0207 0.0819 0.9964
vn -0.1623 0.1748 0.9711
vn 0.9584 0.2855 -0.0036
vn 0.9635 0.1945 0.1838
vn 0.9861 0.0636 0.1536
vn 0.9749 0.1924 -0.1125
vn 0.1083 0.9840 -0.1413
vn 0.0036 1.0000 -0.0082
vn 0.0938 0.9947 0.0411
vn 0.1801 0.9813 -0.0683
vn 0.9854 0.0871 -0.1466
vn 0.9993 0.0031 -0.0380
vn 0.9866 0.0556 -0.1531
vn 0.9545 0.1239 -0.2713
vn -0.4958 0.2733 0.8243
vn -0.6013 0.3920 0.6962
vn -0.6170 0.4264 0.6615
vn -0.4614 0.2521 0.8506
vn 0.3674 0.5634 -0.7400
vn 0.5240 0.4239 -0.7388
vn 0.4467 0.4912 -0.7478
vn 0.2061 0.6212 -0.7561
vn 0.2084 0.9526 -0.2215
vn 0.0613 0.9917 -0.1129
vn 0.1374 0.9902 -0.0232
vn 0.2570 0.9598 -0.1131
vn 0.2413 -0.3481 0.9059
vn 0.1442 -0.2735 0.9510
vn 0.5065 -0.5668 0.6497
vn 0.4375 -0.5070 0.7426
vn 0.0342 0.9702 -0.2400
vn 0.0269 0.9833 -0.1800
vn 0.1118 0.9584 -0.2625
vn 0.1285 0.9319 -0.3392
vn 0.7080 0.7025 -0.0723
vn 0.7674 0.6275 -0.1317
vn 0.6577 0.7032 -0.2703
vn 0.6198 0.7631 -0.1833
vn 0.7962 0.5545 -0.2419
vn 0.8615 0.4809 -0.1629
vn 0.8799 0.4294 -0.2035
vn 0.7991 0.5204 -0.3010
vn -0.1553 0.4991 0.8525
vn -0.0812 0.4463 0.8912
vn -0.1692 0.5205 0.8369
vn -0.2613 0.5587 0.7872
vn 0.2651 0.9253 -0.2713
vn 0.3439 0.9162 -0.2057
vn 0.4642 0.8318 -0.3043
vn 0.4267 0.8091 -0.4041
vn 0.1974 0.4427 0.8747
vn 0.0710 0.6115 0.7881
vn -0.1056 0.6975 0.7088
vn 0.0967 0.5647 0.8196
vn 0.5971 0.4375 -0.6724
vn 0.2777 0.6671 -0.6913
vn 0.4234 0.6779 -0.6010
vn 0.6172 0.5251 -0.5859
vn 0.7170 0.4648 -0.5195
vn 0.6091 0.5480 -0.5734
vn 0.5125 0.5930 -0.6210
vn 0.6256 0.5407 -0.5624
vn 0.5935 -0.6374 0.4913
vn 0.7911 -0.6034 0.1001
vn 0.7856 -0.5840 0.2043
vn 0.6598 -0.6040 0.4470
vn -0.4494 0.4386 0.7782
vn -0.5243 0.5390 0.6592
vn -0.5561 0.5942 0.5811
vn -0.4470 0.4836 0.7525
vn -0.7472 0.4450 0.4937
vn -0.7818 0.5699 0.2530
vn -0.7924 0.5968 0.1262
vn -0.7423 0.4070 0.5323
vn -0.1436 0.9892 -0.0298
vn -0.2242 0.9551 0.1935
vn -0.0937 0.9741 0.2060
vn -0.0318 0.9988 0.0366
vn 0.8591 0.4995 -0.1115
vn 0.9254 0.3677 -0.0923
vn 0.7886 0.4388 -0.4308
vn 0.7715 0.5450 -0.3282
vn 0.8148 0.5632 -0.1372
vn 0.8885 0.4588 -0.0013
vn 0.9355 0.3450 -0.0768
vn 0.8392 0.4810 -0.2537
vn 0.3520 0.8688 -0.3483
vn 0.3521 0.9038 -0.2432
vn 0.4979 0.8116 -0.3055
vn 0.5274 0.7358 -0.4249
vn 0.5615 -0.0152 0.8273
vn 0.7066 -0.0719 0.7039
vn 0.7926 -0.1632 0.5875
vn 0.6953 -0.0661 0.7157
vn 0.9920 0.1247 -0.0189
vn 0.9906 0.0174 0.1354
vn 0.9995 -0.0075 0.0321
vn 0.9788 0.1163 -0.1687
vn 0.8958 0.3658 -0.2524
vn 0.9603 0.2486 -0.1269
vn 0.9615 0.1923 -0.1965
vn 0.8635 0.3456 -0.3673
vn 0.4284 -0.5592 0.7098
vn 0.7039 -0.6025 0.3762
vn 0.6831 -0.5742 0.4512
vn 0.5138 -0.5480 0.6600
vn 0.8737 0.4773 0.0938
vn 0.9122 0.4092 0.0206
vn 0.8599 0.4807 -0.1716
vn 0.8406 0.5384 -0.0593
vn -0.4906 0.6900 0.5322
vn -0.4960 0.8090 0.3154
vn -0.4991 0.8580 0.1218
vn -0.4477 0.7654 0.4623
vn -0.3971 0.6993 0.5944
vn -0.4165 0.7846 0.4593
vn -0.4407 0.8449 0.3033
vn -0.3902 0.8056 0.4458
vn 0.8001 -0.0721 0.5955
vn 0.9701 -0.0699 0.2325
vn 0.9275 -0.0807 0.3651
vn 0.8102 -0.1042 0.5768
vn 0.4965 -0.1938 0.8461
vn 0.5760 -0.1916 0.7947
vn 0.7209 -0.3398 0.6041
vn 0.6383 -0.2739 0.7194
vn 0.6169 0.6066 -0.5014
vn 0.7491 0.4889 -0.4470
vn 0.7484 0.4328 -0.5026
vn 0.5570 0.5950 -0.5795
vn -0.2888 0.9225 -0.2561
vn -0.4272 0.9041 -0.0096
vn -0.3823 0.9238 0.0202
vn -0.2836 0.9476 -0.1468
vn -0.6651 0.6167 0.4210
vn -0.6608 0.7301 0.1739
vn -0.6449 0.7642 0.0029
vn -0.6492 0.6252 0.4332
vn 0.1818 -0.2728 0.9447
vn 0.2696 -0.2800 0.9214
vn 0.4844 -0.5202 0.7034
vn 0.3698 -0.4129 0.8323
vn 0.2884 0.0157 0.9574
vn 0.2858 0.0484 0.9571
vn 0.5617 -0.3280 0.7596
vn 0.4823 -0.1653 0.8603
vn -0.3676 0.9182 0.1475
vn -0.3781 0.8829 0.2783
vn -0.3589 0.9156 0.1815
vn -0.3599 0.9311 0.0589
vn 0.0478 0.9972 -0.0570
vn 0.2079 0.9771 -0.0457
vn 0.2776 0.9283 -0.2475
vn 0.1466 0.9279 -0.3429
vn 0.6315 -0.4398 0.6386
vn 0.8184 -0.4436 0.3653
vn 0.8017 -0.4500 0.3935
vn 0.6827 -0.4460 0.5788
vn 0.5619 -0.2147 0.7988
vn 0.6476 -0.2100 0.7324
vn 0.7794 -0.3573 0.5147
vn 0.7014 -0.2890 0.6515
vn -0.0702 0.6013 0.7960
vn -0.1356 0.7206 0.6800
vn -0.2300 0.7873 0.5721
vn -0.1222 0.6874 0.7159
vn 0.8318 0.3221 -0.4520
vn 0.7433 0.4080 -0.5302
vn 0.6514 0.4528 -0.6088
vn 0.7510 0.3998 -0.5255
vn 0.2884 0.0394 0.9567
vn 0.3967 -0.0024 0.9180
vn 0.5580 -0.2126 0.8022
vn 0.4579 -0.0807 0.8853
vn -0.2236 0.3033 0.9263
vn -0.2184 0.2590 0.9408
vn -0.3988 0.3586 0.8440
vn -0.5146 0.4008 0.7580
vn 0.9198 0.3397 -0.1962
vn 0.9010 0.3458 -0.2619
vn 0.7934 0.4220 -0.4387
vn 0.8462 0.4189 -0.3293
vn 0.8751 0.1120 0.4708
vn 0.9816 0.1109 0.1557
vn 0.9344 0.1137 0.3375
vn 0.8379 0.0580 0.5427
vn -0.0523 0.2548 0.9656
vn -0.1877 0.3768 0.9071
vn -0.2767 0.4487 0.8497
vn -0.0692 0.3181 0.9455
vn -0.5984 0.6286 0.4967
vn -0.6138 0.7562 0.2267
vn -0.6073 0.7915 0.0682
vn -0.5738 0.5788 0.5794
vn 0.0318 0.9989 -0.0357
vn -0.0461 0.9914 0.1228
vn 0.0627 0.9864 0.1519
vn 0.1277 0.9916 0.0216
vn 0.6892 -0.0409 0.7234
vn 0.7483 -0.0546 0.6611
vn 0.8301 -0.1036 0.5479
vn 0.7748 -0.0666 0.6287
vn -0.2166 0.9727 -0.0835
vn -0.2310 0.9728 -0.0143
vn -0.1737 0.9763 -0.1291
vn -0.1602 0.9619 -0.2214
vn 0.9390 0.2545 -0.2312
vn 0.8733 0.3305 -0.3579
vn 0.8074 0.3743 -0.4561
vn 0.8827 0.3330 -0.3317
vn 0.1152 0.6033 -0.7891
vn -0.0670 0.6604 -0.7480
vn 0.1320 0.5176 -0.8454
vn 0.2763 0.3300 -0.9027
vn 0.8666 0.4313 -0.2509
vn 0.9278 0.3496 -0.1304
vn 0.9514 0.2702 -0.1476
vn 0.8724 0.3800 -0.3073
vn -0.5873 0.4090 0.6984
vn -0.6785 0.4786 0.5572
vn -0.8007 0.5421 0.2550
vn -0.8383 0.5397 0.0773
vn 0.9670 0.2515 -0.0409
vn 0.9771 0.1599 0.1402
vn 0.9924 0.0484 0.1134
vn 0.9729 0.1783 -0.1469
vn -0.1418 0.4629 0.8750
vn -0.0214 0.3775 0.9258
vn -0.1168 0.4587 0.8809
vn -0.2409 0.5102 0.8256
vn 0.5940 0.7717 -0.2272
vn 0.4778 0.8504 -0.2205
vn 0.5056 0.8533 -0.1275
vn 0.6057 0.7846 -0.1321
vn -0.5596 0.5465 0.6230
vn -0.6480 0.6772 0.3485
vn -0.6182 0.6797 0.3949
vn -0.4850 0.3645 0.7950
vn 0.6203 -0.2902 0.7287
vn 0.6754 -0.2807 0.6820
vn 0.7762 -0.3499 0.5245
vn 0.7186 -0.3303 0.6120
vn 0.4578 0.3591 0.8133
vn 0.5345 0.2225 0.8153
vn 0.7022 0.1090 0.7036
vn 0.6227 0.2740 0.7329
vn -0.3677 0.7001 0.6121
vn -0.3906 0.7846 0.4815
vn -0.4189 0.8409 0.3428
vn -0.3661 0.7901 0.4916
vn -0.2956 0.8899 -0.3473
vn -0.4216 0.8949 -0.1463
vn -0.4442 0.8930 -0.0718
vn -0.3374 0.9155 -0.2192
vn 0.5321 -0.6308 0.5647
vn 0.7690 -0.6210 0.1517
vn 0.7733 -0.5895 0.2334
vn 0.6356 -0.5986 0.4876
vn 0.8520 0.3032 0.4268
vn 0.8896 0.2547 0.3790
vn 0.9293 0.2726 0.2491
vn 0.8923 0.3226 0.3157
vn 0.2719 0.8033 -0.5299
vn 0.2990 0.8088 -0.5064
vn 0.4815 0.6441 -0.5943
vn 0.5312 0.4903 -0.6909
vn 0.5422 -0.4229 0.7261
vn 0.7933 -0.4346 0.4265
vn 0.8160 -0.4422 0.3722
vn 0.6798 -0.4269 0.5963
vn -0.1428 0.7807 -0.6084
vn -0.2434 0.8344 -0.4945
vn -0.3672 0.8404 -0.3988
vn -0.2476 0.8287 -0.5020
vn 0.1103 0.7960 -0.5951
vn -0.1743 0.8924 -0.4162
vn -0.0731 0.9290 -0.3628
vn 0.1123 0.8704 -0.4794
vn 0.6943 0.5879 -0.4152
vn 0.6717 0.5807 -0.4600
vn 0.4476 0.6832 -0.5769
vn 0.5424 0.6800 -0.4934
vn -0.3192 0.9432 0.0924
vn -0.2806 0.9462 0.1615
vn -0.2482 0.9651 -0.0830
vn -0.3067 0.9131 -0.2686
vn 0.5750 0.0559 0.8163
vn 0.6364 0.0224 0.7710
vn 0.7600 -0.0686 0.6463
vn 0.6934 0.0027 0.7205
vn 0.6888 -0.5046 0.5206
vn 0.9054 -0.4245 -0.0078
vn 0.8996 -0.4217 0.1134
vn 0.7867 -0.4656 0.4054
vn 0.6104 0.6303 -0.4798
vn 0.4952 0.6985 -0.5167
vn 0.4487 0.7514 -0.4839
vn 0.5538 0.6988 -0.4528
vn -0.1107 0.9898 0.0898
vn -0.0567 0.9898 0.1306
vn -0.0125 0.9999 -0.0067
vn -0.0576 0.9948 -0.0845
vn 0.0356 0.2368 0.9709
vn -0.0970 0.3495 0.9319
vn -0.1931 0.4187 0.8873
vn 0.0024 0.3072 0.9516
vn 0.8882 0.4412 -0.1279
vn 0.8879 0.4194 -0.1892
vn 0.7982 0.4996 -0.3366
vn 0.8231 0.5132 -0.2432
vn 0.1105 0.1927 0.9750
vn 0.0176 0.2635 0.9645
vn -0.0903 0.3356 0.9377
vn 0.0095 0.2965 0.9550
vn -0.2412 0.1468 0.9593
vn -0.3771 0.2660 0.8871
vn -0.4257 0.3214 0.8459
vn -0.2228 0.1603 0.9616
vn 0.1193 0.9197 -0.3740
vn 0.0943 0.9487 -0.3018
vn 0.2210 0.8894 -0.4002
vn 0.2612 0.8239 -0.5029
vn -0.1211 0.9753 0.1846
vn -0.0081 0.9848 0.1737
vn 0.0046 0.9997 -0.0230
vn -0.1034 0.9903 -0.0929
vn 0.5948 0.5670 -0.5698
vn 0.6988 0.4654 -0.5431
vn 0.6481 0.4913 -0.5819
vn 0.5082 0.6002 -0.6177
vn 0.4137 0.3469 0.8417
vn 0.7110 0.1846 0.6785
vn 0.5718 0.3145 0.7577
vn 0.3486 0.3699 0.8612
vn -0.1373 0.7071 0.6937
vn -0.1705 0.8291 0.5325
vn -0.2462 0.8878 0.3888
vn -0.1610 0.7781 0.6072
vn 0.6200 0.2836 -0.7315
vn 0.4990 0.4031 -0.7671
vn 0.3131 0.4432 -0.8400
vn 0.4728 0.3775 -0.7962
vn 0.6162 0.2580 -0.7441
vn 0.7523 0.0855 -0.6533
vn 0.6653 0.2321 -0.7096
vn 0.4352 0.3547 -0.8275
vn 0.0876 0.9647 0.2484
vn 0.1701 0.9446 0.2806
vn 0.1971 0.9649 0.1738
vn 0.1206 0.9845 0.1274
vn -0.2738 0.3891 0.8796
vn 0.2836 0.0560 0.9573
vn 0.1859 0.1092 0.9765
vn -0.0745 0.3020 0.9504
vn 0.9290 -0.0365 -0.3684
vn 0.9666 -0.1610 -0.1995
vn 0.9556 -0.0754 -0.2850
vn 0.8547 0.0303 -0.5182
vn -0.4921 0.6080 0.6231
vn -0.4831 0.5538 0.6782
vn -0.5709 0.6354 0.5199
vn -0.6304 0.6684 0.3949
vn 0.0477 0.8610 -0.5064
vn -0.0954 0.9187 -0.3832
vn 0.0381 0.8686 -0.4941
vn 0.1345 0.7715 -0.6218
vn 0.8668 -0.4055 0.2902
vn 0.8864 -0.3761 0.2698
vn 0.9243 -0.3806 -0.0301
vn 0.9138 -0.3966 0.0877
vn 0.7388 -0.6736 0.0222
vn 0.7194 -0.6938 -0.0333
vn 0.7173 -0.6076 -0.3409
vn 0.7562 -0.6221 -0.2029
vn -0.4638 -0.2252 0.8568
vn -0.1378 -0.4530 0.8808
vn -0.1345 -0.3914 0.9103
vn -0.3512 -0.2441 0.9039
vn -0.6202 0.7494 -0.2321
vn -0.6689 0.7259 -0.1599
vn -0.6077 0.7248 -0.3245
vn -0.5503 0.7105 -0.4386
vn 0.8775 0.4088 -0.2509
vn 0.9288 0.3275 -0.1737
vn 0.9206 0.3161 -0.2292
vn 0.8532 0.4093 -0.3233
vn -0.4482 0.8539 -0.2645
vn -0.5551 0.8317 0.0074
vn -0.5754 0.8128 0.0906
vn -0.4836 0.8700 -0.0965
vn -0.7849 0.5123 0.3485
vn -0.7888 0.4729 0.3926
vn -0.8307 0.5374 0.1453
vn -0.8371 0.5456 -0.0407
vn 0.9584 0.2767 0.0695
vn 0.9565 0.1895 0.2218
vn 0.9812 0.1085 0.1598
vn 0.9744 0.2209 -0.0407
vn 0.6544 0.5445 -0.5247
vn 0.7565 0.4389 -0.4849
vn 0.7163 0.4505 -0.5329
vn 0.5767 0.5701 -0.5851
vn 0.7343 0.3856 -0.5586
vn 0.6616 0.4531 -0.5975
vn 0.5427 0.5073 -0.6695
vn 0.6380 0.4601 -0.6174
vn 0.5643 -0.0551 0.8238
vn 0.7523 -0.1432 0.6431
vn 0.6676 -0.1189 0.7349
vn 0.5156 -0.0803 0.8530
vn 0.3446 0.7456 -0.5704
vn 0.2324 0.8231 -0.5182
vn 0.4003 0.7120 -0.5769
vn 0.4940 0.5688 -0.6577
vn -0.4446 0.4571 0.7703
vn -0.5396 0.6096 0.5807
vn -0.5871 0.6789 0.4408
vn -0.4146 0.4746 0.7764
vn 0.9593 -0.1646 0.2293
vn 0.9789 -0.1100 0.1722
vn 0.9434 -0.1901 -0.2717
vn 0.9873 -0.1511 -0.0483
vn 0.3435 0.2464 0.9062
vn 0.1767 0.3890 0.9041
vn 0.0103 0.4583 0.8888
vn 0.2771 0.3337 0.9010
vt 0.303320 0.730331
vt 0.547464 0.730331
vt 0.547464 0.974475
vt 0.303320 0.974475
s 1
usemtl Leaves
f 5274/3786/4897 5277/3787/4898 5276/3788/4899 5275/3789/4900
f 5377/3787/4901 5375/3786/4902 5374/3789/4903 5376/3788/4904
f 5201/3787/4905 5199/3786/4906 5198/3789/4907 5200/3788/4908
f 5578/3786/4909 5581/3787/4910 5580/3788/4911 5579/3789/4912
f 5253/3787/4913 5252/3786/4914 5251/3789/4915 5250/3788/4916
f 5194/3786/4917 5197/3787/4918 5196/3788/4919 5195/3789/4920
f 5306/3786/4921 5309/3787/4922 5308/3788/4923 5307/3789/4924
f 5432/3786/4925 5433/3787/4926 5431/3788/4927 5430/3789/4928
f 5393/3787/4929 5391/3786/4930 5390/3789/4931 5392/3788/4932
f 5301/3787/4933 5300/3786/4934 5299/3789/4935 5298/3788/4936
f 5368/3786/4937 5369/3787/4938 5367/3788/4939 5366/3789/4940
f 5512/3786/4941 5513/3787/4942 5511/3788/4943 5510/3789/4944
f 5265/3787/4945 5263/3786/4946 5262/3789/4947 5264/3788/4948
f 5137/3787/4949 5135/3786/4950 5134/3789/4951 5136/3788/4952
f 5329/3787/4953 5327/3786/4954 5326/3789/4955 5328/3788/4956
f 4938/3786/4957 4941/3787/4958 4940/3788/4959 4939/3789/4960
f 5077/3787/4961 5076/3786/4962 5075/3789/4963 5074/3788/4964
f 4970/3786/4965 4973/3787/4966 4972/3788/4967 4971/3789/4968
f 5082/3786/4969 5085/3787/4970 5084/3788/4971 5083/3789/4972
f 5128/3786/4973 5129/3787/4974 5127/3788/4975 5126/3789/4976
f 5189/3787/4977 5188/3786/4978 5187/3789/4979 5186/3788/4980
f 5153/3787/4981 5151/3786/4982 5150/3789/4983 5152/3788/4984
f 5146/3786/4985 5149/3787/4986 5148/3788/4987 5147/3789/4988
f 5338/3786/4989 5341/3787/4990 5340/3788/4991 5339/3789/4992
f 5322/3786/4993 5325/3787/4994 5324/3788/4995 5323/3789/4996
f 4965/3787/4997 4964/3786/4998 4963/3789/4999 4962/3788/5000
f 4977/3787/5001 4975/3786/5002 4974/3789/5003 4976/3788/5004
f 5080/3786/5005 5081/3787/5006 5079/3788/5007 5078/3789/5008
f 5032/3786/5009 5033/3787/5010 5031/3788/5011 5030/3789/5012
f 5498/3786/5013 5501/3787/5014 5500/3788/5015 5499/3789/5016
f 5205/3787/5017 5204/3786/5018 5203/3789/5019 5202/3788/5020
f 5381/3787/5021 5380/3786/5022 5379/3789/5023 5378/3788/5024
f 5096/3786/5025 5097/3787/5026 5095/3788/5027 5094/3789/5028
f 5448/3786/5029 5449/3787/5030 5447/3788/5031 5446/3789/5032
f 5592/3786/5033 5593/3787/5034 5591/3788/5035 5590/3789/5036
f 5224/3786/5037 5225/3787/5038 5223/3788/5039 5222/3789/5040
f 5157/3787/5041 5156/3786/5042 5155/3789/5043 5154/3788/5044
f 5226/3786/5045 5229/3787/5046 5228/3788/5047 5227/3789/5048
f 5365/3787/5049 5364/3786/5050 5363/3789/5051 5362/3788/5052
f 5457/3787/5053 5455/3786/5054 5454/3789/5055 5456/3788/5056
f 4949/3787/5057 4948/3786/5058 4947/3789/5059 4946/3788/5060
f 5256/3786/5061 5257/3787/5062 5255/3788/5063 5254/3789/5064
f 4922/3786/5065 4925/3787/5066 4924/3788/5067 4923/3789/5068
f 5018/3786/5069 5021/3787/5070 5020/3788/5071 5019/3789/5072
f 5041/3787/5073 5039/3786/5074 5038/3789/5075 5040/3788/5076
f 5624/3786/5077 5625/3787/5078 5623/3788/5079 5622/3789/5080
f 5112/3786/5081 5113/3787/5082 5111/3788/5083 5110/3789/5084
f 5162/3786/5085 5165/3787/5086 5164/3788/5087 5163/3789/5088
f 5025/3787/5089 5023/3786/5090 5022/3789/5091 5024/3788/5092
f 5098/3786/5093 5101/3787/5094 5100/3788/5095 5099/3789/5096
f 5386/3786/5097 5389/3787/5098 5388/3788/5099 5387/3789/5100
f 5288/3786/5101 5289/3787/5102 5287/3788/5103 5286/3789/5104
f 5521/3787/5105 5519/3786/5106 5518/3789/5107 5520/3788/5108
f 5029/3787/5109 5028/3786/5110 5027/3789/5111 5026/3788/5112
f 5089/3787/5113 5087/3786/5114 5086/3789/5115 5088/3788/5116
f 4993/3787/5117 4991/3786/5118 4990/3789/5119 4992/3788/5120
f 5125/3787/5121 5124/3786/5122 5123/3789/5123 5122/3788/5124
f 5061/3787/5125 5060/3786/5126 5059/3789/5127 5058/3788/5128
f 5105/3787/5129 5103/3786/5130 5102/3789/5131 5104/3788/5132
f 5290/3786/5133 5293/3787/5134 5292/3788/5135 5291/3789/5136
f 5537/3787/5137 5535/3786/5138 5534/3789/5139 5536/3788/5140
f 5409/3787/5141 5407/3786/5142 5406/3789/5143 5408/3788/5144
f 5240/3786/5145 5241/3787/5146 5239/3788/5147 5238/3789/5148
f 5064/3786/5149 5065/3787/5150 5063/3788/5151 5062/3789/5152
f 5178/3786/5153 5181/3787/5154 5180/3788/5155 5179/3789/5156
f 5130/3786/5157 5133/3787/5158 5132/3788/5159 5131/3789/5160
f 5402/3786/5161 5405/3787/5162 5404/3788/5163 5403/3789/5164
f 5336/3786/5165 5337/3787/5166 5335/3788/5167 5334/3789/5168
f 5066/3786/5169 5069/3787/5170 5068/3788/5171 5067/3789/5172
f 5461/3787/5173 5460/3786/5174 5459/3789/5175 5458/3788/5176
f 5370/3786/5177 5373/3787/5178 5372/3788/5179 5371/3789/5180
f 5169/3787/5181 5167/3786/5182 5166/3789/5183 5168/3788/5184
f 5009/3787/5185 5007/3786/5186 5006/3789/5187 5008/3788/5188
f 5605/3787/5189 5604/3786/5190 5603/3789/5191 5602/3788/5192
f 4952/3786/5193 4953/3787/5194 4951/3788/5195 4950/3789/5196
f 5320/3786/5197 5321/3787/5198 5319/3788/5199 5318/3789/5200
f 5400/3786/5201 5401/3787/5202 5399/3788/5203 5398/3789/5204
f 5525/3787/5205 5524/3786/5206 5523/3789/5207 5522/3788/5208
f 5352/3786/5209 5353/3787/5210 5351/3788/5211 5350/3789/5212
f 5192/3786/5213 5193/3787/5214 5191/3788/5215 5190/3789/5216
f 5034/3786/5217 5037/3787/5218 5036/3788/5219 5035/3789/5220
f 5489/3787/5221 5487/3786/5222 5486/3789/5223 5488/3788/5224
f 5297/3787/5225 5295/3786/5226 5294/3789/5227 5296/3788/5228
f 5528/3786/5229 5529/3787/5230 5527/3788/5231 5526/3789/5232
f 5610/3786/5233 5613/3787/5234 5612/3788/5235 5611/3789/5236
f 5073/3787/5237 5071/3786/5238 5070/3789/5239 5072/3788/5240
f 4933/3787/5241 4932/3786/5242 4931/3789/5243 4930/3788/5244
f 5576/3786/5245 5577/3787/5246 5575/3788/5247 5574/3789/5248
f 5233/3787/5249 5231/3786/5250 5230/3789/5251 5232/3788/5252
f 5237/3787/5253 5236/3786/5254 5235/3789/5255 5234/3788/5256
f 5493/3787/5257 5492/3786/5258 5491/3789/5259 5490/3788/5260
f 5109/3787/5261 5108/3786/5262 5107/3789/5263 5106/3788/5264
f 5176/3786/5265 5177/3787/5266 5175/3788/5267 5174/3789/5268
f 5217/3787/5269 5215/3786/5270 5214/3789/5271 5216/3788/5272
f 4968/3786/5273 4969/3787/5274 4967/3788/5275 4966/3789/5276
f 4913/3787/5277 4911/3786/5278 4910/3789/5279 4912/3788/5280
f 4954/3786/5281 4957/3787/5282 4956/3788/5283 4955/3789/5284
f 4920/3786/5285 4921/3787/5286 4919/3788/5287 4918/3789/5288
f 5000/3786/5289 5001/3787/5290 4999/3788/5291 4998/3789/5292
f 5317/3787/5293 5316/3786/5294 5315/3789/5295 5314/3788/5296
f 5121/3787/5297 5119/3786/5298 5118/3789/5299 5120/3788/5300
f 4917/3787/5301 4916/3786/5302 4915/3789/5303 4914/3788/5304
f 5333/3787/5305 5332/3786/5306 5331/3789/5307 5330/3788/5308
f 5557/3787/5309 5556/3786/5310 5555/3789/5311 5554/3788/5312
f 5050/3786/5313 5053/3787/5314 5052/3788/5315 5051/3789/5316
f 5384/3786/5317 5385/3787/5318 5383/3788/5319 5382/3789/5320
f 5560/3786/5321 5561/3787/5322 5559/3788/5323 5558/3789/5324
f 4981/3787/5325 4980/3786/5326 4979/3789/5327 4978/3788/5328
f 4906/3786/5329 4909/3787/5330 4908/3788/5331 4907/3789/5332
f 5354/3786/5333 5357/3787/5334 5356/3788/5335 5355/3789/5336
f 5530/3786/5337 5533/3787/5338 5532/3788/5339 5531/3789/5340
f 4929/3787/5341 4927/3786/5342 4926/3789/5343 4928/3788/5344
f 5621/3787/5345 5620/3786/5346 5619/3789/5347 5618/3788/5348
f 4986/3786/5349 4989/3787/5350 4988/3788/5351 4987/3789/5352
f 5093/3787/5353 5092/3786/5354 5091/3789/5355 5090/3788/5356
f 5313/3787/5357 5311/3786/5358 5310/3789/5359 5312/3788/5360
f 5002/3786/5361 5005/3787/5362 5004/3788/5363 5003/3789/5364
f 5546/3786/5365 5549/3787/5366 5548/3788/5367 5547/3789/5368
f 5249/3787/5369 5247/3786/5370 5246/3789/5371 5248/3788/5372
f 5141/3787/5373 5140/3786/5374 5139/3789/5375 5138/3788/5376
f 5413/3787/5377 5412/3786/5378 5411/3789/5379 5410/3788/5380
f 5013/3787/5381 5012/3786/5382 5011/3789/5383 5010/3788/5384
f 5272/3786/5385 5273/3787/5386 5271/3788/5387 5270/3789/5388
f 5514/3786/5389 5517/3787/5390 5516/3788/5391 5515/3789/5392
f 5505/3787/5393 5503/3786/5394 5502/3789/5395 5504/3788/5396
f 5185/3787/5397 5183/3786/5398 5182/3789/5399 5184/3788/5400
f 5425/3787/5401 5423/3786/5402 5422/3789/5403 5424/3788/5404
f 5464/3786/5405 5465/3787/5406 5463/3788/5407 5462/3789/5408
f 5210/3786/5409 5213/3787/5410 5212/3788/5411 5211/3789/5412
f 5016/3786/5413 5017/3787/5414 5015/3788/5415 5014/3789/5416
f 5258/3786/5417 5261/3787/5418 5260/3788/5419 5259/3789/5420
f 5544/3786/5421 5545/3787/5422 5543/3788/5423 5542/3789/5424
f 5429/3787/5425 5428/3786/5426 5427/3789/5427 5426/3788/5428
f 5482/3786/5429 5485/3787/5430 5484/3788/5431 5483/3789/5432
f 5418/3786/5433 5421/3787/5434 5420/3788/5435 5419/3789/5436
f 5397/3787/5437 5396/3786/5438 5395/3789/5439 5394/3788/5440
f 5208/3786/5441 5209/3787/5442 5207/3788/5443 5206/3789/5444
f 5269/3787/5445 5268/3786/5446 5267/3789/5447 5266/3788/5448
f 5601/3787/5449 5599/3786/5450 5598/3789/5451 5600/3788/5452
f 5361/3787/5453 5359/3786/5454 5358/3789/5455 5360/3788/5456
f 5589/3787/5457 5588/3786/5458 5587/3789/5459 5586/3788/5460
f 5304/3786/5461 5305/3787/5462 5303/3788/5463 5302/3789/5464
f 5160/3786/5465 5161/3787/5466 5159/3788/5467 5158/3789/5468
f 5553/3787/5469 5551/3786/5470 5550/3789/5471 5552/3788/5472
f 5562/3786/5473 5565/3787/5474 5564/3788/5475 5563/3789/5476
f 5450/3786/5477 5453/3787/5478 5452/3788/5479 5451/3789/5480
f 5173/3787/5481 5172/3786/5482 5171/3789/5483 5170/3788/5484
f 5608/3786/5485 5609/3787/5486 5607/3788/5487 5606/3789/5488
f 5473/3787/5489 5471/3786/5490 5470/3789/5491 5472/3788/5492
f 5477/3787/5493 5476/3786/5494 5475/3789/5495 5474/3788/5496
f 5281/3787/5497 5279/3786/5498 5278/3789/5499 5280/3788/5500
f 5445/3787/5501 5444/3786/5502 5443/3789/5503 5442/3788/5504
f 5509/3787/5505 5508/3786/5506 5507/3789/5507 5506/3788/5508
f 5057/3787/5509 5055/3786/5510 5054/3789/5511 5056/3788/5512
f 5345/3787/5513 5343/3786/5514 5342/3789/5515 5344/3788/5516
f 5480/3786/5517 5481/3787/5518 5479/3788/5519 5478/3789/5520
f 5221/3787/5521 5220/3786/5522 5219/3789/5523 5218/3788/5524
f 5045/3787/5525 5044/3786/5526 5043/3789/5527 5042/3788/5528
f 5585/3787/5529 5583/3786/5530 5582/3789/5531 5584/3788/5532
f 4936/3786/5533 4937/3787/5534 4935/3788/5535 4934/3789/5536
f 5441/3787/5537 5439/3786/5538 5438/3789/5539 5440/3788/5540
f 5573/3787/5541 5572/3786/5542 5571/3789/5543 5570/3788/5544
f 5048/3786/5545 5049/3787/5546 5047/3788/5547 5046/3789/5548
f 5242/3786/5549 5245/3787/5550 5244/3788/5551 5243/3789/5552
f 4961/3787/5553 4959/3786/5554 4958/3789/5555 4960/3788/5556
f 5466/3786/5557 5469/3787/5558 5468/3788/5559 5467/3789/5560
f 5434/3786/5561 5437/3787/5562 5436/3788/5563 5435/3789/5564
f 5541/3787/5565 5540/3786/5566 5539/3789/5567 5538/3788/5568
f 5594/3786/5569 5597/3787/5570 5596/3788/5571 5595/3789/5572
f 5496/3786/5573 5497/3787/5574 5495/3788/5575 5494/3789/5576
f 5144/3786/5577 5145/3787/5578 5143/3788/5579 5142/3789/5580
f 5114/3786/5581 5117/3787/5582 5116/3788/5583 5115/3789/5584
f 4984/3786/5585 4985/3787/5586 4983/3788/5587 4982/3789/5588
f 5416/3786/5589 5417/3787/5590 5415/3788/5591 5414/3789/5592
f 5617/3787/5593 5615/3786/5594 5614/3789/5595 5616/3788/5596
f 5285/3787/5597 5284/3786/5598 5283/3789/5599 5282/3788/5600
f 4945/3787/5601 4943/3786/5602 4942/3789/5603 4944/3788/5604
f 4997/3787/5605 4996/3786/5606 4995/3789/5607 4994/3788/5608
f 5569/3787/5609 5567/3786/5610 5566/3789/5611 5568/3788/5612
f 5349/3787/5613 5348/3786/5614 5347/3789/5615 5346/3788/5616
o Tree_1.109
v -38.447960 16.222870 16.069061
v -36.117371 15.866674 15.748313
v -36.596573 14.171721 14.148662
v -38.927158 14.527916 14.469408
v -36.117371 15.866674 15.748313
v -38.447960 16.222870 16.069061
v -36.596573 14.171721 14.148662
v -38.927158 14.527916 14.469408
v -38.000416 13.569711 15.207082
v -37.989433 15.201165 13.475139
v -37.510231 16.896118 15.074791
v -37.521214 15.264665 16.806732
v -37.989433 15.201165 13.475139
v -38.000416 13.569711 15.207082
v -37.510231 16.896118 15.074791
v -37.521214 15.264665 16.806732
v -31.768524 16.415995 1.424258
v -30.861568 15.762933 -0.676296
v -32.918423 14.705659 -1.235677
v -33.825378 15.358721 0.864877
v -30.861568 15.762933 -0.676296
v -31.768524 16.415995 1.424258
v -32.918423 14.705659 -1.235677
v -33.825378 15.358721 0.864877
v -34.865032 14.783851 0.398053
v -35.644882 16.812906 -0.569496
v -33.588028 17.870182 -0.010115
v -32.808178 15.841125 0.957434
v -35.644882 16.812906 -0.569496
v -34.865032 14.783851 0.398053
v -33.588028 17.870182 -0.010115
v -32.808178 15.841125 0.957434
v -37.262573 15.525554 13.606396
v -34.895458 15.698847 13.438693
v -34.787674 13.458387 12.644901
v -37.154789 13.285093 12.812606
v -34.895458 15.698847 13.438693
v -37.262573 15.525554 13.606396
v -34.787674 13.458387 12.644901
v -37.154789 13.285093 12.812606
v -36.100082 12.963358 13.863911
v -36.315807 13.745463 11.627137
v -36.423592 15.985925 12.420927
v -36.207863 15.203818 14.657701
v -37.895206 14.166923 12.791525
v -37.679482 13.384816 15.028299
v -38.002991 16.407383 13.585316
v -37.787266 15.625278 15.822089
v -33.723923 15.480314 -1.076171
v -31.701550 16.428194 -1.896486
v -31.239033 14.416783 -3.080416
v -33.261406 13.468904 -2.260100
v -31.701550 16.428194 -1.896486
v -33.723923 15.480314 -1.076171
v -31.239033 14.416783 -3.080416
v -33.261406 13.468904 -2.260100
v -35.147934 14.545027 5.009565
v -36.313038 15.391865 3.115685
v -36.775555 17.403276 4.299614
v -35.610447 16.556438 6.193495
v -32.645374 15.823179 10.309322
v -31.480267 14.976340 12.203204
v -33.107887 17.834589 11.493252
v -31.942783 16.987751 13.387133
v -38.411366 16.751472 14.797722
v -36.038567 16.922163 14.752129
v -35.913025 14.861152 13.569818
v -38.285824 14.690461 13.615414
v -36.038567 16.922163 14.752129
v -38.411366 16.751472 14.797722
v -35.913025 14.861152 13.569818
v -38.285824 14.690461 13.615414
v -35.695148 13.748959 13.464953
v -35.819458 14.925598 11.400625
v -35.945000 16.986609 12.582933
v -35.820690 15.809971 14.647262
v -37.398861 15.347056 12.565012
v -37.274551 14.170418 14.629341
v -37.524403 17.408068 13.747320
v -37.400093 16.231430 15.811649
v -32.426281 15.935305 12.341111
v -30.318928 16.130928 11.253826
v -30.810490 14.199791 9.953648
v -32.917843 14.004169 11.040934
v -30.318928 17.702572 11.253825
v -32.426281 17.506948 12.341111
v -30.810490 15.771435 9.953648
v -32.917843 15.575813 11.040934
v -35.247887 14.534666 4.247357
v -36.237244 15.910830 2.577407
v -35.745682 17.841967 3.877584
v -34.756325 16.465805 5.547534
v -38.369308 15.816182 10.191187
v -37.379948 14.440019 11.861137
v -37.877747 17.747318 11.491364
v -36.888386 16.371157 13.161314
v -36.707722 15.917850 12.308255
v -34.345058 15.946436 12.028280
v -34.416656 13.718321 11.196562
v -36.779320 13.689734 11.476536
v -34.345058 15.946436 12.028280
v -36.707722 15.917850 12.308255
v -34.416656 13.718321 11.196562
v -36.779320 13.689734 11.476536
v -35.698170 13.284016 12.470354
v -35.970341 14.118322 10.258738
v -35.898739 16.346439 11.090456
v -35.626572 15.512133 13.302073
v -37.549744 14.539781 11.423124
v -37.277573 13.705475 13.634741
v -37.478142 16.767897 12.254844
v -37.205971 15.933592 14.466461
v -33.324280 16.534830 3.374955
v -31.933010 15.690873 1.639013
v -33.829067 14.692489 0.604806
v -35.220333 15.536448 2.340747
v -31.933010 15.690873 1.639013
v -33.324280 16.534830 3.374955
v -33.829067 14.692489 0.604806
v -35.220333 15.536448 2.340747
v -36.062443 14.626297 3.438912
v -36.424015 16.614347 2.182605
v -34.527958 17.612732 3.216812
v -34.166386 15.624682 4.473120
v -34.844612 16.192888 1.018217
v -34.483044 14.204838 2.274524
v -32.948559 17.191273 2.052425
v -32.586987 15.203223 3.308732
v -37.335342 16.691963 13.178031
v -35.518612 15.632889 12.064816
v -37.055126 14.384832 10.744638
v -38.871853 15.443907 11.857853
v -33.939213 15.211430 10.900430
v -35.755939 16.270504 12.013643
v -35.475723 13.963373 9.580251
v -37.292454 15.022448 10.693465
v -36.567616 13.735379 11.066605
v -36.563911 15.462255 9.429756
v -35.027397 16.710312 10.749933
v -35.031101 14.983436 12.386782
v -36.563911 15.462255 9.429756
v -36.567616 13.735379 11.066605
v -35.027397 16.710312 10.749933
v -35.031101 14.983436 12.386782
v -33.940296 17.096018 2.996026
v -31.749760 17.200344 2.072958
v -32.195656 15.244295 0.793728
v -34.386192 15.139969 1.716796
v -31.749760 17.200344 2.072958
v -33.940296 17.096018 2.996026
v -32.195656 15.244295 0.793728
v -34.386192 15.139969 1.716796
v -34.681911 14.927812 3.402588
v -35.496845 16.278503 1.621324
v -35.050949 18.234554 2.900555
v -34.236015 16.883862 4.681819
v -35.496845 16.278503 1.621324
v -34.681911 14.927812 3.402588
v -35.050949 18.234554 2.900555
v -34.236015 16.883862 4.681819
v -35.831692 16.908058 11.741951
v -33.927589 16.036924 10.611941
v -35.348690 14.710566 9.239850
v -37.252789 15.581698 10.369859
v -33.927589 16.036924 10.611941
v -35.831692 16.908058 11.741951
v -35.348690 14.710566 9.239850
v -37.252789 15.581698 10.369859
v -36.427368 14.346780 10.708714
v -36.554932 16.119709 9.126996
v -35.133831 17.446070 10.499087
v -35.006268 15.673141 12.080807
v -36.554932 16.119709 9.126996
v -36.427368 14.346780 10.708714
v -35.133831 17.446070 10.499087
v -35.006268 15.673141 12.080807
v -33.018002 17.010515 2.820220
v -31.433596 16.215889 1.232889
v -33.171196 15.086501 0.063868
v -34.755600 15.881125 1.651198
v -31.433596 14.113625 1.232889
v -33.018002 14.908250 2.820220
v -33.171196 12.984237 0.063869
v -34.755600 13.778861 1.651198
v -33.940323 14.594458 1.682441
v -34.303352 16.532095 0.350091
v -32.565754 17.661484 1.519113
v -32.202724 15.723847 2.851464
v -34.303352 16.532095 0.350091
v -33.940323 14.594458 1.682441
v -32.565754 17.661484 1.519113
v -32.202724 15.723847 2.851464
v -33.421951 17.286762 2.268651
v -31.156391 17.962591 2.000540
v -30.652241 15.870141 0.986212
v -32.917801 15.194312 1.254323
v -31.156391 15.860326 2.000540
v -33.421951 15.184498 2.268651
v -30.652241 13.767876 0.986212
v -32.917801 13.092047 1.254323
v -33.329033 15.431601 3.379249
v -33.852921 16.340603 1.243684
v -34.357075 18.433056 2.258012
v -33.833187 17.524052 4.393578
v -33.852921 16.340603 1.243684
v -33.329033 15.431601 3.379249
v -34.357075 18.433056 2.258012
v -33.833187 17.524052 4.393578
v -37.816795 14.569510 14.655283
v -38.404869 15.430618 12.649776
v -38.936970 17.388411 13.646424
v -38.348892 16.527304 15.651933
v -36.825470 15.009159 11.485388
v -36.237392 14.148051 13.490896
v -37.357567 16.966953 12.482037
v -36.769493 16.105844 14.487545
v -39.642475 16.506054 15.003052
v -37.525772 17.237442 14.696407
v -36.993671 15.279649 13.699758
v -39.110378 14.548258 14.006403
v -37.525772 17.237442 14.696407
v -39.642475 16.506054 15.003052
v -36.993671 15.279649 13.699758
v -39.110378 14.548258 14.006403
v -35.281036 16.001549 0.070824
v -37.357777 16.544558 -0.637481
v -37.351727 18.346977 0.726574
v -35.274986 17.803967 1.434881
v -37.357777 16.544558 -0.637481
v -35.281036 16.001549 0.070824
v -37.351727 18.346977 0.726574
v -35.274986 17.803967 1.434881
v -36.551926 17.395506 1.980271
v -35.659443 18.646835 0.322847
v -35.665493 16.844418 -1.041210
v -36.557972 15.593086 0.616213
v -35.659443 18.646835 0.322847
v -36.551926 17.395506 1.980271
v -35.665493 16.844418 -1.041210
v -36.557972 15.593086 0.616213
v -33.470863 12.692329 3.698304
v -34.299774 13.784753 1.901383
v -33.606838 15.750246 2.776644
v -32.777931 14.657822 4.573564
v -34.299774 13.784753 1.901383
v -33.470863 12.692329 3.698304
v -33.606838 15.750246 2.776644
v -32.777931 14.657822 4.573564
v -37.813698 15.536546 13.160789
v -35.828213 15.306658 12.105140
v -36.521149 13.341165 11.229877
v -38.506634 13.571053 12.285528
v -35.828213 15.306658 12.105140
v -37.813698 15.536546 13.160789
v -36.521149 13.341165 11.229877
v -38.506634 13.571053 12.285528
v -34.246258 13.357579 10.642580
v -35.582577 15.150019 10.309694
v -33.900837 16.521351 10.942617
v -32.564518 14.728913 11.275502
v -36.941612 18.032232 -0.872412
v -35.605293 16.239794 -0.539527
v -35.259872 19.403564 -0.239490
v -33.923553 17.611128 0.093395
v -33.017643 15.461701 1.142766
v -32.313797 15.588210 -1.001528
v -33.995537 14.216876 -1.634451
v -34.699383 14.090367 0.509842
v -32.747124 15.509144 10.070202
v -33.450966 15.382634 12.214496
v -34.428864 14.137810 9.437278
v -35.132710 14.011300 11.581572
v -38.272144 15.302047 13.333544
v -38.765526 17.255238 12.308348
v -37.638268 18.381479 13.911552
v -37.144882 16.428288 14.936746
v -38.765526 17.255238 12.308348
v -38.272144 15.302047 13.333544
v -37.638268 18.381479 13.911552
v -37.144882 16.428288 14.936746
v -38.290295 17.290228 15.136610
v -36.394176 17.128901 13.916727
v -37.521439 16.002659 12.313523
v -39.417553 16.163986 13.533407
v -36.394176 17.128901 13.916727
v -38.290295 17.290228 15.136610
v -37.521439 16.002659 12.313523
v -39.417553 16.163986 13.533407
v -32.463444 13.923870 -1.206654
v -34.293415 14.693355 -2.287624
v -34.271423 16.552176 -1.001662
v -32.441448 15.782690 0.079308
v -34.293415 14.693355 -2.287624
v -32.463444 13.923870 -1.206654
v -34.271423 16.552176 -1.001662
v -32.441448 15.782690 0.079308
v -33.159275 15.540512 -1.530342
v -31.832582 16.571081 -3.042693
v -31.854576 14.712259 -4.328656
v -33.181271 13.681690 -2.816303
v -33.235306 17.398979 10.691418
v -34.562000 16.368408 12.203770
v -33.257298 15.540157 9.405455
v -34.583992 14.509587 10.917809
v -32.172199 12.847554 2.525034
v -33.014996 12.795797 0.471083
v -33.561420 14.941530 0.641228
v -32.718624 14.993287 2.695178
v -33.014996 12.795797 0.471083
v -32.172199 12.847554 2.525034
v -33.561420 14.941530 0.641228
v -32.718624 14.993287 2.695178
v -34.046047 13.482120 2.287130
v -32.065437 14.052073 1.460065
v -31.519014 11.906341 1.289922
v -33.499622 11.336386 2.116986
v -32.065437 14.052073 1.460065
v -34.046047 13.482120 2.287130
v -31.519014 11.906341 1.289922
v -33.499622 11.336386 2.116986
v -35.346779 16.389807 1.868642
v -36.280312 18.370213 1.496889
v -34.562832 19.366520 2.491539
v -33.629299 17.386112 2.863291
v -36.280312 18.370213 1.496889
v -35.346779 16.389807 1.868642
v -34.562832 19.366520 2.491539
v -33.629299 17.386112 2.863291
v -34.529606 18.112968 3.689804
v -33.475815 18.243584 1.739376
v -35.193298 17.247276 0.744727
v -36.247086 17.116661 2.695155
v -33.475815 18.243584 1.739376
v -34.529606 18.112968 3.689804
v -35.193298 17.247276 0.744727
v -36.247086 17.116661 2.695155
v -32.541382 14.441439 1.409609
v -33.488338 15.661135 -0.186419
v -32.942535 17.515472 0.906842
v -31.995579 16.295776 2.502871
v -33.488338 15.661135 -0.186419
v -32.541382 14.441439 1.409609
v -32.942535 17.515472 0.906842
v -31.995579 16.295776 2.502871
v -33.340939 16.746696 2.409704
v -31.407787 16.820614 1.319215
v -31.953590 14.966275 0.225954
v -33.886742 14.892358 1.316442
v -31.407787 14.718349 1.319215
v -33.340939 14.644432 2.409705
v -31.953590 12.864011 0.225954
v -33.886742 12.790093 1.316442
v -35.523056 16.097414 1.419617
v -36.415218 18.077484 0.955873
v -34.618904 19.082176 1.789871
v -33.726746 17.102102 2.253615
v -36.415218 18.077484 0.955873
v -35.523056 16.097414 1.419617
v -34.618904 19.082176 1.789871
v -33.726746 17.102102 2.253615
v -32.472054 15.770603 11.428776
v -31.518635 15.730540 9.423512
v -33.314949 14.725851 8.589512
v -34.268368 14.765914 10.594776
v -33.606899 17.874102 1.065486
v -34.560318 17.914164 3.070750
v -35.403214 16.869411 0.231487
v -36.356628 16.909473 2.236752
v -32.393356 15.258647 1.362219
v -33.455482 16.340561 -0.260448
v -33.312843 18.226402 0.903575
v -32.250721 17.144489 2.526242
v -33.455482 16.340561 -0.260448
v -32.393356 15.258647 1.362219
v -33.312843 18.226402 0.903575
v -32.250721 17.144489 2.526242
v -33.648098 15.248739 2.362896
v -31.703043 15.701240 1.391454
v -31.845678 13.815397 0.227431
v -33.790733 13.362898 1.198874
v -31.703043 15.701240 1.391454
v -33.648098 15.248739 2.362896
v -31.845678 13.815397 0.227431
v -33.790733 13.362898 1.198874
v -33.766960 16.026144 1.406725
v -35.157391 16.353983 -0.293548
v -36.036545 18.098948 0.761855
v -34.646118 17.771109 2.462127
v -35.157391 16.353983 -0.293548
v -33.766960 16.026144 1.406725
v -36.036545 18.098948 0.761855
v -34.646118 17.771109 2.462127
v -30.148464 15.658989 1.843254
v -28.656658 16.992897 0.880499
v -27.777502 15.247931 -0.174903
v -29.269308 13.914022 0.787850
v -31.642906 17.204075 -2.142007
v -33.134712 15.870167 -1.179253
v -30.763752 15.459110 -3.197410
v -32.255558 14.125200 -2.234657
v -33.719498 15.934681 0.778778
v -34.454395 17.870577 -0.023673
v -32.902905 18.944820 1.147042
v -32.168007 17.008924 1.949493
v -34.454395 17.870577 -0.023673
v -33.719498 15.934681 0.778778
v -32.902905 18.944820 1.147042
v -32.168007 17.008924 1.949493
v -33.166328 15.767621 2.482503
v -31.757605 15.594417 0.774523
v -33.309093 14.520173 -0.396193
v -34.717819 14.693377 1.311788
v -31.757605 17.696682 0.774523
v -33.166328 17.869884 2.482503
v -33.309093 16.622438 -0.396192
v -34.717819 16.795641 1.311788
v -35.147766 15.676968 14.996946
v -33.195290 15.215548 14.440678
v -33.902538 14.325655 12.696434
v -35.855015 14.787074 13.252704
v -33.195290 15.215548 14.440678
v -35.147766 15.676968 14.996946
v -33.902538 14.325655 12.696434
v -35.855015 14.787074 13.252704
v -36.727829 14.111595 14.690233
v -36.579021 15.936336 13.698933
v -35.871773 16.826229 15.443176
v -36.020576 15.001490 16.434477
v -36.579021 15.936336 13.698933
v -36.727829 14.111595 14.690233
v -35.871773 16.826229 15.443176
v -36.020576 15.001490 16.434477
v -33.158531 15.197952 -1.864089
v -32.917557 15.199298 -3.932040
v -34.553127 13.925422 -4.123460
v -34.794102 13.924075 -2.055508
v -35.005604 17.797190 -1.798662
v -35.246578 17.795843 0.269290
v -36.641174 16.523314 -1.990082
v -36.882149 16.521967 0.077870
v -36.153042 15.699138 -0.676118
v -37.418480 17.345873 -0.822504
v -35.782906 18.619749 -0.631084
v -34.517467 16.973015 -0.484698
v -36.059444 14.463659 10.359603
v -34.794006 12.816923 10.505988
v -34.423870 15.737535 10.551023
v -33.158432 14.090799 10.697409
v -35.585400 16.049740 13.161333
v -33.658669 15.371923 12.757895
v -34.434978 13.553761 12.105112
v -36.361710 14.231578 12.508551
v -33.658669 15.371923 12.757895
v -35.585400 16.049740 13.161333
v -34.434978 13.553761 12.105112
v -36.361710 14.231578 12.508551
v -35.521118 13.583176 13.314855
v -35.660915 14.337726 11.379496
v -34.884605 16.155888 12.032279
v -34.744808 15.401339 13.967636
v -35.660915 14.337726 11.379496
v -35.521118 13.583176 13.314855
v -34.884605 16.155888 12.032279
v -34.744808 15.401339 13.967636
v -34.041050 16.235693 11.421270
v -32.983074 16.735737 9.699312
v -33.633167 14.979382 8.789862
v -34.691147 14.479339 10.511819
v -35.071339 17.307653 1.341287
v -36.129314 16.807610 3.063245
v -35.721432 15.551298 0.431836
v -36.779408 15.051255 2.153794
v -35.573521 17.894094 2.658430
v -37.244617 18.893934 1.922049
v -36.594524 20.650288 2.831500
v -34.923428 19.650450 3.567880
v -35.103500 15.179276 9.454845
v -33.432404 14.179436 10.191227
v -34.453407 16.935629 10.364296
v -32.782310 15.935790 11.100677
v -36.067913 16.466215 15.045317
v -34.155724 15.963312 14.393306
v -34.975311 14.959868 12.763621
v -36.887501 15.462772 13.415632
v -32.576324 15.541853 13.228918
v -34.488514 16.044756 13.880928
v -33.395912 14.538409 11.599234
v -35.308102 15.041313 12.251245
v -34.582928 13.963412 12.550241
v -34.503521 15.716890 11.430639
v -33.683933 16.720335 13.060324
v -33.763340 14.966858 14.179926
v -34.503521 15.716890 11.430639
v -34.582928 13.963412 12.550241
v -33.683933 16.720335 13.060324
v -33.763340 14.966858 14.179926
v -32.468483 16.378836 -0.628424
v -31.417068 16.698730 -2.396672
v -32.605278 15.285618 -3.358838
v -33.656693 14.965721 -1.590590
v -34.230549 18.063856 1.045976
v -35.281960 17.743959 2.814224
v -35.418755 16.650742 0.083810
v -36.470169 16.330847 1.852058
v -35.375587 15.711263 1.410295
v -36.723621 17.206347 0.879224
v -35.535412 18.619459 1.841390
v -34.187378 17.124378 2.372460
v -36.723621 17.206347 0.879224
v -35.375587 15.711263 1.410295
v -35.535412 18.619459 1.841390
v -34.187378 17.124378 2.372460
v -35.045769 14.247084 11.054262
v -33.199478 14.457366 10.362522
v -32.919712 12.500273 10.514286
v -34.766006 12.289989 11.206026
v -33.199478 14.457366 10.362522
v -35.045769 14.247084 11.054262
v -32.919712 12.500273 10.514286
v -34.766006 12.289989 11.206026
v -33.694153 12.493560 11.855341
v -34.360825 12.254644 10.003320
v -34.640591 14.211740 9.851555
v -33.973915 14.450655 11.703577
v -34.360825 12.254644 10.003320
v -33.694153 12.493560 11.855341
v -34.640591 14.211740 9.851555
v -33.973915 14.450655 11.703577
v -33.831905 18.502007 2.122695
v -33.222515 18.863621 0.270832
v -34.982132 18.270048 -0.424110
v -35.591522 17.908432 1.427752
v -33.222515 18.863621 0.270832
v -33.831905 18.502007 2.122695
v -34.982132 18.270048 -0.424110
v -35.591522 17.908432 1.427752
v -35.007206 17.124584 0.617766
v -35.688324 18.981577 0.756249
v -33.928707 19.575148 1.451192
v -33.247593 17.718155 1.312709
v -35.688324 18.981577 0.756249
v -35.007206 17.124584 0.617766
v -33.928707 19.575148 1.451192
v -33.247593 17.718155 1.312709
v -31.431145 14.832176 1.299469
v -29.692019 15.159179 0.405030
v -29.653465 13.274280 -0.209123
v -31.392593 12.947276 0.685316
v -29.692019 15.159179 0.405030
v -31.431145 14.832176 1.299469
v -29.653465 13.274280 -0.209123
v -31.392593 12.947276 0.685316
v -30.221163 12.817434 1.157347
v -31.172724 13.338720 -0.502264
v -31.211275 15.223619 0.111888
v -30.259716 14.702333 1.771501
v -34.884186 13.446329 8.275903
v -33.932625 12.925043 9.935514
v -34.922737 15.331228 8.890055
v -33.971176 14.809942 10.549667
v -34.713486 20.858496 2.251510
v -33.897774 21.145452 0.467190
v -35.192780 19.872753 -0.329503
v -36.008488 19.585796 1.454816
v -33.844925 18.002710 -0.358038
v -34.660633 17.715754 1.426281
v -35.139927 16.730011 -1.154732
v -35.955635 16.443054 0.629587
v -35.051903 18.954018 0.909170
v -36.312500 20.447140 0.573008
v -35.017498 21.719837 1.369701
v -33.756905 20.226717 1.705863
v -36.312500 20.447140 0.573008
v -35.051903 18.954018 0.909170
v -35.017498 21.719837 1.369701
v -33.756905 20.226717 1.705863
v -31.180161 15.304025 2.200270
v -29.488277 15.563699 1.199460
v -29.985294 14.084984 -0.024423
v -31.677177 13.825312 0.976386
v -29.488277 15.563699 1.199460
v -31.180161 15.304025 2.200270
v -29.985294 14.084984 -0.024423
v -31.677177 13.825312 0.976386
v -30.547096 13.281590 1.174394
v -31.453753 14.576768 -0.022269
v -30.956736 16.055485 1.201614
v -30.050081 14.760305 2.398279
v -35.165215 15.581155 8.755898
v -34.258560 14.285977 9.952560
v -34.668198 17.059872 9.979781
v -33.761543 15.764691 11.176447
v -34.459927 18.223946 2.036309
v -33.291851 18.933922 0.599976
v -33.793056 17.407534 -0.562112
v -34.961132 16.697557 0.874221
v -33.291851 18.933922 0.599976
v -34.459927 18.223946 2.036309
v -33.793056 17.407534 -0.562112
v -34.961132 16.697557 0.874221
v -33.732998 16.457720 0.659555
v -35.254807 17.505379 -0.060179
v -34.753605 19.031767 1.101909
v -33.231792 17.984108 1.821643
v -35.254807 17.505379 -0.060179
v -33.732998 16.457720 0.659555
v -34.753605 19.031767 1.101909
v -33.231792 17.984108 1.821643
v -32.570892 15.672553 1.300324
v -31.011496 16.332954 0.268978
v -30.929901 14.610828 -0.710380
v -32.489296 13.950428 0.320967
v -31.011496 16.332954 0.268978
v -32.570892 15.672553 1.300324
v -30.929901 14.610828 -0.710380
v -32.489296 13.950428 0.320967
v -31.254566 13.850698 0.599208
v -32.476509 14.578481 -0.782350
v -32.558105 16.300606 0.197007
v -31.336161 15.572823 1.578564
v -32.476509 14.578481 -0.782350
v -31.254566 13.850698 0.599208
v -32.558105 16.300606 0.197007
v -31.336161 15.572823 1.578564
v -36.628593 15.418746 14.581551
v -35.937546 16.934143 13.542657
v -35.529694 17.889875 15.208043
v -36.220737 16.374475 16.246937
v -34.358147 16.512686 12.378268
v -35.049191 14.997287 13.417164
v -33.950291 17.468418 14.043655
v -34.641338 15.953016 15.082550
v -36.840057 17.381702 15.820581
v -35.048580 16.579569 15.842178
v -35.456436 15.623837 14.176790
v -37.247913 16.425974 14.155195
v -35.048580 16.579569 15.842178
v -36.840057 17.381702 15.820581
v -35.456436 15.623837 14.176790
v -37.247913 16.425974 14.155195
v -35.394150 16.712002 1.026717
v -36.974335 17.608662 0.283539
v -36.424393 19.287352 1.139600
v -34.844212 18.390694 1.882779
v -36.974335 17.608662 0.283539
v -35.394150 16.712002 1.026717
v -36.424393 19.287352 1.139600
v -34.844212 18.390694 1.882779
v -37.571545 18.257792 0.755277
v -36.544960 18.738708 -0.847260
v -37.094902 17.060017 -1.703321
v -38.121483 16.579100 -0.100784
v -34.962990 18.989815 0.784239
v -35.989574 18.508900 2.386776
v -35.512932 17.311125 -0.071822
v -36.539516 16.830208 1.530714
v -35.966301 13.903818 12.533340
v -35.432915 14.364923 10.701359
v -34.545670 15.984372 11.367293
v -35.079056 15.523267 13.199276
v -35.432915 14.364923 10.701359
v -35.966301 13.903818 12.533340
v -34.545670 15.984372 11.367293
v -35.079056 15.523267 13.199276
v -35.699604 16.212202 12.350668
v -34.031799 15.203217 12.582296
v -34.919041 13.583768 11.916362
v -36.586849 14.592752 11.684734
v -34.031799 13.244341 12.582296
v -35.699608 14.253325 12.350668
v -34.919041 11.624891 11.916363
v -36.586849 12.633877 11.684734
v -35.245010 17.440807 0.290334
v -36.200264 18.972286 -0.481257
v -34.585613 20.073040 -0.295427
v -33.630363 18.541563 0.476165
v -36.200264 18.972286 -0.481257
v -35.245010 17.440807 0.290334
v -34.585613 20.073040 -0.295427
v -33.630363 18.541563 0.476165
v -31.831423 16.588436 -0.757842
v -31.253765 16.044197 -2.553224
v -32.868416 14.943441 -2.739054
v -33.446072 15.487682 -0.943672
v -33.670784 15.739290 -1.555392
v -34.248440 16.283531 0.239990
v -35.285431 14.638535 -1.741221
v -35.863087 15.182777 0.054160
v -35.497910 15.287443 14.008252
v -34.897579 16.068880 12.310535
v -35.421021 17.850967 12.945713
v -36.021351 17.069530 14.643431
v -33.318180 15.647421 11.146149
v -33.918510 14.865985 12.843865
v -33.841621 17.429508 11.781326
v -34.441952 16.648071 13.479043
v -35.098885 16.831421 12.423264
v -33.304752 17.089874 13.176649
v -32.781315 15.307785 12.541471
v -34.575439 15.049333 11.788086
v -34.884155 17.511333 14.341036
v -36.678284 17.252880 13.587652
v -34.360714 15.729244 13.705859
v -36.154842 15.470792 12.952475
v -32.632557 12.345690 11.200342
v -33.608978 13.903499 10.512508
v -32.213348 15.089865 11.218220
v -31.236927 13.532055 11.906054
v -35.564152 20.249544 -0.808314
v -34.587734 18.691736 -0.120480
v -34.168522 21.435911 -0.102602
v -33.192101 19.878101 0.585232
v -32.278187 17.767076 1.269319
v -31.302429 17.629078 -0.428367
v -32.698063 16.442713 -1.134079
v -33.673820 16.580711 0.563607
v -31.249578 16.588600 -1.253596
v -32.225334 16.726601 0.444090
v -32.645210 15.402235 -1.959308
v -33.620968 15.540235 -0.261622
vn -0.6938 0.4528 0.5600
vn -0.6861 0.4110 0.6004
vn -0.7849 0.4470 0.4291
vn -0.8312 0.4608 0.3110
vn -0.4555 0.8627 -0.2196
vn -0.4676 0.8706 -0.1531
vn -0.3959 0.8580 -0.3274
vn -0.3771 0.8080 -0.4528
vn 0.5399 0.7665 -0.3477
vn 0.5624 0.7165 -0.4127
vn 0.3642 0.7599 -0.5385
vn 0.3957 0.8051 -0.4419
vn -0.1387 0.6502 0.7470
vn -0.0094 0.6416 0.7670
vn -0.1254 0.7011 0.7020
vn -0.2611 0.6934 0.6716
vn 0.4630 0.1320 0.8765
vn 0.7544 0.0551 0.6541
vn 0.6662 0.0692 0.7425
vn 0.4744 0.0984 0.8748
vn -0.4116 0.1957 0.8901
vn -0.4338 0.1693 0.8850
vn -0.6379 0.2123 0.7403
vn -0.7385 0.2279 0.6346
vn -0.4094 0.5973 0.6896
vn -0.3072 0.5491 0.7773
vn -0.3990 0.5972 0.6958
vn -0.5043 0.6131 0.6081
vn 0.7966 0.5100 -0.3246
vn 0.8633 0.4889 -0.1255
vn 0.9361 0.3481 -0.0509
vn 0.8680 0.3806 -0.3188
vn 0.1445 0.9373 -0.3171
vn 0.1802 0.9577 -0.2245
vn 0.3034 0.9113 -0.2783
vn 0.2940 0.8775 -0.3790
vn 0.6281 0.4010 0.6669
vn 0.7376 0.3684 0.5659
vn 0.6286 0.4100 0.6609
vn 0.5117 0.4051 0.7577
vn 0.9643 0.1981 -0.1756
vn 0.9902 0.1210 0.0703
vn 0.9940 0.0194 0.1081
vn 0.9377 0.1386 -0.3186
vn 0.5357 0.7073 -0.4613
vn 0.6395 0.6514 -0.4084
vn 0.6392 0.6178 -0.4579
vn 0.5084 0.6842 -0.5229
vn 0.6027 0.4838 -0.6346
vn 0.4634 0.5455 -0.6984
vn 0.3500 0.5524 -0.7565
vn 0.4863 0.5324 -0.6929
vn 0.3969 0.8343 -0.3827
vn 0.4330 0.7715 -0.4661
vn 0.1602 0.8069 -0.5686
vn 0.2082 0.8652 -0.4561
vn 0.1670 0.9446 -0.2828
vn 0.1984 0.9647 -0.1730
vn 0.3267 0.9183 -0.2238
vn 0.3203 0.8851 -0.3377
vn 0.2195 0.2544 0.9419
vn 0.3677 0.2148 0.9048
vn 0.5535 0.0354 0.8321
vn 0.4158 0.1660 0.8942
vn -0.3539 0.7201 0.5969
vn -0.4140 0.7998 0.4347
vn -0.4846 0.8228 0.2969
vn -0.3820 0.7733 0.5060
vn 0.2085 0.1154 0.9712
vn 0.3469 0.1006 0.9325
vn 0.5232 -0.0573 0.8503
vn 0.3884 0.0345 0.9209
vn 0.4859 -0.2635 0.8333
vn 0.3956 -0.2311 0.8889
vn 0.7303 -0.3979 0.5552
vn 0.6772 -0.3589 0.6423
vn 0.0629 0.6986 -0.7127
vn -0.1260 0.7368 -0.6643
vn -0.2037 0.7773 -0.5953
vn -0.0397 0.7679 -0.6394
vn 0.3369 -0.3477 0.8750
vn 0.7233 -0.4029 0.5608
vn 0.6494 -0.3431 0.6787
vn 0.4123 -0.3088 0.8571
vn 0.8745 0.4159 -0.2496
vn 0.8470 0.4215 -0.3240
vn 0.6832 0.3998 -0.6111
vn 0.7683 0.4516 -0.4537
vn -0.6034 0.6499 0.4621
vn -0.5795 0.6140 0.5359
vn -0.6920 0.6468 0.3205
vn -0.7828 0.6038 0.1506
vn 0.9563 -0.2147 0.1985
vn 0.9405 -0.1948 0.2784
vn 0.9329 -0.2507 -0.2587
vn 0.9671 -0.2354 -0.0967
vn 0.2071 -0.3770 0.9027
vn 0.2195 -0.4220 0.8796
vn 0.5370 -0.5536 0.6365
vn 0.4326 -0.4698 0.7695
vn -0.6795 0.1855 0.7098
vn -0.8458 0.3048 0.4378
vn -0.9154 0.2869 0.2823
vn -0.6048 0.0642 0.7938
vn 0.1759 0.7921 -0.5845
vn 0.0914 0.8467 -0.5241
vn 0.2485 0.7919 -0.5577
vn 0.3420 0.7007 -0.6262
vn 0.9157 0.1865 -0.3559
vn 0.9749 0.1069 -0.1953
vn 0.9453 0.1569 -0.2861
vn 0.8451 0.2080 -0.4924
vn 0.7633 0.2044 -0.6128
vn 0.8731 0.1096 -0.4750
vn 0.7891 0.2083 -0.5779
vn 0.6302 0.2477 -0.7359
vn 0.8754 0.0731 0.4779
vn 0.9097 0.0899 0.4054
vn 0.9687 0.0520 0.2427
vn 0.9363 0.0649 0.3451
vn 0.7716 0.2951 0.5635
vn 0.9125 0.2565 0.3188
vn 0.8454 0.2725 0.4594
vn 0.7321 0.2545 0.6319
vn -0.1429 0.3054 0.9415
vn -0.3532 0.4054 0.8432
vn -0.4429 0.4495 0.7758
vn -0.0812 0.3012 0.9501
vn 0.8131 0.2226 -0.5379
vn 0.9056 0.1379 -0.4012
vn 0.8425 0.2127 -0.4949
vn 0.7071 0.2578 -0.6584
vn 0.4230 0.6190 -0.6618
vn 0.5057 0.5658 -0.6512
vn 0.4001 0.6059 -0.6876
vn 0.3191 0.6431 -0.6961
vn -0.2629 0.9162 -0.3023
vn -0.3365 0.9331 -0.1273
vn -0.2189 0.9643 -0.1491
vn -0.1542 0.9445 -0.2900
vn 0.0279 0.4159 -0.9090
vn -0.3236 0.5640 -0.7597
vn -0.3950 0.5428 -0.7412
vn -0.1520 0.5178 -0.8419
vn 0.2512 0.1965 0.9478
vn 0.7579 0.0796 0.6475
vn 0.6345 0.1227 0.7632
vn 0.3699 0.1713 0.9131
vn -0.2979 0.4994 0.8136
vn -0.1735 0.4447 0.8787
vn -0.2812 0.4910 0.8245
vn -0.4036 0.5109 0.7590
vn -0.5151 0.7374 0.4369
vn -0.5468 0.8245 0.1456
vn -0.5644 0.8243 -0.0450
vn -0.4817 0.6870 0.5441
vn -0.1821 0.7515 -0.6341
vn -0.2604 0.7626 -0.5922
vn -0.1252 0.7170 -0.6858
vn -0.0332 0.6558 -0.7542
vn -0.7746 0.5031 0.3832
vn -0.8044 0.5897 0.0722
vn -0.8002 0.5891 -0.1122
vn -0.7476 0.4437 0.4941
vn -0.1120 0.8032 -0.5850
vn -0.3073 0.8330 -0.4602
vn -0.2761 0.8689 -0.4108
vn -0.1321 0.8541 -0.5031
vn 0.7248 -0.3177 0.6114
vn 0.5890 -0.2938 0.7528
vn 0.8623 -0.4938 0.1124
vn 0.8596 -0.4160 0.2967
vn 0.5132 -0.3003 0.8040
vn 0.3846 -0.2679 0.8834
vn 0.7475 -0.4603 0.4788
vn 0.7064 -0.4062 0.5796
vn 0.0896 0.9027 -0.4208
vn 0.1903 0.9162 -0.3526
vn 0.3391 0.8295 -0.4438
vn 0.2979 0.7813 -0.5484
vn -0.2290 0.9384 -0.2588
vn -0.3117 0.9422 -0.1230
vn -0.2370 0.9657 -0.1063
vn -0.1693 0.9614 -0.2167
vn 0.7806 0.6228 -0.0521
vn 0.8154 0.5719 0.0899
vn 0.8702 0.4897 0.0543
vn 0.8237 0.5532 -0.1243
vn -0.1854 0.4839 0.8553
vn -0.0310 0.4364 0.8992
vn -0.1921 0.4933 0.8484
vn -0.3581 0.4895 0.7951
vn -0.0279 0.9555 -0.2937
vn 0.0953 0.9644 -0.2468
vn 0.2064 0.9014 -0.3806
vn 0.1197 0.8730 -0.4729
vn 0.3243 0.2135 0.9216
vn 0.4607 0.1843 0.8682
vn 0.5863 0.0913 0.8050
vn 0.4669 0.1646 0.8688
vn 0.2407 -0.3114 0.9193
vn 0.2417 -0.3247 0.9144
vn 0.5432 -0.4649 0.6991
vn 0.4499 -0.4009 0.7980
vn -0.1490 0.7939 -0.5895
vn -0.3112 0.8180 -0.4837
vn -0.3239 0.8433 -0.4289
vn -0.1947 0.8368 -0.5117
vn -0.2999 0.8099 -0.5041
vn -0.3611 0.8200 -0.4441
vn -0.2703 0.8008 -0.5344
vn -0.2071 0.7655 -0.6092
vn -0.1285 0.6709 0.7303
vn -0.2264 0.7657 0.6021
vn -0.3545 0.7971 0.4889
vn -0.2215 0.7402 0.6348
vn -0.0167 0.9478 -0.3184
vn 0.0834 0.9602 -0.2667
vn 0.1987 0.9025 -0.3820
vn 0.1358 0.8717 -0.4709
vn -0.1252 0.8702 -0.4766
vn -0.1587 0.9038 -0.3974
vn -0.0207 0.8622 -0.5061
vn 0.0334 0.7880 -0.6147
vn 0.3621 0.2948 0.8843
vn 0.5893 0.1791 0.7878
vn 0.4366 0.2343 0.8686
vn 0.2364 0.2674 0.9341
vn -0.5977 0.4955 0.6303
vn -0.6926 0.5829 0.4249
vn -0.7323 0.6170 0.2882
vn -0.5759 0.5241 0.6275
vn 0.0626 0.7646 -0.6415
vn -0.0535 0.8079 -0.5869
vn 0.0820 0.7694 -0.6335
vn 0.1873 0.6947 -0.6944
vn -0.5876 -0.0169 0.8090
vn -0.6632 0.0368 0.7475
vn -0.8444 0.0822 0.5294
vn -0.8941 0.0606 0.4438
vn 0.9687 0.1664 0.1843
vn 0.9798 0.1961 0.0399
vn 0.9810 0.1855 -0.0571
vn 0.9803 0.1830 0.0748
vn -0.3292 0.9367 -0.1190
vn -0.2907 0.9544 -0.0684
vn -0.2334 0.9503 -0.2059
vn -0.2592 0.9203 -0.2930
vn -0.1881 0.9717 -0.1432
vn -0.2654 0.9641 0.0023
vn -0.1712 0.9844 0.0408
vn -0.1072 0.9910 -0.0804
vn 0.8360 0.4854 -0.2561
vn 0.9040 0.4119 -0.1146
vn 0.9187 0.3572 -0.1684
vn 0.8196 0.4472 -0.3582
vn -0.5993 0.6295 0.4945
vn -0.5180 0.5697 0.6381
vn -0.5938 0.6149 0.5190
vn -0.6777 0.6277 0.3830
vn -0.1737 0.0770 0.9818
vn -0.2426 0.0652 0.9679
vn -0.5127 0.1000 0.8527
vn -0.6585 0.1015 0.7458
vn 0.9001 -0.1206 0.4187
vn 0.9207 -0.0888 0.3801
vn 0.9845 -0.1430 0.1015
vn 0.9644 -0.1370 0.2262
vn 0.9511 0.2862 -0.1164
vn 0.9756 0.2194 0.0001
vn 0.9573 0.2515 -0.1428
vn 0.9200 0.2966 -0.2560
vn 0.3393 -0.1722 0.9248
vn 0.2740 -0.1304 0.9528
vn 0.6298 -0.3270 0.7045
vn 0.5498 -0.2821 0.7862
vn -0.6103 0.4219 0.6704
vn -0.7216 0.4990 0.4799
vn -0.7288 0.5279 0.4361
vn -0.5515 0.3935 0.7355
vn 0.8868 0.1119 0.4483
vn 0.9152 0.1303 0.3814
vn 0.9915 0.0514 0.1195
vn 0.9614 0.0931 0.2591
vn 0.4951 0.5460 -0.6758
vn 0.3372 0.6063 -0.7202
vn 0.1567 0.6012 -0.7836
vn 0.3279 0.6011 -0.7288
vn 0.1440 0.7378 -0.6595
vn 0.0502 0.7830 -0.6199
vn 0.2340 0.7048 -0.6697
vn 0.3449 0.5877 -0.7319
vn -0.1257 0.2729 0.9538
vn 0.0591 0.1700 0.9837
vn -0.0606 0.2146 0.9748
vn -0.2183 0.2700 0.9378
vn 0.8738 0.4834 -0.0521
vn 0.8942 0.4230 0.1463
vn 0.9453 0.2972 0.1348
vn 0.9125 0.3818 -0.1468
vn -0.1038 0.9542 -0.2806
vn -0.2125 0.9656 -0.1502
vn -0.1244 0.9870 -0.1014
vn -0.0347 0.9774 -0.2085
vn 0.9463 0.2775 -0.1657
vn 0.9756 0.2147 -0.0464
vn 0.9545 0.2465 -0.1677
vn 0.9111 0.2889 -0.2941
vn -0.5618 0.2721 0.7812
vn -0.6876 0.3459 0.6384
vn -0.7095 0.3708 0.5993
vn -0.5243 0.2627 0.8100
vn 0.2537 0.5201 -0.8156
vn 0.4367 0.4195 -0.7958
vn 0.3469 0.4665 -0.8137
vn 0.0841 0.5386 -0.8384
vn 0.0026 0.9344 -0.3563
vn -0.1520 0.9554 -0.2531
vn -0.0794 0.9831 -0.1648
vn 0.0460 0.9670 -0.2504
vn 0.2901 -0.1566 0.9441
vn 0.1782 -0.0993 0.9790
vn 0.6021 -0.3462 0.7194
vn 0.5197 -0.2904 0.8034
vn -0.1708 0.9109 -0.3757
vn -0.1822 0.9304 -0.3181
vn -0.0920 0.9132 -0.3969
vn -0.0683 0.8805 -0.4692
vn 0.5409 0.8222 -0.1773
vn 0.6164 0.7544 -0.2259
vn 0.4961 0.7841 -0.3729
vn 0.4442 0.8460 -0.2950
vn 0.6629 0.6746 -0.3248
vn 0.7407 0.6288 -0.2368
vn 0.7706 0.5774 -0.2697
vn 0.6744 0.6339 -0.3785
vn -0.2789 0.5681 0.7742
vn -0.1960 0.5386 0.8194
vn -0.2967 0.5836 0.7559
vn -0.3937 0.5935 0.7020
vn 0.0649 0.9133 -0.4022
vn 0.1423 0.9308 -0.3367
vn 0.2802 0.8616 -0.4232
vn 0.2508 0.8175 -0.5185
vn 0.0771 0.5934 0.8012
vn -0.0808 0.7168 0.6926
vn -0.2700 0.7504 0.6034
vn -0.0464 0.6816 0.7302
vn 0.5036 0.4579 -0.7327
vn 0.1426 0.6076 -0.7813
vn 0.2805 0.6624 -0.6947
vn 0.5023 0.5590 -0.6597
vn 0.6113 0.5317 -0.5862
vn 0.4891 0.5811 -0.6505
vn 0.3862 0.5969 -0.7032
vn 0.5065 0.5792 -0.6387
vn 0.7059 -0.4178 0.5719
vn 0.9004 -0.3970 0.1782
vn 0.8884 -0.3648 0.2787
vn 0.7644 -0.3774 0.5228
vn -0.5512 0.4354 0.7117
vn -0.6433 0.4994 0.5803
vn -0.6845 0.5348 0.4954
vn -0.5580 0.4758 0.6799
vn -0.8368 0.3369 0.4317
vn -0.8921 0.4162 0.1760
vn -0.9054 0.4221 0.0468
vn -0.8247 0.3067 0.4752
vn -0.3533 0.9202 -0.1688
vn -0.4297 0.9011 0.0577
vn -0.3067 0.9495 0.0663
vn -0.2478 0.9631 -0.1054
vn 0.7331 0.6535 -0.1885
vn 0.8259 0.5432 -0.1513
vn 0.6847 0.5346 -0.4953
vn 0.6428 0.6479 -0.4087
vn 0.6767 0.7018 -0.2226
vn 0.7682 0.6360 -0.0739
vn 0.8403 0.5256 -0.1329
vn 0.7210 0.6113 -0.3264
vn 0.1637 0.8668 -0.4711
vn 0.1538 0.9154 -0.3721
vn 0.3175 0.8492 -0.4219
vn 0.3654 0.7656 -0.5295
vn 0.5326 0.2235 0.8164
vn 0.6892 0.1829 0.7011
vn 0.7956 0.0970 0.5981
vn 0.6766 0.1877 0.7120
vn 0.9418 0.3333 -0.0447
vn 0.9601 0.2510 0.1233
vn 0.9765 0.2143 0.0245
vn 0.9341 0.3013 -0.1917
vn 0.8011 0.5125 -0.3093
vn 0.8864 0.4309 -0.1689
vn 0.9014 0.3670 -0.2298
vn 0.7765 0.4698 -0.4199
vn 0.5228 -0.3474 0.7784
vn 0.8087 -0.3762 0.4521
vn 0.7806 -0.3429 0.5225
vn 0.6050 -0.3251 0.7269
vn 0.7475 0.6640 0.0177
vn 0.8015 0.5963 -0.0453
vn 0.7394 0.6271 -0.2453
vn 0.7055 0.6943 -0.1422
vn -0.6401 0.6347 0.4329
vn -0.6662 0.7180 0.2014
vn -0.6754 0.7375 0.0028
vn -0.6130 0.7071 0.3526
vn -0.5523 0.6727 0.4924
vn -0.5866 0.7319 0.3466
vn -0.6197 0.7630 0.1839
vn -0.5652 0.7560 0.3301
vn 0.7830 0.1877 0.5930
vn 0.9567 0.1759 0.2320
vn 0.9144 0.1748 0.3651
vn 0.8002 0.1563 0.5790
vn 0.5073 0.0395 0.8609
vn 0.5855 0.0516 0.8090
vn 0.7633 -0.0869 0.6402
vn 0.6659 -0.0249 0.7456
vn 0.4825 0.6495 -0.5876
vn 0.6357 0.5722 -0.5182
vn 0.6484 0.5100 -0.5652
vn 0.4282 0.6143 -0.6627
vn -0.4755 0.7924 -0.3821
vn -0.6122 0.7792 -0.1343
vn -0.5734 0.8121 -0.1081
vn -0.4783 0.8332 -0.2775
vn -0.7921 0.5104 0.3347
vn -0.8068 0.5862 0.0739
vn -0.7948 0.5986 -0.1003
vn -0.7787 0.5237 0.3454
vn 0.2149 -0.0913 0.9723
vn 0.3027 -0.0824 0.9495
vn 0.5692 -0.2985 0.7661
vn 0.4312 -0.2016 0.8794
vn 0.2563 0.2123 0.9430
vn 0.2467 0.2433 0.9380
vn 0.6018 -0.0881 0.7938
vn 0.4869 0.0659 0.8710
vn -0.5607 0.8278 0.0187
vn -0.5663 0.8099 0.1532
vn -0.5524 0.8319 0.0526
vn -0.5539 0.8295 -0.0709
vn -0.1676 0.9657 -0.1985
vn -0.0072 0.9826 -0.1858
vn 0.0759 0.9222 -0.3792
vn -0.0497 0.8800 -0.4724
vn 0.6969 -0.1979 0.6893
vn 0.8864 -0.1994 0.4178
vn 0.8708 -0.2053 0.4467
vn 0.7496 -0.2013 0.6306
vn 0.5767 0.0269 0.8165
vn 0.6609 0.0407 0.7494
vn 0.8263 -0.1035 0.5537
vn 0.7323 -0.0353 0.6801
vn -0.2167 0.6773 0.7030
vn -0.3037 0.7621 0.5718
vn -0.4077 0.7909 0.4564
vn -0.2842 0.7381 0.6120
vn 0.7526 0.4284 -0.5001
vn 0.6494 0.4811 -0.5890
vn 0.5518 0.4934 -0.6724
vn 0.6585 0.4755 -0.5833
vn 0.2512 0.2350 0.9390
vn 0.3668 0.2128 0.9056
vn 0.5723 0.0285 0.8196
vn 0.4443 0.1458 0.8840
vn -0.3050 0.3745 0.8757
vn -0.2906 0.3349 0.8963
vn -0.4860 0.3784 0.7878
vn -0.6062 0.3818 0.6976
vn 0.8289 0.5004 -0.2501
vn 0.8107 0.4930 -0.3159
vn 0.6932 0.5184 -0.5008
vn 0.7429 0.5422 -0.3925
vn 0.8192 0.3644 0.4428
vn 0.9306 0.3422 0.1302
vn 0.8798 0.3602 0.3101
vn 0.7930 0.3143 0.5219
vn -0.1282 0.3704 0.9200
vn -0.2854 0.4506 0.8459
vn -0.3865 0.4927 0.7796
vn -0.1578 0.4251 0.8913
vn -0.7313 0.5470 0.4073
vn -0.7678 0.6290 0.1221
vn -0.7655 0.6422 -0.0399
vn -0.6984 0.5158 0.4961
vn -0.1840 0.9668 -0.1775
vn -0.2621 0.9649 -0.0189
vn -0.1555 0.9878 0.0097
vn -0.0902 0.9886 -0.1206
vn 0.6651 0.2118 0.7161
vn 0.7271 0.2026 0.6559
vn 0.8202 0.1572 0.5501
vn 0.7564 0.1923 0.6253
vn -0.4198 0.8808 -0.2190
vn -0.4354 0.8876 -0.1504
vn -0.3776 0.8872 -0.2650
vn -0.3592 0.8633 -0.3544
vn 0.8668 0.4173 -0.2729
vn 0.7891 0.4586 -0.4085
vn 0.7176 0.4729 -0.5113
vn 0.7972 0.4668 -0.3830
vn -0.0000 0.4970 -0.8677
vn -0.1911 0.5183 -0.8336
vn 0.0362 0.4099 -0.9114
vn 0.2189 0.2520 -0.9427
vn 0.7584 0.5696 -0.3169
vn 0.8330 0.5209 -0.1865
vn 0.8736 0.4469 -0.1924
vn 0.7764 0.5134 -0.3655
vn -0.6776 0.3657 0.6381
vn -0.7785 0.3932 0.4892
vn -0.9045 0.3856 0.1821
vn -0.9367 0.3501 0.0068
vn 0.8904 0.4473 -0.0843
vn 0.9160 0.3864 0.1079
vn 0.9556 0.2782 0.0971
vn 0.9145 0.3629 -0.1789
vn -0.2584 0.5392 0.8015
vn -0.1236 0.4900 0.8629
vn -0.2332 0.5414 0.8078
vn -0.3642 0.5565 0.7468
vn 0.4182 0.8425 -0.3395
vn 0.2875 0.8942 -0.3430
vn 0.3120 0.9162 -0.2516
vn 0.4246 0.8709 -0.2472
vn -0.6786 0.4939 0.5437
vn -0.7869 0.5623 0.2542
vn -0.7593 0.5777 0.2995
vn -0.5703 0.3584 0.7392
vn 0.6516 -0.0432 0.7573
vn 0.7044 -0.0287 0.7093
vn 0.8213 -0.0958 0.5624
vn 0.7588 -0.0770 0.6467
vn 0.3507 0.5605 0.7502
vn 0.4551 0.4455 0.7710
vn 0.6458 0.3566 0.6751
vn 0.5319 0.5029 0.6814
vn -0.5242 0.6824 0.5095
vn -0.5619 0.7407 0.3684
vn -0.5984 0.7694 0.2233
vn -0.5394 0.7527 0.3775
vn -0.4729 0.7467 -0.4677
vn -0.6016 0.7524 -0.2684
vn -0.6250 0.7561 -0.1942
vn -0.5222 0.7803 -0.3442
vn 0.6429 -0.4144 0.6441
vn 0.8814 -0.4115 0.2319
vn 0.8770 -0.3687 0.3083
vn 0.7386 -0.3717 0.5623
vn 0.7564 0.5379 0.3723
vn 0.8047 0.4925 0.3316
vn 0.8425 0.5002 0.2001
vn 0.7941 0.5497 0.2592
vn 0.1038 0.7606 -0.6408
vn 0.1286 0.7751 -0.6186
vn 0.3443 0.6433 -0.6838
vn 0.4283 0.4920 -0.7580
vn 0.6041 -0.1887 0.7742
vn 0.8585 -0.1876 0.4773
vn 0.8836 -0.1977 0.4244
vn 0.7422 -0.1810 0.6452
vn -0.2942 0.6376 -0.7120
vn -0.4067 0.6837 -0.6060
vn -0.5309 0.6760 -0.5110
vn -0.4094 0.6762 -0.6125
vn -0.0508 0.7093 -0.7031
vn -0.3535 0.7657 -0.5373
vn -0.2639 0.8306 -0.4905
vn -0.0676 0.7978 -0.5991
vn 0.5600 0.6604 -0.5003
vn 0.5406 0.6422 -0.5434
vn 0.3024 0.6762 -0.6718
vn 0.3937 0.7053 -0.5895
vn -0.5175 0.8547 -0.0399
vn -0.4821 0.8757 0.0278
vn -0.4490 0.8667 -0.2172
vn -0.4906 0.7777 -0.3930
vn 0.5306 0.2935 0.7952
vn 0.5988 0.2682 0.7547
vn 0.7420 0.1895 0.6431
vn 0.6598 0.2544 0.7070
vn 0.7695 -0.2647 0.5812
vn 0.9757 -0.2145 0.0450
vn 0.9667 -0.1960 0.1647
vn 0.8593 -0.2219 0.4608
vn 0.4705 0.6740 -0.5696
vn 0.3441 0.7097 -0.6148
vn 0.2865 0.7553 -0.5894
vn 0.3998 0.7317 -0.5521
vn -0.3241 0.9447 -0.0508
vn -0.2723 0.9622 -0.0108
vn -0.2282 0.9622 -0.1485
vn -0.2694 0.9365 -0.2245
vn -0.0386 0.3728 0.9271
vn -0.1915 0.4474 0.8736
vn -0.2993 0.4872 0.8204
vn -0.0857 0.4310 0.8983
vn 0.7746 0.6011 -0.1967
vn 0.7803 0.5714 -0.2542
vn 0.6788 0.6087 -0.4108
vn 0.6980 0.6403 -0.3205
vn 0.0440 0.3471 0.9368
vn -0.0617 0.3938 0.9171
vn -0.1821 0.4363 0.8812
vn -0.0766 0.4226 0.9031
vn -0.2890 0.2242 0.9307
vn -0.4458 0.2996 0.8435
vn -0.5043 0.3368 0.7952
vn -0.2740 0.2415 0.9309
vn -0.0739 0.8618 -0.5018
vn -0.1061 0.8945 -0.4343
vn 0.0325 0.8509 -0.5243
vn 0.0884 0.7820 -0.6170
vn -0.3332 0.9418 0.0451
vn -0.2248 0.9739 0.0321
vn -0.2111 0.9635 -0.1648
vn -0.3128 0.9211 -0.2318
vn 0.4710 0.5969 -0.6495
vn 0.5939 0.5251 -0.6095
vn 0.5397 0.5336 -0.6512
vn 0.3804 0.6034 -0.7009
vn 0.3096 0.5432 0.7804
vn 0.6387 0.4280 0.6394
vn 0.4729 0.5344 0.7005
vn 0.2406 0.5540 0.7970
vn -0.3027 0.7506 0.5873
vn -0.3578 0.8386 0.4107
vn -0.4411 0.8587 0.2608
vn -0.3392 0.8019 0.4918
vn 0.5606 0.3059 -0.7696
vn 0.4174 0.3900 -0.8207
vn 0.2289 0.3781 -0.8970
vn 0.3980 0.3555 -0.8457
vn 0.5627 0.2786 -0.7783
vn 0.7307 0.1542 -0.6650
vn 0.6154 0.2691 -0.7409
vn 0.3670 0.3209 -0.8731
vn -0.1287 0.9858 0.1081
vn -0.0446 0.9888 0.1421
vn -0.0201 0.9992 0.0334
vn -0.0980 0.9951 -0.0148
vn -0.3714 0.4400 0.8176
vn 0.2429 0.2501 0.9372
vn 0.1356 0.2830 0.9495
vn -0.1597 0.4090 0.8984
vn 0.9230 0.1148 -0.3672
vn 0.9828 0.0264 -0.1827
vn 0.9555 0.0947 -0.2793
vn 0.8395 0.1421 -0.5244
vn -0.6260 0.5679 0.5345
vn -0.6067 0.5253 0.5967
vn -0.7065 0.5628 0.4291
vn -0.7688 0.5642 0.3012
vn -0.1280 0.7709 -0.6239
vn -0.2830 0.8129 -0.5090
vn -0.1393 0.7779 -0.6128
vn -0.0213 0.6872 -0.7262
vn 0.9271 -0.1626 0.3376
vn 0.9404 -0.1329 0.3131
vn 0.9851 -0.1711 0.0166
vn 0.9757 -0.1723 0.1355
vn 0.8662 -0.4871 0.1115
vn 0.8529 -0.5186 0.0596
vn 0.8393 -0.4790 -0.2571
vn 0.8772 -0.4651 -0.1187
vn -0.4236 -0.1979 0.8840
vn -0.0567 -0.3438 0.9373
vn -0.0674 -0.2794 0.9578
vn -0.3106 -0.1851 0.9323
vn -0.7620 0.5566 -0.3310
vn -0.8062 0.5335 -0.2558
vn -0.7425 0.5226 -0.4191
vn -0.6807 0.5052 -0.5304
vn 0.7738 0.5502 -0.3138
vn 0.8397 0.4936 -0.2262
vn 0.8355 0.4731 -0.2794
vn 0.7517 0.5353 -0.3853
vn -0.6161 0.6903 -0.3794
vn -0.7218 0.6839 -0.1062
vn -0.7394 0.6729 -0.0210
vn -0.6579 0.7218 -0.2150
vn -0.8848 0.3733 0.2787
vn -0.8811 0.3406 0.3281
vn -0.9304 0.3590 0.0744
vn -0.9341 0.3395 -0.1108
vn 0.8741 0.4852 0.0215
vn 0.8876 0.4220 0.1846
vn 0.9306 0.3404 0.1346
vn 0.9043 0.4193 -0.0798
vn 0.5330 0.5944 -0.6021
vn 0.6546 0.5201 -0.5486
vn 0.6139 0.5159 -0.5975
vn 0.4530 0.5938 -0.6650
vn 0.6462 0.4535 -0.6139
vn 0.5614 0.4975 -0.6613
vn 0.4353 0.5139 -0.7392
vn 0.5374 0.4963 -0.6818
vn 0.5439 0.1850 0.8185
vn 0.7506 0.1154 0.6506
vn 0.6606 0.1333 0.7388
vn 0.5012 0.1543 0.8515
vn 0.1882 0.7150 -0.6734
vn 0.0608 0.7728 -0.6318
vn 0.2499 0.6937 -0.6755
vn 0.3742 0.5643 -0.7359
vn -0.5503 0.4532 0.7013
vn -0.6717 0.5532 0.4927
vn -0.7299 0.5902 0.3448
vn -0.5250 0.4775 0.7045
vn 0.9668 0.0816 0.2423
vn 0.9753 0.1305 0.1779
vn 0.9681 -0.0169 -0.2498
vn 0.9975 0.0617 -0.0346
vn 0.2614 0.4399 0.8592
vn 0.0678 0.5412 0.8382
vn -0.1093 0.5697 0.8145
vn 0.1778 0.5091 0.8421
vt 0.303320 0.730331
vt 0.547464 0.730331
vt 0.547464 0.974475
vt 0.303320 0.974475
s 1
usemtl Leaves
f 5994/3790/5617 5997/3791/5618 5996/3792/5619 5995/3793/5620
f 6097/3791/5621 6095/3790/5622 6094/3793/5623 6096/3792/5624
f 5921/3791/5625 5919/3790/5626 5918/3793/5627 5920/3792/5628
f 6298/3790/5629 6301/3791/5630 6300/3792/5631 6299/3793/5632
f 5973/3791/5633 5972/3790/5634 5971/3793/5635 5970/3792/5636
f 5914/3790/5637 5917/3791/5638 5916/3792/5639 5915/3793/5640
f 6026/3790/5641 6029/3791/5642 6028/3792/5643 6027/3793/5644
f 6152/3790/5645 6153/3791/5646 6151/3792/5647 6150/3793/5648
f 6113/3791/5649 6111/3790/5650 6110/3793/5651 6112/3792/5652
f 6021/3791/5653 6020/3790/5654 6019/3793/5655 6018/3792/5656
f 6088/3790/5657 6089/3791/5658 6087/3792/5659 6086/3793/5660
f 6232/3790/5661 6233/3791/5662 6231/3792/5663 6230/3793/5664
f 5985/3791/5665 5983/3790/5666 5982/3793/5667 5984/3792/5668
f 5857/3791/5669 5855/3790/5670 5854/3793/5671 5856/3792/5672
f 6049/3791/5673 6047/3790/5674 6046/3793/5675 6048/3792/5676
f 5658/3790/5677 5661/3791/5678 5660/3792/5679 5659/3793/5680
f 5797/3791/5681 5796/3790/5682 5795/3793/5683 5794/3792/5684
f 5690/3790/5685 5693/3791/5686 5692/3792/5687 5691/3793/5688
f 5802/3790/5689 5805/3791/5690 5804/3792/5691 5803/3793/5692
f 5848/3790/5693 5849/3791/5694 5847/3792/5695 5846/3793/5696
f 5909/3791/5697 5908/3790/5698 5907/3793/5699 5906/3792/5700
f 5873/3791/5701 5871/3790/5702 5870/3793/5703 5872/3792/5704
f 5866/3790/5705 5869/3791/5706 5868/3792/5707 5867/3793/5708
f 6058/3790/5709 6061/3791/5710 6060/3792/5711 6059/3793/5712
f 6042/3790/5713 6045/3791/5714 6044/3792/5715 6043/3793/5716
f 5685/3791/5717 5684/3790/5718 5683/3793/5719 5682/3792/5720
f 5697/3791/5721 5695/3790/5722 5694/3793/5723 5696/3792/5724
f 5800/3790/5725 5801/3791/5726 5799/3792/5727 5798/3793/5728
f 5752/3790/5729 5753/3791/5730 5751/3792/5731 5750/3793/5732
f 6218/3790/5733 6221/3791/5734 6220/3792/5735 6219/3793/5736
f 5925/3791/5737 5924/3790/5738 5923/3793/5739 5922/3792/5740
f 6101/3791/5741 6100/3790/5742 6099/3793/5743 6098/3792/5744
f 5816/3790/5745 5817/3791/5746 5815/3792/5747 5814/3793/5748
f 6168/3790/5749 6169/3791/5750 6167/3792/5751 6166/3793/5752
f 6312/3790/5753 6313/3791/5754 6311/3792/5755 6310/3793/5756
f 5944/3790/5757 5945/3791/5758 5943/3792/5759 5942/3793/5760
f 5877/3791/5761 5876/3790/5762 5875/3793/5763 5874/3792/5764
f 5946/3790/5765 5949/3791/5766 5948/3792/5767 5947/3793/5768
f 6085/3791/5769 6084/3790/5770 6083/3793/5771 6082/3792/5772
f 6177/3791/5773 6175/3790/5774 6174/3793/5775 6176/3792/5776
f 5669/3791/5777 5668/3790/5778 5667/3793/5779 5666/3792/5780
f 5976/3790/5781 5977/3791/5782 5975/3792/5783 5974/3793/5784
f 5642/3790/5785 5645/3791/5786 5644/3792/5787 5643/3793/5788
f 5738/3790/5789 5741/3791/5790 5740/3792/5791 5739/3793/5792
f 5761/3791/5793 5759/3790/5794 5758/3793/5795 5760/3792/5796
f 6344/3790/5797 6345/3791/5798 6343/3792/5799 6342/3793/5800
f 5832/3790/5801 5833/3791/5802 5831/3792/5803 5830/3793/5804
f 5882/3790/5805 5885/3791/5806 5884/3792/5807 5883/3793/5808
f 5745/3791/5809 5743/3790/5810 5742/3793/5811 5744/3792/5812
f 5818/3790/5813 5821/3791/5814 5820/3792/5815 5819/3793/5816
f 6106/3790/5817 6109/3791/5818 6108/3792/5819 6107/3793/5820
f 6008/3790/5821 6009/3791/5822 6007/3792/5823 6006/3793/5824
f 6241/3791/5825 6239/3790/5826 6238/3793/5827 6240/3792/5828
f 5749/3791/5829 5748/3790/5830 5747/3793/5831 5746/3792/5832
f 5809/3791/5833 5807/3790/5834 5806/3793/5835 5808/3792/5836
f 5713/3791/5837 5711/3790/5838 5710/3793/5839 5712/3792/5840
f 5845/3791/5841 5844/3790/5842 5843/3793/5843 5842/3792/5844
f 5781/3791/5845 5780/3790/5846 5779/3793/5847 5778/3792/5848
f 5825/3791/5849 5823/3790/5850 5822/3793/5851 5824/3792/5852
f 6010/3790/5853 6013/3791/5854 6012/3792/5855 6011/3793/5856
f 6257/3791/5857 6255/3790/5858 6254/3793/5859 6256/3792/5860
f 6129/3791/5861 6127/3790/5862 6126/3793/5863 6128/3792/5864
f 5960/3790/5865 5961/3791/5866 5959/3792/5867 5958/3793/5868
f 5784/3790/5869 5785/3791/5870 5783/3792/5871 5782/3793/5872
f 5898/3790/5873 5901/3791/5874 5900/3792/5875 5899/3793/5876
f 5850/3790/5877 5853/3791/5878 5852/3792/5879 5851/3793/5880
f 6122/3790/5881 6125/3791/5882 6124/3792/5883 6123/3793/5884
f 6056/3790/5885 6057/3791/5886 6055/3792/5887 6054/3793/5888
f 5786/3790/5889 5789/3791/5890 5788/3792/5891 5787/3793/5892
f 6181/3791/5893 6180/3790/5894 6179/3793/5895 6178/3792/5896
f 6090/3790/5897 6093/3791/5898 6092/3792/5899 6091/3793/5900
f 5889/3791/5901 5887/3790/5902 5886/3793/5903 5888/3792/5904
f 5729/3791/5905 5727/3790/5906 5726/3793/5907 5728/3792/5908
f 6325/3791/5909 6324/3790/5910 6323/3793/5911 6322/3792/5912
f 5672/3790/5913 5673/3791/5914 5671/3792/5915 5670/3793/5916
f 6040/3790/5917 6041/3791/5918 6039/3792/5919 6038/3793/5920
f 6120/3790/5921 6121/3791/5922 6119/3792/5923 6118/3793/5924
f 6245/3791/5925 6244/3790/5926 6243/3793/5927 6242/3792/5928
f 6072/3790/5929 6073/3791/5930 6071/3792/5931 6070/3793/5932
f 5912/3790/5933 5913/3791/5934 5911/3792/5935 5910/3793/5936
f 5754/3790/5937 5757/3791/5938 5756/3792/5939 5755/3793/5940
f 6209/3791/5941 6207/3790/5942 6206/3793/5943 6208/3792/5944
f 6017/3791/5945 6015/3790/5946 6014/3793/5947 6016/3792/5948
f 6248/3790/5949 6249/3791/5950 6247/3792/5951 6246/3793/5952
f 6330/3790/5953 6333/3791/5954 6332/3792/5955 6331/3793/5956
f 5793/3791/5957 5791/3790/5958 5790/3793/5959 5792/3792/5960
f 5653/3791/5961 5652/3790/5962 5651/3793/5963 5650/3792/5964
f 6296/3790/5965 6297/3791/5966 6295/3792/5967 6294/3793/5968
f 5953/3791/5969 5951/3790/5970 5950/3793/5971 5952/3792/5972
f 5957/3791/5973 5956/3790/5974 5955/3793/5975 5954/3792/5976
f 6213/3791/5977 6212/3790/5978 6211/3793/5979 6210/3792/5980
f 5829/3791/5981 5828/3790/5982 5827/3793/5983 5826/3792/5984
f 5896/3790/5985 5897/3791/5986 5895/3792/5987 5894/3793/5988
f 5937/3791/5989 5935/3790/5990 5934/3793/5991 5936/3792/5992
f 5688/3790/5993 5689/3791/5994 5687/3792/5995 5686/3793/5996
f 5633/3791/5997 5631/3790/5998 5630/3793/5999 5632/3792/6000
f 5674/3790/6001 5677/3791/6002 5676/3792/6003 5675/3793/6004
f 5640/3790/6005 5641/3791/6006 5639/3792/6007 5638/3793/6008
f 5720/3790/6009 5721/3791/6010 5719/3792/6011 5718/3793/6012
f 6037/3791/6013 6036/3790/6014 6035/3793/6015 6034/3792/6016
f 5841/3791/6017 5839/3790/6018 5838/3793/6019 5840/3792/6020
f 5637/3791/6021 5636/3790/6022 5635/3793/6023 5634/3792/6024
f 6053/3791/6025 6052/3790/6026 6051/3793/6027 6050/3792/6028
f 6277/3791/6029 6276/3790/6030 6275/3793/6031 6274/3792/6032
f 5770/3790/6033 5773/3791/6034 5772/3792/6035 5771/3793/6036
f 6104/3790/6037 6105/3791/6038 6103/3792/6039 6102/3793/6040
f 6280/3790/6041 6281/3791/6042 6279/3792/6043 6278/3793/6044
f 5701/3791/6045 5700/3790/6046 5699/3793/6047 5698/3792/6048
f 5626/3790/6049 5629/3791/6050 5628/3792/6051 5627/3793/6052
f 6074/3790/6053 6077/3791/6054 6076/3792/6055 6075/3793/6056
f 6250/3790/6057 6253/3791/6058 6252/3792/6059 6251/3793/6060
f 5649/3791/6061 5647/3790/6062 5646/3793/6063 5648/3792/6064
f 6341/3791/6065 6340/3790/6066 6339/3793/6067 6338/3792/6068
f 5706/3790/6069 5709/3791/6070 5708/3792/6071 5707/3793/6072
f 5813/3791/6073 5812/3790/6074 5811/3793/6075 5810/3792/6076
f 6033/3791/6077 6031/3790/6078 6030/3793/6079 6032/3792/6080
f 5722/3790/6081 5725/3791/6082 5724/3792/6083 5723/3793/6084
f 6266/3790/6085 6269/3791/6086 6268/3792/6087 6267/3793/6088
f 5969/3791/6089 5967/3790/6090 5966/3793/6091 5968/3792/6092
f 5861/3791/6093 5860/3790/6094 5859/3793/6095 5858/3792/6096
f 6133/3791/6097 6132/3790/6098 6131/3793/6099 6130/3792/6100
f 5733/3791/6101 5732/3790/6102 5731/3793/6103 5730/3792/6104
f 5992/3790/6105 5993/3791/6106 5991/3792/6107 5990/3793/6108
f 6234/3790/6109 6237/3791/6110 6236/3792/6111 6235/3793/6112
f 6225/3791/6113 6223/3790/6114 6222/3793/6115 6224/3792/6116
f 5905/3791/6117 5903/3790/6118 5902/3793/6119 5904/3792/6120
f 6145/3791/6121 6143/3790/6122 6142/3793/6123 6144/3792/6124
f 6184/3790/6125 6185/3791/6126 6183/3792/6127 6182/3793/6128
f 5930/3790/6129 5933/3791/6130 5932/3792/6131 5931/3793/6132
f 5736/3790/6133 5737/3791/6134 5735/3792/6135 5734/3793/6136
f 5978/3790/6137 5981/3791/6138 5980/3792/6139 5979/3793/6140
f 6264/3790/6141 6265/3791/6142 6263/3792/6143 6262/3793/6144
f 6149/3791/6145 6148/3790/6146 6147/3793/6147 6146/3792/6148
f 6202/3790/6149 6205/3791/6150 6204/3792/6151 6203/3793/6152
f 6138/3790/6153 6141/3791/6154 6140/3792/6155 6139/3793/6156
f 6117/3791/6157 6116/3790/6158 6115/3793/6159 6114/3792/6160
f 5928/3790/6161 5929/3791/6162 5927/3792/6163 5926/3793/6164
f 5989/3791/6165 5988/3790/6166 5987/3793/6167 5986/3792/6168
f 6321/3791/6169 6319/3790/6170 6318/3793/6171 6320/3792/6172
f 6081/3791/6173 6079/3790/6174 6078/3793/6175 6080/3792/6176
f 6309/3791/6177 6308/3790/6178 6307/3793/6179 6306/3792/6180
f 6024/3790/6181 6025/3791/6182 6023/3792/6183 6022/3793/6184
f 5880/3790/6185 5881/3791/6186 5879/3792/6187 5878/3793/6188
f 6273/3791/6189 6271/3790/6190 6270/3793/6191 6272/3792/6192
f 6282/3790/6193 6285/3791/6194 6284/3792/6195 6283/3793/6196
f 6170/3790/6197 6173/3791/6198 6172/3792/6199 6171/3793/6200
f 5893/3791/6201 5892/3790/6202 5891/3793/6203 5890/3792/6204
f 6328/3790/6205 6329/3791/6206 6327/3792/6207 6326/3793/6208
f 6193/3791/6209 6191/3790/6210 6190/3793/6211 6192/3792/6212
f 6197/3791/6213 6196/3790/6214 6195/3793/6215 6194/3792/6216
f 6001/3791/6217 5999/3790/6218 5998/3793/6219 6000/3792/6220
f 6165/3791/6221 6164/3790/6222 6163/3793/6223 6162/3792/6224
f 6229/3791/6225 6228/3790/6226 6227/3793/6227 6226/3792/6228
f 5777/3791/6229 5775/3790/6230 5774/3793/6231 5776/3792/6232
f 6065/3791/6233 6063/3790/6234 6062/3793/6235 6064/3792/6236
f 6200/3790/6237 6201/3791/6238 6199/3792/6239 6198/3793/6240
f 5941/3791/6241 5940/3790/6242 5939/3793/6243 5938/3792/6244
f 5765/3791/6245 5764/3790/6246 5763/3793/6247 5762/3792/6248
f 6305/3791/6249 6303/3790/6250 6302/3793/6251 6304/3792/6252
f 5656/3790/6253 5657/3791/6254 5655/3792/6255 5654/3793/6256
f 6161/3791/6257 6159/3790/6258 6158/3793/6259 6160/3792/6260
f 6293/3791/6261 6292/3790/6262 6291/3793/6263 6290/3792/6264
f 5768/3790/6265 5769/3791/6266 5767/3792/6267 5766/3793/6268
f 5962/3790/6269 5965/3791/6270 5964/3792/6271 5963/3793/6272
f 5681/3791/6273 5679/3790/6274 5678/3793/6275 5680/3792/6276
f 6186/3790/6277 6189/3791/6278 6188/3792/6279 6187/3793/6280
f 6154/3790/6281 6157/3791/6282 6156/3792/6283 6155/3793/6284
f 6261/3791/6285 6260/3790/6286 6259/3793/6287 6258/3792/6288
f 6314/3790/6289 6317/3791/6290 6316/3792/6291 6315/3793/6292
f 6216/3790/6293 6217/3791/6294 6215/3792/6295 6214/3793/6296
f 5864/3790/6297 5865/3791/6298 5863/3792/6299 5862/3793/6300
f 5834/3790/6301 5837/3791/6302 5836/3792/6303 5835/3793/6304
f 5704/3790/6305 5705/3791/6306 5703/3792/6307 5702/3793/6308
f 6136/3790/6309 6137/3791/6310 6135/3792/6311 6134/3793/6312
f 6337/3791/6313 6335/3790/6314 6334/3793/6315 6336/3792/6316
f 6005/3791/6317 6004/3790/6318 6003/3793/6319 6002/3792/6320
f 5665/3791/6321 5663/3790/6322 5662/3793/6323 5664/3792/6324
f 5717/3791/6325 5716/3790/6326 5715/3793/6327 5714/3792/6328
f 6289/3791/6329 6287/3790/6330 6286/3793/6331 6288/3792/6332
f 6069/3791/6333 6068/3790/6334 6067/3793/6335 6066/3792/6336
o Tree_1.110
v -38.583420 15.358277 5.217195
v -39.503765 16.467852 6.286957
v -39.428303 15.255816 7.609021
v -38.507957 14.146242 6.539260
v -39.503765 16.467852 6.286957
v -38.583420 15.358277 5.217195
v -39.428303 15.255816 7.609021
v -38.507957 14.146242 6.539260
v -39.645813 14.228687 6.679790
v -38.106380 14.951456 7.254538
v -38.181843 16.163490 5.932474
v -39.721272 15.440724 5.357726
v -38.106380 14.951456 7.254538
v -39.645813 14.228687 6.679790
v -38.181843 16.163490 5.932474
v -39.721272 15.440724 5.357726
v -37.386509 14.587964 5.455137
v -37.121483 14.646279 7.229662
v -36.595371 12.930094 7.207484
v -36.860397 12.871778 5.432959
v -37.121483 14.646279 7.229662
v -37.386509 14.587964 5.455137
v -36.595371 12.930094 7.207484
v -36.860397 12.871778 5.432959
v -37.602261 12.633434 6.277999
v -35.906517 13.156775 6.007539
v -36.432629 14.872961 6.029716
v -38.128372 14.349620 6.300177
v -35.906517 13.156775 6.007539
v -37.602261 12.633434 6.277999
v -36.432629 14.872961 6.029716
v -38.128372 14.349620 6.300177
v -37.993511 14.923090 5.961333
v -38.741589 16.327553 6.792260
v -39.506458 15.218330 7.978505
v -38.758381 13.813866 7.147577
v -38.741589 16.327553 6.792260
v -37.993511 14.923090 5.961333
v -39.506458 15.218330 7.978505
v -38.758381 13.813866 7.147577
v -39.778362 14.305504 6.949627
v -38.336861 14.445799 8.010269
v -37.571991 15.555022 6.824025
v -39.013493 15.414728 5.763382
v -38.336861 14.445799 8.010269
v -39.778362 14.305504 6.949627
v -37.571991 15.555022 6.824025
v -39.013493 15.414728 5.763382
v -36.624569 14.340772 5.307768
v -36.582657 15.902076 6.192727
v -37.201717 15.083785 7.665731
v -37.243633 13.522482 6.780771
v -36.582657 15.902076 6.192727
v -36.624569 14.340772 5.307768
v -37.201717 15.083785 7.665731
v -37.243633 13.522482 6.780771
v -38.069126 14.316790 6.875097
v -36.384613 13.977216 7.394411
v -35.765549 14.795506 5.921409
v -37.450062 15.135081 5.402094
v -36.384613 13.977216 7.394411
v -38.069126 14.316790 6.875097
v -35.765549 14.795506 5.921409
v -37.450062 15.135081 5.402094
v -37.784695 15.569443 5.847506
v -38.589931 16.982931 6.606597
v -39.104649 15.950907 7.982303
v -38.299412 14.537417 7.223212
v -38.589931 16.982931 6.606597
v -37.784695 15.569443 5.847506
v -39.104649 15.950907 7.982303
v -38.299412 14.537417 7.223212
v -39.381313 14.903093 7.092742
v -37.861698 15.302532 7.960954
v -37.346981 16.334557 6.585248
v -38.866596 15.935119 5.717036
v -37.861698 15.302532 7.960954
v -39.381313 14.903093 7.092742
v -37.346981 16.334557 6.585248
v -38.866596 15.935119 5.717036
v -36.556190 15.063063 5.726345
v -36.789539 16.279266 7.025951
v -36.954277 14.959408 8.231527
v -36.720928 13.743205 6.931920
v -36.789539 16.279266 7.025951
v -36.556190 15.063063 5.726345
v -36.954277 14.959408 8.231527
v -36.720928 13.743205 6.931920
v -37.700409 14.210960 7.310175
v -35.928127 14.248410 7.593350
v -35.763390 15.568269 6.387775
v -37.535671 15.530820 6.104599
v -35.928127 14.248410 7.593350
v -37.700409 14.210960 7.310175
v -35.763390 15.568269 6.387775
v -37.535671 15.530820 6.104599
v -37.446388 15.354973 6.819358
v -38.212654 16.677826 7.760353
v -38.886345 15.471982 8.906938
v -38.120079 14.149128 7.965943
v -38.212654 16.677826 7.760353
v -37.446388 15.354973 6.819358
v -38.886345 15.471982 8.906938
v -38.120079 14.149128 7.965943
v -39.165089 14.610126 7.836759
v -37.688080 14.746411 8.847922
v -37.014389 15.952257 7.701338
v -38.491398 15.815972 6.690174
v -37.688080 14.746411 8.847922
v -39.165089 14.610126 7.836759
v -37.014389 15.952257 7.701338
v -38.491398 15.815972 6.690174
v -36.800701 15.635117 6.525105
v -36.972713 15.890642 8.293636
v -36.270885 14.266376 8.596577
v -36.098869 14.010853 6.828047
v -36.972713 15.890642 8.293636
v -36.800701 15.635117 6.525105
v -36.270885 14.266376 8.596577
v -36.098869 14.010853 6.828047
v -36.989326 13.752837 7.507589
v -35.346027 14.473286 7.563329
v -36.047859 16.097551 7.260388
v -37.691154 15.377103 7.204648
v -35.346027 14.473286 7.563329
v -36.989326 13.752837 7.507589
v -36.047859 16.097551 7.260388
v -37.691154 15.377103 7.204648
v -37.511662 16.048265 7.207858
v -38.223423 16.470949 8.800753
v -37.652748 14.906406 9.470911
v -36.940990 14.483721 7.878016
v -38.223423 16.470949 8.800753
v -37.511662 16.048265 7.207858
v -37.652748 14.906406 9.470911
v -36.940990 14.483721 7.878016
v -37.998726 14.266751 8.272196
v -36.452663 15.038837 8.758150
v -37.023335 16.603382 8.087994
v -38.569397 15.831297 7.602038
v -36.452663 15.038837 8.758150
v -37.998726 14.266751 8.272196
v -37.023335 16.603382 8.087994
v -38.569397 15.831297 7.602038
v -36.129665 15.548857 6.386267
v -36.510818 16.775543 7.640279
v -36.714161 15.470028 8.855539
v -36.333012 14.243343 7.601528
v -36.510818 16.775543 7.640279
v -36.129665 15.548857 6.386267
v -36.714161 15.470028 8.855539
v -36.333012 14.243343 7.601528
v -37.356670 14.676026 7.895061
v -35.614273 14.792006 8.311204
v -35.410927 16.097523 7.095942
v -37.153328 15.981543 6.679801
v -35.614273 14.792006 8.311204
v -37.356670 14.676026 7.895061
v -35.410927 16.097523 7.095942
v -37.153328 15.981543 6.679801
v -37.057781 16.309526 7.158955
v -37.705536 16.874447 8.734982
v -37.193638 15.332330 9.498140
v -36.545879 14.767409 7.922114
v -37.705536 16.874447 8.734982
v -37.057781 16.309526 7.158955
v -37.193638 15.332330 9.498140
v -36.545879 14.767409 7.922114
v -37.602001 14.630983 8.354844
v -36.007965 15.355772 8.750205
v -36.519863 16.897888 7.987046
v -38.113899 16.173101 7.591685
v -36.007965 15.355772 8.750205
v -37.602001 14.630983 8.354844
v -36.519863 16.897888 7.987046
v -38.113899 16.173101 7.591685
v -36.445808 16.012899 6.822926
v -36.733433 16.410152 8.549785
v -36.095585 14.801181 9.026158
v -35.807961 14.403926 7.299300
v -36.733433 16.410152 8.549785
v -36.445808 16.012899 6.822926
v -36.095585 14.801181 9.026158
v -35.807961 14.403926 7.299300
v -36.749599 14.217873 7.931722
v -35.096420 14.907782 8.048365
v -35.734268 16.516754 7.571990
v -37.387447 15.826847 7.455347
v -35.096420 14.907782 8.048365
v -36.749599 14.217873 7.931722
v -35.734268 16.516754 7.571990
v -37.387447 15.826847 7.455347
v -35.916325 15.892609 6.944057
v -36.340706 17.486193 7.653262
v -37.089146 16.660542 9.060641
v -36.664764 15.066958 8.351437
v -36.340706 17.486193 7.653262
v -35.916325 15.892609 6.944057
v -37.089146 16.660542 9.060641
v -36.664764 15.066958 8.351437
v -37.622288 15.685878 8.205325
v -36.046749 15.722905 9.064912
v -35.298309 16.548555 7.657532
v -36.873848 16.511528 6.797945
v -36.046749 15.722905 9.064912
v -37.622288 15.685878 8.205325
v -35.298309 16.548555 7.657532
v -36.873848 16.511528 6.797945
v -38.994308 14.800620 6.779472
v -37.474415 14.785248 7.552816
v -36.772003 15.526684 6.187070
v -38.291897 15.542056 5.413724
v -37.474415 14.785248 7.552816
v -38.994308 14.800620 6.779472
v -36.772003 15.526684 6.187070
v -38.291897 15.542056 5.413724
v -37.521984 14.768052 5.389503
v -37.845894 16.303762 6.056622
v -38.548306 15.562327 7.422369
v -38.224396 14.026614 6.755250
v -37.845894 16.303762 6.056622
v -37.521984 14.768052 5.389503
v -38.548306 15.562327 7.422369
v -38.224396 14.026614 6.755250
v -36.716011 12.991493 5.978241
v -35.350323 12.057733 5.564283
v -35.089748 13.044538 4.198013
v -36.455441 13.978298 4.611970
v -35.350323 12.057733 5.564283
v -36.716011 12.991493 5.978241
v -35.089748 13.044538 4.198013
v -36.455441 13.978298 4.611970
v -36.402969 13.089361 3.979931
v -35.415359 14.120227 4.912842
v -35.675934 13.133422 6.279113
v -36.663540 12.102556 5.346203
v -35.415359 14.120227 4.912842
v -36.402969 13.089361 3.979931
v -35.675934 13.133422 6.279113
v -36.663540 12.102556 5.346203
v -38.727287 13.645430 7.422658
v -37.096348 13.623176 7.920577
v -36.805119 15.048327 7.030347
v -38.436058 15.070580 6.532429
v -37.096348 13.623176 7.920577
v -38.727287 13.645430 7.422658
v -36.805119 15.048327 7.030347
v -38.436058 15.070580 6.532429
v -37.581444 14.593484 6.048233
v -37.985924 15.529874 7.414959
v -38.277153 14.104723 8.305190
v -37.872669 13.168332 6.938461
v -37.985924 15.529874 7.414959
v -37.581444 14.593484 6.048233
v -38.277153 14.104723 8.305190
v -37.872669 13.168332 6.938461
v -36.209324 12.893402 6.172801
v -34.693512 13.023192 5.402184
v -34.958183 14.690779 5.162438
v -36.473991 14.560990 5.933055
v -34.693512 13.023192 5.402184
v -36.209324 12.893402 6.172801
v -34.958183 14.690779 5.162438
v -36.473991 14.560990 5.933055
v -36.235310 14.446561 4.873634
v -35.500027 14.779251 6.375981
v -35.235355 13.111664 6.615728
v -35.970642 12.778973 5.113381
v -35.500027 14.779251 6.375981
v -36.235310 14.446561 4.873634
v -35.235355 13.111664 6.615728
v -35.970642 12.778973 5.113381
v -37.887672 14.835215 7.217720
v -36.312401 15.477789 7.099409
v -36.909534 16.768324 6.157959
v -38.484806 16.125750 6.276271
v -36.312401 15.477789 7.099409
v -37.887672 14.835215 7.217720
v -36.909534 16.768324 6.157959
v -38.484806 16.125750 6.276271
v -37.722099 15.927258 5.520418
v -37.987297 16.838299 6.937476
v -37.390163 15.547765 7.878925
v -37.124966 14.636724 6.461867
v -37.987297 16.838299 6.937476
v -37.722099 15.927258 5.520418
v -37.390163 15.547765 7.878925
v -37.124966 14.636724 6.461867
v -36.149647 13.848935 6.946909
v -34.605804 13.145296 6.774232
v -34.289944 14.164751 5.444075
v -35.833786 14.868390 5.616753
v -34.605804 13.145296 6.774232
v -36.149647 13.848935 6.946909
v -34.289944 14.164751 5.444075
v -35.833786 14.868390 5.616753
v -35.542271 14.000852 5.021078
v -34.890228 15.173019 6.074284
v -35.206089 14.153563 7.404441
v -35.858131 12.981396 6.351235
v -34.890228 15.173019 6.074284
v -35.542271 14.000852 5.021078
v -35.206089 14.153563 7.404441
v -35.858131 12.981396 6.351235
v -38.633003 14.382868 8.520195
v -37.431618 13.764168 9.510706
v -36.269955 14.543448 8.588488
v -37.471340 15.162148 7.597978
v -37.431618 13.764168 9.510706
v -38.633003 14.382868 8.520195
v -36.269955 14.543448 8.588488
v -37.471340 15.162148 7.597978
v -36.930710 14.240658 7.500311
v -37.050861 15.588677 8.488052
v -38.212524 14.809397 9.410269
v -38.092373 13.461378 8.422529
v -37.050861 15.588677 8.488052
v -36.930710 14.240658 7.500311
v -38.212524 14.809397 9.410269
v -38.092373 13.461378 8.422529
v -35.434048 14.340157 6.820487
v -33.965080 14.787775 6.150415
v -34.582230 16.308546 5.813365
v -36.051197 15.860927 6.483438
v -33.965080 14.787775 6.150415
v -35.434048 14.340157 6.820487
v -34.582230 16.308546 5.813365
v -36.051197 15.860927 6.483438
v -35.722687 15.768814 5.466305
v -35.204533 16.311138 6.964513
v -34.587383 14.790366 7.301561
v -35.105537 14.248043 5.803354
v -35.204533 16.311138 6.964513
v -35.722687 15.768814 5.466305
v -34.587383 14.790366 7.301561
v -35.105537 14.248043 5.803354
v -37.237583 14.909678 8.604750
v -35.588978 14.896784 8.903356
v -35.390690 16.196455 7.864722
v -37.039291 16.209347 7.566115
v -35.588978 14.896784 8.903356
v -37.237583 14.909678 8.604750
v -35.390690 16.196455 7.864722
v -37.039291 16.209347 7.566115
v -36.268032 15.675533 7.045382
v -36.491669 16.732847 8.325733
v -36.689960 15.433177 9.364367
v -36.466320 14.375862 8.084017
v -36.491669 16.732847 8.325733
v -36.268032 15.675533 7.045382
v -36.689960 15.433177 9.364367
v -36.466320 14.375862 8.084017
v -35.309071 14.068452 7.123271
v -33.815590 14.533724 6.523050
v -34.388153 16.093508 6.307484
v -35.881634 15.628235 6.907706
v -33.815590 14.533724 6.523050
v -35.309071 14.068452 7.123271
v -34.388153 16.093508 6.307484
v -35.881634 15.628235 6.907706
v -35.533699 15.615712 5.892941
v -35.034786 16.012978 7.442292
v -34.462219 14.453194 7.657859
v -34.961136 14.055928 6.108507
v -35.034786 16.012978 7.442292
v -35.533699 15.615712 5.892941
v -34.462219 14.453194 7.657859
v -34.961136 14.055928 6.108507
v -36.881920 15.399612 8.439334
v -35.243557 15.251503 8.757219
v -34.907204 16.345024 7.533169
v -36.545567 16.493135 7.215284
v -35.243557 15.251503 8.757219
v -36.881920 15.399612 8.439334
v -34.907204 16.345024 7.533169
v -36.545567 16.493135 7.215284
v -35.840588 15.803514 6.792922
v -35.939857 17.064266 7.891954
v -36.276207 15.970745 9.116005
v -36.176941 14.709992 8.016972
v -35.939857 17.064266 7.891954
v -35.840588 15.803514 6.792922
v -36.276207 15.970745 9.116005
v -36.176941 14.709992 8.016972
v -36.008835 15.016725 7.731133
v -34.571968 14.301927 8.212481
v -33.864674 14.745481 6.759822
v -35.301544 15.460279 6.278475
v -34.571968 14.301927 8.212481
v -36.008835 15.016725 7.731133
v -33.864674 14.745481 6.759822
v -35.301544 15.460279 6.278475
v -34.972950 14.449871 6.129945
v -34.480640 15.898851 6.812081
v -35.187935 15.455297 8.264740
v -35.680244 14.006315 7.582606
v -34.480640 15.898851 6.812081
v -34.972950 14.449871 6.129945
v -35.187935 15.455297 8.264740
v -35.680244 14.006315 7.582606
v -35.794411 14.960756 8.157029
v -34.233131 15.472256 7.828390
v -34.826992 16.949318 7.306047
v -36.388271 16.437817 7.634686
v -34.233131 15.472256 7.828390
v -35.794411 14.960756 8.157029
v -34.826992 16.949318 7.306047
v -36.388271 16.437817 7.634686
v -35.828888 16.340805 6.724388
v -35.698631 16.944029 8.282072
v -35.104771 15.466969 8.804416
v -35.235027 14.863745 7.246731
v -35.698631 16.944029 8.282072
v -35.828888 16.340805 6.724388
v -35.104771 15.466969 8.804416
v -35.235027 14.863745 7.246731
v -39.341442 16.266247 5.765090
v -40.063984 17.097260 6.885198
v -39.452137 16.152494 7.980802
v -38.729595 15.321481 6.860693
v -40.063984 17.097260 6.885198
v -39.341442 16.266247 5.765090
v -39.452137 16.152494 7.980802
v -38.729595 15.321481 6.860693
v -39.645287 15.183747 7.253293
v -38.391941 16.124025 7.364182
v -39.003788 17.068790 6.268577
v -40.257130 16.128513 6.157689
v -38.391941 16.124025 7.364182
v -39.645287 15.183747 7.253293
v -39.003788 17.068790 6.268577
v -40.257130 16.128513 6.157689
v -35.957184 13.921978 5.334751
v -35.138500 13.936823 6.675206
v -35.039120 12.369809 6.631864
v -35.857803 12.354964 5.291408
v -35.138500 13.936823 6.675206
v -35.957184 13.921978 5.334751
v -35.039120 12.369809 6.631864
v -35.857803 12.354964 5.291408
v -36.198757 12.307202 6.236426
v -34.861908 12.414602 5.418755
v -34.961288 13.981616 5.462097
v -36.298134 13.874216 6.279769
v -34.861908 12.414602 5.418755
v -36.198757 12.307202 6.236426
v -34.961288 13.981616 5.462097
v -36.298134 13.874216 6.279769
v -39.125885 15.118288 7.212406
v -40.009491 15.835316 8.295180
v -40.296204 14.450287 8.978392
v -39.412598 13.733258 7.895617
v -40.009491 15.835316 8.295180
v -39.125885 15.118288 7.212406
v -40.296204 14.450287 8.978392
v -39.412598 13.733258 7.895617
v -40.399353 13.926725 7.873725
v -39.132732 14.113414 8.783730
v -38.846020 15.498444 8.100518
v -40.112640 15.311755 7.190514
v -39.132732 14.113414 8.783730
v -40.399353 13.926725 7.873725
v -38.846020 15.498444 8.100518
v -40.112640 15.311755 7.190514
v -35.460579 14.180674 5.709579
v -34.867649 14.923920 6.959901
v -35.060043 13.625643 7.822890
v -35.652973 12.882397 6.572567
v -34.867649 14.923920 6.959901
v -35.460579 14.180674 5.709579
v -35.060043 13.625643 7.822890
v -35.652973 12.882397 6.572567
v -36.136688 13.419147 7.272215
v -34.694916 12.940243 6.873178
v -34.502522 14.238519 6.010189
v -35.944294 14.717424 6.409226
v -34.694916 12.940243 6.873178
v -36.136688 13.419147 7.272215
v -34.502522 14.238519 6.010189
v -35.944294 14.717424 6.409226
v -38.926125 16.755039 6.553722
v -39.610992 17.537066 7.731295
v -39.061005 16.479078 8.753773
v -38.376137 15.697053 7.576200
v -39.610992 17.537066 7.731295
v -38.926125 16.755039 6.553722
v -39.061005 16.479078 8.753773
v -38.376137 15.697053 7.576200
v -39.301189 15.580798 7.953490
v -37.998978 16.438927 8.140967
v -38.548965 17.496916 7.118490
v -39.851177 16.638786 6.931012
v -37.998978 16.438927 8.140967
v -39.301189 15.580798 7.953490
v -38.548965 17.496916 7.118490
v -39.851177 16.638786 6.931012
v -35.226448 15.110705 5.862206
v -34.696915 15.757247 7.192194
v -34.496010 14.326211 7.807869
v -35.025543 13.679668 6.477881
v -34.696915 15.757247 7.192194
v -35.226448 15.110705 5.862206
v -34.496010 14.326211 7.807869
v -35.025543 13.679668 6.477881
v -35.546280 13.957009 7.292439
v -34.081181 13.919562 6.727314
v -34.282085 15.350598 6.111639
v -35.747185 15.388046 6.676764
v -34.081181 13.919562 6.727314
v -35.546280 13.957009 7.292439
v -34.282085 15.350598 6.111639
v -35.747185 15.388046 6.676764
v -38.329979 15.375965 8.629086
v -38.630604 16.476261 9.597009
v -39.741665 15.660850 10.178858
v -39.441040 14.560552 9.210935
v -38.630604 16.476261 9.597009
v -38.329979 15.375965 8.629086
v -39.741665 15.660850 10.178858
v -39.441040 14.560552 9.210935
v -40.039062 15.301649 9.107574
v -39.083515 14.699693 10.088634
v -37.972454 15.515105 9.506784
v -38.928001 16.117062 8.525724
v -39.083515 14.699693 10.088634
v -40.039062 15.301649 9.107574
v -37.972454 15.515105 9.506784
v -38.928001 16.117062 8.525724
v -35.113350 16.263433 6.536448
v -34.358063 16.678131 7.759342
v -33.663830 15.353169 7.779877
v -34.419117 14.938472 6.556983
v -34.358063 16.678131 7.759342
v -35.113350 16.263433 6.536448
v -33.663830 15.353169 7.779877
v -34.419117 14.938472 6.556983
v -34.661404 14.825782 7.476841
v -33.572601 15.382922 6.615440
v -34.266834 16.707884 6.594906
v -35.355637 16.150742 7.456306
v -33.572601 15.382922 6.615440
v -34.661404 14.825782 7.476841
v -34.266834 16.707884 6.594906
v -35.355637 16.150742 7.456306
v -36.849033 16.326069 8.563000
v -36.963573 17.412931 9.584522
v -37.610752 16.453651 10.532597
v -37.496208 15.366787 9.511072
v -36.963573 17.412931 9.584522
v -36.849033 16.326069 8.563000
v -37.610752 16.453651 10.532597
v -37.496208 15.366787 9.511072
v -38.213955 15.986200 9.647860
v -36.870098 15.616865 10.191504
v -36.222923 16.576147 9.243431
v -37.566776 16.945480 8.699786
v -36.870098 15.616865 10.191504
v -38.213955 15.986200 9.647860
v -36.222923 16.576147 9.243431
v -37.566776 16.945480 8.699786
v -34.866604 15.363798 6.922015
v -34.255672 15.860712 8.193919
v -34.019520 14.449864 8.631687
v -34.630455 13.952950 7.359783
v -34.255672 15.860712 8.193919
v -34.866604 15.363798 6.922015
v -34.019520 14.449864 8.631687
v -34.630455 13.952950 7.359783
v -35.058559 14.140715 8.195853
v -33.713604 14.162716 7.541236
v -33.949757 15.573565 7.103469
v -35.294708 15.551562 7.758084
v -33.713604 14.162716 7.541236
v -35.058559 14.140715 8.195853
v -33.949757 15.573565 7.103469
v -35.294708 15.551562 7.758084
v -36.685959 17.205650 7.689089
v -36.767872 18.226044 8.779956
v -36.747421 17.134407 9.802604
v -36.665508 16.114014 8.711737
v -36.767872 18.226044 8.779956
v -36.685959 17.205650 7.689089
v -36.747421 17.134407 9.802604
v -36.665508 16.114014 8.711737
v -37.445061 16.486715 9.125172
v -35.951485 16.557625 9.170996
v -35.971935 17.649261 8.148348
v -37.465511 17.578352 8.102522
v -35.951485 16.557625 9.170996
v -37.445061 16.486715 9.125172
v -35.971935 17.649261 8.148348
v -37.465511 17.578352 8.102522
v -34.968426 15.766807 6.464872
v -34.442753 16.693747 7.514801
v -34.470730 15.579474 8.512556
v -34.996407 14.652534 7.462628
v -34.442753 16.693747 7.514801
v -34.968426 15.766807 6.464872
v -34.470730 15.579474 8.512556
v -34.996407 14.652534 7.462628
v -35.486275 15.208432 8.069706
v -34.085995 14.838188 7.695491
v -34.058018 15.952460 6.697736
v -35.458298 16.322704 7.071950
v -34.085995 14.838188 7.695491
v -35.486275 15.208432 8.069706
v -34.058018 15.952460 6.697736
v -35.458298 16.322704 7.071950
v -35.581730 16.557896 7.670040
v -35.407635 17.703110 8.616653
v -35.832573 16.828207 9.753262
v -36.006668 15.682995 8.806648
v -35.407635 17.703110 8.616653
v -35.581730 16.557896 7.670040
v -35.832573 16.828207 9.753262
v -36.006668 15.682995 8.806648
v -36.648895 16.341663 9.073549
v -35.225163 15.940496 9.297035
v -34.800224 16.815399 8.160428
v -36.223961 17.216564 7.936943
v -35.225163 15.940496 9.297035
v -36.648895 16.341663 9.073549
v -34.800224 16.815399 8.160428
v -36.223961 17.216564 7.936943
v -39.009346 15.888366 6.963431
v -38.090492 16.974842 7.374095
v -38.521652 17.780113 6.208329
v -39.440502 16.693636 5.797666
v -38.090492 16.974842 7.374095
v -39.009346 15.888366 6.963431
v -38.521652 17.780113 6.208329
v -39.440502 16.693636 5.797666
v -38.533707 16.826366 5.553975
v -39.612217 17.430084 6.369887
v -39.181057 16.624815 7.535653
v -38.102551 16.021097 6.719741
v -39.612217 17.430084 6.369887
v -38.533707 16.826366 5.553975
v -39.181057 16.624815 7.535653
v -38.102551 16.021097 6.719741
v -35.550682 12.231722 5.695016
v -34.190086 11.751672 5.360786
v -33.973106 12.951729 4.520458
v -35.333698 13.431778 4.854689
v -34.190086 11.751672 5.360786
v -35.550682 12.231722 5.695016
v -33.973106 12.951729 4.520458
v -35.333698 13.431778 4.854689
v -35.061066 12.878240 4.134586
v -34.517857 13.601277 5.307406
v -34.734840 12.401220 6.147734
v -35.278049 11.678183 4.974914
v -34.517857 13.601277 5.307406
v -35.061066 12.878240 4.134586
v -34.734840 12.401220 6.147734
v -35.278049 11.678183 4.974914
v -39.731640 13.792122 8.108325
v -38.908398 14.215239 9.264443
v -38.765053 15.563621 8.668889
v -39.588295 15.140504 7.512770
v -38.908398 14.215239 9.264443
v -39.731640 13.792122 8.108325
v -38.765053 15.563621 8.668889
v -39.588295 15.140504 7.512770
v -38.647629 15.088276 7.620933
v -39.870369 15.531227 8.329502
v -40.013714 14.182844 8.925056
v -38.790974 13.739893 8.216488
v -39.870369 15.531227 8.329502
v -38.647629 15.088276 7.620933
v -40.013714 14.182844 8.925056
v -38.790974 13.739893 8.216488
v -34.934544 12.637661 5.976546
v -33.496300 12.824648 5.676767
v -33.668137 14.292808 5.768126
v -35.106377 14.105821 6.067904
v -33.496300 12.824648 5.676767
v -34.934544 12.637661 5.976546
v -33.668137 14.292808 5.768126
v -35.106377 14.105821 6.067904
v -34.685436 14.207583 5.224260
v -34.376724 14.153646 6.671725
v -34.204887 12.685486 6.580367
v -34.513603 12.739424 5.132903
v -34.376724 14.153646 6.671725
v -34.685436 14.207583 5.224260
v -34.204887 12.685486 6.580367
v -34.513603 12.739424 5.132903
v -39.252136 16.423052 7.724864
v -38.360161 17.052156 8.725851
v -37.586121 17.689215 7.635723
v -38.478096 17.060110 6.634735
v -38.360161 17.052156 8.725851
v -39.252136 16.423052 7.724864
v -37.586121 17.689215 7.635723
v -38.478096 17.060110 6.634735
v -37.674480 16.721889 7.007686
v -38.568127 17.901615 7.062573
v -39.342171 17.264555 8.152700
v -38.448524 16.084831 8.097816
v -38.568127 17.901615 7.062573
v -37.674480 16.721889 7.007686
v -39.342171 17.264555 8.152700
v -38.448524 16.084831 8.097816
v -34.405880 13.609350 6.071635
v -32.983799 13.802567 5.705954
v -33.259720 15.221240 5.382533
v -34.681801 15.028023 5.748215
v -32.983799 13.802567 5.705954
v -34.405880 13.609350 6.071635
v -33.259720 15.221240 5.382533
v -34.681801 15.028023 5.748215
v -34.267017 14.915969 4.902828
v -33.958920 15.294652 6.301057
v -33.682999 13.875978 6.624477
v -33.991096 13.497295 5.226248
v -33.958920 15.294652 6.301057
v -34.267017 14.915969 4.902828
v -33.682999 13.875978 6.624477
v -33.991096 13.497295 5.226248
vn 0.3123 -0.1713 -0.9344
vn 0.2583 -0.1903 -0.9471
vn 0.4311 -0.2531 -0.8661
vn 0.5323 -0.2875 -0.7963
vn 0.9065 0.2177 -0.3616
vn 0.8789 0.2191 -0.4237
vn 0.9362 0.2505 -0.2466
vn 0.9681 0.2215 -0.1172
vn 0.4159 0.8837 0.2148
vn 0.4106 0.8621 0.2968
vn 0.6120 0.7339 0.2949
vn 0.5683 0.7948 0.2127
vn 0.0473 0.3869 -0.9209
vn -0.0354 0.4788 -0.8772
vn 0.0991 0.4271 -0.8987
vn 0.1807 0.3188 -0.9305
vn -0.6621 0.4998 -0.5584
vn -0.7289 0.6480 -0.2209
vn -0.7268 0.5987 -0.3366
vn -0.6882 0.4858 -0.5389
vn -0.1865 -0.1069 -0.9766
vn -0.1890 -0.1414 -0.9717
vn 0.0262 -0.2756 -0.9609
vn 0.1487 -0.3483 -0.9255
vn 0.1843 0.1461 -0.9720
vn 0.0508 0.1969 -0.9791
vn 0.1754 0.1542 -0.9723
vn 0.2899 0.0798 -0.9537
vn 0.1095 0.9058 0.4094
vn -0.0539 0.9568 0.2858
vn -0.2236 0.9231 0.3128
vn -0.0122 0.8734 0.4869
vn 0.7068 0.7056 -0.0501
vn 0.6476 0.7529 -0.1174
vn 0.5871 0.8095 -0.0018
vn 0.6291 0.7722 0.0889
vn -0.4527 0.7850 -0.4229
vn -0.4700 0.8369 -0.2806
vn -0.4437 0.7909 -0.4214
vn -0.4441 0.7082 -0.5488
vn -0.2604 0.8348 0.4851
vn -0.4659 0.8218 0.3280
vn -0.5543 0.7600 0.3392
vn -0.2013 0.7643 0.6126
vn 0.4466 0.8324 0.3281
vn 0.3277 0.8765 0.3527
vn 0.3355 0.8501 0.4059
vn 0.4818 0.7919 0.3751
vn 0.3719 0.7202 0.5856
vn 0.5189 0.6527 0.5520
vn 0.6146 0.5686 0.5467
vn 0.4958 0.6615 0.5627
vn 0.5517 0.8197 0.1538
vn 0.5423 0.7984 0.2618
vn 0.7627 0.6111 0.2115
vn 0.7099 0.6943 0.1186
vn 0.6800 0.7298 -0.0709
vn 0.6128 0.7751 -0.1539
vn 0.5479 0.8356 -0.0384
vn 0.5965 0.8000 0.0640
vn -0.4992 0.4052 -0.7659
vn -0.5778 0.4862 -0.6556
vn -0.7434 0.4994 -0.4449
vn -0.6269 0.4887 -0.6068
vn 0.2882 0.2618 -0.9211
vn 0.4639 0.2575 -0.8477
vn 0.5946 0.2096 -0.7762
vn 0.3893 0.2691 -0.8809
vn -0.5989 0.3070 -0.7396
vn -0.6559 0.3970 -0.6420
vn -0.7975 0.4167 -0.4363
vn -0.7121 0.3830 -0.5885
vn -0.8996 0.2507 -0.3576
vn -0.8657 0.2093 -0.4547
vn -0.9465 0.3215 0.0270
vn -0.9457 0.3146 -0.0820
vn 0.8274 0.4557 0.3282
vn 0.9191 0.3444 0.1915
vn 0.9439 0.3189 0.0858
vn 0.8805 0.4312 0.1968
vn -0.9018 0.0872 -0.4232
vn -0.9494 0.3133 0.0214
vn -0.9427 0.3073 -0.1297
vn -0.9049 0.1677 -0.3912
vn -0.0335 0.9070 0.4198
vn 0.0274 0.8845 0.4657
vn 0.2641 0.7260 0.6349
vn 0.1621 0.8359 0.5244
vn 0.4487 0.0192 -0.8935
vn 0.3708 0.0188 -0.9285
vn 0.5742 -0.0597 -0.8165
vn 0.6921 -0.1690 -0.7018
vn -0.7366 0.5835 0.3420
vn -0.7626 0.5912 0.2626
vn -0.4809 0.5067 0.7155
vn -0.5830 0.5549 0.5935
vn -0.8709 -0.0266 -0.4907
vn -0.8922 -0.0491 -0.4489
vn -0.9948 0.0806 -0.0617
vn -0.9663 0.0690 -0.2480
vn 0.0480 -0.3267 -0.9439
vn 0.3666 -0.3922 -0.8437
vn 0.4813 -0.4679 -0.7412
vn -0.1159 -0.3453 -0.9313
vn 0.7547 0.6118 0.2371
vn 0.7969 0.5900 0.1298
vn 0.7022 0.6677 0.2473
vn 0.6368 0.6712 0.3794
vn -0.1380 0.7770 0.6142
vn -0.3121 0.7805 0.5417
vn -0.2125 0.7846 0.5824
vn -0.0089 0.7282 0.6853
vn 0.1005 0.6557 0.7483
vn -0.0957 0.6850 0.7222
vn 0.0695 0.6801 0.7298
vn 0.2672 0.5760 0.7726
vn -0.6759 0.7362 -0.0328
vn -0.6404 0.7673 0.0342
vn -0.5994 0.7734 0.2064
vn -0.6345 0.7658 0.1044
vn -0.5324 0.8133 -0.2348
vn -0.4855 0.8733 0.0398
vn -0.5234 0.8450 -0.1096
vn -0.5780 0.7622 -0.2915
vn -0.2830 0.1697 -0.9440
vn -0.0556 0.0722 -0.9958
vn 0.0572 0.0296 -0.9979
vn -0.3219 0.2134 -0.9224
vn 0.0431 0.7106 0.7023
vn -0.1373 0.7336 0.6656
vn -0.0031 0.7292 0.6843
vn 0.1894 0.6458 0.7396
vn 0.5646 0.6744 0.4758
vn 0.4828 0.7014 0.5243
vn 0.5830 0.6467 0.4918
vn 0.6527 0.6106 0.4486
vn 0.8912 0.3900 -0.2318
vn 0.8370 0.3601 -0.4120
vn 0.8100 0.4665 -0.3553
vn 0.8469 0.4906 -0.2053
vn 0.7801 0.2267 0.5831
vn 0.9652 0.0753 0.2505
vn 0.9771 0.0096 0.2127
vn 0.8968 0.1659 0.4101
vn -0.5554 0.3908 -0.7340
vn -0.7112 0.6664 -0.2239
vn -0.6888 0.6123 -0.3882
vn -0.6114 0.4596 -0.6442
vn -0.0067 0.1735 -0.9848
vn -0.1423 0.2347 -0.9616
vn -0.0268 0.1812 -0.9831
vn 0.0861 0.0984 -0.9914
vn 0.4742 0.1410 -0.8690
vn 0.7155 0.1528 -0.6817
vn 0.8355 0.1248 -0.5352
vn 0.3628 0.1407 -0.9212
vn 0.9392 0.3149 0.1368
vn 0.9615 0.2673 0.0644
vn 0.9186 0.3302 0.2170
vn 0.8731 0.3526 0.3367
vn 0.4883 -0.2117 -0.8466
vn 0.7398 -0.2004 -0.6423
vn 0.8449 -0.2120 -0.4911
vn 0.3722 -0.2225 -0.9011
vn 0.9079 0.4051 0.1074
vn 0.9529 0.2894 -0.0906
vn 0.9311 0.3404 -0.1311
vn 0.9026 0.4304 0.0123
vn -0.9255 0.3750 -0.0524
vn -0.9241 0.3010 -0.2355
vn -0.8159 0.3215 0.4805
vn -0.8727 0.3855 0.2996
vn -0.9197 0.2442 -0.3074
vn -0.8802 0.1763 -0.4406
vn -0.9503 0.2868 0.1209
vn -0.9539 0.3001 0.0002
vn 0.7731 0.6338 0.0235
vn 0.6909 0.7229 0.0069
vn 0.6136 0.7688 0.1799
vn 0.6650 0.6981 0.2655
vn 0.8627 0.4332 -0.2608
vn 0.8278 0.3849 -0.4082
vn 0.7951 0.4573 -0.3984
vn 0.8225 0.4962 -0.2779
vn 0.0302 0.9900 0.1376
vn -0.1026 0.9930 0.0580
vn -0.1617 0.9764 0.1432
vn 0.0063 0.9702 0.2422
vn -0.0979 0.2501 -0.9633
vn -0.2318 0.3367 -0.9126
vn -0.0844 0.2508 -0.9643
vn 0.0284 0.1208 -0.9923
vn 0.7920 0.5914 -0.1515
vn 0.7079 0.6925 -0.1391
vn 0.6897 0.7229 0.0424
vn 0.7693 0.6324 0.0904
vn -0.5664 0.4543 -0.6876
vn -0.6229 0.5321 -0.5734
vn -0.7087 0.5588 -0.4307
vn -0.6389 0.5238 -0.5634
vn -0.8559 0.0432 -0.5154
vn -0.8620 0.0347 -0.5057
vn -0.9782 0.1490 -0.1446
vn -0.9480 0.1298 -0.2906
vn 0.9233 0.3711 0.0985
vn 0.9591 0.2748 -0.0674
vn 0.9496 0.2863 -0.1273
vn 0.9283 0.3717 -0.0013
vn 0.9601 0.2762 -0.0428
vn 0.9626 0.2420 -0.1220
vn 0.9571 0.2899 -0.0018
vn 0.9462 0.3075 0.1002
vn 0.0650 0.4069 -0.9112
vn 0.2495 0.3872 -0.8876
vn 0.4004 0.3041 -0.8644
vn 0.2118 0.3764 -0.9019
vn 0.7959 0.5927 -0.1235
vn 0.7228 0.6794 -0.1265
vn 0.6951 0.7178 0.0398
vn 0.7593 0.6436 0.0964
vn 0.8938 0.4482 -0.0125
vn 0.8860 0.4518 -0.1045
vn 0.8531 0.5183 0.0602
vn 0.8419 0.5008 0.2009
vn -0.5122 0.5336 -0.6730
vn -0.6444 0.6181 -0.4501
vn -0.5792 0.5475 -0.6039
vn -0.4950 0.4259 -0.7574
vn 0.2497 -0.0661 -0.9661
vn 0.4731 -0.0945 -0.8759
vn 0.5946 -0.1119 -0.7962
vn 0.2584 -0.0311 -0.9655
vn 0.8278 0.5049 0.2445
vn 0.8823 0.4515 0.1326
vn 0.8164 0.5231 0.2446
vn 0.7512 0.5470 0.3693
vn -0.1850 -0.3852 -0.9041
vn -0.0767 -0.4105 -0.9086
vn 0.1711 -0.5319 -0.8293
vn 0.2325 -0.5899 -0.7733
vn -0.4927 0.8448 0.2086
vn -0.3952 0.8616 0.3185
vn -0.3460 0.8479 0.4016
vn -0.4242 0.8560 0.2956
vn 0.8309 0.3685 -0.4170
vn 0.7930 0.4128 -0.4480
vn 0.8416 0.4420 -0.3102
vn 0.8865 0.3961 -0.2392
vn 0.7956 0.4948 -0.3495
vn 0.7452 0.4435 -0.4979
vn 0.6878 0.5300 -0.4960
vn 0.7303 0.5726 -0.3726
vn 0.0340 0.9240 0.3809
vn -0.1297 0.9367 0.3251
vn -0.1405 0.9072 0.3966
vn 0.0775 0.8786 0.4713
vn 0.4148 0.0112 -0.9098
vn 0.2519 0.0430 -0.9668
vn 0.3884 0.0075 -0.9215
vn 0.5184 -0.0569 -0.8532
vn -0.4359 -0.0019 -0.9000
vn -0.4003 -0.0620 -0.9143
vn -0.1742 -0.2485 -0.9528
vn -0.0370 -0.3641 -0.9306
vn -0.7769 0.6213 0.1023
vn -0.7446 0.6548 0.1299
vn -0.6488 0.6446 0.4044
vn -0.7075 0.6433 0.2925
vn -0.2323 0.8880 0.3968
vn -0.3551 0.8710 0.3396
vn -0.2421 0.8675 0.4345
vn -0.1285 0.8611 0.4919
vn -0.8207 0.2094 -0.5315
vn -0.7775 0.1909 -0.5992
vn -0.9377 0.3055 -0.1655
vn -0.9163 0.2822 -0.2843
vn 0.1859 -0.1213 -0.9750
vn 0.4024 -0.1675 -0.9000
vn 0.4500 -0.1571 -0.8791
vn 0.1001 -0.0914 -0.9908
vn -0.6398 0.7683 -0.0192
vn -0.6035 0.7964 0.0400
vn -0.5395 0.7804 0.3162
vn -0.5791 0.7965 0.1738
vn 0.4900 0.6784 0.5474
vn 0.6341 0.5977 0.4906
vn 0.7593 0.4552 0.4649
vn 0.6406 0.5867 0.4955
vn 0.7801 0.5461 0.3052
vn 0.8333 0.5096 0.2144
vn 0.7195 0.5903 0.3658
vn 0.6253 0.5901 0.5107
vn -0.3195 0.1618 -0.9337
vn -0.4959 0.2332 -0.8365
vn -0.4018 0.1731 -0.8992
vn -0.2650 0.0899 -0.9601
vn -0.1055 0.9667 0.2332
vn -0.2699 0.9571 0.1056
vn -0.3689 0.9105 0.1868
vn -0.1344 0.9205 0.3668
vn 0.8220 0.5352 -0.1947
vn 0.8082 0.4720 -0.3521
vn 0.7488 0.5555 -0.3616
vn 0.7597 0.6075 -0.2320
vn -0.2066 0.8749 0.4380
vn -0.3310 0.8642 0.3790
vn -0.2294 0.8602 0.4554
vn -0.1067 0.8463 0.5219
vn 0.0016 -0.1762 -0.9844
vn 0.1955 -0.2317 -0.9529
vn 0.2452 -0.2345 -0.9407
vn -0.0401 -0.1523 -0.9875
vn 0.6773 0.4710 0.5652
vn 0.5093 0.5416 0.6688
vn 0.5950 0.5047 0.6255
vn 0.7883 0.3554 0.5022
vn 0.7997 0.5952 -0.0792
vn 0.8312 0.5023 -0.2385
vn 0.7605 0.5815 -0.2891
vn 0.7366 0.6574 -0.1588
vn -0.7972 0.1848 -0.5748
vn -0.7244 0.1423 -0.6745
vn -0.9446 0.2732 -0.1821
vn -0.9164 0.2556 -0.3080
vn 0.8839 0.4492 -0.1300
vn 0.8685 0.4582 -0.1893
vn 0.8579 0.5077 -0.0794
vn 0.8672 0.4979 0.0023
vn 0.3513 0.9346 0.0554
vn 0.2984 0.9419 0.1545
vn 0.4639 0.8609 0.2090
vn 0.4840 0.8694 0.0990
vn 0.2819 0.9158 0.2862
vn 0.1620 0.9500 0.2671
vn 0.1334 0.9355 0.3271
vn 0.2815 0.8932 0.3507
vn 0.0503 0.2302 -0.9718
vn -0.0368 0.2758 -0.9605
vn 0.0799 0.2259 -0.9709
vn 0.1667 0.1561 -0.9736
vn 0.7815 0.6239 -0.0066
vn 0.7151 0.6982 -0.0326
vn 0.6519 0.7480 0.1249
vn 0.6943 0.6894 0.2065
vn -0.1298 0.5137 -0.8481
vn 0.0919 0.4699 -0.8779
vn 0.2612 0.3447 -0.9016
vn 0.0302 0.4751 -0.8794
vn 0.4629 0.6217 0.6318
vn 0.7692 0.4492 0.4544
vn 0.6836 0.5947 0.4230
vn 0.4852 0.6937 0.5324
vn 0.3698 0.7622 0.5313
vn 0.5005 0.6992 0.5105
vn 0.5934 0.6292 0.5019
vn 0.4836 0.7119 0.5093
vn -0.9565 0.2914 0.0108
vn -0.8122 0.4192 0.4058
vn -0.8443 0.4395 0.3067
vn -0.9318 0.3579 0.0601
vn 0.1405 -0.0652 -0.9879
vn 0.3045 -0.1014 -0.9471
vn 0.3973 -0.1149 -0.9105
vn 0.1881 -0.0459 -0.9811
vn 0.3860 -0.3646 -0.8474
vn 0.6135 -0.3728 -0.6961
vn 0.6994 -0.3888 -0.5997
vn 0.3353 -0.3723 -0.8654
vn 0.8616 0.3358 -0.3807
vn 0.7561 0.2839 -0.5897
vn 0.7194 0.4081 -0.5620
vn 0.7984 0.4476 -0.4028
vn 0.1533 0.9645 0.2150
vn 0.0147 0.9630 0.2690
vn 0.2814 0.8258 0.4888
vn 0.3240 0.8766 0.3557
vn 0.2324 0.9521 0.1989
vn 0.0576 0.9878 0.1445
vn -0.0146 0.9635 0.2673
vn 0.2132 0.9167 0.3379
vn 0.7421 0.6611 0.1106
vn 0.7202 0.6938 0.0071
vn 0.6243 0.7676 0.1449
vn 0.6097 0.7393 0.2858
vn -0.6042 0.6076 -0.5155
vn -0.6421 0.6882 -0.3378
vn -0.6904 0.7021 -0.1742
vn -0.6390 0.6828 -0.3541
vn -0.2396 0.9180 0.3161
vn -0.3991 0.8899 0.2208
vn -0.3730 0.8701 0.3223
vn -0.1702 0.8796 0.4442
vn 0.0998 0.9120 0.3979
vn -0.0771 0.9321 0.3539
vn -0.0897 0.8960 0.4349
vn 0.1497 0.8568 0.4934
vn -0.9396 0.2181 -0.2639
vn -0.9123 0.3861 0.1361
vn -0.9180 0.3929 0.0538
vn -0.9369 0.2900 -0.1952
vn 0.0324 0.9982 0.0504
vn -0.0011 0.9884 0.1517
vn 0.1665 0.9472 0.2741
vn 0.1663 0.9747 0.1494
vn 0.4747 -0.0204 -0.8799
vn 0.6759 -0.0024 -0.7370
vn 0.8087 -0.0117 -0.5881
vn 0.5537 0.0416 -0.8317
vn 0.4196 0.0747 -0.9046
vn 0.5597 0.0772 -0.8251
vn 0.6911 0.0607 -0.7202
vn 0.5737 0.1079 -0.8119
vn -0.6235 0.7527 -0.2115
vn -0.5084 0.8459 0.1610
vn -0.5653 0.8241 0.0354
vn -0.6440 0.7435 -0.1802
vn -0.7342 0.4700 -0.4900
vn -0.7359 0.5322 -0.4187
vn -0.8153 0.5593 -0.1499
vn -0.7882 0.5362 -0.3021
vn 0.5107 0.7447 0.4298
vn 0.3434 0.8125 0.4710
vn 0.3249 0.7770 0.5391
vn 0.5596 0.6751 0.4807
vn 0.9668 0.1435 -0.2112
vn 0.8832 0.0524 -0.4661
vn 0.8691 0.1051 -0.4833
vn 0.9332 0.1766 -0.3131
vn 0.5301 -0.2237 -0.8179
vn 0.7378 -0.2044 -0.6434
vn 0.8412 -0.2008 -0.5021
vn 0.5255 -0.2040 -0.8260
vn -0.7341 0.1745 -0.6562
vn -0.7596 0.2438 -0.6030
vn -0.9248 0.2841 -0.2530
vn -0.8595 0.2548 -0.4432
vn -0.5452 0.4047 -0.7342
vn -0.5178 0.4178 -0.7466
vn -0.8239 0.4503 -0.3441
vn -0.7129 0.4732 -0.5175
vn 0.7987 0.1348 -0.5864
vn 0.7117 0.1291 -0.6906
vn 0.7773 0.1463 -0.6118
vn 0.8486 0.1340 -0.5117
vn 0.8137 0.5017 -0.2935
vn 0.7358 0.6331 -0.2404
vn 0.7681 0.6398 -0.0239
vn 0.8594 0.5112 0.0133
vn -0.8809 0.4399 -0.1748
vn -0.8194 0.5587 0.1281
vn -0.8321 0.5455 0.1002
vn -0.8754 0.4723 -0.1030
vn -0.7515 0.5098 -0.4188
vn -0.7462 0.5763 -0.3332
vn -0.8074 0.5883 -0.0459
vn -0.7901 0.5736 -0.2160
vn 0.1296 0.3436 -0.9301
vn 0.3041 0.3251 -0.8955
vn 0.4424 0.2578 -0.8589
vn 0.2555 0.3266 -0.9100
vn 0.1823 0.8053 0.5642
vn 0.3199 0.7567 0.5702
vn 0.4258 0.6859 0.5901
vn 0.3084 0.7602 0.5717
vn -0.5258 0.4157 -0.7421
vn -0.5791 0.4842 -0.6559
vn -0.7500 0.5078 -0.4238
vn -0.6482 0.4956 -0.5781
vn -0.1186 0.0901 -0.9889
vn -0.1630 0.0760 -0.9837
vn 0.0269 -0.0488 -0.9984
vn 0.1426 -0.1428 -0.9794
vn 0.0436 0.9292 0.3670
vn 0.0865 0.9056 0.4152
vn 0.2700 0.8208 0.5033
vn 0.1967 0.8820 0.4281
vn -0.4421 0.8854 -0.1438
vn -0.3302 0.9291 0.1664
vn -0.3980 0.9173 -0.0084
vn -0.5068 0.8387 -0.1995
vn -0.2366 0.2222 -0.9458
vn -0.0628 0.1529 -0.9862
vn 0.0538 0.1006 -0.9935
vn -0.1701 0.2343 -0.9572
vn 0.4802 -0.1485 -0.8645
vn 0.7171 -0.1432 -0.6821
vn 0.8188 -0.1453 -0.5554
vn 0.3919 -0.1379 -0.9096
vn 0.8105 0.4919 -0.3181
vn 0.7563 0.4449 -0.4797
vn 0.7001 0.5416 -0.4653
vn 0.7436 0.5805 -0.3317
vn -0.6203 0.6906 -0.3719
vn -0.6224 0.7259 -0.2925
vn -0.6367 0.7567 -0.1485
vn -0.6259 0.7384 -0.2509
vn 0.8996 0.2563 -0.3536
vn 0.8718 0.2545 -0.4186
vn 0.9091 0.2884 -0.3006
vn 0.9368 0.2792 -0.2108
vn -0.0151 0.9004 0.4348
vn 0.1296 0.8596 0.4942
vn 0.2349 0.8079 0.5404
vn 0.1158 0.8730 0.4738
vn 0.8217 0.2630 0.5056
vn 0.9121 0.1377 0.3861
vn 0.7735 0.2286 0.5911
vn 0.5990 0.2571 0.7584
vn 0.1622 0.9176 0.3629
vn 0.0174 0.9508 0.3093
vn -0.0467 0.9314 0.3610
vn 0.1457 0.8899 0.4322
vn 0.2032 -0.2112 -0.9561
vn 0.3587 -0.2794 -0.8907
vn 0.5968 -0.4020 -0.6944
vn 0.6929 -0.4631 -0.5527
vn -0.1181 0.9525 0.2808
vn -0.2818 0.9459 0.1605
vn -0.3642 0.9027 0.2293
vn -0.1286 0.9070 0.4010
vn 0.0057 0.2284 -0.9736
vn -0.1297 0.3006 -0.9449
vn -0.0094 0.2490 -0.9685
vn 0.1022 0.1570 -0.9823
vn 0.5210 0.8444 0.1250
vn 0.6221 0.7813 0.0503
vn 0.5703 0.8212 -0.0215
vn 0.4820 0.8752 0.0420
vn 0.3401 -0.1341 -0.9308
vn 0.6074 -0.1915 -0.7710
vn 0.5767 -0.1572 -0.8017
vn 0.0853 -0.1284 -0.9881
vn -0.7994 0.5143 -0.3106
vn -0.7889 0.5594 -0.2544
vn -0.8050 0.5904 -0.0581
vn -0.8106 0.5630 -0.1610
vn -0.2595 0.6913 -0.6744
vn -0.3975 0.6941 -0.6002
vn -0.4946 0.7693 -0.4043
vn -0.3477 0.7823 -0.5168
vn 0.4015 0.1033 -0.9100
vn 0.5400 0.1031 -0.8353
vn 0.6614 0.0838 -0.7454
vn 0.5309 0.1286 -0.8376
vn 0.9865 0.1084 -0.1229
vn 0.9390 0.0320 -0.3424
vn 0.9099 0.0228 -0.4141
vn 0.9607 0.1036 -0.2575
vn -0.9646 0.2524 -0.0765
vn -0.8431 0.3996 0.3598
vn -0.8582 0.4307 0.2792
vn -0.9383 0.3456 0.0146
vn -0.2590 0.9485 -0.1827
vn -0.2885 0.9511 -0.1108
vn -0.2261 0.9741 0.0090
vn -0.2046 0.9756 -0.0795
vn 0.8041 0.5329 0.2636
vn 0.7878 0.5626 0.2507
vn 0.6328 0.6304 0.4496
vn 0.5375 0.5865 0.6059
vn -0.8776 0.3836 -0.2876
vn -0.8325 0.5505 0.0631
vn -0.8208 0.5583 0.1208
vn -0.8674 0.4815 -0.1261
vn 0.9692 0.1498 0.1957
vn 0.9936 0.1050 0.0427
vn 0.9962 0.0150 -0.0853
vn 0.9940 0.0976 0.0498
vn 0.8862 0.3790 0.2665
vn 0.9786 0.2044 -0.0220
vn 0.9470 0.3178 -0.0462
vn 0.8902 0.4335 0.1402
vn 0.4273 0.8163 0.3888
vn 0.4508 0.7864 0.4223
vn 0.6679 0.6220 0.4087
vn 0.5922 0.7156 0.3705
vn 0.8281 0.1802 -0.5309
vn 0.7839 0.2258 -0.5783
vn 0.9044 0.2254 -0.3623
vn 0.9715 0.1217 -0.2032
vn -0.5464 0.6510 -0.5269
vn -0.5734 0.6818 -0.4543
vn -0.6308 0.7273 -0.2706
vn -0.5853 0.7143 -0.3837
vn -0.8970 0.4411 -0.0294
vn -0.6568 0.5862 0.4744
vn -0.7103 0.6010 0.3665
vn -0.8451 0.5269 0.0903
vn 0.5217 0.7534 0.4003
vn 0.6348 0.6797 0.3675
vn 0.6781 0.6692 0.3039
vn 0.5840 0.7406 0.3325
vn 0.7935 0.3829 -0.4730
vn 0.7551 0.4361 -0.4896
vn 0.8131 0.4583 -0.3590
vn 0.8619 0.4047 -0.3055
vn -0.2846 0.2910 -0.9134
vn -0.1285 0.2227 -0.9664
vn -0.0177 0.1649 -0.9862
vn -0.2070 0.2923 -0.9337
vn 0.1039 0.9599 0.2604
vn 0.1157 0.9399 0.3211
vn 0.2821 0.8771 0.3887
vn 0.2397 0.9195 0.3116
vn -0.3484 0.3360 -0.8751
vn -0.2537 0.2869 -0.9237
vn -0.1448 0.2229 -0.9640
vn -0.2197 0.2939 -0.9302
vn -0.2542 0.0063 -0.9671
vn -0.0760 -0.0669 -0.9949
vn 0.0054 -0.0894 -0.9960
vn -0.2509 0.0290 -0.9676
vn 0.8772 0.4789 0.0336
vn 0.8749 0.4818 -0.0479
vn 0.8295 0.5490 0.1026
vn 0.8116 0.5375 0.2291
vn 0.7403 0.3816 -0.5534
vn 0.7134 0.4826 -0.5082
vn 0.8147 0.4706 -0.3389
vn 0.8784 0.3616 -0.3124
vn 0.5191 0.6963 0.4956
vn 0.3880 0.7431 0.5452
vn 0.4451 0.7052 0.5519
vn 0.5991 0.6294 0.4949
vn -0.2673 0.6516 -0.7099
vn -0.4249 0.8087 -0.4067
vn -0.3090 0.7609 -0.5705
vn -0.2352 0.6088 -0.7577
vn 0.2872 0.3194 -0.9030
vn 0.4741 0.3232 -0.8190
vn 0.6165 0.2630 -0.7422
vn 0.3940 0.3189 -0.8620
vn 0.3591 0.5602 0.7465
vn 0.5149 0.5058 0.6921
vn 0.6473 0.3519 0.6761
vn 0.5173 0.4665 0.7175
vn 0.3458 0.5430 0.7653
vn 0.1156 0.5940 0.7961
vn 0.2912 0.5787 0.7618
vn 0.5271 0.4183 0.7397
vn 0.6279 0.5677 -0.5323
vn 0.5674 0.6350 -0.5243
vn 0.6251 0.6516 -0.4298
vn 0.6900 0.5872 -0.4232
vn -0.0095 0.0797 -0.9968
vn -0.5110 0.4194 -0.7503
vn -0.4430 0.3624 -0.8200
vn -0.1836 0.2228 -0.9574
vn -0.1806 0.7339 0.6549
vn -0.3747 0.7339 0.5666
vn -0.2611 0.7514 0.6059
vn -0.0292 0.6778 0.7347
vn 0.3659 -0.0465 -0.9295
vn 0.2928 -0.0556 -0.9546
vn 0.4649 -0.1178 -0.8775
vn 0.5720 -0.1731 -0.8018
vn 0.9182 0.3688 0.1446
vn 0.9564 0.2904 -0.0326
vn 0.9218 0.3659 0.1279
vn 0.8706 0.3845 0.3069
vn -0.7699 0.6072 0.1962
vn -0.7435 0.6349 0.2101
vn -0.6174 0.6198 0.4844
vn -0.6828 0.6212 0.3846
vn -0.8131 0.3288 0.4803
vn -0.7961 0.2940 0.5289
vn -0.5794 0.2856 0.7634
vn -0.6705 0.3337 0.6626
vn -0.4267 -0.3778 -0.8217
vn -0.7363 -0.1979 -0.6470
vn -0.7020 -0.1615 -0.6936
vn -0.5040 -0.2816 -0.8165
vn 0.9325 -0.2222 -0.2847
vn 0.8964 -0.2646 -0.3557
vn 0.9524 -0.2371 -0.1916
vn 0.9751 -0.2114 -0.0677
vn 0.1402 0.9164 0.3748
vn 0.0198 0.9346 0.3551
vn 0.0400 0.9137 0.4044
vn 0.1837 0.8845 0.4288
vn 0.9717 -0.0286 -0.2346
vn 0.8618 -0.0903 -0.4991
vn 0.8141 -0.1041 -0.5714
vn 0.9170 -0.0260 -0.3981
vn 0.5227 -0.3880 -0.7591
vn 0.4713 -0.4031 -0.7845
vn 0.6559 -0.4471 -0.6081
vn 0.7534 -0.4772 -0.4523
vn -0.1474 0.9738 0.1731
vn -0.2896 0.9544 0.0721
vn -0.3339 0.9283 0.1635
vn -0.1455 0.9446 0.2942
vn 0.4586 0.7445 0.4853
vn 0.3185 0.7896 0.5244
vn 0.3650 0.7528 0.5478
vn 0.5353 0.6797 0.5014
vn 0.3186 0.7340 0.5998
vn 0.4171 0.6966 0.5838
vn 0.5369 0.6077 0.5852
vn 0.4405 0.6764 0.5903
vn -0.6356 0.5907 -0.4971
vn -0.6866 0.6850 -0.2436
vn -0.6810 0.6369 -0.3613
vn -0.6527 0.5411 -0.5303
vn 0.7513 0.5628 0.3447
vn 0.8283 0.5097 0.2326
vn 0.7078 0.5943 0.3818
vn 0.5979 0.5961 0.5359
vn 0.1574 -0.0535 -0.9861
vn 0.4041 -0.0934 -0.9099
vn 0.5433 -0.1236 -0.8304
vn 0.1581 -0.0183 -0.9872
vn -0.5794 0.7915 0.1942
vn -0.5151 0.8255 0.2307
vn -0.3555 0.6890 0.6316
vn -0.4460 0.7797 0.4394
vn -0.3544 0.5532 -0.7539
vn -0.1798 0.4750 -0.8614
vn -0.0581 0.3605 -0.9309
vn -0.2582 0.5358 -0.8039
vt 0.303320 0.730331
vt 0.547464 0.730331
vt 0.547464 0.974475
vt 0.303320 0.974475
s 1
usemtl Leaves
f 6714/3794/6337 6717/3795/6338 6716/3796/6339 6715/3797/6340
f 6817/3795/6341 6815/3794/6342 6814/3797/6343 6816/3796/6344
f 6641/3795/6345 6639/3794/6346 6638/3797/6347 6640/3796/6348
f 7018/3794/6349 7021/3795/6350 7020/3796/6351 7019/3797/6352
f 6693/3795/6353 6692/3794/6354 6691/3797/6355 6690/3796/6356
f 6634/3794/6357 6637/3795/6358 6636/3796/6359 6635/3797/6360
f 6746/3794/6361 6749/3795/6362 6748/3796/6363 6747/3797/6364
f 6872/3794/6365 6873/3795/6366 6871/3796/6367 6870/3797/6368
f 6833/3795/6369 6831/3794/6370 6830/3797/6371 6832/3796/6372
f 6741/3795/6373 6740/3794/6374 6739/3797/6375 6738/3796/6376
f 6808/3794/6377 6809/3795/6378 6807/3796/6379 6806/3797/6380
f 6952/3794/6381 6953/3795/6382 6951/3796/6383 6950/3797/6384
f 6705/3795/6385 6703/3794/6386 6702/3797/6387 6704/3796/6388
f 6577/3795/6389 6575/3794/6390 6574/3797/6391 6576/3796/6392
f 6769/3795/6393 6767/3794/6394 6766/3797/6395 6768/3796/6396
f 6378/3794/6397 6381/3795/6398 6380/3796/6399 6379/3797/6400
f 6517/3795/6401 6516/3794/6402 6515/3797/6403 6514/3796/6404
f 6410/3794/6405 6413/3795/6406 6412/3796/6407 6411/3797/6408
f 6522/3794/6409 6525/3795/6410 6524/3796/6411 6523/3797/6412
f 6568/3794/6413 6569/3795/6414 6567/3796/6415 6566/3797/6416
f 6629/3795/6417 6628/3794/6418 6627/3797/6419 6626/3796/6420
f 6593/3795/6421 6591/3794/6422 6590/3797/6423 6592/3796/6424
f 6586/3794/6425 6589/3795/6426 6588/3796/6427 6587/3797/6428
f 6778/3794/6429 6781/3795/6430 6780/3796/6431 6779/3797/6432
f 6762/3794/6433 6765/3795/6434 6764/3796/6435 6763/3797/6436
f 6405/3795/6437 6404/3794/6438 6403/3797/6439 6402/3796/6440
f 6417/3795/6441 6415/3794/6442 6414/3797/6443 6416/3796/6444
f 6520/3794/6445 6521/3795/6446 6519/3796/6447 6518/3797/6448
f 6472/3794/6449 6473/3795/6450 6471/3796/6451 6470/3797/6452
f 6938/3794/6453 6941/3795/6454 6940/3796/6455 6939/3797/6456
f 6645/3795/6457 6644/3794/6458 6643/3797/6459 6642/3796/6460
f 6821/3795/6461 6820/3794/6462 6819/3797/6463 6818/3796/6464
f 6536/3794/6465 6537/3795/6466 6535/3796/6467 6534/3797/6468
f 6888/3794/6469 6889/3795/6470 6887/3796/6471 6886/3797/6472
f 7032/3794/6473 7033/3795/6474 7031/3796/6475 7030/3797/6476
f 6664/3794/6477 6665/3795/6478 6663/3796/6479 6662/3797/6480
f 6597/3795/6481 6596/3794/6482 6595/3797/6483 6594/3796/6484
f 6666/3794/6485 6669/3795/6486 6668/3796/6487 6667/3797/6488
f 6805/3795/6489 6804/3794/6490 6803/3797/6491 6802/3796/6492
f 6897/3795/6493 6895/3794/6494 6894/3797/6495 6896/3796/6496
f 6389/3795/6497 6388/3794/6498 6387/3797/6499 6386/3796/6500
f 6696/3794/6501 6697/3795/6502 6695/3796/6503 6694/3797/6504
f 6362/3794/6505 6365/3795/6506 6364/3796/6507 6363/3797/6508
f 6458/3794/6509 6461/3795/6510 6460/3796/6511 6459/3797/6512
f 6481/3795/6513 6479/3794/6514 6478/3797/6515 6480/3796/6516
f 7064/3794/6517 7065/3795/6518 7063/3796/6519 7062/3797/6520
f 6552/3794/6521 6553/3795/6522 6551/3796/6523 6550/3797/6524
f 6602/3794/6525 6605/3795/6526 6604/3796/6527 6603/3797/6528
f 6465/3795/6529 6463/3794/6530 6462/3797/6531 6464/3796/6532
f 6538/3794/6533 6541/3795/6534 6540/3796/6535 6539/3797/6536
f 6826/3794/6537 6829/3795/6538 6828/3796/6539 6827/3797/6540
f 6728/3794/6541 6729/3795/6542 6727/3796/6543 6726/3797/6544
f 6961/3795/6545 6959/3794/6546 6958/3797/6547 6960/3796/6548
f 6469/3795/6549 6468/3794/6550 6467/3797/6551 6466/3796/6552
f 6529/3795/6553 6527/3794/6554 6526/3797/6555 6528/3796/6556
f 6433/3795/6557 6431/3794/6558 6430/3797/6559 6432/3796/6560
f 6565/3795/6561 6564/3794/6562 6563/3797/6563 6562/3796/6564
f 6501/3795/6565 6500/3794/6566 6499/3797/6567 6498/3796/6568
f 6545/3795/6569 6543/3794/6570 6542/3797/6571 6544/3796/6572
f 6730/3794/6573 6733/3795/6574 6732/3796/6575 6731/3797/6576
f 6977/3795/6577 6975/3794/6578 6974/3797/6579 6976/3796/6580
f 6849/3795/6581 6847/3794/6582 6846/3797/6583 6848/3796/6584
f 6680/3794/6585 6681/3795/6586 6679/3796/6587 6678/3797/6588
f 6504/3794/6589 6505/3795/6590 6503/3796/6591 6502/3797/6592
f 6618/3794/6593 6621/3795/6594 6620/3796/6595 6619/3797/6596
f 6570/3794/6597 6573/3795/6598 6572/3796/6599 6571/3797/6600
f 6842/3794/6601 6845/3795/6602 6844/3796/6603 6843/3797/6604
f 6776/3794/6605 6777/3795/6606 6775/3796/6607 6774/3797/6608
f 6506/3794/6609 6509/3795/6610 6508/3796/6611 6507/3797/6612
f 6901/3795/6613 6900/3794/6614 6899/3797/6615 6898/3796/6616
f 6810/3794/6617 6813/3795/6618 6812/3796/6619 6811/3797/6620
f 6609/3795/6621 6607/3794/6622 6606/3797/6623 6608/3796/6624
f 6449/3795/6625 6447/3794/6626 6446/3797/6627 6448/3796/6628
f 7045/3795/6629 7044/3794/6630 7043/3797/6631 7042/3796/6632
f 6392/3794/6633 6393/3795/6634 6391/3796/6635 6390/3797/6636
f 6760/3794/6637 6761/3795/6638 6759/3796/6639 6758/3797/6640
f 6840/3794/6641 6841/3795/6642 6839/3796/6643 6838/3797/6644
f 6965/3795/6645 6964/3794/6646 6963/3797/6647 6962/3796/6648
f 6792/3794/6649 6793/3795/6650 6791/3796/6651 6790/3797/6652
f 6632/3794/6653 6633/3795/6654 6631/3796/6655 6630/3797/6656
f 6474/3794/6657 6477/3795/6658 6476/3796/6659 6475/3797/6660
f 6929/3795/6661 6927/3794/6662 6926/3797/6663 6928/3796/6664
f 6737/3795/6665 6735/3794/6666 6734/3797/6667 6736/3796/6668
f 6968/3794/6669 6969/3795/6670 6967/3796/6671 6966/3797/6672
f 7050/3794/6673 7053/3795/6674 7052/3796/6675 7051/3797/6676
f 6513/3795/6677 6511/3794/6678 6510/3797/6679 6512/3796/6680
f 6373/3795/6681 6372/3794/6682 6371/3797/6683 6370/3796/6684
f 7016/3794/6685 7017/3795/6686 7015/3796/6687 7014/3797/6688
f 6673/3795/6689 6671/3794/6690 6670/3797/6691 6672/3796/6692
f 6677/3795/6693 6676/3794/6694 6675/3797/6695 6674/3796/6696
f 6933/3795/6697 6932/3794/6698 6931/3797/6699 6930/3796/6700
f 6549/3795/6701 6548/3794/6702 6547/3797/6703 6546/3796/6704
f 6616/3794/6705 6617/3795/6706 6615/3796/6707 6614/3797/6708
f 6657/3795/6709 6655/3794/6710 6654/3797/6711 6656/3796/6712
f 6408/3794/6713 6409/3795/6714 6407/3796/6715 6406/3797/6716
f 6353/3795/6717 6351/3794/6718 6350/3797/6719 6352/3796/6720
f 6394/3794/6721 6397/3795/6722 6396/3796/6723 6395/3797/6724
f 6360/3794/6725 6361/3795/6726 6359/3796/6727 6358/3797/6728
f 6440/3794/6729 6441/3795/6730 6439/3796/6731 6438/3797/6732
f 6757/3795/6733 6756/3794/6734 6755/3797/6735 6754/3796/6736
f 6561/3795/6737 6559/3794/6738 6558/3797/6739 6560/3796/6740
f 6357/3795/6741 6356/3794/6742 6355/3797/6743 6354/3796/6744
f 6773/3795/6745 6772/3794/6746 6771/3797/6747 6770/3796/6748
f 6997/3795/6749 6996/3794/6750 6995/3797/6751 6994/3796/6752
f 6490/3794/6753 6493/3795/6754 6492/3796/6755 6491/3797/6756
f 6824/3794/6757 6825/3795/6758 6823/3796/6759 6822/3797/6760
f 7000/3794/6761 7001/3795/6762 6999/3796/6763 6998/3797/6764
f 6421/3795/6765 6420/3794/6766 6419/3797/6767 6418/3796/6768
f 6346/3794/6769 6349/3795/6770 6348/3796/6771 6347/3797/6772
f 6794/3794/6773 6797/3795/6774 6796/3796/6775 6795/3797/6776
f 6970/3794/6777 6973/3795/6778 6972/3796/6779 6971/3797/6780
f 6369/3795/6781 6367/3794/6782 6366/3797/6783 6368/3796/6784
f 7061/3795/6785 7060/3794/6786 7059/3797/6787 7058/3796/6788
f 6426/3794/6789 6429/3795/6790 6428/3796/6791 6427/3797/6792
f 6533/3795/6793 6532/3794/6794 6531/3797/6795 6530/3796/6796
f 6753/3795/6797 6751/3794/6798 6750/3797/6799 6752/3796/6800
f 6442/3794/6801 6445/3795/6802 6444/3796/6803 6443/3797/6804
f 6986/3794/6805 6989/3795/6806 6988/3796/6807 6987/3797/6808
f 6689/3795/6809 6687/3794/6810 6686/3797/6811 6688/3796/6812
f 6581/3795/6813 6580/3794/6814 6579/3797/6815 6578/3796/6816
f 6853/3795/6817 6852/3794/6818 6851/3797/6819 6850/3796/6820
f 6453/3795/6821 6452/3794/6822 6451/3797/6823 6450/3796/6824
f 6712/3794/6825 6713/3795/6826 6711/3796/6827 6710/3797/6828
f 6954/3794/6829 6957/3795/6830 6956/3796/6831 6955/3797/6832
f 6945/3795/6833 6943/3794/6834 6942/3797/6835 6944/3796/6836
f 6625/3795/6837 6623/3794/6838 6622/3797/6839 6624/3796/6840
f 6865/3795/6841 6863/3794/6842 6862/3797/6843 6864/3796/6844
f 6904/3794/6845 6905/3795/6846 6903/3796/6847 6902/3797/6848
f 6650/3794/6849 6653/3795/6850 6652/3796/6851 6651/3797/6852
f 6456/3794/6853 6457/3795/6854 6455/3796/6855 6454/3797/6856
f 6698/3794/6857 6701/3795/6858 6700/3796/6859 6699/3797/6860
f 6984/3794/6861 6985/3795/6862 6983/3796/6863 6982/3797/6864
f 6869/3795/6865 6868/3794/6866 6867/3797/6867 6866/3796/6868
f 6922/3794/6869 6925/3795/6870 6924/3796/6871 6923/3797/6872
f 6858/3794/6873 6861/3795/6874 6860/3796/6875 6859/3797/6876
f 6837/3795/6877 6836/3794/6878 6835/3797/6879 6834/3796/6880
f 6648/3794/6881 6649/3795/6882 6647/3796/6883 6646/3797/6884
f 6709/3795/6885 6708/3794/6886 6707/3797/6887 6706/3796/6888
f 7041/3795/6889 7039/3794/6890 7038/3797/6891 7040/3796/6892
f 6801/3795/6893 6799/3794/6894 6798/3797/6895 6800/3796/6896
f 7029/3795/6897 7028/3794/6898 7027/3797/6899 7026/3796/6900
f 6744/3794/6901 6745/3795/6902 6743/3796/6903 6742/3797/6904
f 6600/3794/6905 6601/3795/6906 6599/3796/6907 6598/3797/6908
f 6993/3795/6909 6991/3794/6910 6990/3797/6911 6992/3796/6912
f 7002/3794/6913 7005/3795/6914 7004/3796/6915 7003/3797/6916
f 6890/3794/6917 6893/3795/6918 6892/3796/6919 6891/3797/6920
f 6613/3795/6921 6612/3794/6922 6611/3797/6923 6610/3796/6924
f 7048/3794/6925 7049/3795/6926 7047/3796/6927 7046/3797/6928
f 6913/3795/6929 6911/3794/6930 6910/3797/6931 6912/3796/6932
f 6917/3795/6933 6916/3794/6934 6915/3797/6935 6914/3796/6936
f 6721/3795/6937 6719/3794/6938 6718/3797/6939 6720/3796/6940
f 6885/3795/6941 6884/3794/6942 6883/3797/6943 6882/3796/6944
f 6949/3795/6945 6948/3794/6946 6947/3797/6947 6946/3796/6948
f 6497/3795/6949 6495/3794/6950 6494/3797/6951 6496/3796/6952
f 6785/3795/6953 6783/3794/6954 6782/3797/6955 6784/3796/6956
f 6920/3794/6957 6921/3795/6958 6919/3796/6959 6918/3797/6960
f 6661/3795/6961 6660/3794/6962 6659/3797/6963 6658/3796/6964
f 6485/3795/6965 6484/3794/6966 6483/3797/6967 6482/3796/6968
f 7025/3795/6969 7023/3794/6970 7022/3797/6971 7024/3796/6972
f 6376/3794/6973 6377/3795/6974 6375/3796/6975 6374/3797/6976
f 6881/3795/6977 6879/3794/6978 6878/3797/6979 6880/3796/6980
f 7013/3795/6981 7012/3794/6982 7011/3797/6983 7010/3796/6984
f 6488/3794/6985 6489/3795/6986 6487/3796/6987 6486/3797/6988
f 6682/3794/6989 6685/3795/6990 6684/3796/6991 6683/3797/6992
f 6401/3795/6993 6399/3794/6994 6398/3797/6995 6400/3796/6996
f 6906/3794/6997 6909/3795/6998 6908/3796/6999 6907/3797/7000
f 6874/3794/7001 6877/3795/7002 6876/3796/7003 6875/3797/7004
f 6981/3795/7005 6980/3794/7006 6979/3797/7007 6978/3796/7008
f 7034/3794/7009 7037/3795/7010 7036/3796/7011 7035/3797/7012
f 6936/3794/7013 6937/3795/7014 6935/3796/7015 6934/3797/7016
f 6584/3794/7017 6585/3795/7018 6583/3796/7019 6582/3797/7020
f 6554/3794/7021 6557/3795/7022 6556/3796/7023 6555/3797/7024
f 6424/3794/7025 6425/3795/7026 6423/3796/7027 6422/3797/7028
f 6856/3794/7029 6857/3795/7030 6855/3796/7031 6854/3797/7032
f 7057/3795/7033 7055/3794/7034 7054/3797/7035 7056/3796/7036
f 6725/3795/7037 6724/3794/7038 6723/3797/7039 6722/3796/7040
f 6385/3795/7041 6383/3794/7042 6382/3797/7043 6384/3796/7044
f 6437/3795/7045 6436/3794/7046 6435/3797/7047 6434/3796/7048
f 7009/3795/7049 7007/3794/7050 7006/3797/7051 7008/3796/7052
f 6789/3795/7053 6788/3794/7054 6787/3797/7055 6786/3796/7056
o Tree_1.111
v -30.678036 13.866812 11.953338
v -29.871735 14.811968 13.136199
v -29.214460 13.386202 13.827412
v -30.020760 12.441045 12.644551
v -29.871735 14.811968 13.136199
v -30.678036 13.866812 11.953338
v -29.214460 13.386202 13.827412
v -30.020760 12.441045 12.644551
v -30.380234 12.754942 13.633851
v -29.016245 12.883274 12.601542
v -29.673521 14.309039 11.910328
v -31.037510 14.180709 12.942636
v -29.016245 12.883274 12.601542
v -30.380234 12.754942 13.633851
v -29.673521 14.309039 11.910328
v -31.037510 14.180709 12.942636
v -30.228697 12.832143 11.160112
v -28.708199 12.379349 11.812540
v -29.072966 10.729347 11.517514
v -30.593464 11.182141 10.865087
v -28.708199 12.379349 11.812540
v -30.228697 12.832143 11.160112
v -29.072966 10.729347 11.517514
v -30.593464 11.182141 10.865087
v -30.337978 10.939638 11.905464
v -29.632549 11.062409 10.346651
v -29.267784 12.712411 10.641677
v -29.973213 12.589640 12.200489
v -29.632549 11.062409 10.346651
v -30.337978 10.939638 11.905464
v -29.267784 12.712411 10.641677
v -29.973213 12.589640 12.200489
v -29.985937 13.151777 11.875558
v -29.191656 14.377126 12.775688
v -28.972788 13.280000 14.076077
v -29.767069 12.054650 13.175945
v -29.191656 14.377126 12.775688
v -29.985937 13.151777 11.875558
v -28.972788 13.280000 14.076077
v -29.767069 12.054650 13.175945
v -30.201654 12.788426 13.868171
v -28.697058 12.301155 13.203826
v -28.915926 13.398281 11.903438
v -30.420523 13.885552 12.567782
v -28.697058 12.301155 13.203826
v -30.201654 12.788426 13.868171
v -28.915926 13.398281 11.903438
v -30.420523 13.885552 12.567782
v -30.094131 12.464220 10.487605
v -28.859934 13.624624 10.757458
v -28.255707 12.680078 12.055663
v -29.489904 11.519673 11.785811
v -28.859934 13.624624 10.757458
v -30.094131 12.464220 10.487605
v -28.255707 12.680078 12.055663
v -29.489904 11.519673 11.785811
v -29.509615 12.403326 12.437911
v -28.482838 11.564344 11.349591
v -29.087063 12.508891 10.051386
v -30.113840 13.347874 11.139706
v -28.482838 11.564344 11.349591
v -29.509615 12.403326 12.437911
v -29.087063 12.508891 10.051386
v -30.113840 13.347874 11.139706
v -29.766207 13.705050 11.594964
v -29.049927 14.970104 12.505557
v -28.547966 13.834140 13.688864
v -29.264246 12.569085 12.778272
v -29.049927 14.970104 12.505557
v -29.766207 13.705050 11.594964
v -28.547966 13.834140 13.688864
v -29.264246 12.569085 12.778272
v -29.715565 13.188929 13.564765
v -28.239904 12.961286 12.720253
v -28.741865 14.097250 11.536945
v -30.217525 14.324892 12.381457
v -28.239904 12.961286 12.720253
v -29.715565 13.188929 13.564765
v -28.741865 14.097250 11.536945
v -30.217525 14.324892 12.381457
v -29.494610 12.986913 10.577046
v -28.173027 13.803691 11.304296
v -27.747837 12.368965 12.142970
v -29.069420 11.552188 11.415719
v -28.173027 13.803691 11.304296
v -29.494610 12.986913 10.577046
v -27.747837 12.368965 12.142970
v -29.069420 11.552188 11.415719
v -29.044580 12.111835 12.360518
v -28.036993 11.645963 11.052721
v -28.462183 13.080688 10.214047
v -29.469770 13.546560 11.521844
v -28.036993 11.645963 11.052721
v -29.044580 12.111835 12.360518
v -28.462183 13.080688 10.214047
v -29.469770 13.546560 11.521844
v -28.932001 13.190907 11.815653
v -28.087196 14.320661 12.791645
v -27.891964 13.125278 14.006364
v -28.736771 11.995524 13.030373
v -28.087196 14.320661 12.791645
v -28.932001 13.190907 11.815653
v -27.891964 13.125278 14.006364
v -28.736771 11.995524 13.030373
v -29.138914 12.691002 13.779411
v -27.658783 12.203851 13.062127
v -27.854013 13.399235 11.847408
v -29.334145 13.886385 12.564692
v -27.658783 12.203851 13.062127
v -29.138914 12.691002 13.779411
v -27.854013 13.399235 11.847408
v -29.334145 13.886385 12.564692
v -28.785496 13.357157 11.121168
v -27.394203 13.187226 12.110123
v -27.397541 11.495829 11.824183
v -28.788830 11.665761 10.835228
v -27.394203 13.187226 12.110123
v -28.785496 13.357157 11.121168
v -27.397541 11.495829 11.824183
v -28.788830 11.665761 10.835228
v -28.734037 11.482793 11.916886
v -27.730593 11.712784 10.544733
v -27.727257 13.404181 10.830673
v -28.730701 13.174191 12.202826
v -27.730593 11.712784 10.544733
v -28.734037 11.482793 11.916886
v -27.727257 13.404181 10.830673
v -28.730701 13.174191 12.202826
v -28.424078 13.727592 12.001633
v -27.349369 13.880741 13.329842
v -27.103254 12.183092 13.326449
v -28.177965 12.029943 11.998240
v -27.349369 13.880741 13.329842
v -28.424078 13.727592 12.001633
v -27.103254 12.183092 13.326449
v -28.177965 12.029943 11.998240
v -28.405163 11.994858 13.072305
v -27.091000 12.187546 11.986742
v -27.337112 13.885196 11.990136
v -28.651276 13.692509 13.075699
v -27.091000 12.187546 11.986742
v -28.405163 11.994858 13.072305
v -27.337112 13.885196 11.990136
v -28.651276 13.692509 13.075699
v -28.629843 13.152420 10.513372
v -27.404869 14.025622 11.337725
v -26.984154 12.610608 12.211413
v -28.209127 11.737407 11.387060
v -27.404869 14.025622 11.337725
v -28.629843 13.152420 10.513372
v -26.984154 12.610608 12.211413
v -28.209127 11.737407 11.387060
v -28.281507 12.297549 12.329114
v -27.156769 11.875824 11.104488
v -27.577484 13.290838 10.230801
v -28.702223 13.712564 11.455426
v -27.156769 11.875824 11.104488
v -28.281507 12.297549 12.329114
v -27.577484 13.290838 10.230801
v -28.702223 13.712564 11.455426
v -28.176170 13.862530 11.585754
v -27.038839 14.131032 12.841535
v -26.738255 12.444487 12.929906
v -27.875586 12.175984 11.674126
v -27.038839 14.131032 12.841535
v -28.176170 13.862530 11.585754
v -26.738255 12.444487 12.929906
v -27.875586 12.175984 11.674126
v -28.044897 12.202658 12.759063
v -26.796408 12.364113 11.593814
v -27.096992 14.050658 11.505442
v -28.345482 13.889204 12.670691
v -26.796408 12.364113 11.593814
v -28.044897 12.202658 12.759063
v -27.096992 14.050658 11.505442
v -28.345482 13.889204 12.670691
v -28.270985 13.533723 10.946757
v -26.915041 13.528321 11.997464
v -26.805796 11.822966 11.847715
v -28.161739 11.828367 10.797009
v -26.915041 13.528321 11.997464
v -28.270985 13.533723 10.946757
v -26.805796 11.822966 11.847715
v -28.161739 11.828367 10.797009
v -28.141874 11.733564 11.891121
v -27.096849 11.918848 10.543460
v -27.206095 13.624205 10.693210
v -28.251120 13.438921 12.040871
v -27.096849 11.918848 10.543460
v -28.141874 11.733564 11.891121
v -27.206095 13.624205 10.693210
v -28.251120 13.438921 12.040871
v -27.985664 13.268394 10.585094
v -27.081432 14.614029 11.145659
v -26.587404 13.710531 12.517599
v -27.491636 12.364897 11.957036
v -27.081432 14.614029 11.145659
v -27.985664 13.268394 10.585094
v -26.587404 13.710531 12.517599
v -27.491636 12.364897 11.957036
v -27.815674 13.184024 12.613159
v -26.444214 12.622278 11.749364
v -26.938244 13.525776 10.377422
v -28.309702 14.087523 11.241218
v -26.444214 12.622278 11.749364
v -27.815674 13.184024 12.613159
v -26.938244 13.525776 10.377422
v -28.309702 14.087523 11.241218
v -29.825556 13.081800 13.103910
v -28.563339 12.508273 12.247423
v -29.073294 13.337584 10.940564
v -30.335512 13.911112 11.797051
v -28.563339 12.508273 12.247423
v -29.825556 13.081800 13.103910
v -29.073294 13.337584 10.940564
v -30.335512 13.911112 11.797051
v -30.278522 13.041584 11.223023
v -29.382729 14.321819 11.685888
v -28.872772 13.492507 12.992747
v -29.768566 12.212272 12.529882
v -29.382729 14.321819 11.685888
v -30.278522 13.041584 11.223023
v -28.872772 13.492507 12.992747
v -29.768566 12.212272 12.529882
v -30.064514 11.118415 11.005705
v -30.105299 10.059212 9.767918
v -30.726088 11.214072 8.800130
v -30.685305 12.273276 10.037918
v -30.105299 10.059212 9.767918
v -30.064514 11.118415 11.005705
v -30.726088 11.214072 8.800130
v -30.685305 12.273276 10.037918
v -31.454720 11.625944 9.759000
v -29.948515 12.073246 9.326606
v -29.327726 10.918385 10.294394
v -30.833931 10.471083 10.726787
v -29.948515 12.073246 9.326606
v -31.454720 11.625944 9.759000
v -29.327726 10.918385 10.294394
v -30.833931 10.471083 10.726787
v -29.595421 11.828844 13.300171
v -28.502014 11.290699 12.218246
v -28.590403 12.710276 11.422830
v -29.683807 13.248420 12.504755
v -28.502014 11.290699 12.218246
v -29.595421 11.828844 13.300171
v -28.590403 12.710276 11.422830
v -29.683807 13.248420 12.504755
v -29.849012 12.736979 11.610345
v -28.643881 13.329347 12.533625
v -28.555490 11.909770 13.329041
v -29.760626 11.317402 12.405760
v -28.643881 13.329347 12.533625
v -29.849012 12.736979 11.610345
v -28.555490 11.909770 13.329041
v -29.760626 11.317402 12.405760
v -29.724367 10.860140 10.696879
v -29.620287 10.800199 9.071682
v -29.362144 12.408683 9.028889
v -29.466225 12.468626 10.654087
v -29.620287 10.800199 9.071682
v -29.724367 10.860140 10.696879
v -29.362144 12.408683 9.028889
v -29.466225 12.468626 10.654087
v -30.227434 12.572002 9.947895
v -28.621750 12.317296 10.060120
v -28.879892 10.708810 10.102913
v -30.485577 10.963516 9.990688
v -28.621750 12.317296 10.060120
v -30.227434 12.572002 9.947895
v -28.879892 10.708810 10.102913
v -30.485577 10.963516 9.990688
v -28.988569 12.735978 12.415016
v -28.176884 12.956302 11.019194
v -28.738476 14.483719 10.933719
v -29.550159 14.263395 12.329542
v -28.176884 12.956302 11.019194
v -28.988569 12.735978 12.415016
v -28.738476 14.483719 10.933719
v -29.550159 14.263395 12.329542
v -29.873846 14.089729 11.352863
v -28.577127 14.613320 12.189564
v -28.015535 13.085902 12.275038
v -29.312254 12.562312 11.438337
v -28.577127 14.613320 12.189564
v -29.873846 14.089729 11.352863
v -28.015535 13.085902 12.275038
v -29.312254 12.562312 11.438337
v -28.772682 11.504358 10.948731
v -28.469933 10.547047 9.665146
v -29.027407 11.708633 8.667334
v -29.330156 12.665946 9.950919
v -28.469933 10.547047 9.665146
v -28.772682 11.504358 10.948731
v -29.027407 11.708633 8.667334
v -29.330156 12.665946 9.950919
v -29.959600 11.970788 9.493328
v -28.458515 12.595256 9.381642
v -27.901039 11.433668 10.379455
v -29.402126 10.809199 10.491140
v -28.458515 12.595256 9.381642
v -29.959600 11.970788 9.493328
v -27.901039 11.433668 10.379455
v -29.402126 10.809199 10.491140
v -28.449514 12.190183 13.701359
v -27.359795 11.102586 13.262068
v -27.310261 11.744332 11.796108
v -28.399981 12.831928 12.235398
v -27.359795 11.102586 13.262068
v -28.449514 12.190183 13.701359
v -27.310261 11.744332 11.796108
v -28.399981 12.831928 12.235398
v -28.550051 11.904796 11.824461
v -27.378134 12.888985 12.294903
v -27.427670 12.247238 13.760862
v -28.599585 11.263050 13.290421
v -27.378134 12.888985 12.294903
v -28.550051 11.904796 11.824461
v -27.427670 12.247238 13.760862
v -28.599585 11.263050 13.290421
v -28.393650 11.799973 10.262094
v -28.124647 12.009416 8.697773
v -28.145763 13.596631 8.906651
v -28.414766 13.387187 10.470972
v -28.124647 12.009416 8.697773
v -28.393650 11.799973 10.262094
v -28.145763 13.596631 8.906651
v -28.414766 13.387187 10.470972
v -29.096235 13.478196 9.710522
v -27.518095 13.463735 9.979965
v -27.496979 11.876519 9.771088
v -29.075117 11.890982 9.501644
v -27.518095 13.463735 9.979965
v -29.096235 13.478196 9.710522
v -27.496979 11.876519 9.771088
v -29.075117 11.890982 9.501644
v -27.596952 12.300581 12.561655
v -26.648264 11.815981 11.366464
v -26.935282 13.183162 10.584309
v -27.883972 13.667761 11.779499
v -26.648264 11.815981 11.366464
v -27.596952 12.300581 12.561655
v -26.935282 13.183162 10.584309
v -27.883972 13.667761 11.779499
v -28.133173 13.135059 10.939801
v -26.875818 13.812783 11.663045
v -26.588800 12.445603 12.445200
v -27.846155 11.767879 11.721957
v -26.875818 13.812783 11.663045
v -28.133173 13.135059 10.939801
v -26.588800 12.445603 12.445200
v -27.846155 11.767879 11.721957
v -28.194109 11.452612 10.332158
v -27.853943 11.654499 8.780753
v -27.747641 13.235500 9.009802
v -28.087807 13.033612 10.561207
v -27.853943 11.654499 8.780753
v -28.194109 11.452612 10.332158
v -27.747641 13.235500 9.009802
v -28.087807 13.033612 10.561207
v -28.732176 13.190204 9.779391
v -27.171307 13.038532 10.101897
v -27.277607 11.457531 9.872849
v -28.838478 11.609202 9.550344
v -27.171307 13.038532 10.101897
v -28.732176 13.190204 9.779391
v -27.277607 11.457531 9.872849
v -28.838478 11.609202 9.550344
v -27.405975 12.691841 12.149205
v -26.492186 12.084529 10.983232
v -26.932978 13.280766 10.014704
v -27.846766 13.888079 11.180676
v -26.492186 12.084529 10.983232
v -27.405975 12.691841 12.149205
v -26.932978 13.280766 10.014704
v -27.846766 13.888079 11.180676
v -28.100529 13.208256 10.456514
v -26.861973 14.082050 10.972060
v -26.421181 12.885814 11.940590
v -27.659739 12.012019 11.425043
v -26.861973 14.082050 10.972060
v -28.100529 13.208256 10.456514
v -26.421181 12.885814 11.940590
v -27.659739 12.012019 11.425043
v -27.706282 12.315434 11.121576
v -26.943485 11.211693 10.247948
v -27.619339 11.796152 8.919430
v -28.382133 12.899894 9.793059
v -26.943485 11.211693 10.247948
v -27.706282 12.315434 11.121576
v -27.619339 11.796152 8.919430
v -28.382133 12.899894 9.793059
v -28.694408 11.957526 9.537341
v -27.459623 12.959270 9.349874
v -26.783770 12.374809 10.678391
v -28.018555 11.373066 10.865859
v -27.459623 12.959270 9.349874
v -28.694408 11.957526 9.537341
v -26.783770 12.374809 10.678391
v -28.018555 11.373066 10.865859
v -27.299023 12.107962 11.161174
v -26.701710 12.267176 9.684286
v -26.871992 13.855839 9.786683
v -27.469307 13.696623 11.263570
v -26.701710 12.267176 9.684286
v -27.299023 12.107962 11.161174
v -26.871992 13.855839 9.786683
v -27.469307 13.696623 11.263570
v -27.968206 13.700871 10.368000
v -26.492554 13.819748 10.977631
v -26.322271 12.231086 10.875234
v -27.797924 12.112209 10.265603
v -26.492554 13.819748 10.977631
v -27.968206 13.700871 10.368000
v -26.322271 12.231086 10.875234
v -27.797924 12.112209 10.265603
v -30.276012 14.722733 12.764106
v -29.437721 15.359472 13.834040
v -28.633083 14.098112 13.954268
v -29.471375 13.461373 12.884333
v -29.437721 15.359472 13.834040
v -30.276012 14.722733 12.764106
v -28.633083 14.098112 13.954268
v -29.471375 13.461373 12.884333
v -29.611126 13.462859 13.835211
v -28.660992 13.969278 12.789403
v -29.465630 15.230639 12.669174
v -30.415762 14.724220 13.714982
v -28.660992 13.969278 12.789403
v -29.611126 13.462859 13.835211
v -29.465630 15.230639 12.669174
v -30.415762 14.724220 13.714982
v -29.922476 11.923090 9.992393
v -28.513641 11.405369 9.983769
v -29.031109 9.996726 10.013451
v -30.439945 10.514448 10.022076
v -28.513641 11.405369 9.983769
v -29.922476 11.923090 9.992393
v -29.031109 9.996726 10.013451
v -30.439945 10.514448 10.022076
v -29.867245 10.319802 10.768954
v -29.885578 10.294916 9.268297
v -29.368109 11.703558 9.238615
v -29.349775 11.728444 10.739272
v -29.885578 10.294916 9.268297
v -29.867245 10.319802 10.768954
v -29.368109 11.703558 9.238615
v -29.349775 11.728444 10.739272
v -29.438236 13.289022 13.397415
v -28.737761 13.872512 14.589808
v -28.795500 12.538968 15.276287
v -29.495975 11.955479 14.083895
v -28.737761 13.872512 14.589808
v -29.438236 13.289022 13.397415
v -28.795500 12.538968 15.276287
v -29.495975 11.955479 14.083895
v -29.878908 12.371992 14.860799
v -28.552664 12.005756 14.260904
v -28.494923 13.339300 13.574425
v -29.821169 13.705536 14.174320
v -28.552664 12.005756 14.260904
v -29.878908 12.371992 14.860799
v -28.494923 13.339300 13.574425
v -29.821169 13.705536 14.174320
v -29.326021 11.940199 9.750446
v -27.841145 12.148098 9.820053
v -27.688187 10.824341 10.510850
v -29.173063 10.616442 10.441243
v -27.841145 12.148098 9.820053
v -29.326021 11.940199 9.750446
v -27.688187 10.824341 10.510850
v -29.173063 10.616442 10.441243
v -28.657648 11.037749 11.134459
v -28.500578 10.361454 9.803713
v -28.653534 11.685211 9.112917
v -28.810604 12.361506 10.443662
v -28.500578 10.361454 9.803713
v -28.657648 11.037749 11.134459
v -28.653534 11.685211 9.112917
v -28.810604 12.361506 10.443662
v -29.314661 14.861667 12.772648
v -28.431540 15.431400 13.844296
v -27.749077 14.102347 13.988474
v -28.632198 13.532614 12.916826
v -28.431540 15.431400 13.844296
v -29.314661 14.861667 12.772648
v -27.749077 14.102347 13.988474
v -28.632198 13.532614 12.916826
v -28.780764 13.559294 13.865992
v -27.777134 13.961721 12.824978
v -28.459599 15.290774 12.680799
v -29.463226 14.888348 13.721813
v -27.777134 13.961721 12.824978
v -28.780764 13.559294 13.865992
v -28.459599 15.290774 12.680799
v -29.463226 14.888348 13.721813
v -28.791842 12.673793 9.556463
v -27.304989 12.791143 9.725073
v -27.217978 11.315392 9.984898
v -28.704830 11.198040 9.816288
v -27.304989 12.791143 9.725073
v -28.791842 12.673793 9.556463
v -27.217978 11.315392 9.984898
v -28.704830 11.198040 9.816288
v -28.203133 11.368784 10.618067
v -28.017044 11.121178 9.149397
v -28.104055 12.596930 8.889573
v -28.290144 12.844536 10.358241
v -28.017044 11.121178 9.149397
v -28.203133 11.368784 10.618067
v -28.104055 12.596930 8.889573
v -28.290144 12.844536 10.358241
v -27.898178 12.974118 13.424408
v -26.903860 13.786318 14.053005
v -27.209131 13.184660 15.313278
v -28.203449 12.372459 14.684681
v -26.903860 13.786318 14.053005
v -27.898178 12.974118 13.424408
v -27.209131 13.184660 15.313278
v -28.203449 12.372459 14.684681
v -28.296032 13.202762 15.058645
v -27.315413 12.191916 14.813595
v -27.010141 12.793575 13.553321
v -27.990761 13.804420 13.798372
v -27.315413 12.191916 14.813595
v -28.296032 13.202762 15.058645
v -27.010141 12.793575 13.553321
v -27.990761 13.804420 13.798372
v -27.828457 13.505470 9.699032
v -26.404589 13.388329 9.650530
v -26.531017 12.035402 9.206594
v -27.954884 12.152543 9.255096
v -26.404589 13.388329 9.650530
v -27.828457 13.505470 9.699032
v -26.531017 12.035402 9.206594
v -27.954884 12.152543 9.255096
v -27.380573 11.882450 9.914673
v -27.390100 12.328925 8.556718
v -27.263672 13.681851 9.000654
v -27.254147 13.235375 10.358608
v -27.390100 12.328925 8.556718
v -27.380573 11.882450 9.914673
v -27.263672 13.681851 9.000654
v -27.254147 13.235375 10.358608
v -26.983486 13.478144 12.105235
v -25.870588 14.220039 12.609730
v -25.735802 13.287081 13.684388
v -26.848703 12.545184 13.179893
v -25.870588 14.220039 12.609730
v -26.983486 13.478144 12.105235
v -25.735802 13.287081 13.684388
v -26.848703 12.545184 13.179893
v -26.847040 13.236483 13.779833
v -25.960047 12.447403 12.983550
v -26.094830 13.380363 11.908893
v -26.981825 14.169441 12.705174
v -25.960047 12.447403 12.983550
v -26.847040 13.236483 13.779833
v -26.094830 13.380363 11.908893
v -26.981825 14.169441 12.705174
v -27.722317 12.548943 9.763510
v -26.295580 12.527779 9.849815
v -26.325256 11.105645 9.991672
v -27.751991 11.126808 9.905365
v -26.295580 12.527779 9.849815
v -27.722317 12.548943 9.763510
v -26.325256 11.105645 9.991672
v -27.751991 11.126808 9.905365
v -27.223179 11.190030 10.649800
v -27.139418 11.046656 9.229976
v -27.109741 12.468790 9.088120
v -27.193502 12.612164 10.507944
v -27.139418 11.046656 9.229976
v -27.223179 11.190030 10.649800
v -27.109741 12.468790 9.088120
v -27.193502 12.612164 10.507944
v -27.298594 14.438879 11.468218
v -26.139673 15.096474 11.985850
v -25.699642 13.865569 12.564396
v -26.858562 13.207975 12.046763
v -26.139673 15.096474 11.985850
v -27.298594 14.438879 11.468218
v -25.699642 13.865569 12.564396
v -26.858562 13.207975 12.046763
v -26.750925 13.625862 12.853986
v -26.039064 13.316162 11.653647
v -26.479095 14.547068 11.075102
v -27.190956 14.856766 12.275440
v -26.039064 13.316162 11.653647
v -26.750925 13.625862 12.853986
v -26.479095 14.547068 11.075102
v -27.190956 14.856766 12.275440
v -27.988070 13.045944 9.587559
v -26.627203 13.483444 9.597873
v -26.235365 12.250285 10.205533
v -27.596231 11.812785 10.195219
v -26.627203 13.483444 9.597873
v -27.988070 13.045944 9.587559
v -26.235365 12.250285 10.205533
v -27.596231 11.812785 10.195219
v -27.149323 12.275615 10.846282
v -26.954449 11.699957 9.552406
v -27.346287 12.933115 8.944746
v -27.541161 13.508774 10.238622
v -26.954449 11.699957 9.552406
v -27.149323 12.275615 10.846282
v -27.346287 12.933115 8.944746
v -27.541161 13.508774 10.238622
v -27.049109 13.599579 10.613713
v -25.849009 14.342177 10.841255
v -25.441628 13.383759 11.820515
v -26.641729 12.641162 11.592973
v -25.849009 14.342177 10.841255
v -27.049109 13.599579 10.613713
v -25.441628 13.383759 11.820515
v -26.641729 12.641162 11.592973
v -26.492321 13.316835 12.192110
v -25.831057 12.559567 11.175868
v -26.238436 13.517985 10.196609
v -26.899700 14.275252 11.212851
v -25.831057 12.559567 11.175868
v -26.492321 13.316835 12.192110
v -26.238436 13.517985 10.196609
v -26.899700 14.275252 11.212851
v -29.322685 14.008352 13.115076
v -28.235455 14.651476 12.477012
v -29.062868 15.762314 12.186785
v -30.150099 15.119189 12.824850
v -28.235455 14.651476 12.477012
v -29.322685 14.008352 13.115076
v -29.062868 15.762314 12.186785
v -30.150099 15.119189 12.824850
v -29.899681 15.078430 11.954920
v -29.530735 15.674448 13.184328
v -28.703320 14.563610 13.474555
v -29.072266 13.967593 12.245146
v -29.530735 15.674448 13.184328
v -29.899681 15.078430 11.954920
v -28.703320 14.563610 13.474555
v -29.072266 13.967593 12.245146
v -30.032228 10.230170 9.980844
v -29.860409 9.556413 8.748230
v -30.017973 10.781133 8.056825
v -30.189795 11.454889 9.289438
v -29.860409 9.556413 8.748230
v -30.032228 10.230170 9.980844
v -30.017973 10.781133 8.056825
v -30.189795 11.454889 9.289438
v -30.819002 11.074797 8.759552
v -29.423130 11.295977 8.833233
v -29.265566 10.071258 9.524637
v -30.661436 9.850078 9.450959
v -29.423130 11.295977 8.833233
v -30.819002 11.074797 8.759552
v -29.265566 10.071258 9.524637
v -30.661436 9.850078 9.450959
v -29.449469 12.032294 14.443559
v -28.045218 11.922783 14.306118
v -27.993990 13.236628 13.782673
v -29.398241 13.346138 13.920113
v -28.045218 11.922783 14.306118
v -29.449469 12.032294 14.443559
v -27.993990 13.236628 13.782673
v -29.398241 13.346138 13.920113
v -28.920591 13.045125 13.211317
v -28.752491 13.559544 14.518956
v -28.803719 12.245699 15.042402
v -28.971819 11.731280 13.734763
v -28.752491 13.559544 14.518956
v -28.920591 13.045125 13.211317
v -28.803719 12.245699 15.042402
v -28.971819 11.731280 13.734763
v -29.406878 10.372629 9.583190
v -28.949911 10.265491 8.248083
v -28.459850 11.591722 8.309391
v -28.916817 11.698860 9.644498
v -28.949911 10.265491 8.248083
v -29.406878 10.372629 9.583190
v -28.459850 11.591722 8.309391
v -28.916817 11.698860 9.644498
v -29.357294 11.897064 8.877787
v -28.110767 11.414945 9.343123
v -28.600828 10.088715 9.281816
v -29.847355 10.570833 8.816480
v -28.110767 11.414945 9.343123
v -29.357294 11.897064 8.877787
v -28.600828 10.088715 9.281816
v -29.847355 10.570833 8.816480
v -28.654526 14.354173 13.642574
v -27.272070 14.449968 13.355441
v -27.570709 15.100570 12.134648
v -28.953167 15.004775 12.421782
v -27.272070 14.449968 13.355441
v -28.654526 14.354173 13.642574
v -27.570709 15.100570 12.134648
v -28.953167 15.004775 12.421782
v -28.424868 14.416526 11.979047
v -28.375500 15.669661 12.634809
v -28.076862 15.019058 13.855602
v -28.126228 13.765924 13.199841
v -28.375500 15.669661 12.634809
v -28.424868 14.416526 11.979047
v -28.076862 15.019058 13.855602
v -28.126228 13.765924 13.199841
v -28.774979 11.086322 9.117408
v -28.374414 11.005005 7.762511
v -28.270218 12.415341 7.708673
v -28.670782 12.496658 9.063569
v -28.374414 11.005005 7.762511
v -28.774979 11.086322 9.117408
v -28.270218 12.415341 7.708673
v -28.670782 12.496658 9.063569
v -29.187220 12.506391 8.319025
v -27.833891 12.421873 8.724197
v -27.938087 11.011536 8.778034
v -29.291416 11.096054 8.372863
v -27.833891 12.421873 8.724197
v -29.187220 12.506391 8.319025
v -27.938087 11.011536 8.778034
v -29.291416 11.096054 8.372863
vn -0.6809 0.0041 -0.7324
vn -0.7226 0.0034 -0.6912
vn -0.5995 -0.1200 -0.7913
vn -0.5084 -0.1958 -0.8386
vn 0.1955 0.0672 -0.9784
vn 0.1326 0.0916 -0.9869
vn 0.3146 0.0604 -0.9473
vn 0.4246 -0.0083 -0.9053
vn 0.6765 0.6623 -0.3219
vn 0.7336 0.6223 -0.2732
vn 0.7788 0.4523 -0.4346
vn 0.7132 0.5415 -0.4451
vn -0.5945 0.5878 -0.5487
vn -0.5642 0.6831 -0.4638
vn -0.5385 0.6064 -0.5850
vn -0.5653 0.4931 -0.6613
vn -0.5828 0.7785 0.2330
vn -0.2855 0.8459 0.4506
vn -0.3963 0.8295 0.3936
vn -0.5837 0.7670 0.2665
vn -0.9206 0.2014 -0.3345
vn -0.9299 0.1686 -0.3268
vn -0.8700 -0.0138 -0.4929
vn -0.8107 -0.1217 -0.5727
vn -0.6583 0.3420 -0.6706
vn -0.7073 0.4250 -0.5649
vn -0.6598 0.3519 -0.6639
vn -0.6185 0.2487 -0.7454
vn 0.7032 0.7100 0.0376
vn 0.5456 0.8309 0.1088
vn 0.4783 0.8356 0.2704
vn 0.6996 0.6904 0.1842
vn 0.5304 0.4916 -0.6906
vn 0.4650 0.5681 -0.6790
vn 0.5517 0.6061 -0.5729
vn 0.6319 0.5372 -0.5587
vn -0.2760 0.9560 0.0991
vn -0.1494 0.9718 0.1825
vn -0.2686 0.9589 0.0916
vn -0.4020 0.9150 0.0336
vn 0.5711 0.7178 0.3983
vn 0.3443 0.7986 0.4937
vn 0.2913 0.7605 0.5803
vn 0.6774 0.6041 0.4198
vn 0.7651 0.5773 -0.2852
vn 0.7464 0.6421 -0.1750
vn 0.7841 0.6018 -0.1519
vn 0.8053 0.5185 -0.2874
vn 0.9018 0.4248 -0.0790
vn 0.9178 0.3334 -0.2157
vn 0.9276 0.2321 -0.2926
vn 0.9191 0.3446 -0.1912
vn 0.6663 0.5842 -0.4635
vn 0.7427 0.5386 -0.3979
vn 0.7364 0.3214 -0.5953
vn 0.6656 0.4364 -0.6054
vn 0.5097 0.5263 -0.6806
vn 0.4272 0.6070 -0.6701
vn 0.5131 0.6499 -0.5606
vn 0.6065 0.5778 -0.5462
vn -0.7112 0.7030 -0.0045
vn -0.6285 0.7697 0.1122
vn -0.5274 0.7693 0.3607
vn -0.6102 0.7718 0.1790
vn -0.5286 0.4102 -0.7432
vn -0.3898 0.3427 -0.8548
vn -0.2886 0.2464 -0.9252
vn -0.4470 0.3811 -0.8093
vn -0.7699 0.6299 0.1027
vn -0.6845 0.7028 0.1936
vn -0.5742 0.7037 0.4186
vn -0.6713 0.6901 0.2703
vn -0.6150 0.5544 0.5608
vn -0.6934 0.5325 0.4855
vn -0.2974 0.5323 0.7926
vn -0.3884 0.5540 0.7364
vn 0.8066 0.1299 -0.5766
vn 0.6977 0.0384 -0.7154
vn 0.6137 0.0358 -0.7887
vn 0.7149 0.1276 -0.6874
vn -0.7271 0.4197 0.5433
vn -0.3061 0.5269 0.7929
vn -0.4286 0.5588 0.7099
vn -0.6741 0.4871 0.5554
vn 0.6469 0.7446 0.1648
vn 0.7043 0.6963 0.1385
vn 0.8949 0.4447 0.0378
vn 0.7966 0.6017 0.0582
vn -0.5180 0.1364 -0.8444
vn -0.5824 0.1649 -0.7960
vn -0.4255 0.0111 -0.9049
vn -0.3165 -0.1504 -0.9366
vn 0.1481 0.6414 0.7528
vn 0.0741 0.6758 0.7333
vn 0.5430 0.4080 0.7339
vn 0.4137 0.5105 0.7538
vn -0.8082 0.3233 0.4922
vn -0.7917 0.2969 0.5339
vn -0.4767 0.3431 0.8094
vn -0.6199 0.3734 0.6901
vn -0.8641 -0.0714 -0.4982
vn -0.6597 -0.2391 -0.7125
vn -0.5502 -0.3653 -0.7509
vn -0.9353 -0.0504 -0.3504
vn 0.7539 0.3174 -0.5753
vn 0.6779 0.3142 -0.6647
vn 0.7579 0.3801 -0.5302
vn 0.8372 0.3657 -0.4067
vn 0.7121 0.5994 0.3655
vn 0.5745 0.6656 0.4763
vn 0.6548 0.6337 0.4120
vn 0.8120 0.5028 0.2964
vn 0.8880 0.3911 0.2419
vn 0.7873 0.4749 0.3932
vn 0.8673 0.4265 0.2566
vn 0.9559 0.2683 0.1193
vn -0.0766 0.8658 0.4946
vn 0.0054 0.8683 0.4960
vn 0.1669 0.8188 0.5492
vn 0.0649 0.8472 0.5273
vn -0.1489 0.9537 0.2613
vn 0.1180 0.9265 0.3574
vn -0.0312 0.9485 0.3153
vn -0.2339 0.9324 0.2755
vn -0.8407 0.4751 -0.2598
vn -0.8135 0.3401 -0.4718
vn -0.7786 0.2724 -0.5653
vn -0.8255 0.5201 -0.2194
vn 0.8435 0.4688 0.2623
vn 0.7392 0.5454 0.3952
vn 0.8142 0.5024 0.2908
vn 0.9180 0.3617 0.1624
vn 0.8841 0.3618 -0.2958
vn 0.8958 0.3951 -0.2035
vn 0.8958 0.3272 -0.3008
vn 0.8796 0.2871 -0.3793
vn 0.3552 0.1979 -0.9136
vn 0.1727 0.2306 -0.9576
vn 0.2441 0.3219 -0.9148
vn 0.3919 0.2960 -0.8711
vn 0.9126 -0.1379 -0.3849
vn 0.6722 -0.2393 -0.7006
vn 0.6237 -0.2937 -0.7244
vn 0.8032 -0.1791 -0.5681
vn -0.7159 0.6955 0.0611
vn -0.2733 0.8593 0.4324
vn -0.4164 0.8459 0.3334
vn -0.6439 0.7505 0.1490
vn -0.7464 0.4192 -0.5168
vn -0.7680 0.5046 -0.3945
vn -0.7515 0.4311 -0.4994
vn -0.7359 0.3274 -0.5927
vn -0.4435 0.2371 -0.8643
vn -0.1761 0.1382 -0.9746
vn -0.0115 0.0437 -0.9990
vn -0.5372 0.2785 -0.7961
vn 0.6518 0.0200 -0.7581
vn 0.5861 -0.0112 -0.8102
vn 0.7133 0.0187 -0.7006
vn 0.7981 0.0200 -0.6022
vn -0.5430 -0.1010 -0.8337
vn -0.2571 -0.2072 -0.9439
vn -0.0897 -0.2839 -0.9546
vn -0.6443 -0.0675 -0.7618
vn 0.6452 0.1197 -0.7546
vn 0.4633 0.0519 -0.8847
vn 0.4382 0.1154 -0.8914
vn 0.5740 0.1693 -0.8012
vn -0.3338 0.5975 0.7291
vn -0.5088 0.5757 0.6401
vn 0.1328 0.3813 0.9148
vn -0.0184 0.5024 0.8644
vn -0.5855 0.5404 0.6043
vn -0.7001 0.5017 0.5081
vn -0.2345 0.4765 0.8473
vn -0.3302 0.5212 0.7870
vn 0.5956 0.3887 -0.7030
vn 0.5758 0.4969 -0.6492
vn 0.6980 0.5143 -0.4983
vn 0.7665 0.4131 -0.4918
vn 0.3337 0.2530 -0.9081
vn 0.1803 0.2551 -0.9500
vn 0.1989 0.3282 -0.9234
vn 0.3236 0.3263 -0.8882
vn 0.4747 0.8791 -0.0422
vn 0.3500 0.9363 0.0298
vn 0.3867 0.9136 0.1256
vn 0.5422 0.8396 0.0339
vn -0.7436 0.5081 -0.4347
vn -0.7329 0.6096 -0.3020
vn -0.7380 0.5057 -0.4468
vn -0.7551 0.3632 -0.5459
vn 0.4464 0.3898 -0.8055
vn 0.4536 0.5021 -0.7363
vn 0.6043 0.4879 -0.6299
vn 0.6480 0.3710 -0.6652
vn -0.6606 0.7455 0.0887
vn -0.5658 0.8026 0.1889
vn -0.4790 0.8121 0.3332
vn -0.5678 0.7963 0.2085
vn -0.7969 0.3910 0.4605
vn -0.7948 0.3821 0.4715
vn -0.5127 0.4242 0.7465
vn -0.6249 0.4366 0.6472
vn 0.6331 0.0864 -0.7693
vn 0.4800 0.0306 -0.8767
vn 0.4308 0.0594 -0.9005
vn 0.5540 0.1116 -0.8250
vn 0.5011 0.0253 -0.8650
vn 0.4254 0.0134 -0.9049
vn 0.5380 0.0282 -0.8425
vn 0.6225 0.0209 -0.7823
vn -0.5714 0.5995 -0.5605
vn -0.4748 0.5283 -0.7040
vn -0.4161 0.4066 -0.8134
vn -0.5075 0.5315 -0.6782
vn 0.4714 0.3829 -0.7945
vn 0.4661 0.4829 -0.7413
vn 0.6028 0.4826 -0.6354
vn 0.6522 0.3824 -0.6545
vn 0.5560 0.1945 -0.8081
vn 0.4786 0.2238 -0.8490
vn 0.6215 0.2513 -0.7421
vn 0.7251 0.2013 -0.6586
vn -0.5960 0.8018 0.0431
vn -0.4447 0.8562 0.2632
vn -0.5653 0.8138 0.1346
vn -0.6950 0.7190 -0.0056
vn -0.6983 0.1262 -0.7046
vn -0.5325 0.0197 -0.8462
vn -0.4180 -0.0480 -0.9072
vn -0.6816 0.1564 -0.7148
vn 0.7558 0.1973 -0.6244
vn 0.6705 0.1629 -0.7238
vn 0.7570 0.2171 -0.6162
vn 0.8375 0.2235 -0.4986
vn -0.9586 -0.0772 -0.2740
vn -0.9218 -0.1270 -0.3664
vn -0.7864 -0.3236 -0.5261
vn -0.7330 -0.4076 -0.5445
vn 0.2426 0.8578 0.4531
vn 0.3828 0.8203 0.4250
vn 0.4684 0.7734 0.4271
vn 0.3489 0.8283 0.4385
vn 0.1688 0.2413 -0.9557
vn 0.1417 0.3002 -0.9433
vn 0.2868 0.2794 -0.9164
vn 0.3491 0.2068 -0.9140
vn 0.2522 0.3504 -0.9020
vn 0.0899 0.3540 -0.9309
vn 0.0958 0.4485 -0.8886
vn 0.2310 0.4454 -0.8650
vn 0.6519 0.7535 0.0857
vn 0.5360 0.8213 0.1955
vn 0.5791 0.7779 0.2441
vn 0.7296 0.6766 0.0992
vn -0.5497 0.1418 -0.8232
vn -0.6595 0.2275 -0.7164
vn -0.5726 0.1480 -0.8064
vn -0.4801 0.0373 -0.8764
vn -0.9350 0.3425 -0.0917
vn -0.9516 0.2812 -0.1241
vn -0.9454 0.0601 -0.3203
vn -0.9053 -0.0882 -0.4156
vn -0.0528 0.7491 0.6603
vn -0.0037 0.7650 0.6440
vn 0.2607 0.6600 0.7046
vn 0.1420 0.7027 0.6972
vn 0.5305 0.7833 0.3241
vn 0.4217 0.8133 0.4009
vn 0.5496 0.7569 0.3537
vn 0.6462 0.7072 0.2870
vn -0.7356 0.5411 0.4076
vn -0.7776 0.5305 0.3375
vn -0.4562 0.5651 0.6874
vn -0.5516 0.5689 0.6100
vn -0.7542 0.0932 -0.6500
vn -0.6102 -0.0242 -0.7919
vn -0.5677 -0.0319 -0.8226
vn -0.7957 0.1469 -0.5876
vn -0.0377 0.8830 0.4679
vn 0.0372 0.8845 0.4650
vn 0.2864 0.7816 0.5541
vn 0.1576 0.8437 0.5131
vn 0.9099 0.3658 -0.1957
vn 0.9009 0.2689 -0.3407
vn 0.8870 0.1111 -0.4481
vn 0.9040 0.2557 -0.3427
vn 0.7981 0.2320 -0.5561
vn 0.7353 0.2081 -0.6450
vn 0.8354 0.2728 -0.4771
vn 0.9106 0.2588 -0.3221
vn -0.8517 0.4743 -0.2227
vn -0.8278 0.5602 -0.0286
vn -0.8572 0.4967 -0.1358
vn -0.8737 0.4003 -0.2764
vn 0.4826 0.8669 0.1249
vn 0.2998 0.9328 0.2002
vn 0.3045 0.8933 0.3305
vn 0.5622 0.7965 0.2223
vn 0.4050 0.3411 -0.8483
vn 0.2479 0.3267 -0.9121
vn 0.2424 0.4220 -0.8736
vn 0.3715 0.4340 -0.8208
vn 0.5713 0.7538 0.3246
vn 0.4625 0.7906 0.4012
vn 0.5699 0.7414 0.3543
vn 0.6754 0.6801 0.2851
vn -0.8654 0.0912 -0.4928
vn -0.7706 -0.0178 -0.6370
vn -0.7389 -0.0362 -0.6729
vn -0.8786 0.1248 -0.4610
vn 0.9370 0.1205 -0.3280
vn 0.9697 0.2020 -0.1376
vn 0.9605 0.1571 -0.2297
vn 0.8956 0.0011 -0.4449
vn 0.5102 0.3727 -0.7751
vn 0.3618 0.3195 -0.8758
vn 0.3160 0.4244 -0.8486
vn 0.4383 0.4673 -0.7678
vn -0.7688 0.5234 0.3674
vn -0.8319 0.4914 0.2577
vn -0.4842 0.5411 0.6875
vn -0.5804 0.5503 0.6002
vn 0.4558 0.2285 -0.8602
vn 0.4035 0.2562 -0.8784
vn 0.5059 0.2764 -0.8171
vn 0.5735 0.2438 -0.7821
vn 0.5348 0.7675 -0.3534
vn 0.5940 0.7620 -0.2579
vn 0.6858 0.6304 -0.3638
vn 0.6081 0.6619 -0.4384
vn 0.6849 0.7076 -0.1737
vn 0.6265 0.7748 -0.0843
vn 0.6574 0.7530 -0.0277
vn 0.7295 0.6699 -0.1382
vn -0.6898 0.4543 -0.5637
vn -0.7044 0.5159 -0.4876
vn -0.6771 0.4425 -0.5880
vn -0.6641 0.3562 -0.6573
vn 0.5713 0.3852 -0.7247
vn 0.5459 0.4780 -0.6881
vn 0.6632 0.4995 -0.5575
vn 0.7286 0.4129 -0.5465
vn -0.5713 0.7319 -0.3714
vn -0.5097 0.6427 -0.5719
vn -0.4958 0.4894 -0.7174
vn -0.5374 0.6635 -0.5205
vn 0.9465 0.2980 -0.1241
vn 0.8809 0.1057 -0.4614
vn 0.8673 0.2712 -0.4174
vn 0.9008 0.3852 -0.2007
vn 0.8713 0.4786 -0.1089
vn 0.8918 0.3922 -0.2255
vn 0.9027 0.3056 -0.3030
vn 0.8876 0.4085 -0.2128
vn -0.3258 0.5110 0.7954
vn 0.1078 0.4909 0.8645
vn 0.0193 0.5437 0.8391
vn -0.2508 0.5539 0.7939
vn -0.7658 0.1604 -0.6228
vn -0.6702 0.0745 -0.7384
vn -0.6026 0.0288 -0.7975
vn -0.7316 0.1645 -0.6616
vn -0.6441 -0.2173 -0.7334
vn -0.4195 -0.3219 -0.8488
vn -0.3072 -0.3836 -0.8709
vn -0.6847 -0.2070 -0.6988
vn 0.2010 0.1936 -0.9603
vn -0.0363 0.2262 -0.9734
vn 0.0133 0.3441 -0.9388
vn 0.1934 0.3196 -0.9276
vn 0.5851 0.8041 -0.1050
vn 0.5654 0.8238 0.0411
vn 0.8185 0.5712 -0.0610
vn 0.7472 0.6424 -0.1703
vn 0.6038 0.7766 -0.1797
vn 0.4921 0.8683 -0.0618
vn 0.5508 0.8321 0.0652
vn 0.6961 0.7125 -0.0885
vn 0.6622 0.3994 -0.6340
vn 0.5791 0.4622 -0.6716
vn 0.6739 0.5195 -0.5253
vn 0.7723 0.4602 -0.4379
vn -0.4834 0.8532 0.1961
vn -0.3272 0.8917 0.3128
vn -0.2107 0.8744 0.4370
vn -0.3409 0.8901 0.3023
vn 0.4718 0.8340 0.2861
vn 0.3112 0.8730 0.3755
vn 0.3990 0.8215 0.4073
vn 0.5947 0.7474 0.2964
vn 0.6917 0.7211 0.0394
vn 0.5820 0.7961 0.1658
vn 0.6296 0.7447 0.2214
vn 0.7731 0.6323 0.0509
vn -0.5682 0.5098 0.6460
vn -0.1698 0.5555 0.8140
vn -0.2373 0.5846 0.7758
vn -0.4856 0.5582 0.6727
vn 0.4073 0.9089 -0.0896
vn 0.4713 0.8819 -0.0081
vn 0.6333 0.7693 -0.0843
vn 0.5411 0.8274 -0.1507
vn -0.5090 0.0893 -0.8561
vn -0.2940 0.0180 -0.9556
vn -0.1149 -0.0629 -0.9914
vn -0.4117 0.1146 -0.9041
vn -0.5209 0.1983 -0.8303
vn -0.3911 0.1446 -0.9089
vn -0.2511 0.0686 -0.9655
vn -0.3631 0.1662 -0.9168
vn -0.1927 0.9142 0.3564
vn 0.1969 0.8752 0.4419
vn 0.0606 0.9019 0.4276
vn -0.1798 0.9028 0.3907
vn -0.5704 0.7512 0.3322
vn -0.4910 0.7911 0.3649
vn -0.2982 0.7666 0.5687
vn -0.4183 0.7778 0.4692
vn 0.8465 0.4529 -0.2797
vn 0.8277 0.5478 -0.1218
vn 0.8624 0.5017 -0.0679
vn 0.8860 0.3625 -0.2891
vn 0.3198 -0.0563 -0.9458
vn 0.0413 -0.0538 -0.9977
vn 0.0394 0.0034 -0.9992
vn 0.2329 0.0096 -0.9725
vn -0.5046 -0.1302 -0.8535
vn -0.2603 -0.2102 -0.9424
vn -0.0964 -0.2696 -0.9581
vn -0.5063 -0.1086 -0.8555
vn -0.8101 0.5190 0.2726
vn -0.7539 0.5762 0.3157
vn -0.5293 0.5647 0.6332
vn -0.6651 0.5702 0.4822
vn -0.7064 0.7059 0.0511
vn -0.6994 0.7144 0.0202
vn -0.4991 0.7177 0.4856
vn -0.5820 0.7560 0.2997
vn -0.0666 0.0757 -0.9949
vn -0.1934 0.1195 -0.9738
vn -0.0931 0.0984 -0.9908
vn 0.0170 0.0429 -0.9989
vn 0.3087 0.3377 -0.8892
vn 0.3628 0.4661 -0.8070
vn 0.5567 0.4079 -0.7237
vn 0.5835 0.2552 -0.7710
vn -0.3905 0.6784 0.6223
vn -0.0732 0.6949 0.7154
vn -0.1064 0.6930 0.7130
vn -0.3180 0.6886 0.6517
vn -0.5061 0.7742 0.3801
vn -0.4104 0.8126 0.4138
vn -0.1994 0.7646 0.6129
vn -0.3357 0.7907 0.5119
vn -0.5796 0.5290 -0.6198
vn -0.4781 0.4586 -0.7491
vn -0.4087 0.3514 -0.8423
vn -0.5116 0.4761 -0.7153
vn 0.8276 0.5576 0.0641
vn 0.8783 0.4759 -0.0458
vn 0.9181 0.3779 -0.1196
vn 0.8756 0.4818 -0.0355
vn -0.7002 0.7133 0.0295
vn -0.6300 0.7683 0.1133
vn -0.5102 0.7733 0.3764
vn -0.5940 0.7762 0.2113
vn -0.8303 0.3709 -0.4161
vn -0.8513 0.3677 -0.3743
vn -0.8205 0.2072 -0.5328
vn -0.7852 0.0853 -0.6134
vn 0.6468 0.7595 0.0700
vn 0.6974 0.7141 0.0603
vn 0.8234 0.5657 -0.0433
vn 0.7501 0.6609 -0.0250
vn -0.0079 0.9744 0.2248
vn 0.3120 0.9062 0.2853
vn 0.1341 0.9578 0.2542
vn -0.0993 0.9617 0.2554
vn -0.8026 0.5127 -0.3049
vn -0.7805 0.4146 -0.4678
vn -0.7515 0.3382 -0.5664
vn -0.7772 0.5101 -0.3685
vn -0.5390 -0.0354 -0.8416
vn -0.2799 -0.1378 -0.9501
vn -0.1306 -0.1984 -0.9714
vn -0.6125 0.0086 -0.7905
vn 0.2837 0.3358 -0.8982
vn 0.1104 0.3477 -0.9311
vn 0.1305 0.4483 -0.8843
vn 0.2732 0.4388 -0.8560
vn -0.3442 0.8973 0.2765
vn -0.2679 0.9101 0.3161
vn -0.1459 0.9050 0.3997
vn -0.2311 0.9118 0.3394
vn 0.2125 0.1029 -0.9717
vn 0.1461 0.1251 -0.9813
vn 0.2714 0.1166 -0.9554
vn 0.3542 0.0777 -0.9319
vn 0.6652 0.7299 0.1574
vn 0.7655 0.6398 0.0682
vn 0.8332 0.5530 0.0068
vn 0.7473 0.6610 0.0683
vn 0.8811 -0.0944 -0.4634
vn 0.7807 -0.2030 -0.5910
vn 0.9168 -0.1364 -0.3753
vn 0.9837 -0.1092 -0.1428
vn 0.6935 0.7197 -0.0322
vn 0.5953 0.8012 0.0607
vn 0.6014 0.7859 0.1437
vn 0.7329 0.6801 0.0199
vn -0.7624 0.0001 -0.6471
vn -0.6620 -0.1198 -0.7399
vn -0.4360 -0.3453 -0.8311
vn -0.2979 -0.4634 -0.8346
vn 0.5106 0.8445 0.1613
vn 0.3353 0.9111 0.2396
vn 0.3386 0.8738 0.3490
vn 0.5881 0.7736 0.2362
vn -0.7123 0.4643 -0.5263
vn -0.7253 0.5585 -0.4026
vn -0.7077 0.4861 -0.5127
vn -0.7005 0.3756 -0.6069
vn 0.6374 0.6224 -0.4543
vn 0.6004 0.5575 -0.5734
vn 0.5320 0.6264 -0.5697
vn 0.5626 0.6826 -0.4665
vn -0.6520 0.0308 -0.7576
vn -0.4196 -0.1319 -0.8981
vn -0.4466 -0.0843 -0.8907
vn -0.8133 0.1155 -0.5702
vn -0.4380 0.7624 0.4763
vn -0.3714 0.7872 0.4923
vn -0.2076 0.7692 0.6044
vn -0.3038 0.7717 0.5587
vn -0.4261 0.8851 -0.1870
vn -0.4277 0.9034 -0.0314
vn -0.2856 0.9472 0.1457
vn -0.3057 0.9513 -0.0386
vn -0.5235 0.2310 -0.8201
vn -0.3993 0.1764 -0.8997
vn -0.2772 0.1042 -0.9552
vn -0.3963 0.2030 -0.8954
vn 0.3886 -0.1169 -0.9139
vn 0.1606 -0.1190 -0.9798
vn 0.0856 -0.1016 -0.9911
vn 0.2651 -0.0798 -0.9609
vn -0.4145 0.4994 0.7608
vn 0.0493 0.4924 0.8690
vn -0.0125 0.5462 0.8376
vn -0.2952 0.5559 0.7771
vn 0.0663 0.9969 0.0431
vn 0.1124 0.9881 0.1051
vn 0.2469 0.9626 0.1116
vn 0.1850 0.9816 0.0475
vn 0.7703 0.2245 -0.5968
vn 0.7628 0.2597 -0.5922
vn 0.8784 0.3103 -0.3636
vn 0.9470 0.2530 -0.1979
vn -0.5010 0.6545 0.5663
vn -0.1351 0.7074 0.6938
vn -0.0799 0.6968 0.7128
vn -0.3299 0.7011 0.6322
vn 0.6555 -0.1567 -0.7388
vn 0.5259 -0.1648 -0.8344
vn 0.3908 -0.2162 -0.8947
vn 0.5292 -0.1737 -0.8305
vn 0.7561 0.0595 -0.6517
vn 0.5012 -0.0517 -0.8638
vn 0.5069 0.0683 -0.8593
vn 0.6739 0.1420 -0.7250
vn 0.8001 0.5514 -0.2361
vn 0.8278 0.5089 -0.2362
vn 0.8580 0.3043 -0.4139
vn 0.8251 0.4206 -0.3772
vn 0.0082 0.0961 -0.9953
vn -0.0347 0.1621 -0.9862
vn 0.1967 0.0751 -0.9776
vn 0.3208 -0.0799 -0.9438
vn -0.4510 0.8819 0.1372
vn -0.3932 0.8986 0.1948
vn -0.2533 0.9078 0.3344
vn -0.3295 0.9135 0.2385
vn -0.2786 0.6458 0.7108
vn 0.2937 0.5893 0.7526
vn 0.1863 0.6447 0.7414
vn -0.1270 0.6816 0.7206
vn 0.8306 0.4659 -0.3051
vn 0.8296 0.3771 -0.4119
vn 0.7937 0.3729 -0.4807
vn 0.7991 0.4558 -0.3920
vn 0.1110 0.2788 -0.9539
vn 0.0987 0.3424 -0.9344
vn 0.2396 0.3144 -0.9185
vn 0.2868 0.2382 -0.9279
vn -0.7738 0.5805 -0.2534
vn -0.7698 0.4912 -0.4077
vn -0.7556 0.4144 -0.5073
vn -0.7544 0.5674 -0.3301
vn 0.5980 0.8005 -0.0391
vn 0.6460 0.7632 -0.0161
vn 0.7552 0.6449 -0.1177
vn 0.6877 0.7152 -0.1250
vn -0.7558 0.6287 -0.1832
vn -0.7695 0.5716 -0.2847
vn -0.7752 0.4949 -0.3926
vn -0.7568 0.5712 -0.3176
vn -0.9040 0.3215 -0.2819
vn -0.8709 0.2154 -0.4417
vn -0.8426 0.1741 -0.5097
vn -0.8949 0.3419 -0.2869
vn 0.5969 0.2153 -0.7729
vn 0.5303 0.2399 -0.8132
vn 0.6561 0.2748 -0.7028
vn 0.7472 0.2358 -0.6214
vn 0.0206 0.3119 -0.9499
vn 0.0808 0.4011 -0.9125
vn 0.2611 0.3202 -0.9106
vn 0.2735 0.1956 -0.9418
vn 0.8872 0.3887 -0.2488
vn 0.8842 0.4525 -0.1155
vn 0.9024 0.4010 -0.1575
vn 0.8996 0.3061 -0.3114
vn -0.4727 0.8593 -0.1951
vn -0.2418 0.9669 0.0815
vn -0.3394 0.9356 -0.0974
vn -0.5121 0.8237 -0.2433
vn -0.4940 0.4595 -0.7381
vn -0.3386 0.3939 -0.8545
vn -0.2320 0.2817 -0.9310
vn -0.4118 0.4213 -0.8080
vn 0.9710 0.2372 0.0289
vn 0.9787 0.1611 -0.1271
vn 0.9720 -0.0117 -0.2348
vn 0.9867 0.1173 -0.1127
vn 0.9742 0.2196 0.0514
vn 0.9122 0.3174 0.2590
vn 0.9590 0.2676 0.0930
vn 0.9924 0.0641 -0.1053
vn 0.0520 0.5083 -0.8596
vn 0.0545 0.5842 -0.8098
vn 0.1639 0.5606 -0.8117
vn 0.1763 0.4824 -0.8580
vn -0.7905 0.3356 -0.5123
vn -0.6988 0.7152 0.0124
vn -0.7447 0.6630 -0.0766
vn -0.7876 0.5028 -0.3562
vn 0.7107 0.5594 0.4265
vn 0.5500 0.6315 0.5466
vn 0.6401 0.6089 0.4685
vn 0.8253 0.4481 0.3435
vn -0.6084 0.1055 -0.7866
vn -0.6655 0.1220 -0.7363
vn -0.5458 0.0005 -0.8379
vn -0.4545 -0.0979 -0.8853
vn 0.6675 0.0736 -0.7410
vn 0.5126 0.0369 -0.8578
vn 0.6545 0.0742 -0.7524
vn 0.7839 0.0580 -0.6182
vn 0.0221 0.7098 0.7040
vn 0.0553 0.7253 0.6862
vn 0.3317 0.6081 0.7213
vn 0.2208 0.6519 0.7255
vn 0.1365 0.3875 0.9117
vn 0.1717 0.3382 0.9253
vn 0.4593 0.2145 0.8620
vn 0.3523 0.3086 0.8835
vn -0.9992 -0.0305 -0.0261
vn -0.9347 0.1702 0.3121
vn -0.9443 0.2075 0.2556
vn -0.9964 0.0773 0.0341
vn 0.1154 -0.3693 -0.9221
vn 0.0259 -0.3811 -0.9242
vn 0.1953 -0.4124 -0.8898
vn 0.3159 -0.4263 -0.8476
vn 0.6928 0.7211 -0.0073
vn 0.6281 0.7737 0.0836
vn 0.6702 0.7363 0.0936
vn 0.7455 0.6663 -0.0137
vn 0.2423 -0.2118 -0.9468
vn -0.0457 -0.1727 -0.9839
vn -0.1313 -0.1547 -0.9792
vn 0.0847 -0.1530 -0.9846
vn -0.5178 -0.2967 -0.8024
vn -0.5673 -0.2912 -0.7703
vn -0.3544 -0.4248 -0.8330
vn -0.1931 -0.5180 -0.8333
vn 0.4168 0.8998 0.1290
vn 0.2625 0.9440 0.1999
vn 0.3077 0.9071 0.2871
vn 0.5063 0.8406 0.1923
vn 0.8680 0.4515 -0.2067
vn 0.8519 0.5189 -0.0711
vn 0.8792 0.4667 -0.0954
vn 0.8935 0.3675 -0.2582
vn 0.8939 0.4475 -0.0275
vn 0.9127 0.3918 -0.1164
vn 0.9373 0.2782 -0.2099
vn 0.9216 0.3653 -0.1312
vn -0.4886 0.8405 0.2339
vn -0.2717 0.8755 0.3995
vn -0.3822 0.8599 0.3385
vn -0.5410 0.8073 0.2358
vn 0.8230 0.2446 -0.5126
vn 0.7480 0.2047 -0.6314
vn 0.8446 0.2754 -0.4592
vn 0.9208 0.2648 -0.2864
vn -0.7524 0.1665 -0.6373
vn -0.5915 0.0470 -0.8049
vn -0.4735 -0.0370 -0.8800
vn -0.7406 0.1994 -0.6416
vn 0.1725 0.8339 0.5243
vn 0.2436 0.8397 0.4853
vn 0.5960 0.5680 0.5677
vn 0.4295 0.7254 0.5379
vn -0.5831 0.8011 -0.1349
vn -0.6186 0.7120 -0.3322
vn -0.6601 0.5925 -0.4616
vn -0.5861 0.7735 -0.2411
vt 0.303320 0.730331
vt 0.547464 0.730331
vt 0.547464 0.974475
vt 0.303320 0.974475
s 1
usemtl Leaves
f 7434/3798/7057 7437/3799/7058 7436/3800/7059 7435/3801/7060
f 7537/3799/7061 7535/3798/7062 7534/3801/7063 7536/3800/7064
f 7361/3799/7065 7359/3798/7066 7358/3801/7067 7360/3800/7068
f 7738/3798/7069 7741/3799/7070 7740/3800/7071 7739/3801/7072
f 7413/3799/7073 7412/3798/7074 7411/3801/7075 7410/3800/7076
f 7354/3798/7077 7357/3799/7078 7356/3800/7079 7355/3801/7080
f 7466/3798/7081 7469/3799/7082 7468/3800/7083 7467/3801/7084
f 7592/3798/7085 7593/3799/7086 7591/3800/7087 7590/3801/7088
f 7553/3799/7089 7551/3798/7090 7550/3801/7091 7552/3800/7092
f 7461/3799/7093 7460/3798/7094 7459/3801/7095 7458/3800/7096
f 7528/3798/7097 7529/3799/7098 7527/3800/7099 7526/3801/7100
f 7672/3798/7101 7673/3799/7102 7671/3800/7103 7670/3801/7104
f 7425/3799/7105 7423/3798/7106 7422/3801/7107 7424/3800/7108
f 7297/3799/7109 7295/3798/7110 7294/3801/7111 7296/3800/7112
f 7489/3799/7113 7487/3798/7114 7486/3801/7115 7488/3800/7116
f 7098/3798/7117 7101/3799/7118 7100/3800/7119 7099/3801/7120
f 7237/3799/7121 7236/3798/7122 7235/3801/7123 7234/3800/7124
f 7130/3798/7125 7133/3799/7126 7132/3800/7127 7131/3801/7128
f 7242/3798/7129 7245/3799/7130 7244/3800/7131 7243/3801/7132
f 7288/3798/7133 7289/3799/7134 7287/3800/7135 7286/3801/7136
f 7349/3799/7137 7348/3798/7138 7347/3801/7139 7346/3800/7140
f 7313/3799/7141 7311/3798/7142 7310/3801/7143 7312/3800/7144
f 7306/3798/7145 7309/3799/7146 7308/3800/7147 7307/3801/7148
f 7498/3798/7149 7501/3799/7150 7500/3800/7151 7499/3801/7152
f 7482/3798/7153 7485/3799/7154 7484/3800/7155 7483/3801/7156
f 7125/3799/7157 7124/3798/7158 7123/3801/7159 7122/3800/7160
f 7137/3799/7161 7135/3798/7162 7134/3801/7163 7136/3800/7164
f 7240/3798/7165 7241/3799/7166 7239/3800/7167 7238/3801/7168
f 7192/3798/7169 7193/3799/7170 7191/3800/7171 7190/3801/7172
f 7658/3798/7173 7661/3799/7174 7660/3800/7175 7659/3801/7176
f 7365/3799/7177 7364/3798/7178 7363/3801/7179 7362/3800/7180
f 7541/3799/7181 7540/3798/7182 7539/3801/7183 7538/3800/7184
f 7256/3798/7185 7257/3799/7186 7255/3800/7187 7254/3801/7188
f 7608/3798/7189 7609/3799/7190 7607/3800/7191 7606/3801/7192
f 7752/3798/7193 7753/3799/7194 7751/3800/7195 7750/3801/7196
f 7384/3798/7197 7385/3799/7198 7383/3800/7199 7382/3801/7200
f 7317/3799/7201 7316/3798/7202 7315/3801/7203 7314/3800/7204
f 7386/3798/7205 7389/3799/7206 7388/3800/7207 7387/3801/7208
f 7525/3799/7209 7524/3798/7210 7523/3801/7211 7522/3800/7212
f 7617/3799/7213 7615/3798/7214 7614/3801/7215 7616/3800/7216
f 7109/3799/7217 7108/3798/7218 7107/3801/7219 7106/3800/7220
f 7416/3798/7221 7417/3799/7222 7415/3800/7223 7414/3801/7224
f 7082/3798/7225 7085/3799/7226 7084/3800/7227 7083/3801/7228
f 7178/3798/7229 7181/3799/7230 7180/3800/7231 7179/3801/7232
f 7201/3799/7233 7199/3798/7234 7198/3801/7235 7200/3800/7236
f 7784/3798/7237 7785/3799/7238 7783/3800/7239 7782/3801/7240
f 7272/3798/7241 7273/3799/7242 7271/3800/7243 7270/3801/7244
f 7322/3798/7245 7325/3799/7246 7324/3800/7247 7323/3801/7248
f 7185/3799/7249 7183/3798/7250 7182/3801/7251 7184/3800/7252
f 7258/3798/7253 7261/3799/7254 7260/3800/7255 7259/3801/7256
f 7546/3798/7257 7549/3799/7258 7548/3800/7259 7547/3801/7260
f 7448/3798/7261 7449/3799/7262 7447/3800/7263 7446/3801/7264
f 7681/3799/7265 7679/3798/7266 7678/3801/7267 7680/3800/7268
f 7189/3799/7269 7188/3798/7270 7187/3801/7271 7186/3800/7272
f 7249/3799/7273 7247/3798/7274 7246/3801/7275 7248/3800/7276
f 7153/3799/7277 7151/3798/7278 7150/3801/7279 7152/3800/7280
f 7285/3799/7281 7284/3798/7282 7283/3801/7283 7282/3800/7284
f 7221/3799/7285 7220/3798/7286 7219/3801/7287 7218/3800/7288
f 7265/3799/7289 7263/3798/7290 7262/3801/7291 7264/3800/7292
f 7450/3798/7293 7453/3799/7294 7452/3800/7295 7451/3801/7296
f 7697/3799/7297 7695/3798/7298 7694/3801/7299 7696/3800/7300
f 7569/3799/7301 7567/3798/7302 7566/3801/7303 7568/3800/7304
f 7400/3798/7305 7401/3799/7306 7399/3800/7307 7398/3801/7308
f 7224/3798/7309 7225/3799/7310 7223/3800/7311 7222/3801/7312
f 7338/3798/7313 7341/3799/7314 7340/3800/7315 7339/3801/7316
f 7290/3798/7317 7293/3799/7318 7292/3800/7319 7291/3801/7320
f 7562/3798/7321 7565/3799/7322 7564/3800/7323 7563/3801/7324
f 7496/3798/7325 7497/3799/7326 7495/3800/7327 7494/3801/7328
f 7226/3798/7329 7229/3799/7330 7228/3800/7331 7227/3801/7332
f 7621/3799/7333 7620/3798/7334 7619/3801/7335 7618/3800/7336
f 7530/3798/7337 7533/3799/7338 7532/3800/7339 7531/3801/7340
f 7329/3799/7341 7327/3798/7342 7326/3801/7343 7328/3800/7344
f 7169/3799/7345 7167/3798/7346 7166/3801/7347 7168/3800/7348
f 7765/3799/7349 7764/3798/7350 7763/3801/7351 7762/3800/7352
f 7112/3798/7353 7113/3799/7354 7111/3800/7355 7110/3801/7356
f 7480/3798/7357 7481/3799/7358 7479/3800/7359 7478/3801/7360
f 7560/3798/7361 7561/3799/7362 7559/3800/7363 7558/3801/7364
f 7685/3799/7365 7684/3798/7366 7683/3801/7367 7682/3800/7368
f 7512/3798/7369 7513/3799/7370 7511/3800/7371 7510/3801/7372
f 7352/3798/7373 7353/3799/7374 7351/3800/7375 7350/3801/7376
f 7194/3798/7377 7197/3799/7378 7196/3800/7379 7195/3801/7380
f 7649/3799/7381 7647/3798/7382 7646/3801/7383 7648/3800/7384
f 7457/3799/7385 7455/3798/7386 7454/3801/7387 7456/3800/7388
f 7688/3798/7389 7689/3799/7390 7687/3800/7391 7686/3801/7392
f 7770/3798/7393 7773/3799/7394 7772/3800/7395 7771/3801/7396
f 7233/3799/7397 7231/3798/7398 7230/3801/7399 7232/3800/7400
f 7093/3799/7401 7092/3798/7402 7091/3801/7403 7090/3800/7404
f 7736/3798/7405 7737/3799/7406 7735/3800/7407 7734/3801/7408
f 7393/3799/7409 7391/3798/7410 7390/3801/7411 7392/3800/7412
f 7397/3799/7413 7396/3798/7414 7395/3801/7415 7394/3800/7416
f 7653/3799/7417 7652/3798/7418 7651/3801/7419 7650/3800/7420
f 7269/3799/7421 7268/3798/7422 7267/3801/7423 7266/3800/7424
f 7336/3798/7425 7337/3799/7426 7335/3800/7427 7334/3801/7428
f 7377/3799/7429 7375/3798/7430 7374/3801/7431 7376/3800/7432
f 7128/3798/7433 7129/3799/7434 7127/3800/7435 7126/3801/7436
f 7073/3799/7437 7071/3798/7438 7070/3801/7439 7072/3800/7440
f 7114/3798/7441 7117/3799/7442 7116/3800/7443 7115/3801/7444
f 7080/3798/7445 7081/3799/7446 7079/3800/7447 7078/3801/7448
f 7160/3798/7449 7161/3799/7450 7159/3800/7451 7158/3801/7452
f 7477/3799/7453 7476/3798/7454 7475/3801/7455 7474/3800/7456
f 7281/3799/7457 7279/3798/7458 7278/3801/7459 7280/3800/7460
f 7077/3799/7461 7076/3798/7462 7075/3801/7463 7074/3800/7464
f 7493/3799/7465 7492/3798/7466 7491/3801/7467 7490/3800/7468
f 7717/3799/7469 7716/3798/7470 7715/3801/7471 7714/3800/7472
f 7210/3798/7473 7213/3799/7474 7212/3800/7475 7211/3801/7476
f 7544/3798/7477 7545/3799/7478 7543/3800/7479 7542/3801/7480
f 7720/3798/7481 7721/3799/7482 7719/3800/7483 7718/3801/7484
f 7141/3799/7485 7140/3798/7486 7139/3801/7487 7138/3800/7488
f 7066/3798/7489 7069/3799/7490 7068/3800/7491 7067/3801/7492
f 7514/3798/7493 7517/3799/7494 7516/3800/7495 7515/3801/7496
f 7690/3798/7497 7693/3799/7498 7692/3800/7499 7691/3801/7500
f 7089/3799/7501 7087/3798/7502 7086/3801/7503 7088/3800/7504
f 7781/3799/7505 7780/3798/7506 7779/3801/7507 7778/3800/7508
f 7146/3798/7509 7149/3799/7510 7148/3800/7511 7147/3801/7512
f 7253/3799/7513 7252/3798/7514 7251/3801/7515 7250/3800/7516
f 7473/3799/7517 7471/3798/7518 7470/3801/7519 7472/3800/7520
f 7162/3798/7521 7165/3799/7522 7164/3800/7523 7163/3801/7524
f 7706/3798/7525 7709/3799/7526 7708/3800/7527 7707/3801/7528
f 7409/3799/7529 7407/3798/7530 7406/3801/7531 7408/3800/7532
f 7301/3799/7533 7300/3798/7534 7299/3801/7535 7298/3800/7536
f 7573/3799/7537 7572/3798/7538 7571/3801/7539 7570/3800/7540
f 7173/3799/7541 7172/3798/7542 7171/3801/7543 7170/3800/7544
f 7432/3798/7545 7433/3799/7546 7431/3800/7547 7430/3801/7548
f 7674/3798/7549 7677/3799/7550 7676/3800/7551 7675/3801/7552
f 7665/3799/7553 7663/3798/7554 7662/3801/7555 7664/3800/7556
f 7345/3799/7557 7343/3798/7558 7342/3801/7559 7344/3800/7560
f 7585/3799/7561 7583/3798/7562 7582/3801/7563 7584/3800/7564
f 7624/3798/7565 7625/3799/7566 7623/3800/7567 7622/3801/7568
f 7370/3798/7569 7373/3799/7570 7372/3800/7571 7371/3801/7572
f 7176/3798/7573 7177/3799/7574 7175/3800/7575 7174/3801/7576
f 7418/3798/7577 7421/3799/7578 7420/3800/7579 7419/3801/7580
f 7704/3798/7581 7705/3799/7582 7703/3800/7583 7702/3801/7584
f 7589/3799/7585 7588/3798/7586 7587/3801/7587 7586/3800/7588
f 7642/3798/7589 7645/3799/7590 7644/3800/7591 7643/3801/7592
f 7578/3798/7593 7581/3799/7594 7580/3800/7595 7579/3801/7596
f 7557/3799/7597 7556/3798/7598 7555/3801/7599 7554/3800/7600
f 7368/3798/7601 7369/3799/7602 7367/3800/7603 7366/3801/7604
f 7429/3799/7605 7428/3798/7606 7427/3801/7607 7426/3800/7608
f 7761/3799/7609 7759/3798/7610 7758/3801/7611 7760/3800/7612
f 7521/3799/7613 7519/3798/7614 7518/3801/7615 7520/3800/7616
f 7749/3799/7617 7748/3798/7618 7747/3801/7619 7746/3800/7620
f 7464/3798/7621 7465/3799/7622 7463/3800/7623 7462/3801/7624
f 7320/3798/7625 7321/3799/7626 7319/3800/7627 7318/3801/7628
f 7713/3799/7629 7711/3798/7630 7710/3801/7631 7712/3800/7632
f 7722/3798/7633 7725/3799/7634 7724/3800/7635 7723/3801/7636
f 7610/3798/7637 7613/3799/7638 7612/3800/7639 7611/3801/7640
f 7333/3799/7641 7332/3798/7642 7331/3801/7643 7330/3800/7644
f 7768/3798/7645 7769/3799/7646 7767/3800/7647 7766/3801/7648
f 7633/3799/7649 7631/3798/7650 7630/3801/7651 7632/3800/7652
f 7637/3799/7653 7636/3798/7654 7635/3801/7655 7634/3800/7656
f 7441/3799/7657 7439/3798/7658 7438/3801/7659 7440/3800/7660
f 7605/3799/7661 7604/3798/7662 7603/3801/7663 7602/3800/7664
f 7669/3799/7665 7668/3798/7666 7667/3801/7667 7666/3800/7668
f 7217/3799/7669 7215/3798/7670 7214/3801/7671 7216/3800/7672
f 7505/3799/7673 7503/3798/7674 7502/3801/7675 7504/3800/7676
f 7640/3798/7677 7641/3799/7678 7639/3800/7679 7638/3801/7680
f 7381/3799/7681 7380/3798/7682 7379/3801/7683 7378/3800/7684
f 7205/3799/7685 7204/3798/7686 7203/3801/7687 7202/3800/7688
f 7745/3799/7689 7743/3798/7690 7742/3801/7691 7744/3800/7692
f 7096/3798/7693 7097/3799/7694 7095/3800/7695 7094/3801/7696
f 7601/3799/7697 7599/3798/7698 7598/3801/7699 7600/3800/7700
f 7733/3799/7701 7732/3798/7702 7731/3801/7703 7730/3800/7704
f 7208/3798/7705 7209/3799/7706 7207/3800/7707 7206/3801/7708
f 7402/3798/7709 7405/3799/7710 7404/3800/7711 7403/3801/7712
f 7121/3799/7713 7119/3798/7714 7118/3801/7715 7120/3800/7716
f 7626/3798/7717 7629/3799/7718 7628/3800/7719 7627/3801/7720
f 7594/3798/7721 7597/3799/7722 7596/3800/7723 7595/3801/7724
f 7701/3799/7725 7700/3798/7726 7699/3801/7727 7698/3800/7728
f 7754/3798/7729 7757/3799/7730 7756/3800/7731 7755/3801/7732
f 7656/3798/7733 7657/3799/7734 7655/3800/7735 7654/3801/7736
f 7304/3798/7737 7305/3799/7738 7303/3800/7739 7302/3801/7740
f 7274/3798/7741 7277/3799/7742 7276/3800/7743 7275/3801/7744
f 7144/3798/7745 7145/3799/7746 7143/3800/7747 7142/3801/7748
f 7576/3798/7749 7577/3799/7750 7575/3800/7751 7574/3801/7752
f 7777/3799/7753 7775/3798/7754 7774/3801/7755 7776/3800/7756
f 7445/3799/7757 7444/3798/7758 7443/3801/7759 7442/3800/7760
f 7105/3799/7761 7103/3798/7762 7102/3801/7763 7104/3800/7764
f 7157/3799/7765 7156/3798/7766 7155/3801/7767 7154/3800/7768
f 7729/3799/7769 7727/3798/7770 7726/3801/7771 7728/3800/7772
f 7509/3799/7773 7508/3798/7774 7507/3801/7775 7506/3800/7776
o Tree_1.112
v -21.406452 12.993120 12.482950
v -21.542011 12.636925 10.134304
v -23.174530 10.941972 10.485587
v -23.038973 11.298166 12.834232
v -21.542011 12.636925 10.134304
v -21.406452 12.993120 12.482950
v -23.174530 10.941972 10.485587
v -23.038973 11.298166 12.834232
v -22.230366 10.339961 11.968687
v -23.956024 11.971416 11.820863
v -22.323505 13.666368 11.469582
v -20.597849 12.034916 11.617403
v -23.956024 11.971416 11.820863
v -22.230366 10.339961 11.968687
v -22.323505 13.666368 11.469582
v -20.597849 12.034916 11.617403
v -33.513168 16.415995 9.720299
v -35.535477 15.762933 8.650175
v -36.255661 14.705658 10.656388
v -34.233353 15.358720 11.726513
v -35.535477 15.762933 8.650175
v -33.513168 16.415995 9.720299
v -36.255661 14.705658 10.656388
v -34.233353 15.358720 11.726513
v -34.780876 14.783850 12.726021
v -35.807034 16.812906 13.426969
v -35.086849 17.870180 11.420754
v -34.060696 15.841125 10.719808
v -35.807034 16.812906 13.426969
v -34.780876 14.783850 12.726021
v -35.086849 17.870180 11.420754
v -34.060696 15.841125 10.719808
v -23.767735 12.295804 11.106650
v -23.747841 12.469097 8.733687
v -24.530632 10.228638 8.563507
v -24.550524 10.055344 10.936472
v -23.747841 12.469097 8.733687
v -23.767735 12.295804 11.106650
v -24.530632 10.228638 8.563507
v -24.550524 10.055344 10.936472
v -23.419153 9.733608 9.968145
v -25.665981 10.515714 10.006426
v -24.883190 12.756174 10.176605
v -22.636364 11.974070 10.138325
v -24.630053 10.937172 11.672907
v -22.383224 10.155066 11.634626
v -23.847263 13.177633 11.843086
v -21.600437 12.395529 11.804807
v -36.499832 15.720258 11.828079
v -37.157757 16.668137 9.747202
v -38.301430 14.656727 9.192568
v -37.643505 13.708847 11.273443
v -37.157757 16.668137 9.747202
v -36.499832 15.720258 11.828079
v -38.301430 14.656727 9.192568
v -37.643505 13.708847 11.273443
v -30.206146 14.545028 13.372482
v -32.186180 15.391865 14.384272
v -31.042507 17.403276 14.938906
v -29.062473 16.556438 13.927116
v -26.689602 12.593429 6.243327
v -24.709566 11.746591 5.231537
v -25.545929 14.604839 6.797961
v -23.565895 13.758001 5.786171
v -22.670923 13.521724 12.346001
v -22.528852 13.692413 9.977019
v -23.697542 11.631402 9.758433
v -23.839611 11.460712 12.127415
v -22.528852 13.692413 9.977019
v -22.670923 13.521724 12.346001
v -23.697542 11.631402 9.758433
v -23.839611 11.460712 12.127415
v -23.784863 10.519209 9.532951
v -25.852558 11.695847 9.493731
v -24.683870 13.756859 9.712317
v -22.616173 12.580221 9.751538
v -24.816631 12.117307 11.160212
v -22.748934 10.940668 11.199432
v -23.647943 14.178318 11.378798
v -21.580246 13.001680 11.418019
v -24.646852 12.705555 6.185490
v -25.564198 12.901178 3.998802
v -26.899155 10.970040 4.386074
v -25.981812 10.774419 6.572762
v -25.564198 14.472822 3.998803
v -24.646854 14.277199 6.185490
v -26.899155 12.541685 4.386073
v -25.981812 12.346064 6.572762
v -30.973869 14.534667 13.411888
v -32.716785 15.910830 14.266176
v -31.381828 17.841967 13.878904
v -29.638912 16.465805 13.024615
v -27.259727 12.586432 11.940022
v -25.516811 11.210268 11.085733
v -25.924770 14.517569 11.552750
v -24.181852 13.141406 10.698461
v -25.017965 12.688101 10.450943
v -25.110346 12.716686 8.073544
v -25.945120 10.488571 8.079187
v -25.852741 10.459984 10.456590
v -25.110346 12.716686 8.073544
v -25.017965 12.688101 10.450943
v -25.945120 10.488571 8.079187
v -25.852741 10.459984 10.456590
v -24.776588 10.054266 9.457361
v -27.002798 10.888571 9.553898
v -26.168022 13.116688 9.548250
v -23.941814 12.282383 9.451715
v -25.966871 11.310031 11.220379
v -23.740662 10.475725 11.123842
v -25.132095 13.538147 11.214731
v -22.905888 12.703842 11.118197
v -31.691523 16.534830 11.425352
v -33.312084 15.690873 9.901243
v -34.492901 14.692488 11.709637
v -32.872341 15.536447 13.233743
v -33.312084 15.690873 9.901243
v -31.691523 16.534830 11.425352
v -34.492901 14.692488 11.709637
v -32.872341 15.536447 13.233743
v -31.844160 14.626297 14.160005
v -33.125114 16.614347 14.421160
v -31.944298 17.612732 12.612767
v -30.663343 15.624682 12.351612
v -34.161041 16.192888 12.754678
v -32.880089 14.204838 12.493524
v -32.980225 17.191273 10.946286
v -31.699270 15.203223 10.685131
v -24.200510 13.462214 11.145338
v -25.166668 12.403139 9.246316
v -26.604147 11.155082 10.673689
v -25.637989 12.214156 12.572712
v -26.202595 11.981680 7.579834
v -25.236437 13.040753 9.478856
v -27.640074 10.733623 9.007208
v -26.673916 11.792697 10.906231
v -26.244659 10.505629 10.213148
v -27.876095 12.232505 10.080097
v -26.438620 13.480561 8.652721
v -24.807182 11.753686 8.785772
v -27.876095 12.232505 10.080097
v -26.244659 10.505629 10.213148
v -26.438620 13.480561 8.652721
v -24.807182 11.753686 8.785772
v -32.117950 17.096018 12.009496
v -32.865013 17.200344 9.752860
v -34.175484 15.244294 10.096265
v -33.428417 15.139968 12.352899
v -32.865013 17.200344 9.752860
v -32.117950 17.096018 12.009496
v -34.175484 15.244294 10.096265
v -33.428417 15.139968 12.352899
v -31.771269 14.927812 12.780922
v -33.611366 16.278503 13.452533
v -32.300896 18.234554 13.109129
v -30.460800 16.883862 12.437517
v -33.611366 16.278503 13.452533
v -31.771269 14.927812 12.780922
v -32.300896 18.234554 13.109129
v -30.460800 16.883862 12.437517
v -25.513268 13.678307 9.532898
v -26.489262 12.807173 7.545449
v -27.969370 11.480814 8.853668
v -26.993376 12.351948 10.841116
v -26.489262 12.807173 7.545449
v -25.513268 13.678307 9.532898
v -27.969370 11.480814 8.853668
v -26.993376 12.351948 10.841116
v -26.590347 11.117029 10.045054
v -28.177200 12.889959 10.047218
v -26.697092 14.216319 8.739000
v -25.110237 12.443390 8.736835
v -28.177200 12.889959 10.047218
v -26.590347 11.117029 10.045054
v -26.697092 14.216319 8.739000
v -25.110237 12.443390 8.736835
v -32.220318 17.010515 11.076190
v -33.677471 16.215889 9.371295
v -34.980156 15.086501 11.011073
v -33.523003 15.881125 12.715969
v -33.677471 16.215889 9.371295
v -32.220318 17.010515 11.076190
v -34.980156 15.086501 11.011073
v -33.523003 15.881125 12.715969
v -33.427429 14.594457 11.905711
v -34.784302 16.532095 12.162311
v -33.481613 17.661484 10.522532
v -32.124741 15.723847 10.265932
v -34.784302 16.532095 12.162311
v -33.427429 14.594457 11.905711
v -33.481613 17.661484 10.522532
v -32.124741 15.723847 10.265932
v -32.802086 17.286762 11.435287
v -32.890312 17.962591 9.155625
v -33.861626 15.870140 8.572889
v -33.773399 15.194312 10.852551
v -32.890312 17.962591 9.155625
v -32.802086 17.286762 11.435287
v -33.861626 15.870140 8.572889
v -33.773399 15.194312 10.852551
v -31.687618 15.431601 11.430429
v -33.857906 16.340603 11.783906
v -32.886593 18.433054 12.366644
v -30.716305 17.524052 12.013166
v -33.857906 16.340603 11.783906
v -31.687618 15.431601 11.430429
v -32.886593 18.433054 12.366644
v -30.716305 17.524052 12.013166
v -22.765926 11.339762 11.742031
v -24.811638 12.200868 12.169775
v -23.860157 14.158662 12.778974
v -21.814445 13.297554 12.351231
v -25.847565 11.779409 10.503294
v -23.801853 10.918302 10.075549
v -24.896086 13.737202 11.112493
v -22.850374 12.876095 10.684749
v -22.563528 13.276304 13.589486
v -22.701935 14.007693 11.455170
v -23.653414 12.049899 10.845970
v -23.515007 11.318508 12.980289
v -22.701935 14.007693 11.455170
v -22.563528 13.276304 13.589486
v -23.653414 12.049899 10.845970
v -23.515007 11.318508 12.980289
v -35.139961 16.001547 13.114865
v -36.010174 16.544556 15.129133
v -34.649906 18.346975 15.230903
v -33.779694 17.803967 13.216637
v -36.010174 16.544556 15.129133
v -35.139961 16.001547 13.114865
v -34.649906 18.346975 15.230903
v -33.779694 17.803967 13.216637
v -33.336922 17.395506 14.532680
v -34.918633 18.646835 13.512007
v -36.278900 16.844416 13.410235
v -34.697193 15.593086 14.430909
v -34.918633 18.646835 13.512007
v -33.336922 17.395506 14.532680
v -36.278900 16.844416 13.410235
v -34.697193 15.593086 14.430909
v -31.380768 12.692329 11.597032
v -33.237579 13.784753 12.281339
v -32.310291 15.750246 11.659742
v -30.453485 14.657823 10.975436
v -33.237579 13.784753 12.281339
v -31.380768 12.692329 11.597032
v -32.310291 15.750246 11.659742
v -30.453485 14.657823 10.975436
v -24.255503 12.306795 11.620836
v -25.150940 12.076908 9.558134
v -26.078224 10.111414 10.179729
v -25.182789 10.341303 12.242434
v -25.150940 12.076908 9.558134
v -24.255503 12.306795 11.620836
v -26.078224 10.111414 10.179729
v -25.182789 10.341303 12.242434
v -26.483902 10.127829 7.865542
v -26.921356 11.920268 9.171374
v -26.157507 13.291601 7.544913
v -25.720055 11.499164 6.239080
v -36.211479 18.032232 14.695705
v -35.774029 16.239792 13.389874
v -35.447632 19.403564 13.069244
v -35.010181 17.611128 11.763411
v -33.892498 17.563967 10.943266
v -35.974461 17.690475 10.072160
v -36.738312 16.319139 11.698621
v -34.656349 16.192631 12.569727
v -26.936016 12.279393 6.325860
v -24.854053 12.152884 7.196966
v -27.699867 10.908058 7.952322
v -25.617905 10.781550 8.823428
v -24.119518 12.072297 12.091499
v -25.180500 14.025488 12.502319
v -23.493223 15.151730 11.505285
v -22.432243 13.198539 11.094464
v -25.180500 14.025488 12.502319
v -24.119518 12.072297 12.091499
v -23.493223 15.151730 11.505285
v -22.432243 13.198539 11.094464
v -22.323528 14.060478 12.252089
v -23.389748 13.899151 10.265496
v -25.077023 12.772908 11.262531
v -24.010801 12.934237 13.249124
v -23.389748 13.899151 10.265496
v -22.323528 14.060478 12.252089
v -25.077023 12.772908 11.262531
v -24.010801 12.934237 13.249124
v -36.190773 16.026134 10.205128
v -37.412983 16.795618 11.943948
v -36.129303 18.654438 12.023651
v -34.907093 17.884954 10.284830
v -37.412983 16.795618 11.943948
v -36.190773 16.026134 10.205128
v -36.129303 18.654438 12.023651
v -34.907093 17.884954 10.284830
v -36.907959 15.780456 11.229305
v -38.310734 16.811024 9.787240
v -39.594414 14.952202 9.707538
v -38.191635 13.921634 11.149603
v -26.355324 14.169229 6.861610
v -24.952549 13.138659 8.303675
v -27.639002 12.310407 6.781907
v -26.236227 11.279838 8.223972
v -32.447739 12.847554 10.209705
v -34.561871 12.795796 10.887545
v -34.435440 14.941529 11.445704
v -32.321308 14.993287 10.767866
v -34.561871 12.795796 10.887545
v -32.447739 12.847554 10.209705
v -34.435440 14.941529 11.445704
v -32.321308 14.993287 10.767866
v -32.832985 14.687607 12.058889
v -33.500938 15.257561 10.019114
v -33.627365 13.111828 9.460955
v -32.959412 12.541874 11.500730
v -33.500938 15.257561 10.019114
v -32.832985 14.687607 12.058889
v -33.627365 13.111828 9.460955
v -32.959412 12.541874 11.500730
v -33.352962 16.389807 13.322481
v -33.797329 18.370213 14.223718
v -32.670059 19.366520 12.590215
v -32.225693 17.386112 11.688979
v -33.797329 18.370213 14.223718
v -33.352962 16.389807 13.322481
v -32.670059 19.366520 12.590215
v -32.225693 17.386112 11.688979
v -31.472916 18.112968 12.651789
v -33.333961 18.243582 11.447156
v -34.461231 17.247276 13.080660
v -32.600185 17.116661 14.285292
v -33.333961 18.243582 11.447156
v -31.472916 18.112968 12.651789
v -34.461231 17.247276 13.080660
v -32.600185 17.116661 14.285292
v -33.588848 14.441439 10.489583
v -35.254723 15.661134 11.307446
v -34.121750 17.515472 10.849749
v -32.455872 16.295776 10.031887
v -35.254723 15.661134 11.307446
v -33.588848 14.441439 10.489583
v -34.121750 17.515472 10.849749
v -32.455872 16.295776 10.031887
v -32.655071 16.746696 11.365674
v -33.589375 16.820614 9.352389
v -34.722351 14.966275 9.810087
v -33.788048 14.892358 11.823370
v -33.589375 16.820614 9.352389
v -32.655071 16.746696 11.365674
v -34.722351 14.966275 9.810087
v -33.788048 14.892358 11.823370
v -33.814514 16.097414 13.462723
v -34.347313 18.077484 14.315445
v -33.373962 19.082174 12.590660
v -32.841164 17.102102 11.737939
v -34.347313 18.077484 14.315445
v -33.814514 16.097414 13.462723
v -33.373962 19.082174 12.590660
v -32.841164 17.102102 11.737939
v -25.559954 12.540854 6.159019
v -27.483597 12.500790 5.050108
v -28.456949 11.496101 6.774892
v -26.533304 11.536163 7.883803
v -34.016106 17.874102 11.524572
v -32.092461 17.914164 12.633483
v -34.989456 16.869411 13.249355
v -33.065811 16.909473 14.358267
v -33.624393 15.258647 10.338276
v -35.325924 16.340561 11.268841
v -34.154270 18.226402 11.218641
v -32.452740 17.144489 10.288075
v -35.325924 16.340561 11.268841
v -33.624393 15.258647 10.338276
v -34.154270 18.226402 11.218641
v -32.452740 17.144489 10.288075
v -32.726009 17.351004 11.668174
v -33.540695 17.803503 9.652431
v -34.712349 15.917662 9.702629
v -33.897659 15.465162 11.718373
v -33.540695 17.803503 9.652431
v -32.726009 17.351004 11.668174
v -34.712349 15.917662 9.702629
v -33.897659 15.465162 11.718373
v -33.688580 16.026144 11.711101
v -35.493420 16.353983 12.962809
v -34.510799 18.098948 13.922623
v -32.705959 17.771109 12.670915
v -35.493420 16.353983 12.962809
v -33.688580 16.026144 11.711101
v -34.510799 18.098948 13.922623
v -32.705959 17.771109 12.670915
v -32.967453 17.761253 8.138420
v -33.809299 19.095161 6.575194
v -34.791920 17.350197 5.615380
v -33.950073 16.016287 7.178605
v -37.058353 19.306339 9.313235
v -36.216507 17.972431 10.876463
v -38.040977 17.561373 8.353422
v -37.199131 16.227465 9.916648
v -34.310814 15.934681 11.614159
v -35.168835 17.870575 12.283342
v -33.879169 18.944820 10.829225
v -33.021149 17.008924 10.160043
v -35.168835 17.870575 12.283342
v -34.310814 15.934681 11.614159
v -33.879169 18.944820 10.829225
v -33.021149 17.008924 10.160043
v -32.568703 17.869886 11.197365
v -34.160007 17.696682 9.658067
v -35.449677 16.622437 11.112183
v -33.858368 16.795641 12.651481
v -34.160007 17.696682 9.658067
v -32.568703 17.869886 11.197365
v -35.449677 16.622437 11.112183
v -33.858368 16.795641 12.651481
v -22.214401 12.447218 9.108352
v -22.614628 11.985798 7.118022
v -24.409309 11.095905 7.685212
v -24.009083 11.557324 9.675542
v -22.614628 11.985798 7.118022
v -22.214401 12.447218 9.108352
v -24.409309 11.095905 7.685212
v -24.009083 11.557324 9.675542
v -22.645025 10.881845 10.659233
v -23.621468 12.706587 10.432549
v -21.826786 13.596480 9.865360
v -20.850346 11.771741 10.092042
v -23.621468 12.706587 10.432549
v -22.645025 10.881845 10.659233
v -21.826786 13.596480 9.865360
v -20.850346 11.771741 10.092042
v -36.901081 15.197950 10.846083
v -38.943520 15.199297 10.442432
v -39.263599 13.925420 12.057762
v -37.221161 13.924074 12.461411
v -36.981834 17.797190 12.692550
v -34.939392 17.795843 13.096199
v -37.301910 16.523312 14.307878
v -35.259472 16.521967 14.711529
v -35.953480 15.699137 13.925112
v -36.199417 17.345873 15.175024
v -35.879337 18.619749 13.559695
v -35.633400 16.973013 12.309784
v -26.909290 11.233908 9.650693
v -26.663355 9.587173 8.400782
v -26.589211 12.507785 8.035364
v -26.343277 10.861050 6.785453
v -24.078861 12.819992 9.399551
v -24.328768 12.142174 7.446962
v -25.040859 10.324011 8.169254
v -24.790951 11.001828 10.121844
v -24.328768 12.142174 7.446962
v -24.078861 12.819992 9.399551
v -25.040859 10.324011 8.169254
v -24.790951 11.001828 10.121844
v -23.920738 10.353426 9.347603
v -25.861092 11.107975 9.334014
v -25.148998 12.926139 8.611720
v -23.208647 12.171590 8.625309
v -25.861092 11.107975 9.334014
v -23.920738 10.353426 9.347603
v -25.148998 12.926139 8.611720
v -23.208647 12.171590 8.625309
v -25.691431 13.005942 7.722516
v -27.324394 13.505985 6.531763
v -28.282375 11.749632 7.107949
v -26.649414 11.249588 8.298703
v -33.856899 17.307652 13.006227
v -32.223938 16.807610 14.196980
v -34.814880 15.551298 13.582413
v -33.181919 15.051254 14.773167
v -32.583565 17.894094 13.610931
v -33.449707 18.893934 15.218606
v -32.491726 20.650288 14.642420
v -31.625582 19.650450 13.034745
v -27.735670 11.949525 8.626239
v -26.869526 10.949686 7.018564
v -26.777687 13.705878 8.050053
v -25.911545 12.706040 6.442378
v -22.238903 13.236466 10.029445
v -22.737753 12.733562 8.071707
v -24.427113 11.730119 8.759939
v -23.928261 12.233023 10.717676
v -23.773682 12.312103 6.405226
v -23.274828 12.815006 8.362963
v -25.463039 11.308659 7.093457
v -24.964188 11.811563 9.051194
v -24.608814 10.733663 8.351919
v -25.718639 12.487141 8.184279
v -24.029282 13.490585 7.496048
v -22.919456 11.737108 7.663688
v -25.718639 12.487141 8.184279
v -24.608814 10.733663 8.351919
v -24.029282 13.490585 7.496048
v -22.919456 11.737108 7.663688
v -35.614750 18.481098 10.255846
v -37.294373 18.800995 9.067980
v -38.347435 17.387880 10.176433
v -36.667809 17.067986 11.364300
v -34.084839 18.063854 12.144728
v -32.405212 17.743959 13.332594
v -35.137897 16.650742 13.253181
v -33.458275 16.330845 14.441048
v -33.812153 15.711263 13.314978
v -34.448097 17.206345 14.616824
v -33.395035 18.619459 13.508370
v -32.759094 17.124378 12.206525
v -34.448097 17.206345 14.616824
v -33.812153 15.711263 13.314978
v -33.395035 18.619459 13.508370
v -32.759094 17.124378 12.206525
v -26.136694 11.017333 8.695086
v -26.680359 11.227615 6.799902
v -26.506960 9.270522 6.533007
v -25.963295 9.060239 8.428193
v -26.680359 11.227615 6.799902
v -26.136694 11.017333 8.695086
v -26.506960 9.270522 6.533007
v -25.963295 9.060239 8.428193
v -25.231302 9.263810 7.411005
v -27.130219 9.024893 7.929231
v -27.303617 10.981989 8.196127
v -25.404701 11.220904 7.677900
v -27.130219 9.024893 7.929231
v -25.231302 9.263810 7.411005
v -27.303617 10.981989 8.196127
v -25.404701 11.220904 7.677900
v -32.979984 18.502007 11.832426
v -34.777897 18.863621 11.078588
v -35.609726 18.270048 12.777780
v -33.811813 17.908432 13.531618
v -34.777897 18.863621 11.078588
v -32.979984 18.502007 11.832426
v -35.609726 18.270048 12.777780
v -33.811813 17.908432 13.531618
v -34.573090 17.124582 12.885117
v -34.488869 18.981575 13.575047
v -33.657036 19.575148 11.875854
v -33.741261 17.718155 11.185927
v -34.488869 18.981575 13.575047
v -34.573090 17.124582 12.885117
v -33.657036 19.575148 11.875854
v -33.741261 17.718155 11.185927
v -33.610905 16.037663 9.374114
v -34.365105 16.364666 7.569740
v -34.974289 14.479766 7.482771
v -34.220089 14.152763 9.287148
v -34.365105 16.364666 7.569740
v -33.610905 16.037663 9.374114
v -34.974289 14.479766 7.482771
v -34.220089 14.152763 9.287148
v -33.656956 14.022922 8.156685
v -35.386578 14.544208 8.974111
v -34.777393 16.429106 9.061077
v -33.047771 15.907821 8.243652
v -28.893593 10.216578 8.314437
v -27.163971 9.695293 7.497011
v -28.284409 12.101478 8.401403
v -26.554787 11.580193 7.583979
v -32.921242 20.858496 12.721426
v -34.635517 21.145451 11.767255
v -35.532063 19.872753 12.995245
v -33.817787 19.585796 13.949417
v -35.453987 18.002708 11.649351
v -33.739712 17.715754 12.603522
v -36.350533 16.730011 12.877341
v -34.636257 16.443054 13.831513
v -34.286129 18.954018 12.952703
v -34.720863 20.447140 14.182792
v -33.824322 21.719837 12.954801
v -33.389584 20.226717 11.724715
v -34.720863 20.447140 14.182792
v -34.286129 18.954018 12.952703
v -33.824322 21.719837 12.954801
v -33.389584 20.226717 11.724715
v -32.693085 17.406290 9.195105
v -33.557056 17.665962 7.429419
v -34.816391 16.187248 7.828158
v -33.952419 15.927576 9.593843
v -33.557056 17.665962 7.429419
v -32.693085 17.406290 9.195105
v -34.816391 16.187248 7.828158
v -33.952419 15.927576 9.593843
v -33.665722 15.383855 8.482945
v -34.930298 16.679033 9.292195
v -33.670959 18.157749 8.893456
v -32.406387 16.862570 8.084208
v -28.437309 12.351404 8.632522
v -27.172737 11.056227 7.823273
v -27.177975 13.830120 8.233782
v -25.913401 12.534941 7.424534
v -33.115730 18.223946 12.451654
v -34.455261 18.933922 11.173720
v -35.653324 17.407532 11.581519
v -34.313793 16.697557 12.859453
v -34.455261 18.933922 11.173720
v -33.115730 18.223946 12.451654
v -35.653324 17.407532 11.581519
v -34.313793 16.697557 12.859453
v -34.430729 16.457718 11.618194
v -35.268482 17.505379 13.078366
v -34.070419 19.031765 12.670568
v -33.232666 17.984108 11.210395
v -35.268482 17.505379 13.078366
v -34.430729 16.457718 11.618194
v -34.070419 19.031765 12.670568
v -33.232666 17.984108 11.210395
v -33.700127 17.774818 10.510363
v -34.605007 18.435219 8.874339
v -35.574856 16.713093 8.715602
v -34.669971 16.052692 10.351624
v -34.605007 18.435219 8.874339
v -33.700127 17.774818 10.510363
v -35.574856 16.713093 8.715602
v -34.669971 16.052692 10.351624
v -34.295021 15.952962 9.142746
v -35.768826 16.680744 10.251685
v -34.798981 18.402870 10.410421
v -33.325176 17.675087 9.301483
v -35.768826 16.680744 10.251685
v -34.295021 15.952962 9.142746
v -34.798981 18.402870 10.410421
v -33.325176 17.675087 9.301483
v -22.745525 12.188996 10.551718
v -23.726559 13.704395 9.780731
v -22.034149 14.660126 9.505767
v -21.053116 13.144728 10.276754
v -24.762486 13.282936 8.114250
v -23.781452 11.767537 8.885237
v -23.070076 14.238668 7.839285
v -22.089043 12.723268 8.610272
v -21.527082 14.151955 10.860443
v -21.363976 13.349819 9.076275
v -23.056385 12.394088 9.351240
v -23.219494 13.196224 11.135406
v -21.363976 13.349819 9.076275
v -21.527082 14.151955 10.860443
v -23.056385 12.394088 9.351240
v -23.219494 13.196224 11.135406
v -34.195995 16.712002 13.303169
v -35.061733 17.608660 14.819675
v -34.164886 19.287352 14.339109
v -33.299152 18.390694 12.822603
v -35.061733 17.608660 14.819675
v -34.195995 16.712002 13.303169
v -34.164886 19.287352 14.339109
v -33.299152 18.390694 12.822603
v -34.638664 18.257792 15.452301
v -36.155060 18.738707 14.302279
v -37.051907 17.060015 14.782846
v -35.535511 16.579098 15.932866
v -34.403645 18.989815 12.854195
v -32.887249 18.508900 14.004216
v -35.300488 17.311123 13.334762
v -33.784092 16.830208 14.484781
v -24.734989 10.674068 9.729630
v -26.519089 11.135173 9.053131
v -25.785120 12.754622 8.221292
v -24.001020 12.293517 8.897789
v -26.519089 11.135173 9.053131
v -24.734989 10.674068 9.729630
v -25.785120 12.754622 8.221292
v -24.001020 12.293517 8.897789
v -24.896015 12.982451 9.449332
v -24.533306 11.973468 7.805048
v -25.267275 10.354018 8.636888
v -25.629982 11.363002 10.281172
v -24.533306 10.014591 7.805048
v -24.896015 11.023576 9.449332
v -25.267275 8.395142 8.636888
v -25.629982 9.404126 10.281172
v -34.918289 17.440807 13.096300
v -35.762962 18.972284 13.987587
v -35.450108 20.073038 12.392674
v -34.605438 18.541561 11.501389
v -35.762962 18.972284 13.987587
v -34.918289 17.440807 13.096300
v -35.450108 20.073038 12.392674
v -34.605438 18.541561 11.501389
v -36.032936 16.828381 9.966656
v -37.777050 16.284140 9.248918
v -38.089905 15.183385 10.843829
v -36.345791 15.727626 11.561566
v -36.633835 15.739289 11.381131
v -34.889717 16.283531 12.098868
v -36.946686 14.638535 12.976043
v -35.202572 15.182776 13.693779
v -23.227676 12.057694 9.379266
v -24.872639 12.839130 8.646643
v -24.280815 14.621217 9.218645
v -22.635851 13.839782 9.951267
v -25.908566 12.417670 6.980162
v -24.263601 11.636234 7.712784
v -25.316742 14.199759 7.552163
v -23.671778 13.418323 8.284786
v -24.776173 13.601670 8.856226
v -23.883354 13.860125 7.127248
v -24.475178 12.078035 6.555248
v -25.367994 11.819582 8.284224
v -22.847427 14.281583 8.793730
v -23.740244 14.023130 10.522708
v -23.439251 12.499495 8.221729
v -24.332069 12.241042 9.950705
v -25.800356 9.115940 6.300968
v -26.563204 10.673748 7.219976
v -25.749405 11.860115 5.884482
v -24.986557 10.302305 4.965475
v -36.038723 20.249544 13.327620
v -35.275875 18.691734 12.408611
v -35.224922 21.435909 11.992126
v -34.462074 19.878101 11.073117
v -33.707901 19.869341 10.216124
v -35.323166 19.731342 9.109253
v -36.136967 18.544975 10.444748
v -34.521702 18.682976 11.551619
v -36.141636 16.588600 8.991349
v -34.526371 16.726599 10.098221
v -36.955437 15.402234 10.326844
v -35.340172 15.540234 11.433715
vn 0.5035 0.4528 0.7358
vn 0.5443 0.4110 0.7314
vn 0.3657 0.4470 0.8164
vn 0.2443 0.4608 0.8532
vn -0.2549 0.8627 0.4367
vn -0.1896 0.8706 0.4540
vn -0.3576 0.8580 0.3688
vn -0.4812 0.8080 0.3401
vn -0.3040 0.7665 -0.5657
vn -0.3670 0.7165 -0.5933
vn -0.5080 0.7599 -0.4056
vn -0.4092 0.8051 -0.4294
vn 0.7337 0.6502 0.1973
vn 0.7638 0.6416 0.0700
vn 0.6899 0.7011 0.1804
vn 0.6489 0.6934 0.3133
vn 0.9103 0.1320 -0.3923
vn 0.7116 0.0551 -0.7004
vn 0.7929 0.0692 -0.6055
vn 0.9096 0.0984 -0.4037
vn 0.8548 0.1957 0.4806
vn 0.8479 0.1693 0.5024
vn 0.6875 0.2123 0.6944
vn 0.5742 0.2279 0.7863
vn 0.6551 0.5973 0.4626
vn 0.7506 0.5491 0.3676
vn 0.6621 0.5972 0.4528
vn 0.5664 0.6131 0.5507
vn -0.2607 0.5100 -0.8198
vn -0.0569 0.4889 -0.8705
vn 0.0232 0.3481 -0.9372
vn -0.2492 0.3806 -0.8905
vn -0.3047 0.9373 -0.1691
vn -0.2095 0.9577 -0.1974
vn -0.2534 0.9113 -0.3245
vn -0.3546 0.8775 -0.3230
vn 0.7144 0.4010 -0.5734
vn 0.6224 0.3684 -0.6906
vn 0.7085 0.4100 -0.5744
vn 0.7957 0.4051 -0.4502
vn -0.0988 0.1981 -0.9752
vn 0.1484 0.1210 -0.9815
vn 0.1863 0.0194 -0.9823
vn -0.2435 0.1386 -0.9600
vn -0.4175 0.7073 -0.5705
vn -0.3566 0.6514 -0.6698
vn -0.4060 0.6178 -0.6734
vn -0.4811 0.6842 -0.5481
vn -0.5850 0.4838 -0.6510
vn -0.6596 0.5455 -0.5171
vn -0.7265 0.5524 -0.4087
vn -0.6523 0.5324 -0.5395
vn -0.3501 0.8343 -0.4259
vn -0.4304 0.7715 -0.4685
vn -0.5541 0.8069 -0.2046
vn -0.4382 0.8652 -0.2436
vn -0.2687 0.9446 -0.1888
vn -0.1568 0.9647 -0.2114
vn -0.1973 0.9183 -0.3434
vn -0.3113 0.8851 -0.3460
vn 0.9563 0.2544 -0.1443
vn 0.9310 0.2148 -0.2950
vn 0.8733 0.0354 -0.4860
vn 0.9242 0.1660 -0.3438
vn 0.5670 0.7201 0.3999
vn 0.4006 0.7998 0.4470
vn 0.2577 0.8228 0.5066
vn 0.4742 0.7733 0.4208
vn 0.9846 0.1154 -0.1311
vn 0.9570 0.1006 -0.2721
vn 0.8890 -0.0573 -0.4544
vn 0.9487 0.0345 -0.3144
vn 0.8691 -0.2635 -0.4185
vn 0.9173 -0.2311 -0.3241
vn 0.6112 -0.3979 -0.6842
vn 0.6938 -0.3589 -0.6243
vn -0.7055 0.6986 -0.1190
vn -0.6722 0.7368 0.0731
vn -0.6095 0.7773 0.1560
vn -0.6405 0.7679 -0.0110
vn 0.8989 -0.3477 -0.2667
vn 0.6162 -0.4029 -0.6767
vn 0.7279 -0.3431 -0.5937
vn 0.8870 -0.3088 -0.3432
vn -0.1797 0.4159 -0.8915
vn -0.2560 0.4215 -0.8699
vn -0.5552 0.3998 -0.7293
vn -0.3916 0.4516 -0.8017
vn 0.4129 0.6499 0.6381
vn 0.4884 0.6140 0.6201
vn 0.2648 0.6468 0.7152
vn 0.0882 0.6038 0.7923
vn 0.2734 -0.2147 -0.9376
vn 0.3519 -0.1948 -0.9156
vn -0.1841 -0.2507 -0.9504
vn -0.0200 -0.2354 -0.9717
vn 0.9163 -0.3770 -0.1352
vn 0.8942 -0.4220 -0.1493
vn 0.6769 -0.5536 -0.4851
vn 0.8013 -0.4698 -0.3704
vn 0.6539 0.1855 0.7335
vn 0.3696 0.3048 0.8778
vn 0.2090 0.2869 0.9349
vn 0.7435 0.0642 0.6656
vn -0.5687 0.7921 -0.2216
vn -0.5152 0.8467 -0.1325
vn -0.5364 0.7919 -0.2918
vn -0.5972 0.7007 -0.3904
vn -0.2824 0.1865 -0.9410
vn -0.1177 0.1069 -0.9873
vn -0.2105 0.1569 -0.9649
vn -0.4241 0.2080 -0.8814
vn -0.5506 0.2044 -0.8094
vn -0.4045 0.1096 -0.9079
vn -0.5137 0.2083 -0.8323
vn -0.6838 0.2477 -0.6864
vn 0.5456 0.0731 -0.8349
vn 0.4760 0.0899 -0.8748
vn 0.3185 0.0520 -0.9465
vn 0.4180 0.0649 -0.9061
vn 0.6227 0.2951 -0.7247
vn 0.3899 0.2565 -0.8844
vn 0.5248 0.2725 -0.8064
vn 0.6878 0.2545 -0.6798
vn 0.9272 0.3054 0.2168
vn 0.8126 0.4054 0.4187
vn 0.7383 0.4495 0.5029
vn 0.9407 0.3012 0.1561
vn -0.4719 0.2226 -0.8531
vn -0.3284 0.1379 -0.9344
vn -0.4268 0.2127 -0.8790
vn -0.6005 0.2578 -0.7569
vn -0.6263 0.6190 -0.4740
vn -0.6092 0.5658 -0.5556
vn -0.6538 0.6059 -0.4532
vn -0.6687 0.6431 -0.3731
vn -0.3221 0.9162 0.2382
vn -0.1535 0.9331 0.3254
vn -0.1659 0.9643 0.2065
vn -0.3013 0.9445 0.1308
vn -0.9039 0.4159 -0.0997
vn -0.7829 0.5640 0.2626
vn -0.7701 0.5428 0.3352
vn -0.8513 0.5178 0.0850
vn 0.9647 0.1965 -0.1755
vn 0.7054 0.0796 -0.7043
vn 0.8109 0.1227 -0.5722
vn 0.9395 0.1713 -0.2966
vn 0.7875 0.4994 0.3612
vn 0.8622 0.4447 0.2424
vn 0.7997 0.4910 0.3454
vn 0.7247 0.5109 0.4623
vn 0.3948 0.7374 0.5480
vn 0.1019 0.8245 0.5566
vn -0.0895 0.8243 0.5591
vn 0.5043 0.6870 0.5232
vn -0.6465 0.7515 0.1314
vn -0.6109 0.7626 0.2128
vn -0.6935 0.7170 0.0706
vn -0.7545 0.6558 -0.0265
vn 0.3208 0.5031 0.8025
vn 0.0084 0.5897 0.8076
vn -0.1751 0.5891 0.7888
vn 0.4335 0.4437 0.7843
vn -0.5921 0.8032 0.0654
vn -0.4830 0.8330 0.2700
vn -0.4313 0.8689 0.2427
vn -0.5119 0.8541 0.0919
vn 0.6667 -0.3177 -0.6742
vn 0.7970 -0.2938 -0.5277
vn 0.1802 -0.4938 -0.8507
vn 0.3637 -0.4160 -0.8335
vn 0.8420 -0.3003 -0.4481
vn 0.9110 -0.2679 -0.3136
vn 0.5364 -0.4603 -0.7073
vn 0.6336 -0.4062 -0.6584
vn -0.4124 0.9027 -0.1226
vn -0.3364 0.9162 -0.2176
vn -0.4156 0.8295 -0.3732
vn -0.5232 0.7813 -0.3403
vn -0.2761 0.9384 0.2079
vn -0.1473 0.9422 0.3010
vn -0.1247 0.9657 0.2279
vn -0.2294 0.9614 0.1517
vn 0.0097 0.6228 -0.7823
vn 0.1541 0.5719 -0.8057
vn 0.1229 0.4897 -0.8632
vn -0.0588 0.5532 -0.8310
vn 0.8380 0.4839 0.2524
vn 0.8939 0.4364 0.1020
vn 0.8305 0.4933 0.2585
vn 0.7643 0.4895 0.4198
vn -0.2950 0.9555 0.0046
vn -0.2385 0.9644 -0.1145
vn -0.3631 0.9014 -0.2358
vn -0.4619 0.8730 -0.1567
vn 0.9443 0.2135 -0.2504
vn 0.9019 0.1843 -0.3906
vn 0.8488 0.0913 -0.5208
vn 0.9030 0.1646 -0.3968
vn 0.9355 -0.3114 -0.1673
vn 0.9306 -0.3247 -0.1686
vn 0.7399 -0.4649 -0.4863
vn 0.8311 -0.4009 -0.3854
vn -0.5994 0.7939 0.1019
vn -0.5068 0.8180 0.2720
vn -0.4531 0.8433 0.2890
vn -0.5255 0.8368 0.1536
vn -0.5262 0.8099 0.2591
vn -0.4713 0.8200 0.3249
vn -0.5541 0.8008 0.2272
vn -0.6236 0.7655 0.1583
vn 0.7179 0.6709 0.1858
vn 0.5823 0.7657 0.2732
vn 0.4594 0.7971 0.3920
vn 0.6154 0.7402 0.2710
vn -0.3188 0.9478 -0.0085
vn -0.2593 0.9602 -0.1043
vn -0.3651 0.9025 -0.2283
vn -0.4587 0.8717 -0.1726
vn -0.4850 0.8702 0.0871
vn -0.4087 0.9038 0.1268
vn -0.5062 0.8622 -0.0194
vn -0.6101 0.7880 -0.0819
vn 0.9101 0.2948 -0.2911
vn 0.8319 0.1791 -0.5252
vn 0.9004 0.2343 -0.3666
vn 0.9499 0.2674 -0.1619
vn 0.5811 0.4955 0.6456
vn 0.3688 0.5829 0.7240
vn 0.2294 0.6170 0.7528
vn 0.5800 0.5241 0.6237
vn -0.6345 0.7646 -0.1131
vn -0.5893 0.8079 0.0070
vn -0.6250 0.7694 -0.1318
vn -0.6775 0.6947 -0.2416
vn 0.7600 -0.0169 0.6496
vn 0.6928 0.0368 0.7202
vn 0.4610 0.0822 0.8836
vn 0.3718 0.0606 0.9263
vn 0.2603 0.1664 -0.9511
vn 0.1172 0.1961 -0.9736
vn 0.0206 0.1855 -0.9824
vn 0.1521 0.1830 -0.9713
vn -0.1447 0.9367 0.3188
vn -0.0912 0.9544 0.2844
vn -0.2237 0.9503 0.2164
vn -0.3126 0.9203 0.2353
vn -0.1576 0.9717 0.1762
vn -0.0187 0.9641 0.2648
vn 0.0272 0.9844 0.1739
vn -0.0887 0.9910 0.1005
vn -0.1892 0.4854 -0.8536
vn -0.0428 0.4119 -0.9102
vn -0.0952 0.3572 -0.9292
vn -0.2923 0.4472 -0.8453
vn 0.4456 0.6295 0.6365
vn 0.5951 0.5697 0.5668
vn 0.4705 0.6149 0.6329
vn 0.3282 0.6277 0.7059
vn 0.9650 0.0770 0.2508
vn 0.9457 0.0652 0.3184
vn 0.8096 0.1000 0.5785
vn 0.6914 0.1015 0.7153
vn 0.4885 -0.1206 -0.8642
vn 0.4517 -0.0888 -0.8878
vn 0.1790 -0.1430 -0.9734
vn 0.3017 -0.1370 -0.9435
vn -0.0409 0.2862 -0.9573
vn 0.0772 0.2194 -0.9726
vn -0.0667 0.2515 -0.9656
vn -0.1825 0.2966 -0.9374
vn 0.9487 -0.1722 -0.2652
vn 0.9715 -0.1304 -0.1979
vn 0.7521 -0.3270 -0.5722
vn 0.8272 -0.2821 -0.4860
vn 0.6201 0.4219 0.6614
vn 0.4214 0.4990 0.7573
vn 0.3771 0.5279 0.7610
vn 0.6897 0.3935 0.6079
vn 0.5170 0.1119 -0.8486
vn 0.4526 0.1303 -0.8822
vn 0.1975 0.0514 -0.9790
vn 0.3343 0.0931 -0.9379
vn -0.6346 0.5460 -0.5470
vn -0.6913 0.6063 -0.3931
vn -0.7687 0.6012 -0.2182
vn -0.7006 0.6011 -0.3845
vn -0.6461 0.7378 -0.1956
vn -0.6140 0.7830 -0.0990
vn -0.6491 0.7048 -0.2862
vn -0.7024 0.5877 -0.4016
vn 0.9409 0.2729 0.2007
vn 0.9853 0.1700 0.0188
vn 0.9670 0.2146 0.1374
vn 0.9176 0.2700 0.2918
vn 0.0171 0.4834 -0.8752
vn 0.2165 0.4230 -0.8799
vn 0.2091 0.2972 -0.9317
vn -0.0742 0.3818 -0.9213
vn -0.2879 0.9542 0.0813
vn -0.1666 0.9656 0.1999
vn -0.1109 0.9870 0.1160
vn -0.2106 0.9774 0.0181
vn -0.0904 0.2775 -0.9565
vn 0.0309 0.2147 -0.9762
vn -0.0917 0.2465 -0.9648
vn -0.2212 0.2889 -0.9315
vn 0.7344 0.2721 0.6218
vn 0.5821 0.3459 0.7359
vn 0.5414 0.3708 0.7546
vn 0.7660 0.2627 0.5866
vn -0.7930 0.5201 -0.3174
vn -0.7588 0.4195 -0.4982
vn -0.7837 0.4665 -0.4101
vn -0.8291 0.5386 -0.1501
vn -0.3550 0.9344 -0.0307
vn -0.2644 0.9554 0.1315
vn -0.1706 0.9831 0.0662
vn -0.2460 0.9670 -0.0657
vn 0.9641 -0.1566 -0.2146
vn 0.9900 -0.0993 -0.1002
vn 0.7648 -0.3462 -0.5434
vn 0.8420 -0.2904 -0.4546
vn -0.3880 0.9109 0.1406
vn -0.3315 0.9304 0.1565
vn -0.4030 0.9132 0.0604
vn -0.4731 0.8805 0.0310
vn -0.1340 0.8222 -0.5532
vn -0.1765 0.7544 -0.6323
vn -0.3325 0.7841 -0.5240
vn -0.2590 0.8460 -0.4661
vn -0.2714 0.6746 -0.6865
vn -0.1775 0.6288 -0.7571
vn -0.2080 0.5774 -0.7896
vn -0.3241 0.6339 -0.7022
vn 0.7498 0.5681 0.3392
vn 0.8014 0.5386 0.2601
vn 0.7301 0.5836 0.3555
vn 0.6687 0.5935 0.4480
vn -0.3958 0.9133 -0.0965
vn -0.3244 0.9308 -0.1685
vn -0.3998 0.8616 -0.3128
vn -0.4971 0.8175 -0.2910
vn 0.8048 0.5934 -0.0135
vn 0.6840 0.7168 0.1353
vn 0.5801 0.7504 0.3168
vn 0.7243 0.6816 0.1039
vn -0.6906 0.4579 -0.5599
vn -0.7676 0.6076 -0.2039
vn -0.6704 0.6624 -0.3345
vn -0.6179 0.5590 -0.5529
vn -0.5360 0.5317 -0.6557
vn -0.6098 0.5811 -0.5390
vn -0.6705 0.5969 -0.4406
vn -0.5967 0.5792 -0.5554
vn 0.6259 -0.4178 -0.6585
vn 0.2488 -0.3970 -0.8835
vn 0.3480 -0.3648 -0.8636
vn 0.5815 -0.3774 -0.7207
vn 0.6660 0.4354 0.6057
vn 0.5276 0.4994 0.6872
vn 0.4398 0.5348 0.7215
vn 0.6337 0.4758 0.6100
vn 0.3642 0.3369 0.8683
vn 0.1050 0.4162 0.9032
vn -0.0249 0.4221 0.9062
vn 0.4086 0.3067 0.8597
vn -0.1962 0.9202 0.3388
vn 0.0236 0.9011 0.4330
vn 0.0419 0.9495 0.3110
vn -0.1246 0.9631 0.2387
vn -0.1299 0.6535 -0.7457
vn -0.0856 0.5432 -0.8352
vn -0.4396 0.5346 -0.7217
vn -0.3566 0.6479 -0.6731
vn -0.1684 0.7018 -0.6922
vn -0.0130 0.6360 -0.7716
vn -0.0660 0.5256 -0.8482
vn -0.2684 0.6113 -0.7445
vn -0.4567 0.8668 -0.2004
vn -0.3587 0.9154 -0.1828
vn -0.3955 0.8492 -0.3499
vn -0.4989 0.7656 -0.4061
vn 0.8559 0.2235 -0.4664
vn 0.7533 0.1829 -0.6317
vn 0.6591 0.0970 -0.7458
vn 0.7632 0.1877 -0.6183
vn 0.0299 0.3333 -0.9424
vn 0.1988 0.2510 -0.9474
vn 0.1016 0.2143 -0.9715
vn -0.1172 0.3013 -0.9463
vn -0.2450 0.5125 -0.8230
vn -0.0983 0.4309 -0.8970
vn -0.1579 0.3670 -0.9167
vn -0.3572 0.4698 -0.8073
vn 0.8173 -0.3474 -0.4597
vn 0.5146 -0.3762 -0.7705
vn 0.5826 -0.3429 -0.7369
vn 0.7724 -0.3251 -0.5456
vn 0.0768 0.6640 -0.7438
vn 0.0181 0.5963 -0.8025
vn -0.1861 0.6271 -0.7564
vn -0.0860 0.6943 -0.7145
vn 0.3809 0.6347 0.6723
vn 0.1481 0.7180 0.6801
vn -0.0506 0.7375 0.6735
vn 0.3031 0.7071 0.6389
vn 0.4472 0.6727 0.5895
vn 0.2992 0.7319 0.6122
vn 0.1343 0.7630 0.6323
vn 0.2844 0.7560 0.5895
vn 0.6531 0.1877 -0.7337
vn 0.3069 0.1759 -0.9354
vn 0.4362 0.1748 -0.8827
vn 0.6404 0.1563 -0.7520
vn 0.8983 0.0395 -0.4376
vn 0.8528 0.0516 -0.5197
vn 0.6985 -0.0869 -0.7103
vn 0.7959 -0.0249 -0.6049
vn -0.5477 0.6495 -0.5274
vn -0.4663 0.5722 -0.6747
vn -0.5122 0.5100 -0.6911
vn -0.6268 0.6143 -0.4793
vn -0.4185 0.7924 0.4438
vn -0.1823 0.7792 0.5996
vn -0.1530 0.8121 0.5630
vn -0.3145 0.8332 0.4549
vn 0.2710 0.5104 0.8161
vn 0.0099 0.5862 0.8101
vn -0.1628 0.5986 0.7844
vn 0.2828 0.5237 0.8036
vn 0.9863 -0.0913 -0.1374
vn 0.9705 -0.0824 -0.2267
vn 0.8087 -0.2985 -0.5069
vn 0.9108 -0.2016 -0.3604
vn 0.9603 0.2123 -0.1810
vn 0.9546 0.2433 -0.1718
vn 0.8388 -0.0881 -0.5372
vn 0.9067 0.0659 -0.4165
vn -0.0257 0.8278 0.5604
vn 0.1080 0.8099 0.5766
vn 0.0087 0.8319 0.5548
vn -0.1145 0.8295 0.5466
vn -0.2111 0.9657 0.1514
vn -0.1858 0.9826 -0.0075
vn -0.3720 0.9222 -0.1057
vn -0.4749 0.8800 0.0122
vn 0.7422 -0.1979 -0.6403
vn 0.4865 -0.1994 -0.8506
vn 0.5141 -0.2053 -0.8328
vn 0.6879 -0.2012 -0.6974
vn 0.8595 0.0269 -0.5104
vn 0.7993 0.0407 -0.5996
vn 0.6172 -0.1035 -0.7799
vn 0.7358 -0.0353 -0.6763
vn 0.6837 0.6773 0.2715
vn 0.5460 0.7621 0.3479
vn 0.4227 0.7909 0.4425
vn 0.5876 0.7381 0.3317
vn -0.4390 0.4284 -0.7898
vn -0.5358 0.4811 -0.6939
vn -0.6267 0.4934 -0.6032
vn -0.5294 0.4755 -0.7026
vn 0.9559 0.2350 -0.1762
vn 0.9318 0.2128 -0.2941
vn 0.8622 0.0285 -0.5057
vn 0.9163 0.1458 -0.3730
vn 0.8488 0.3745 0.3732
vn 0.8705 0.3349 0.3605
vn 0.7469 0.3784 0.5468
vn 0.6476 0.3818 0.6595
vn -0.1839 0.5004 -0.8461
vn -0.2508 0.4930 -0.8331
vn -0.4444 0.5184 -0.7306
vn -0.3326 0.5422 -0.7716
vn 0.5062 0.3644 -0.7817
vn 0.2033 0.3422 -0.9174
vn 0.3787 0.3602 -0.8526
vn 0.5830 0.3143 -0.7493
vn 0.9070 0.3704 0.2005
vn 0.8207 0.4506 0.3513
vn 0.7467 0.4927 0.4469
vn 0.8760 0.4251 0.2278
vn 0.3482 0.5470 0.7612
vn 0.0611 0.6290 0.7750
vn -0.1003 0.6422 0.7599
vn 0.4394 0.5158 0.7354
vn -0.1915 0.9668 0.1694
vn -0.0395 0.9649 0.2598
vn -0.0026 0.9878 0.1557
vn -0.1273 0.9886 0.0804
vn 0.7664 0.2118 -0.6064
vn 0.7113 0.2026 -0.6730
vn 0.6132 0.1572 -0.7741
vn 0.6831 0.1923 -0.7046
vn -0.2515 0.8808 0.4011
vn -0.1844 0.8876 0.4222
vn -0.2940 0.8872 0.3555
vn -0.3817 0.8633 0.3301
vn -0.2035 0.4173 -0.8857
vn -0.3449 0.4586 -0.8190
vn -0.4530 0.4729 -0.7557
vn -0.3188 0.4668 -0.8249
vn -0.8650 0.4970 -0.0686
vn -0.8461 0.5183 0.1247
vn -0.9057 0.4099 -0.1081
vn -0.9224 0.2520 -0.2927
vn -0.2559 0.5696 -0.7811
vn -0.1201 0.5209 -0.8452
vn -0.1228 0.4469 -0.8861
vn -0.3030 0.5134 -0.8029
vn 0.5825 0.3657 0.7259
vn 0.4262 0.3932 0.8147
vn 0.1101 0.3856 0.9161
vn -0.0672 0.3501 0.9343
vn -0.0137 0.4473 -0.8943
vn 0.1800 0.3864 -0.9046
vn 0.1723 0.2782 -0.9449
vn -0.1061 0.3629 -0.9258
vn 0.7786 0.5392 0.3210
vn 0.8504 0.4900 0.1914
vn 0.7868 0.5414 0.2963
vn 0.7156 0.5565 0.4221
vn -0.3054 0.8425 -0.4437
vn -0.3192 0.8942 -0.3137
vn -0.2261 0.9162 -0.3309
vn -0.2129 0.8709 -0.4428
vn 0.4884 0.4939 0.7194
vn 0.1912 0.5623 0.8045
vn 0.2386 0.5777 0.7806
vn 0.6918 0.3584 0.6269
vn 0.8065 -0.0432 -0.5897
vn 0.7627 -0.0287 -0.6461
vn 0.6255 -0.0958 -0.7743
vn 0.7047 -0.0770 -0.7054
vn 0.7756 0.5605 -0.2903
vn 0.8045 0.4455 -0.3927
vn 0.7240 0.3566 -0.5904
vn 0.7213 0.5029 -0.4764
vn 0.4665 0.6824 0.5628
vn 0.3228 0.7407 0.5892
vn 0.1753 0.7694 0.6142
vn 0.3336 0.7527 0.5675
vn -0.5037 0.7467 0.4345
vn -0.3151 0.7524 0.5785
vn -0.2430 0.7561 0.6077
vn -0.3844 0.7803 0.4934
vn 0.6929 -0.4144 -0.5900
vn 0.3008 -0.4115 -0.8603
vn 0.3766 -0.3687 -0.8499
vn 0.6189 -0.3717 -0.6919
vn 0.4309 0.5379 -0.7246
vn 0.3941 0.4925 -0.7759
vn 0.2661 0.5002 -0.8240
vn 0.3212 0.5497 -0.7711
vn -0.6306 0.7606 -0.1541
vn -0.6065 0.7751 -0.1771
vn -0.6545 0.6433 -0.3973
vn -0.7218 0.4920 -0.4869
vn 0.8196 -0.1887 -0.5410
vn 0.5436 -0.1876 -0.8181
vn 0.4929 -0.1977 -0.8473
vn 0.7019 -0.1810 -0.6889
vn -0.7330 0.6376 0.2370
vn -0.6362 0.6837 0.3575
vn -0.5514 0.6760 0.4889
vn -0.6430 0.6762 0.3597
vn -0.7049 0.7093 -0.0049
vn -0.5636 0.7657 0.3100
vn -0.5098 0.8306 0.2243
vn -0.6025 0.7978 0.0200
vn -0.4545 0.6604 -0.5978
vn -0.4990 0.6422 -0.5818
vn -0.6458 0.6762 -0.3546
vn -0.5566 0.7053 -0.4390
vn -0.0806 0.8547 0.5128
vn -0.0104 0.8757 0.4827
vn -0.2520 0.8667 0.4304
vn -0.4306 0.7777 0.4580
vn 0.8347 0.2935 -0.4661
vn 0.7996 0.2682 -0.5373
vn 0.6997 0.1895 -0.6888
vn 0.7570 0.2544 -0.6019
vn 0.6402 -0.2647 -0.7212
vn 0.1220 -0.2145 -0.9691
vn 0.2405 -0.1960 -0.9506
vn 0.5273 -0.2219 -0.8202
vn -0.5306 0.6740 -0.5140
vn -0.5857 0.7097 -0.3916
vn -0.5649 0.7553 -0.3322
vn -0.5187 0.7317 -0.4422
vn -0.0762 0.9447 0.3190
vn -0.0323 0.9622 0.2706
vn -0.1661 0.9622 0.2157
vn -0.2451 0.9365 0.2508
vn 0.9212 0.3728 0.1117
vn 0.8557 0.4474 0.2599
vn 0.7942 0.4872 0.3632
vn 0.8887 0.4310 0.1565
vn -0.1349 0.6011 -0.7877
vn -0.1918 0.5714 -0.7979
vn -0.3559 0.6087 -0.7091
vn -0.2643 0.6403 -0.7212
vn 0.9373 0.3471 0.0302
vn 0.9094 0.3938 0.1340
vn 0.8640 0.4363 0.2511
vn 0.8942 0.4226 0.1477
vn 0.9050 0.2242 0.3617
vn 0.8056 0.2996 0.5111
vn 0.7528 0.3368 0.5656
vn 0.9063 0.2415 0.3467
vn -0.5061 0.8618 0.0340
vn -0.4413 0.8945 0.0715
vn -0.5201 0.8509 -0.0739
vn -0.6081 0.7820 -0.1368
vn 0.0187 0.9418 0.3358
vn 0.0143 0.9739 0.2266
vn -0.1810 0.9635 0.1974
vn -0.2558 0.9211 0.2936
vn -0.6103 0.5969 -0.5209
vn -0.5607 0.5251 -0.6402
vn -0.6065 0.5336 -0.5895
vn -0.6686 0.6034 -0.4346
vn 0.8025 0.5432 -0.2470
vn 0.6879 0.4280 -0.5861
vn 0.7357 0.5344 -0.4161
vn 0.8135 0.5540 -0.1769
vn 0.5616 0.7506 0.3481
vn 0.3811 0.8386 0.3892
vn 0.2251 0.8587 0.4604
vn 0.4635 0.8019 0.3770
vn -0.7229 0.3059 -0.6196
vn -0.7852 0.3900 -0.4810
vn -0.8761 0.3781 -0.2991
vn -0.8116 0.3555 -0.4636
vn -0.7314 0.2786 -0.6224
vn -0.6052 0.1542 -0.7810
vn -0.6900 0.2691 -0.6720
vn -0.8414 0.3209 -0.4349
vn 0.0976 0.9858 0.1369
vn 0.1382 0.9888 0.0557
vn 0.0317 0.9992 0.0227
vn -0.0225 0.9951 0.0966
vn 0.7857 0.4400 0.4349
vn 0.9535 0.2501 -0.1681
vn 0.9572 0.2830 -0.0601
vn 0.8830 0.4090 0.2302
vn -0.2931 0.1148 -0.9492
vn -0.1044 0.0264 -0.9942
vn -0.2029 0.0947 -0.9746
vn -0.4564 0.1421 -0.8783
vn 0.4833 0.5679 0.6663
vn 0.5469 0.5253 0.6519
vn 0.3719 0.5628 0.7382
vn 0.2395 0.5642 0.7902
vn -0.6321 0.7709 0.0783
vn -0.5298 0.8129 0.2419
vn -0.6219 0.7779 0.0904
vn -0.7256 0.6872 -0.0361
vn 0.4098 -0.1626 -0.8976
vn 0.3864 -0.1329 -0.9127
vn 0.0944 -0.1711 -0.9807
vn 0.2122 -0.1723 -0.9619
vn 0.1796 -0.4871 -0.8547
vn 0.1268 -0.5186 -0.8456
vn -0.1899 -0.4790 -0.8570
vn -0.0490 -0.4651 -0.8839
vn 0.8478 -0.1979 0.4921
vn 0.9299 -0.3438 0.1306
vn 0.9495 -0.2794 0.1429
vn 0.9049 -0.1851 0.3834
vn -0.3902 0.5566 0.7335
vn -0.3187 0.5335 0.7835
vn -0.4765 0.5226 0.7070
vn -0.5826 0.5052 0.6367
vn -0.2516 0.5502 -0.7962
vn -0.1591 0.4936 -0.8550
vn -0.2125 0.4731 -0.8550
vn -0.3246 0.5353 -0.7798
vn -0.4269 0.6903 0.5842
vn -0.1629 0.6839 0.7112
vn -0.0794 0.6729 0.7355
vn -0.2663 0.7218 0.6388
vn 0.2079 0.3733 0.9041
vn 0.2574 0.3406 0.9043
vn 0.0006 0.3590 0.9333
vn -0.1843 0.3395 0.9224
vn 0.0905 0.4852 -0.8697
vn 0.2542 0.4220 -0.8702
vn 0.2077 0.3404 -0.9171
vn -0.0081 0.4193 -0.9078
vn -0.5581 0.5944 -0.5789
vn -0.4951 0.5201 -0.6959
vn -0.5471 0.5159 -0.6592
vn -0.6271 0.5938 -0.5041
vn -0.5609 0.4535 -0.6926
vn -0.6149 0.4975 -0.6119
vn -0.7025 0.5139 -0.4924
vn -0.6372 0.4963 -0.5896
vn 0.8589 0.1850 -0.4775
vn 0.7079 0.1154 -0.6968
vn 0.7887 0.1334 -0.6002
vn 0.8884 0.1543 -0.4324
vn -0.6564 0.7150 -0.2409
vn -0.6250 0.7728 -0.1105
vn -0.6537 0.6937 -0.3025
vn -0.7040 0.5643 -0.4312
vn 0.6556 0.4532 0.6040
vn 0.4381 0.5532 0.7085
vn 0.2860 0.5902 0.7549
vn 0.6608 0.4775 0.5791
vn 0.3180 0.0816 -0.9446
vn 0.2545 0.1305 -0.9582
vn -0.1725 -0.0169 -0.9849
vn 0.0443 0.0617 -0.9971
vn 0.8771 0.4399 -0.1927
vn 0.8409 0.5412 -0.0014
vn 0.8033 0.5697 0.1733
vn 0.8535 0.5091 -0.1107
vt 0.303320 0.730331
vt 0.547464 0.730331
vt 0.547464 0.974475
vt 0.303320 0.974475
s 1
usemtl Leaves
f 8154/3802/7777 8157/3803/7778 8156/3804/7779 8155/3805/7780
f 8257/3803/7781 8255/3802/7782 8254/3805/7783 8256/3804/7784
f 8081/3803/7785 8079/3802/7786 8078/3805/7787 8080/3804/7788
f 8458/3802/7789 8461/3803/7790 8460/3804/7791 8459/3805/7792
f 8133/3803/7793 8132/3802/7794 8131/3805/7795 8130/3804/7796
f 8074/3802/7797 8077/3803/7798 8076/3804/7799 8075/3805/7800
f 8186/3802/7801 8189/3803/7802 8188/3804/7803 8187/3805/7804
f 8312/3802/7805 8313/3803/7806 8311/3804/7807 8310/3805/7808
f 8273/3803/7809 8271/3802/7810 8270/3805/7811 8272/3804/7812
f 8181/3803/7813 8180/3802/7814 8179/3805/7815 8178/3804/7816
f 8248/3802/7817 8249/3803/7818 8247/3804/7819 8246/3805/7820
f 8392/3802/7821 8393/3803/7822 8391/3804/7823 8390/3805/7824
f 8145/3803/7825 8143/3802/7826 8142/3805/7827 8144/3804/7828
f 8017/3803/7829 8015/3802/7830 8014/3805/7831 8016/3804/7832
f 8209/3803/7833 8207/3802/7834 8206/3805/7835 8208/3804/7836
f 7818/3802/7837 7821/3803/7838 7820/3804/7839 7819/3805/7840
f 7957/3803/7841 7956/3802/7842 7955/3805/7843 7954/3804/7844
f 7850/3802/7845 7853/3803/7846 7852/3804/7847 7851/3805/7848
f 7962/3802/7849 7965/3803/7850 7964/3804/7851 7963/3805/7852
f 8008/3802/7853 8009/3803/7854 8007/3804/7855 8006/3805/7856
f 8069/3803/7857 8068/3802/7858 8067/3805/7859 8066/3804/7860
f 8033/3803/7861 8031/3802/7862 8030/3805/7863 8032/3804/7864
f 8026/3802/7865 8029/3803/7866 8028/3804/7867 8027/3805/7868
f 8218/3802/7869 8221/3803/7870 8220/3804/7871 8219/3805/7872
f 8202/3802/7873 8205/3803/7874 8204/3804/7875 8203/3805/7876
f 7845/3803/7877 7844/3802/7878 7843/3805/7879 7842/3804/7880
f 7857/3803/7881 7855/3802/7882 7854/3805/7883 7856/3804/7884
f 7960/3802/7885 7961/3803/7886 7959/3804/7887 7958/3805/7888
f 7912/3802/7889 7913/3803/7890 7911/3804/7891 7910/3805/7892
f 8378/3802/7893 8381/3803/7894 8380/3804/7895 8379/3805/7896
f 8085/3803/7897 8084/3802/7898 8083/3805/7899 8082/3804/7900
f 8261/3803/7901 8260/3802/7902 8259/3805/7903 8258/3804/7904
f 7976/3802/7905 7977/3803/7906 7975/3804/7907 7974/3805/7908
f 8328/3802/7909 8329/3803/7910 8327/3804/7911 8326/3805/7912
f 8472/3802/7913 8473/3803/7914 8471/3804/7915 8470/3805/7916
f 8104/3802/7917 8105/3803/7918 8103/3804/7919 8102/3805/7920
f 8037/3803/7921 8036/3802/7922 8035/3805/7923 8034/3804/7924
f 8106/3802/7925 8109/3803/7926 8108/3804/7927 8107/3805/7928
f 8245/3803/7929 8244/3802/7930 8243/3805/7931 8242/3804/7932
f 8337/3803/7933 8335/3802/7934 8334/3805/7935 8336/3804/7936
f 7829/3803/7937 7828/3802/7938 7827/3805/7939 7826/3804/7940
f 8136/3802/7941 8137/3803/7942 8135/3804/7943 8134/3805/7944
f 7802/3802/7945 7805/3803/7946 7804/3804/7947 7803/3805/7948
f 7898/3802/7949 7901/3803/7950 7900/3804/7951 7899/3805/7952
f 7921/3803/7953 7919/3802/7954 7918/3805/7955 7920/3804/7956
f 8504/3802/7957 8505/3803/7958 8503/3804/7959 8502/3805/7960
f 7992/3802/7961 7993/3803/7962 7991/3804/7963 7990/3805/7964
f 8042/3802/7965 8045/3803/7966 8044/3804/7967 8043/3805/7968
f 7905/3803/7969 7903/3802/7970 7902/3805/7971 7904/3804/7972
f 7978/3802/7973 7981/3803/7974 7980/3804/7975 7979/3805/7976
f 8266/3802/7977 8269/3803/7978 8268/3804/7979 8267/3805/7980
f 8168/3802/7981 8169/3803/7982 8167/3804/7983 8166/3805/7984
f 8401/3803/7985 8399/3802/7986 8398/3805/7987 8400/3804/7988
f 7909/3803/7989 7908/3802/7990 7907/3805/7991 7906/3804/7992
f 7969/3803/7993 7967/3802/7994 7966/3805/7995 7968/3804/7996
f 7873/3803/7997 7871/3802/7998 7870/3805/7999 7872/3804/8000
f 8005/3803/8001 8004/3802/8002 8003/3805/8003 8002/3804/8004
f 7941/3803/8005 7940/3802/8006 7939/3805/8007 7938/3804/8008
f 7985/3803/8009 7983/3802/8010 7982/3805/8011 7984/3804/8012
f 8170/3802/8013 8173/3803/8014 8172/3804/8015 8171/3805/8016
f 8417/3803/8017 8415/3802/8018 8414/3805/8019 8416/3804/8020
f 8289/3803/8021 8287/3802/8022 8286/3805/8023 8288/3804/8024
f 8120/3802/8025 8121/3803/8026 8119/3804/8027 8118/3805/8028
f 7944/3802/8029 7945/3803/8030 7943/3804/8031 7942/3805/8032
f 8058/3802/8033 8061/3803/8034 8060/3804/8035 8059/3805/8036
f 8010/3802/8037 8013/3803/8038 8012/3804/8039 8011/3805/8040
f 8282/3802/8041 8285/3803/8042 8284/3804/8043 8283/3805/8044
f 8216/3802/8045 8217/3803/8046 8215/3804/8047 8214/3805/8048
f 7946/3802/8049 7949/3803/8050 7948/3804/8051 7947/3805/8052
f 8341/3803/8053 8340/3802/8054 8339/3805/8055 8338/3804/8056
f 8250/3802/8057 8253/3803/8058 8252/3804/8059 8251/3805/8060
f 8049/3803/8061 8047/3802/8062 8046/3805/8063 8048/3804/8064
f 7889/3803/8065 7887/3802/8066 7886/3805/8067 7888/3804/8068
f 8485/3803/8069 8484/3802/8070 8483/3805/8071 8482/3804/8072
f 7832/3802/8073 7833/3803/8074 7831/3804/8075 7830/3805/8076
f 8200/3802/8077 8201/3803/8078 8199/3804/8079 8198/3805/8080
f 8280/3802/8081 8281/3803/8082 8279/3804/8083 8278/3805/8084
f 8405/3803/8085 8404/3802/8086 8403/3805/8087 8402/3804/8088
f 8232/3802/8089 8233/3803/8090 8231/3804/8091 8230/3805/8092
f 8072/3802/8093 8073/3803/8094 8071/3804/8095 8070/3805/8096
f 7914/3802/8097 7917/3803/8098 7916/3804/8099 7915/3805/8100
f 8369/3803/8101 8367/3802/8102 8366/3805/8103 8368/3804/8104
f 8177/3803/8105 8175/3802/8106 8174/3805/8107 8176/3804/8108
f 8408/3802/8109 8409/3803/8110 8407/3804/8111 8406/3805/8112
f 8490/3802/8113 8493/3803/8114 8492/3804/8115 8491/3805/8116
f 7953/3803/8117 7951/3802/8118 7950/3805/8119 7952/3804/8120
f 7813/3803/8121 7812/3802/8122 7811/3805/8123 7810/3804/8124
f 8456/3802/8125 8457/3803/8126 8455/3804/8127 8454/3805/8128
f 8113/3803/8129 8111/3802/8130 8110/3805/8131 8112/3804/8132
f 8117/3803/8133 8116/3802/8134 8115/3805/8135 8114/3804/8136
f 8373/3803/8137 8372/3802/8138 8371/3805/8139 8370/3804/8140
f 7989/3803/8141 7988/3802/8142 7987/3805/8143 7986/3804/8144
f 8056/3802/8145 8057/3803/8146 8055/3804/8147 8054/3805/8148
f 8097/3803/8149 8095/3802/8150 8094/3805/8151 8096/3804/8152
f 7848/3802/8153 7849/3803/8154 7847/3804/8155 7846/3805/8156
f 7793/3803/8157 7791/3802/8158 7790/3805/8159 7792/3804/8160
f 7834/3802/8161 7837/3803/8162 7836/3804/8163 7835/3805/8164
f 7800/3802/8165 7801/3803/8166 7799/3804/8167 7798/3805/8168
f 7880/3802/8169 7881/3803/8170 7879/3804/8171 7878/3805/8172
f 8197/3803/8173 8196/3802/8174 8195/3805/8175 8194/3804/8176
f 8001/3803/8177 7999/3802/8178 7998/3805/8179 8000/3804/8180
f 7797/3803/8181 7796/3802/8182 7795/3805/8183 7794/3804/8184
f 8213/3803/8185 8212/3802/8186 8211/3805/8187 8210/3804/8188
f 8437/3803/8189 8436/3802/8190 8435/3805/8191 8434/3804/8192
f 7930/3802/8193 7933/3803/8194 7932/3804/8195 7931/3805/8196
f 8264/3802/8197 8265/3803/8198 8263/3804/8199 8262/3805/8200
f 8440/3802/8201 8441/3803/8202 8439/3804/8203 8438/3805/8204
f 7861/3803/8205 7860/3802/8206 7859/3805/8207 7858/3804/8208
f 7786/3802/8209 7789/3803/8210 7788/3804/8211 7787/3805/8212
f 8234/3802/8213 8237/3803/8214 8236/3804/8215 8235/3805/8216
f 8410/3802/8217 8413/3803/8218 8412/3804/8219 8411/3805/8220
f 7809/3803/8221 7807/3802/8222 7806/3805/8223 7808/3804/8224
f 8501/3803/8225 8500/3802/8226 8499/3805/8227 8498/3804/8228
f 7866/3802/8229 7869/3803/8230 7868/3804/8231 7867/3805/8232
f 7973/3803/8233 7972/3802/8234 7971/3805/8235 7970/3804/8236
f 8193/3803/8237 8191/3802/8238 8190/3805/8239 8192/3804/8240
f 7882/3802/8241 7885/3803/8242 7884/3804/8243 7883/3805/8244
f 8426/3802/8245 8429/3803/8246 8428/3804/8247 8427/3805/8248
f 8129/3803/8249 8127/3802/8250 8126/3805/8251 8128/3804/8252
f 8021/3803/8253 8020/3802/8254 8019/3805/8255 8018/3804/8256
f 8293/3803/8257 8292/3802/8258 8291/3805/8259 8290/3804/8260
f 7893/3803/8261 7892/3802/8262 7891/3805/8263 7890/3804/8264
f 8152/3802/8265 8153/3803/8266 8151/3804/8267 8150/3805/8268
f 8394/3802/8269 8397/3803/8270 8396/3804/8271 8395/3805/8272
f 8385/3803/8273 8383/3802/8274 8382/3805/8275 8384/3804/8276
f 8065/3803/8277 8063/3802/8278 8062/3805/8279 8064/3804/8280
f 8305/3803/8281 8303/3802/8282 8302/3805/8283 8304/3804/8284
f 8344/3802/8285 8345/3803/8286 8343/3804/8287 8342/3805/8288
f 8090/3802/8289 8093/3803/8290 8092/3804/8291 8091/3805/8292
f 7896/3802/8293 7897/3803/8294 7895/3804/8295 7894/3805/8296
f 8138/3802/8297 8141/3803/8298 8140/3804/8299 8139/3805/8300
f 8424/3802/8301 8425/3803/8302 8423/3804/8303 8422/3805/8304
f 8309/3803/8305 8308/3802/8306 8307/3805/8307 8306/3804/8308
f 8362/3802/8309 8365/3803/8310 8364/3804/8311 8363/3805/8312
f 8298/3802/8313 8301/3803/8314 8300/3804/8315 8299/3805/8316
f 8277/3803/8317 8276/3802/8318 8275/3805/8319 8274/3804/8320
f 8088/3802/8321 8089/3803/8322 8087/3804/8323 8086/3805/8324
f 8149/3803/8325 8148/3802/8326 8147/3805/8327 8146/3804/8328
f 8481/3803/8329 8479/3802/8330 8478/3805/8331 8480/3804/8332
f 8241/3803/8333 8239/3802/8334 8238/3805/8335 8240/3804/8336
f 8469/3803/8337 8468/3802/8338 8467/3805/8339 8466/3804/8340
f 8184/3802/8341 8185/3803/8342 8183/3804/8343 8182/3805/8344
f 8040/3802/8345 8041/3803/8346 8039/3804/8347 8038/3805/8348
f 8433/3803/8349 8431/3802/8350 8430/3805/8351 8432/3804/8352
f 8442/3802/8353 8445/3803/8354 8444/3804/8355 8443/3805/8356
f 8330/3802/8357 8333/3803/8358 8332/3804/8359 8331/3805/8360
f 8053/3803/8361 8052/3802/8362 8051/3805/8363 8050/3804/8364
f 8488/3802/8365 8489/3803/8366 8487/3804/8367 8486/3805/8368
f 8353/3803/8369 8351/3802/8370 8350/3805/8371 8352/3804/8372
f 8357/3803/8373 8356/3802/8374 8355/3805/8375 8354/3804/8376
f 8161/3803/8377 8159/3802/8378 8158/3805/8379 8160/3804/8380
f 8325/3803/8381 8324/3802/8382 8323/3805/8383 8322/3804/8384
f 8389/3803/8385 8388/3802/8386 8387/3805/8387 8386/3804/8388
f 7937/3803/8389 7935/3802/8390 7934/3805/8391 7936/3804/8392
f 8225/3803/8393 8223/3802/8394 8222/3805/8395 8224/3804/8396
f 8360/3802/8397 8361/3803/8398 8359/3804/8399 8358/3805/8400
f 8101/3803/8401 8100/3802/8402 8099/3805/8403 8098/3804/8404
f 7925/3803/8405 7924/3802/8406 7923/3805/8407 7922/3804/8408
f 8465/3803/8409 8463/3802/8410 8462/3805/8411 8464/3804/8412
f 7816/3802/8413 7817/3803/8414 7815/3804/8415 7814/3805/8416
f 8321/3803/8417 8319/3802/8418 8318/3805/8419 8320/3804/8420
f 8453/3803/8421 8452/3802/8422 8451/3805/8423 8450/3804/8424
f 7928/3802/8425 7929/3803/8426 7927/3804/8427 7926/3805/8428
f 8122/3802/8429 8125/3803/8430 8124/3804/8431 8123/3805/8432
f 7841/3803/8433 7839/3802/8434 7838/3805/8435 7840/3804/8436
f 8346/3802/8437 8349/3803/8438 8348/3804/8439 8347/3805/8440
f 8314/3802/8441 8317/3803/8442 8316/3804/8443 8315/3805/8444
f 8421/3803/8445 8420/3802/8446 8419/3805/8447 8418/3804/8448
f 8474/3802/8449 8477/3803/8450 8476/3804/8451 8475/3805/8452
f 8376/3802/8453 8377/3803/8454 8375/3804/8455 8374/3805/8456
f 8024/3802/8457 8025/3803/8458 8023/3804/8459 8022/3805/8460
f 7994/3802/8461 7997/3803/8462 7996/3804/8463 7995/3805/8464
f 7864/3802/8465 7865/3803/8466 7863/3804/8467 7862/3805/8468
f 8296/3802/8469 8297/3803/8470 8295/3804/8471 8294/3805/8472
f 8497/3803/8473 8495/3802/8474 8494/3805/8475 8496/3804/8476
f 8165/3803/8477 8164/3802/8478 8163/3805/8479 8162/3804/8480
f 7825/3803/8481 7823/3802/8482 7822/3805/8483 7824/3804/8484
f 7877/3803/8485 7876/3802/8486 7875/3805/8487 7874/3804/8488
f 8449/3803/8489 8447/3802/8490 8446/3805/8491 8448/3804/8492
f 8229/3803/8493 8228/3802/8494 8227/3805/8495 8226/3804/8496
o Tree_1.113
v -39.041588 20.880716 4.305697
v -36.841408 20.078424 3.885070
v -37.663937 18.771973 2.074542
v -39.864117 19.574265 2.495167
v -36.841408 20.078424 3.885070
v -39.041588 20.880716 4.305697
v -37.663937 18.771973 2.074542
v -39.864117 19.574265 2.495167
v -39.173809 18.343554 3.069623
v -38.794277 20.163141 1.584212
v -37.971752 21.469593 3.394741
v -38.351280 19.650005 4.880151
v -38.794277 20.163141 1.584212
v -39.173809 18.343554 3.069623
v -37.971752 21.469593 3.394741
v -38.351280 19.650005 4.880151
v -35.982662 21.574774 -1.495843
v -35.221699 21.046280 -3.687421
v -37.454346 20.549059 -4.342743
v -38.215309 21.077553 -2.151166
v -35.221699 21.046280 -3.687421
v -35.982662 21.574774 -1.495843
v -37.454346 20.549059 -4.342743
v -38.215309 21.077553 -2.151166
v -39.351070 20.813293 -2.670294
v -39.663490 23.079313 -3.325221
v -37.430843 23.576534 -2.669899
v -37.118423 21.310514 -2.014972
v -39.663490 23.079313 -3.325221
v -39.351070 20.813293 -2.670294
v -37.430843 23.576534 -2.669899
v -37.118423 21.310514 -2.014972
v -38.015438 20.300728 1.743133
v -35.665878 19.980268 1.547534
v -36.040668 17.905518 0.444666
v -38.390228 18.225975 0.640265
v -35.665878 19.980268 1.547534
v -38.015438 20.300728 1.743133
v -36.040668 17.905518 0.444666
v -38.390228 18.225975 0.640265
v -37.439392 17.537859 1.611645
v -37.461414 18.657722 -0.487595
v -37.086624 20.732475 0.615274
v -37.064602 19.612614 2.714514
v -38.921234 19.240837 0.760136
v -38.899212 18.120975 2.859376
v -38.546444 21.315592 1.863004
v -38.524422 20.195728 3.962244
v -36.783878 20.454853 -1.358950
v -34.597130 21.049845 -2.083864
v -34.572662 19.175089 -3.548813
v -36.759411 18.580095 -2.823899
v -34.597130 21.049845 -2.083864
v -36.783878 20.454853 -1.358950
v -34.572662 19.175089 -3.548813
v -36.759411 18.580095 -2.823899
v -39.717583 19.988668 1.867192
v -40.655087 21.327570 0.138084
v -40.679554 23.202326 1.603032
v -39.742050 21.863424 3.332140
v -33.416454 20.058527 -1.583804
v -32.478951 18.719625 0.145304
v -33.440922 21.933285 -0.118856
v -32.503414 20.594383 1.610252
v -38.880444 21.564018 3.120711
v -36.526920 21.222471 3.045483
v -36.842155 19.372412 1.582851
v -39.195679 19.713959 1.658080
v -36.526920 21.222471 3.045483
v -38.880444 21.564018 3.120711
v -36.842155 19.372412 1.582851
v -39.195679 19.713959 1.658080
v -36.870178 18.265869 1.317866
v -36.718719 19.722582 -0.557350
v -36.403484 21.572639 0.905282
v -36.554943 20.115929 2.780498
v -38.178539 20.305696 0.690381
v -38.330002 18.848984 2.565597
v -37.863304 22.155754 2.153012
v -38.014767 20.699043 4.028228
v -32.853851 21.349014 0.658821
v -30.745316 21.236908 -0.437947
v -31.633709 19.662441 -1.984943
v -33.742245 19.774549 -0.888174
v -30.745316 21.236908 -0.437947
v -32.853851 21.349014 0.658821
v -31.633709 19.662441 -1.984943
v -33.742245 19.774549 -0.888174
v -39.811035 20.108541 1.113563
v -40.463894 21.888954 -0.323548
v -39.575500 23.463421 1.223446
v -38.922638 21.683008 2.660558
v -39.004074 21.305840 -1.571279
v -38.351212 19.525425 -0.134167
v -38.115681 22.880306 -0.024284
v -37.462818 21.099894 1.412828
v -37.377808 20.744143 0.500661
v -35.063084 20.300810 0.173708
v -35.609970 18.282146 -0.960881
v -37.924694 18.725475 -0.633929
v -35.063084 20.300810 0.173708
v -37.377808 20.744143 0.500661
v -35.609970 18.282146 -0.960881
v -37.924694 18.725475 -0.633929
v -36.965809 17.958689 0.268150
v -37.031799 19.137602 -1.797570
v -36.484909 21.156267 -0.662981
v -36.418922 19.977354 1.402739
v -38.491619 19.720716 -0.549839
v -38.425632 18.541803 1.515880
v -37.944733 21.739382 0.584750
v -37.878746 20.560469 2.650469
v -37.491699 21.748756 0.487149
v -36.302505 20.879379 -1.381378
v -38.361443 20.471735 -2.502087
v -39.550636 21.341114 -0.633561
v -36.302505 20.879379 -1.381378
v -37.491699 21.748756 0.487149
v -38.361443 20.471735 -2.502087
v -39.550636 21.341114 -0.633561
v -40.579464 20.487970 0.344778
v -40.490097 22.664986 -0.611260
v -38.431164 23.072628 0.509450
v -38.520527 20.895615 1.465488
v -39.030277 22.081869 -1.858990
v -39.119640 19.904856 -0.902952
v -36.971340 22.489513 -0.738281
v -37.060703 20.312498 0.217757
v -37.829548 21.504023 1.484622
v -36.276989 20.246420 0.192575
v -38.036819 19.560505 -1.254458
v -39.589378 20.818108 0.037589
v -34.817169 19.663305 -1.055155
v -36.369724 20.920906 0.236891
v -36.576996 18.977390 -2.502188
v -38.129555 20.234993 -1.210141
v -37.704712 18.782038 -1.038101
v -37.312355 20.681866 -2.415816
v -35.552525 21.367779 -0.968786
v -35.944878 19.467953 0.408930
v -37.312355 20.681866 -2.415816
v -37.704712 18.782038 -1.038101
v -35.552525 21.367779 -0.968786
v -35.944878 19.467953 0.408930
v -37.967937 22.477833 0.204939
v -35.799404 22.236225 -0.744001
v -36.648811 20.624847 -2.274803
v -38.817341 20.866453 -1.325862
v -35.799404 22.236225 -0.744001
v -37.967937 22.477833 0.204939
v -36.648811 20.624847 -2.274803
v -38.817341 20.866453 -1.325862
v -39.166145 20.485968 0.319715
v -39.653355 22.219885 -1.235131
v -38.803951 23.831264 0.295671
v -38.316742 22.097347 1.850516
v -39.653355 22.219885 -1.235131
v -39.166145 20.485968 0.319715
v -38.803951 23.831264 0.295671
v -38.316742 22.097347 1.850516
v -36.302921 21.591732 0.059242
v -34.624119 20.499174 -1.225022
v -36.287868 19.720049 -2.737067
v -37.966671 20.812607 -1.452805
v -34.624119 20.499174 -1.225022
v -36.302921 21.591732 0.059242
v -36.287868 19.720049 -2.737067
v -37.966671 20.812607 -1.452805
v -37.432034 19.393154 -1.309667
v -37.158264 21.358011 -2.623353
v -35.494514 22.137138 -1.111307
v -35.768284 20.172281 0.202380
v -37.158264 21.358011 -2.623353
v -37.432034 19.393154 -1.309667
v -35.494514 22.137138 -1.111307
v -35.768284 20.172281 0.202380
v -37.084793 22.220848 -0.002106
v -35.697609 21.336266 -1.721005
v -37.629204 20.786976 -2.997168
v -39.016392 21.671558 -1.278270
v -35.697609 21.336266 -1.721005
v -37.084793 22.220848 -0.002106
v -37.629204 20.786976 -2.997168
v -39.016392 21.671558 -1.278270
v -38.500332 20.248009 -1.446651
v -38.422707 22.387444 -2.485006
v -36.491108 22.936733 -1.208842
v -36.568733 20.797298 -0.170487
v -38.422707 22.387444 -2.485006
v -38.500332 20.248009 -1.446651
v -36.491108 22.936733 -1.208842
v -36.568733 20.797298 -0.170487
v -37.414482 22.653366 -0.500055
v -35.054062 22.854557 -0.722138
v -35.007969 20.868425 -2.031543
v -37.368393 20.667236 -1.809459
v -35.054062 22.854557 -0.722138
v -37.414482 22.653366 -0.500055
v -35.007969 20.868425 -2.031543
v -37.368393 20.667236 -1.809459
v -37.735996 20.683487 0.336545
v -38.032093 21.978165 -1.637669
v -38.078186 23.964296 -0.328265
v -37.782085 22.669621 1.645951
v -38.032093 21.978165 -1.637669
v -37.735996 20.683487 0.336545
v -38.078186 23.964296 -0.328265
v -37.782085 22.669621 1.645951
v -38.772816 19.348022 2.659689
v -39.143059 20.591833 0.808945
v -39.245525 22.456442 2.082572
v -38.875286 21.212631 3.933318
v -37.683235 20.008718 -0.438785
v -37.312996 18.764908 1.411959
v -37.785706 21.873327 0.834842
v -37.415462 20.629517 2.685587
v -40.137138 21.563900 3.317535
v -37.909626 21.856411 3.068505
v -37.807156 19.991802 1.794877
v -40.034672 19.699291 2.043906
v -37.909626 21.856411 3.068505
v -40.137138 21.563900 3.317535
v -37.807156 19.991802 1.794877
v -40.034672 19.699291 2.043906
v -39.489918 22.125959 -2.813673
v -41.393150 23.200014 -3.391171
v -41.007153 24.746019 -1.787964
v -39.103920 23.671963 -1.210463
v -41.393150 23.200014 -3.391171
v -39.489918 22.125959 -2.813673
v -41.007153 24.746019 -1.787964
v -39.103920 23.671963 -1.210463
v -40.443596 23.475950 -0.698897
v -39.286831 24.727219 -2.184029
v -39.672829 23.181215 -3.787238
v -40.829594 21.929947 -2.302107
v -39.286831 24.727219 -2.184029
v -40.443596 23.475950 -0.698897
v -39.672829 23.181215 -3.787238
v -40.829594 21.929947 -2.302107
v -38.472065 18.022774 0.270823
v -39.028881 19.512457 -1.335479
v -37.932919 21.136942 -0.208839
v -37.376102 19.647259 1.397461
v -39.028881 19.512457 -1.335479
v -38.472065 18.022774 0.270823
v -37.932919 21.136942 -0.208839
v -37.376102 19.647259 1.397461
v -38.547279 20.493776 1.316164
v -36.650379 19.992487 0.193720
v -37.746342 18.368000 -0.932920
v -39.643242 18.869291 0.189525
v -36.650379 19.992487 0.193720
v -38.547279 20.493776 1.316164
v -37.746342 18.368000 -0.932920
v -39.643242 18.869291 0.189525
v -33.773426 15.980086 -2.503398
v -34.685703 18.047674 -2.550673
v -32.751602 18.918903 -1.769896
v -31.839325 16.851318 -1.722621
v -40.661854 24.580477 -3.424234
v -39.749580 22.512890 -3.376959
v -38.727757 25.451706 -2.643457
v -37.815479 23.384121 -2.596182
v -36.950230 22.993675 -1.584760
v -36.217834 23.268341 -3.705502
v -38.151936 22.397110 -4.486280
v -38.884331 22.122446 -2.365538
v -31.838036 17.815685 -2.801902
v -32.570435 17.541019 -0.681159
v -33.772137 16.944454 -3.582680
v -34.504536 16.669788 -1.461937
v -39.047138 20.341816 1.464669
v -39.095936 22.480818 0.735500
v -37.764393 23.097322 2.454895
v -37.715595 20.958321 3.184063
v -39.095936 22.480818 0.735500
v -39.047138 20.341816 1.464669
v -37.764393 23.097322 2.454895
v -37.715595 20.958321 3.184063
v -38.648079 22.010128 3.529065
v -36.822151 21.617714 2.255725
v -38.153694 21.001209 0.536331
v -39.979622 21.393623 1.809672
v -36.822151 21.617714 2.255725
v -38.648079 22.010128 3.529065
v -38.153694 21.001209 0.536331
v -39.979622 21.393623 1.809672
v -36.723682 21.722126 -4.138907
v -38.333748 23.014547 -5.059091
v -37.919281 24.622681 -3.525623
v -36.309216 23.330259 -2.605440
v -38.333748 23.014547 -5.059091
v -36.723682 21.722126 -4.138907
v -37.919281 24.622681 -3.525623
v -36.309216 23.330259 -2.605440
v -36.215866 20.455463 -1.812912
v -34.684425 21.379015 -3.195351
v -35.098888 19.770882 -4.728820
v -36.630329 18.847328 -3.346379
v -33.343773 23.030148 -0.770699
v -34.875210 22.106594 0.611741
v -33.758236 21.422014 -2.304167
v -35.289677 20.498461 -0.921726
v -37.160938 18.058662 -0.898300
v -37.977676 18.482616 -2.919414
v -38.046406 20.649273 -2.437154
v -37.229668 20.225319 -0.416041
v -37.977676 18.482616 -2.919414
v -37.160938 18.058662 -0.898300
v -38.046406 20.649273 -2.437154
v -37.229668 20.225319 -0.416041
v -38.588341 20.274942 -0.832622
v -36.524387 20.514858 -1.616350
v -36.455658 18.348202 -2.098608
v -38.519611 18.108286 -1.314881
v -36.524387 20.514858 -1.616350
v -38.588341 20.274942 -0.832622
v -36.455658 18.348202 -2.098608
v -38.519611 18.108286 -1.314881
v -39.484768 22.259829 -0.978116
v -39.962738 24.427441 -1.046640
v -38.078228 24.877296 0.038691
v -37.600258 22.709684 0.107214
v -39.962738 24.427441 -1.046640
v -39.484768 22.259829 -0.978116
v -38.078228 24.877296 0.038691
v -37.600258 22.709684 0.107214
v -38.328068 23.489006 1.047929
v -37.254822 23.664454 -0.888319
v -39.139332 23.214598 -1.973649
v -40.212578 23.039150 -0.037401
v -37.254822 23.664454 -0.888319
v -38.328068 23.489006 1.047929
v -39.139332 23.214598 -1.973649
v -40.212578 23.039150 -0.037401
v -37.165791 19.836557 -1.770081
v -37.811871 21.446161 -3.156967
v -36.885483 22.964111 -1.826806
v -36.239407 21.354507 -0.439919
v -37.811871 21.446161 -3.156967
v -37.165791 19.836557 -1.770081
v -36.885483 22.964111 -1.826806
v -36.239407 21.354507 -0.439919
v -37.453884 22.094130 -0.438141
v -35.541794 21.902569 -1.551205
v -36.468178 20.384619 -2.881366
v -38.380268 20.576180 -1.768304
v -35.541794 21.902569 -1.551205
v -37.453884 22.094130 -0.438141
v -36.468178 20.384619 -2.881366
v -38.380268 20.576180 -1.768304
v -39.716591 22.079277 -1.459624
v -40.153481 24.250690 -1.620193
v -38.188862 24.714424 -0.694497
v -37.751968 22.543011 -0.533929
v -40.153481 24.250690 -1.620193
v -39.716591 22.079277 -1.459624
v -38.188862 24.714424 -0.694497
v -37.751968 22.543011 -0.533929
v -32.617249 22.705618 -0.066207
v -31.678583 22.745682 -2.078420
v -33.643204 22.281948 -3.004117
v -34.581867 22.241882 -0.991903
v -37.457394 23.431608 -1.604262
v -38.396057 23.391544 0.407951
v -39.422012 22.967875 -2.529959
v -40.360680 22.927811 -0.517745
v -36.843414 20.600691 -1.705575
v -37.631611 22.105881 -3.135557
v -37.092499 23.731358 -1.721742
v -36.304302 22.226170 -0.291760
v -37.631611 22.105881 -3.135557
v -36.843414 20.600691 -1.705575
v -37.092499 23.731358 -1.721742
v -36.304302 22.226170 -0.291760
v -37.622055 22.750917 -0.392591
v -35.617111 22.905571 -1.334914
v -36.156219 21.280092 -2.748730
v -38.161163 21.125439 -1.806406
v -35.617111 22.905571 -1.334914
v -37.622055 22.750917 -0.392591
v -36.156219 21.280092 -2.748730
v -38.161163 21.125439 -1.806406
v -38.017849 21.632666 -1.522415
v -39.289635 22.491432 -3.127651
v -39.777580 24.217129 -1.817852
v -38.505795 23.358362 -0.212617
v -39.289635 22.491432 -3.127651
v -38.017849 21.632666 -1.522415
v -39.777580 24.217129 -1.817852
v -38.505795 23.358362 -0.212617
v -34.112648 20.425467 -0.929074
v -32.358746 21.528273 -1.728665
v -31.870802 19.802576 -3.038463
v -33.624702 18.699768 -2.238874
v -35.202499 22.807129 -4.622698
v -36.956398 21.704325 -3.823107
v -34.714554 21.081432 -5.932497
v -36.468452 19.978626 -5.132907
v -37.986145 21.623257 -2.157901
v -38.276299 23.766117 -2.663519
v -36.538353 24.302130 -1.389184
v -36.248199 22.159267 -0.883566
v -38.276299 23.766117 -2.663519
v -37.986145 21.623257 -2.157901
v -36.538353 24.302130 -1.389184
v -36.248199 22.159267 -0.883566
v -37.040104 23.131010 -0.212297
v -35.688419 22.901815 -1.959328
v -37.426365 22.365803 -3.233664
v -38.778049 22.594999 -1.486632
v -35.688419 22.901815 -1.959328
v -37.040104 23.131010 -0.212297
v -37.426365 22.365803 -3.233664
v -38.778049 22.594999 -1.486632
v -35.929913 19.792316 3.092607
v -34.119694 19.003572 2.432693
v -34.988754 18.544619 0.597320
v -36.798973 19.333363 1.257235
v -34.119694 19.003572 2.432693
v -35.929913 19.792316 3.092607
v -34.988754 18.544619 0.597320
v -36.798973 19.333363 1.257235
v -37.809635 18.665333 2.605149
v -37.259777 20.536627 1.876850
v -36.390720 20.995583 3.712223
v -36.940575 19.124289 4.440521
v -37.259777 20.536627 1.876850
v -37.809635 18.665333 2.605149
v -36.390720 20.995583 3.712223
v -36.940575 19.124289 4.440521
v -35.968765 19.813414 -1.926640
v -35.715996 20.056385 -3.978850
v -37.587551 19.206598 -4.309981
v -37.840321 18.963627 -2.257770
v -38.815449 24.066521 -4.418192
v -39.068222 23.823551 -2.365982
v -40.687004 23.216734 -4.749323
v -40.939774 22.973764 -2.697112
v -40.400520 22.128439 -3.575619
v -41.276814 24.013466 -3.460374
v -39.405258 24.863253 -3.129244
v -38.528965 22.978226 -3.244489
v -35.300659 17.480661 -2.586813
v -34.424366 15.595634 -2.702058
v -33.429108 18.330448 -2.255683
v -32.552814 16.445421 -2.370928
v -36.686260 18.615547 1.062860
v -34.949444 17.601624 0.524412
v -36.096645 16.105871 -0.359420
v -37.833462 17.119797 0.179029
v -34.949444 17.601624 0.524412
v -36.686260 18.615547 1.062860
v -36.096645 16.105871 -0.359420
v -37.833462 17.119797 0.179029
v -37.160530 16.197220 0.866895
v -37.116940 17.231234 -0.939597
v -35.969738 18.726984 -0.055766
v -36.013329 17.692970 1.750726
v -37.116940 17.231234 -0.939597
v -37.160530 16.197220 0.866895
v -35.969738 18.726984 -0.055766
v -36.013329 17.692970 1.750726
v -34.389011 21.976942 -0.193310
v -33.233345 22.475885 -1.851617
v -34.241779 21.049017 -2.983699
v -35.397446 20.550074 -1.325391
v -39.012154 23.161812 -1.377459
v -40.167824 22.662868 0.280848
v -40.020588 21.734945 -2.509542
v -41.176258 21.236000 -0.851233
v -39.385956 21.610672 0.020097
v -40.793785 23.042316 -0.530269
v -39.785355 24.469183 0.601812
v -38.377522 23.037540 1.152178
v -35.639095 21.465473 -2.263898
v -34.231262 20.033829 -1.713531
v -34.630661 22.892342 -1.131816
v -33.222828 21.460697 -0.581450
v -36.657043 20.746735 3.272313
v -34.894356 19.940226 2.512722
v -35.898689 19.379595 0.777354
v -37.661377 20.186106 1.536945
v -33.434532 19.357111 1.264992
v -35.197220 20.163620 2.024583
v -34.438866 18.796480 -0.470376
v -36.201553 19.602989 0.289214
v -35.730331 18.362545 0.417239
v -35.262627 20.198227 -0.446483
v -34.258293 20.758858 1.288886
v -34.725998 18.923176 2.152608
v -35.262627 20.198227 -0.446483
v -35.730331 18.362545 0.417239
v -34.258293 20.758858 1.288886
v -34.725998 18.923176 2.152608
v -36.200211 21.973421 -3.221618
v -35.089695 22.306343 -4.950900
v -36.548386 21.334843 -6.074685
v -37.658905 21.001921 -4.345404
v -38.024754 23.752485 -1.582708
v -39.135273 23.419563 0.146574
v -39.483448 22.780985 -2.706493
v -40.593967 22.448063 -0.977212
v -39.656441 21.675714 -1.526452
v -40.643078 23.486750 -1.811396
v -39.184387 24.458250 -0.687611
v -38.197746 22.647215 -0.402667
v -40.643078 23.486750 -1.811396
v -39.656441 21.675714 -1.526452
v -39.184387 24.458250 -0.687611
v -38.197746 22.647215 -0.402667
v -36.108006 18.949118 -1.013125
v -34.254406 18.851414 -1.710364
v -34.407677 16.878889 -1.841416
v -36.261276 16.976593 -1.144177
v -34.254406 18.851414 -1.710364
v -36.108006 18.949118 -1.013125
v -34.407677 16.878889 -1.841416
v -36.261276 16.976593 -1.144177
v -35.176254 16.849308 -0.497303
v -35.863419 17.025715 -2.348843
v -35.710152 18.998241 -2.217790
v -35.022984 18.821833 -0.366250
v -35.863419 17.025715 -2.348843
v -35.176254 16.849308 -0.497303
v -35.710152 18.998241 -2.217790
v -35.022984 18.821833 -0.366250
v -37.549469 23.936604 -0.464487
v -36.860641 24.417248 -2.260599
v -38.701309 24.322954 -2.991745
v -39.390137 23.842308 -1.195633
v -36.860641 24.417248 -2.260599
v -37.549469 23.936604 -0.464487
v -38.701309 24.322954 -2.991745
v -39.390137 23.842308 -1.195633
v -38.983280 23.073889 -2.120794
v -39.245930 24.995245 -1.707361
v -37.405262 25.089539 -0.976216
v -37.142612 23.168182 -1.389648
v -39.245930 24.995245 -1.707361
v -38.983280 23.073889 -2.120794
v -37.405262 25.089539 -0.976216
v -37.142612 23.168182 -1.389648
v -35.734482 21.154118 -1.680193
v -33.958443 21.221119 -2.559230
v -34.325081 19.479273 -3.432769
v -36.101120 19.412271 -2.553730
v -33.958443 21.221119 -2.559230
v -35.734482 21.154118 -1.680193
v -34.325081 19.479273 -3.432769
v -36.101120 19.412271 -2.553730
v -34.989841 18.966578 -2.131436
v -35.791573 19.911568 -3.679254
v -35.424931 21.653412 -2.805716
v -34.623203 20.708422 -1.257898
v -35.791573 19.911568 -3.679254
v -34.989841 18.966578 -2.131436
v -35.424931 21.653412 -2.805716
v -34.623203 20.708422 -1.257898
v -37.899220 24.346088 0.014104
v -37.025787 24.700424 -1.730341
v -38.559608 23.864138 -2.668181
v -39.433037 23.509804 -0.923737
v -37.649910 23.809507 -2.989811
v -38.523338 23.455173 -1.245367
v -39.183727 22.973223 -3.927651
v -40.057159 22.618887 -2.183207
v -38.631992 22.770260 -1.574371
v -39.535339 24.532814 -1.668658
v -38.001522 25.369099 -0.730818
v -37.098175 23.606546 -0.636531
v -39.535339 24.532814 -1.668658
v -38.631992 22.770260 -1.574371
v -38.001522 25.369099 -0.730818
v -37.098175 23.606546 -0.636531
v -35.199757 22.293953 -0.602038
v -33.483566 22.321239 -1.594745
v -34.279655 21.174139 -3.002551
v -35.995846 21.146854 -2.009844
v -33.483566 22.321239 -1.594745
v -35.199757 22.293953 -0.602038
v -34.279655 21.174139 -3.002551
v -35.995846 21.146854 -2.009844
v -35.012531 20.349230 -1.915976
v -35.606209 21.966305 -2.897877
v -34.810120 23.113405 -1.490072
v -34.216442 21.496330 -0.508169
v -35.606209 21.966305 -2.897877
v -35.012531 20.349230 -1.915976
v -34.810120 23.113405 -1.490072
v -34.216442 21.496330 -0.508169
v -38.222145 23.816031 -0.574739
v -36.915802 24.453390 -1.923350
v -37.726849 23.252365 -3.276590
v -39.033195 22.615005 -1.927979
v -36.915802 24.453390 -1.923350
v -38.222145 23.816031 -0.574739
v -37.726849 23.252365 -3.276590
v -39.033195 22.615005 -1.927979
v -37.884724 22.148350 -2.202136
v -39.136593 23.591553 -2.732710
v -38.325542 24.792576 -1.379471
v -37.073673 23.349373 -0.848896
v -39.136593 23.591553 -2.732710
v -37.884724 22.148350 -2.202136
v -38.325542 24.792576 -1.379471
v -37.073673 23.349373 -0.848896
v -36.469681 23.078400 -1.409369
v -34.795517 23.525755 -2.372995
v -35.081741 21.983717 -3.586139
v -36.755901 21.536366 -2.622512
v -34.795517 23.525755 -2.372995
v -36.469681 23.078400 -1.409369
v -35.081741 21.983717 -3.586139
v -36.755901 21.536366 -2.622512
v -35.574677 21.133602 -2.389249
v -36.597797 22.297010 -3.626675
v -36.311573 23.839046 -2.413532
v -35.288452 22.675640 -1.176106
v -36.597797 22.297010 -3.626675
v -35.574677 21.133602 -2.389249
v -36.311573 23.839046 -2.413532
v -35.288452 22.675640 -1.176106
v -37.427952 19.921988 2.678915
v -36.415615 21.384018 1.847700
v -35.823830 21.982489 3.621089
v -36.836170 20.520458 4.452303
v -34.955791 20.800901 0.599970
v -35.968132 19.338873 1.431185
v -34.364010 21.399374 2.373358
v -35.376350 19.937344 3.204573
v -37.218357 21.687847 4.185877
v -35.644115 20.522694 4.053758
v -36.235897 19.924223 2.280369
v -37.810139 21.089376 2.412488
v -35.644115 20.522694 4.053758
v -37.218357 21.687847 4.185877
v -36.235897 19.924223 2.280369
v -37.810139 21.089376 2.412488
v -39.453999 22.700899 -1.765137
v -40.795444 24.014187 -2.338797
v -39.901188 25.395267 -1.268187
v -38.559746 24.081982 -0.694528
v -40.795444 24.014187 -2.338797
v -39.453999 22.700899 -1.765137
v -39.901188 25.395267 -1.268187
v -38.559746 24.081982 -0.694528
v -41.241325 24.703308 -1.767071
v -40.121449 25.173595 -3.309144
v -41.015705 23.792515 -4.379754
v -42.135578 23.322226 -2.837680
v -38.536385 24.842440 -1.695028
v -39.656258 24.372150 -0.152955
v -39.430637 23.461357 -2.765637
v -40.550514 22.991068 -1.223564
v -37.518898 16.714197 0.148518
v -36.882820 17.304552 -1.612209
v -35.670609 18.582502 -0.745800
v -36.306686 17.992147 1.014927
v -36.882820 17.304552 -1.612209
v -37.518898 16.714197 0.148518
v -35.670609 18.582502 -0.745800
v -36.306686 17.992147 1.014927
v -36.755680 18.912323 0.285866
v -35.348831 17.544258 0.335406
v -36.561043 16.266306 -0.531003
v -37.967892 17.634371 -0.580542
v -35.348831 17.544258 0.335406
v -36.755680 18.912323 0.285866
v -36.561043 16.266306 -0.531003
v -37.967892 17.634371 -0.580542
v -39.143982 21.438196 -2.395056
v -39.737320 23.233650 -2.921913
v -37.923744 23.921522 -2.620157
v -37.330406 22.126070 -2.093299
v -39.737320 23.233650 -2.921913
v -39.143982 21.438196 -2.395056
v -37.923744 23.921522 -2.620157
v -37.330406 22.126070 -2.093299
v -34.698601 21.070961 -0.931340
v -34.237972 20.675415 -2.798061
v -36.051548 19.987541 -3.099817
v -36.512177 20.383087 -1.233097
v -37.961548 21.755562 -4.496873
v -38.422173 22.151108 -2.630152
v -39.775124 21.067688 -4.798629
v -40.235748 21.463234 -2.931909
v -36.348038 19.632185 2.067240
v -35.578156 20.498426 0.482881
v -35.707321 22.242785 1.373839
v -36.477200 21.376543 2.958199
v -34.118336 19.915310 -0.764850
v -34.888214 19.049068 0.819510
v -34.247498 21.659670 0.126109
v -35.017380 20.793428 1.710468
v -35.609966 21.262518 0.706158
v -33.808887 21.017334 1.447292
v -33.679726 19.272974 0.556335
v -35.480801 19.518158 -0.184801
v -35.268707 21.600449 2.695022
v -37.069790 21.845633 1.953888
v -35.139545 19.856089 1.804065
v -36.940624 20.101273 1.062930
v -34.166691 16.570040 -1.190599
v -34.775669 18.383606 -1.630369
v -33.161621 19.127670 -0.797004
v -32.552643 17.314102 -0.357234
v -38.836269 24.376400 -3.080731
v -38.227287 22.562832 -2.640962
v -37.222218 25.120464 -2.247366
v -36.613239 23.306896 -1.807597
v -35.728786 23.003704 -1.152529
v -34.792160 22.900644 -2.874559
v -36.406208 22.156582 -3.707924
v -37.342838 22.259642 -1.985894
v -35.416279 22.009729 -4.134029
v -36.352909 22.112789 -2.411999
v -37.030327 21.265667 -4.967394
v -37.966957 21.368727 -3.245364
vn -0.5835 0.5078 0.6338
vn -0.5854 0.4600 0.6676
vn -0.6726 0.5405 0.5054
vn -0.7138 0.5807 0.3915
vn -0.2554 0.9630 -0.0858
vn -0.2661 0.9638 -0.0186
vn -0.1973 0.9608 -0.1945
vn -0.1888 0.9263 -0.3261
vn 0.6964 0.6731 -0.2488
vn 0.7080 0.6292 -0.3207
vn 0.5250 0.7318 -0.4346
vn 0.5648 0.7549 -0.3333
vn -0.0004 0.5520 0.8339
vn 0.1238 0.5129 0.8495
vn 0.0241 0.6046 0.7961
vn -0.1098 0.6308 0.7681
vn 0.4733 -0.0971 0.8755
vn 0.7429 -0.2028 0.6379
vn 0.6591 -0.1827 0.7295
vn 0.4771 -0.1317 0.8689
vn -0.3667 0.1515 0.9179
vn -0.3941 0.1316 0.9096
vn -0.5827 0.2379 0.7771
vn -0.6766 0.2896 0.6770
vn -0.2756 0.5675 0.7759
vn -0.1870 0.4864 0.8535
vn -0.2656 0.5643 0.7817
vn -0.3641 0.6149 0.6995
vn 0.8910 0.3665 -0.2678
vn 0.9499 0.3035 -0.0752
vn 0.9897 0.1412 -0.0228
vn 0.9326 0.2253 -0.2819
vn 0.3472 0.9192 -0.1855
vn 0.3858 0.9180 -0.0918
vn 0.4964 0.8542 -0.1543
vn 0.4807 0.8379 -0.2586
vn 0.6946 0.1568 0.7021
vn 0.7953 0.1160 0.5951
vn 0.6971 0.1663 0.6974
vn 0.5811 0.1731 0.7952
vn 0.9858 0.0078 -0.1680
vn 0.9922 -0.1071 0.0640
vn 0.9735 -0.2114 0.0870
vn 0.9480 -0.0236 -0.3172
vn 0.6804 0.6329 -0.3694
vn 0.7691 0.5490 -0.3273
vn 0.7619 0.5237 -0.3811
vn 0.6492 0.6253 -0.4331
vn 0.6987 0.4272 -0.5739
vn 0.5766 0.5260 -0.6252
vn 0.4680 0.5654 -0.6792
vn 0.5961 0.5076 -0.6221
vn 0.5718 0.7745 -0.2706
vn 0.5941 0.7179 -0.3628
vn 0.3363 0.8256 -0.4531
vn 0.3949 0.8556 -0.3347
vn 0.3705 0.9165 -0.1510
vn 0.4046 0.9136 -0.0402
vn 0.5202 0.8482 -0.1000
vn 0.5077 0.8337 -0.2173
vn 0.2616 0.0645 0.9630
vn 0.3980 -0.0006 0.9174
vn 0.5410 -0.2036 0.8160
vn 0.4344 -0.0566 0.8989
vn -0.1940 0.6873 0.7000
vn -0.2340 0.8003 0.5521
vn -0.2968 0.8574 0.4205
vn -0.2092 0.7577 0.6182
vn 0.2205 -0.0715 0.9728
vn 0.3527 -0.1103 0.9292
vn 0.4912 -0.2892 0.8216
vn 0.3789 -0.1814 0.9075
vn 0.4101 -0.4779 0.7768
vn 0.3285 -0.4351 0.8383
vn 0.6218 -0.6211 0.4771
vn 0.5777 -0.5843 0.5700
vn 0.2191 0.7625 -0.6087
vn 0.0426 0.8333 -0.5512
vn -0.0251 0.8794 -0.4754
vn 0.1334 0.8411 -0.5241
vn 0.2461 -0.5330 0.8096
vn 0.6138 -0.6252 0.4820
vn 0.5537 -0.5682 0.6088
vn 0.3282 -0.5091 0.7957
vn 0.9460 0.2482 -0.2085
vn 0.9210 0.2701 -0.2808
vn 0.7588 0.3253 -0.5643
vn 0.8518 0.3346 -0.4032
vn -0.4517 0.6926 0.5624
vn -0.4368 0.6422 0.6299
vn -0.5377 0.7289 0.4239
vn -0.6342 0.7310 0.2517
vn 0.8851 -0.4423 0.1445
vn 0.8734 -0.4310 0.2268
vn 0.8583 -0.4071 -0.3125
vn 0.8936 -0.4227 -0.1508
vn 0.1128 -0.5372 0.8359
vn 0.1152 -0.5800 0.8064
vn 0.3986 -0.7413 0.5400
vn 0.3138 -0.6566 0.6859
vn -0.6289 0.2252 0.7442
vn -0.7631 0.4150 0.4955
vn -0.8336 0.4349 0.3405
vn -0.5830 0.0800 0.8085
vn 0.3486 0.8102 -0.4713
vn 0.2775 0.8726 -0.4019
vn 0.4193 0.7905 -0.4465
vn 0.4912 0.6919 -0.5292
vn 0.9373 0.0328 -0.3469
vn 0.9764 -0.0797 -0.2006
vn 0.9591 -0.0122 -0.2827
vn 0.8742 0.0882 -0.4774
vn 0.7946 0.1195 -0.5953
vn 0.8800 -0.0154 -0.4747
vn 0.8203 0.1127 -0.5608
vn 0.6751 0.2076 -0.7079
vn 0.8663 -0.1865 0.4634
vn 0.9041 -0.1674 0.3931
vn 0.9548 -0.1936 0.2255
vn 0.9251 -0.1887 0.3294
vn 0.8126 0.0382 0.5816
vn 0.9437 0.0052 0.3308
vn 0.8805 0.0152 0.4737
vn 0.7646 -0.0021 0.6445
vn -0.0810 0.1921 0.9780
vn -0.2637 0.3481 0.8996
vn -0.3412 0.4197 0.8411
vn -0.0218 0.1735 0.9846
vn 0.8465 0.1157 -0.5197
vn 0.9172 -0.0056 -0.3984
vn 0.8727 0.0937 -0.4792
vn 0.7517 0.1897 -0.6316
vn 0.5529 0.6005 -0.5777
vn 0.6220 0.5298 -0.5766
vn 0.5279 0.5965 -0.6046
vn 0.4570 0.6512 -0.6059
vn -0.0551 0.9848 -0.1645
vn -0.1247 0.9921 0.0127
vn -0.0030 1.0000 -0.0071
vn 0.0571 0.9869 -0.1508
vn 0.1252 0.5249 -0.8419
vn -0.1870 0.7227 -0.6654
vn -0.2615 0.7150 -0.6484
vn -0.0288 0.6527 -0.7571
vn 0.2800 0.0009 0.9600
vn 0.7516 -0.1789 0.6349
vn 0.6396 -0.1270 0.7582
vn 0.3906 -0.0442 0.9195
vn -0.1891 0.4312 0.8822
vn -0.0801 0.3423 0.9362
vn -0.1747 0.4180 0.8915
vn -0.2893 0.4730 0.8322
vn -0.3463 0.7616 0.5478
vn -0.3559 0.8940 0.2724
vn -0.3715 0.9246 0.0841
vn -0.3255 0.6904 0.6460
vn -0.0092 0.8554 -0.5179
vn -0.0836 0.8770 -0.4731
vn 0.0392 0.8171 -0.5752
vn 0.1163 0.7478 -0.6536
vn -0.6500 0.5990 0.4677
vn -0.6577 0.7333 0.1726
vn -0.6522 0.7580 -0.0101
vn -0.6375 0.5200 0.5685
vn 0.0700 0.8832 -0.4637
vn -0.1152 0.9364 -0.3315
vn -0.0773 0.9574 -0.2782
vn 0.0608 0.9250 -0.3750
vn 0.6333 -0.5504 0.5440
vn 0.5048 -0.5180 0.6905
vn 0.7335 -0.6794 0.0222
vn 0.7462 -0.6298 0.2157
vn 0.4290 -0.5152 0.7419
vn 0.3098 -0.4674 0.8280
vn 0.6257 -0.6743 0.3923
vn 0.5965 -0.6274 0.5005
vn 0.2870 0.9124 -0.2918
vn 0.3877 0.8940 -0.2246
vn 0.5149 0.7910 -0.3305
vn 0.4650 0.7683 -0.4399
vn -0.0176 0.9927 -0.1192
vn -0.0985 0.9950 0.0177
vn -0.0207 0.9991 0.0358
vn 0.0453 0.9961 -0.0756
vn 0.8977 0.4403 0.0181
vn 0.9194 0.3634 0.1507
vn 0.9553 0.2772 0.1027
vn 0.9252 0.3740 -0.0641
vn -0.0830 0.3860 0.9188
vn 0.0570 0.3005 0.9521
vn -0.0874 0.3976 0.9134
vn -0.2499 0.4373 0.8639
vn 0.1827 0.9707 -0.1559
vn 0.3045 0.9460 -0.1110
vn 0.4004 0.8802 -0.2548
vn 0.3104 0.8845 -0.3481
vn 0.3552 0.0052 0.9348
vn 0.4824 -0.0449 0.8748
vn 0.5853 -0.1529 0.7962
vn 0.4843 -0.0653 0.8725
vn 0.1596 -0.4834 0.8607
vn 0.1577 -0.4958 0.8540
vn 0.4234 -0.6659 0.6143
vn 0.3454 -0.5979 0.7234
vn 0.0319 0.8828 -0.4686
vn -0.1220 0.9262 -0.3568
vn -0.1295 0.9455 -0.2987
vn -0.0040 0.9231 -0.3845
vn -0.1126 0.9188 -0.3784
vn -0.1707 0.9332 -0.3162
vn -0.0854 0.9079 -0.4103
vn -0.0308 0.8708 -0.4907
vn 0.0142 0.5721 0.8200
vn -0.0597 0.7030 0.7087
vn -0.1770 0.7771 0.6040
vn -0.0607 0.6727 0.7374
vn 0.1922 0.9644 -0.1817
vn 0.2922 0.9473 -0.1310
vn 0.3932 0.8831 -0.2559
vn 0.3258 0.8796 -0.3468
vn 0.0708 0.9353 -0.3467
vn 0.0447 0.9638 -0.2627
vn 0.1713 0.9092 -0.3794
vn 0.2089 0.8413 -0.4985
vn 0.4101 0.0809 0.9085
vn 0.6075 -0.0663 0.7915
vn 0.4698 0.0085 0.8827
vn 0.2811 0.0745 0.9568
vn -0.4810 0.5183 0.7071
vn -0.5529 0.6525 0.5182
vn -0.5832 0.7134 0.3886
vn -0.4535 0.5416 0.7078
vn 0.2326 0.8162 -0.5290
vn 0.1281 0.8753 -0.4662
vn 0.2524 0.8155 -0.5208
vn 0.3395 0.7293 -0.5941
vn -0.5839 -0.0042 0.8118
vn -0.6456 0.0727 0.7602
vn -0.8108 0.1867 0.5548
vn -0.8632 0.1887 0.4682
vn 0.9801 -0.0749 0.1837
vn 0.9986 -0.0280 0.0447
vn 0.9983 -0.0248 -0.0528
vn 0.9959 -0.0458 0.0774
vn -0.1169 0.9929 0.0213
vn -0.0759 0.9944 0.0730
vn -0.0197 0.9977 -0.0650
vn -0.0507 0.9866 -0.1548
vn 0.0286 0.9996 -0.0010
vn -0.0497 0.9884 0.1437
vn 0.0463 0.9821 0.1826
vn 0.1113 0.9919 0.0620
vn 0.9235 0.3245 -0.2044
vn 0.9728 0.2187 -0.0762
vn 0.9758 0.1704 -0.1374
vn 0.9001 0.3057 -0.3104
vn -0.4524 0.6674 0.5916
vn -0.3872 0.5716 0.7234
vn -0.4504 0.6486 0.6136
vn -0.5284 0.6984 0.4827
vn -0.1611 -0.0276 0.9866
vn -0.2308 -0.0221 0.9728
vn -0.4858 0.0863 0.8698
vn -0.6269 0.1344 0.7674
vn 0.8489 -0.3706 0.3770
vn 0.8762 -0.3387 0.3428
vn 0.9291 -0.3653 0.0580
vn 0.9097 -0.3729 0.1826
vn 0.9915 0.0874 -0.0967
vn 1.0000 0.0011 0.0087
vn 0.9902 0.0563 -0.1278
vn 0.9646 0.1240 -0.2327
vn 0.2861 -0.3711 0.8834
vn 0.2312 -0.3206 0.9186
vn 0.5379 -0.5521 0.6371
vn 0.4688 -0.5030 0.7261
vn -0.5097 0.4442 0.7368
vn -0.6000 0.5698 0.5615
vn -0.6003 0.6056 0.5224
vn -0.4590 0.3948 0.7959
vn 0.8862 -0.1472 0.4393
vn 0.9184 -0.1261 0.3750
vn 0.9780 -0.1817 0.1029
vn 0.9564 -0.1547 0.2476
vn 0.6075 0.5164 -0.6036
vn 0.4669 0.6151 -0.6354
vn 0.2901 0.6582 -0.6947
vn 0.4567 0.6133 -0.6444
vn 0.3063 0.7752 -0.5525
vn 0.2243 0.8336 -0.5048
vn 0.3871 0.7253 -0.5693
vn 0.4704 0.5971 -0.6498
vn -0.0714 0.1553 0.9853
vn 0.0864 0.0117 0.9962
vn -0.0207 0.0819 0.9964
vn -0.1623 0.1748 0.9711
vn 0.9584 0.2855 -0.0036
vn 0.9635 0.1945 0.1838
vn 0.9861 0.0636 0.1536
vn 0.9749 0.1924 -0.1125
vn 0.1083 0.9840 -0.1413
vn 0.0036 1.0000 -0.0082
vn 0.0938 0.9947 0.0411
vn 0.1801 0.9813 -0.0683
vn 0.9854 0.0871 -0.1466
vn 0.9993 0.0031 -0.0380
vn 0.9866 0.0556 -0.1531
vn 0.9545 0.1239 -0.2713
vn -0.4958 0.2733 0.8243
vn -0.6013 0.3920 0.6962
vn -0.6170 0.4264 0.6615
vn -0.4614 0.2521 0.8506
vn 0.3674 0.5634 -0.7400
vn 0.5240 0.4239 -0.7387
vn 0.4467 0.4912 -0.7478
vn 0.2061 0.6212 -0.7561
vn 0.2084 0.9526 -0.2215
vn 0.0613 0.9917 -0.1129
vn 0.1374 0.9902 -0.0232
vn 0.2570 0.9598 -0.1131
vn 0.2413 -0.3481 0.9059
vn 0.1442 -0.2735 0.9510
vn 0.5065 -0.5668 0.6497
vn 0.4375 -0.5070 0.7426
vn 0.0342 0.9702 -0.2400
vn 0.0269 0.9833 -0.1800
vn 0.1118 0.9584 -0.2625
vn 0.1285 0.9319 -0.3392
vn 0.7080 0.7025 -0.0723
vn 0.7674 0.6275 -0.1317
vn 0.6577 0.7032 -0.2703
vn 0.6198 0.7631 -0.1833
vn 0.7962 0.5545 -0.2419
vn 0.8615 0.4809 -0.1629
vn 0.8799 0.4294 -0.2035
vn 0.7991 0.5204 -0.3010
vn -0.1553 0.4991 0.8525
vn -0.0812 0.4463 0.8912
vn -0.1692 0.5205 0.8369
vn -0.2613 0.5587 0.7872
vn 0.2651 0.9253 -0.2713
vn 0.3439 0.9162 -0.2057
vn 0.4642 0.8318 -0.3043
vn 0.4267 0.8091 -0.4041
vn 0.1974 0.4427 0.8747
vn 0.0710 0.6115 0.7881
vn -0.1056 0.6975 0.7088
vn 0.0967 0.5647 0.8196
vn 0.5971 0.4375 -0.6724
vn 0.2777 0.6671 -0.6913
vn 0.4234 0.6779 -0.6010
vn 0.6172 0.5251 -0.5859
vn 0.7170 0.4648 -0.5195
vn 0.6091 0.5480 -0.5734
vn 0.5125 0.5930 -0.6210
vn 0.6256 0.5407 -0.5624
vn 0.5935 -0.6374 0.4913
vn 0.7911 -0.6034 0.1001
vn 0.7856 -0.5840 0.2043
vn 0.6598 -0.6040 0.4470
vn -0.4494 0.4386 0.7782
vn -0.5243 0.5390 0.6592
vn -0.5561 0.5942 0.5811
vn -0.4470 0.4836 0.7525
vn -0.7472 0.4450 0.4937
vn -0.7818 0.5699 0.2530
vn -0.7924 0.5968 0.1262
vn -0.7423 0.4070 0.5323
vn -0.1436 0.9892 -0.0298
vn -0.2242 0.9551 0.1935
vn -0.0937 0.9741 0.2060
vn -0.0318 0.9988 0.0366
vn 0.8591 0.4995 -0.1115
vn 0.9254 0.3677 -0.0923
vn 0.7886 0.4388 -0.4308
vn 0.7715 0.5450 -0.3282
vn 0.8148 0.5632 -0.1372
vn 0.8885 0.4588 -0.0013
vn 0.9355 0.3450 -0.0768
vn 0.8392 0.4810 -0.2537
vn 0.3520 0.8688 -0.3483
vn 0.3521 0.9038 -0.2432
vn 0.4979 0.8116 -0.3055
vn 0.5274 0.7358 -0.4249
vn 0.5615 -0.0152 0.8273
vn 0.7066 -0.0719 0.7039
vn 0.7926 -0.1632 0.5875
vn 0.6953 -0.0661 0.7157
vn 0.9920 0.1247 -0.0189
vn 0.9906 0.0174 0.1354
vn 0.9995 -0.0075 0.0321
vn 0.9788 0.1163 -0.1687
vn 0.8958 0.3658 -0.2524
vn 0.9603 0.2486 -0.1269
vn 0.9615 0.1923 -0.1965
vn 0.8635 0.3456 -0.3673
vn 0.4284 -0.5592 0.7098
vn 0.7039 -0.6025 0.3762
vn 0.6831 -0.5742 0.4512
vn 0.5138 -0.5480 0.6600
vn 0.8737 0.4773 0.0938
vn 0.9122 0.4092 0.0206
vn 0.8599 0.4807 -0.1716
vn 0.8406 0.5384 -0.0593
vn -0.4906 0.6900 0.5322
vn -0.4960 0.8090 0.3154
vn -0.4991 0.8580 0.1218
vn -0.4477 0.7654 0.4623
vn -0.3971 0.6993 0.5944
vn -0.4165 0.7846 0.4593
vn -0.4407 0.8449 0.3033
vn -0.3902 0.8056 0.4458
vn 0.8001 -0.0721 0.5955
vn 0.9701 -0.0699 0.2325
vn 0.9275 -0.0807 0.3651
vn 0.8102 -0.1042 0.5768
vn 0.4965 -0.1938 0.8461
vn 0.5760 -0.1916 0.7947
vn 0.7209 -0.3398 0.6041
vn 0.6383 -0.2739 0.7194
vn 0.6169 0.6066 -0.5014
vn 0.7491 0.4889 -0.4470
vn 0.7484 0.4328 -0.5026
vn 0.5570 0.5950 -0.5795
vn -0.2888 0.9225 -0.2561
vn -0.4272 0.9041 -0.0096
vn -0.3823 0.9238 0.0202
vn -0.2836 0.9476 -0.1468
vn -0.6651 0.6167 0.4210
vn -0.6608 0.7301 0.1739
vn -0.6449 0.7642 0.0029
vn -0.6492 0.6252 0.4332
vn 0.1818 -0.2728 0.9447
vn 0.2696 -0.2800 0.9214
vn 0.4844 -0.5202 0.7034
vn 0.3698 -0.4129 0.8323
vn 0.2884 0.0157 0.9574
vn 0.2858 0.0484 0.9571
vn 0.5617 -0.3280 0.7596
vn 0.4823 -0.1653 0.8603
vn -0.3676 0.9182 0.1475
vn -0.3781 0.8829 0.2783
vn -0.3589 0.9156 0.1815
vn -0.3599 0.9311 0.0589
vn 0.0478 0.9972 -0.0570
vn 0.2079 0.9771 -0.0457
vn 0.2776 0.9283 -0.2475
vn 0.1466 0.9279 -0.3429
vn 0.6315 -0.4398 0.6386
vn 0.8184 -0.4436 0.3653
vn 0.8017 -0.4500 0.3935
vn 0.6827 -0.4460 0.5788
vn 0.5619 -0.2147 0.7988
vn 0.6476 -0.2100 0.7324
vn 0.7794 -0.3573 0.5147
vn 0.7014 -0.2890 0.6515
vn -0.0702 0.6013 0.7960
vn -0.1356 0.7206 0.6800
vn -0.2300 0.7873 0.5721
vn -0.1222 0.6874 0.7159
vn 0.8318 0.3221 -0.4520
vn 0.7433 0.4080 -0.5302
vn 0.6514 0.4528 -0.6088
vn 0.7510 0.3998 -0.5255
vn 0.2884 0.0394 0.9567
vn 0.3967 -0.0024 0.9180
vn 0.5580 -0.2126 0.8022
vn 0.4579 -0.0807 0.8853
vn -0.2236 0.3033 0.9263
vn -0.2184 0.2590 0.9408
vn -0.3988 0.3586 0.8440
vn -0.5146 0.4008 0.7580
vn 0.9198 0.3397 -0.1962
vn 0.9010 0.3458 -0.2619
vn 0.7934 0.4220 -0.4387
vn 0.8462 0.4189 -0.3293
vn 0.8751 0.1120 0.4708
vn 0.9816 0.1109 0.1557
vn 0.9344 0.1137 0.3375
vn 0.8379 0.0580 0.5427
vn -0.0523 0.2548 0.9656
vn -0.1877 0.3768 0.9071
vn -0.2767 0.4487 0.8497
vn -0.0692 0.3181 0.9455
vn -0.5984 0.6286 0.4967
vn -0.6138 0.7562 0.2267
vn -0.6073 0.7915 0.0682
vn -0.5738 0.5788 0.5794
vn 0.0318 0.9989 -0.0357
vn -0.0461 0.9914 0.1228
vn 0.0627 0.9864 0.1519
vn 0.1277 0.9916 0.0216
vn 0.6892 -0.0409 0.7234
vn 0.7483 -0.0546 0.6611
vn 0.8301 -0.1036 0.5479
vn 0.7748 -0.0666 0.6287
vn -0.2166 0.9727 -0.0835
vn -0.2310 0.9728 -0.0143
vn -0.1737 0.9763 -0.1291
vn -0.1602 0.9619 -0.2214
vn 0.9390 0.2545 -0.2312
vn 0.8733 0.3305 -0.3579
vn 0.8074 0.3743 -0.4561
vn 0.8827 0.3330 -0.3317
vn 0.1152 0.6033 -0.7891
vn -0.0670 0.6604 -0.7480
vn 0.1320 0.5176 -0.8454
vn 0.2763 0.3300 -0.9027
vn 0.8666 0.4313 -0.2509
vn 0.9278 0.3496 -0.1304
vn 0.9514 0.2702 -0.1476
vn 0.8724 0.3800 -0.3073
vn -0.5873 0.4090 0.6984
vn -0.6785 0.4786 0.5572
vn -0.8007 0.5421 0.2550
vn -0.8383 0.5397 0.0773
vn 0.9670 0.2515 -0.0409
vn 0.9771 0.1599 0.1402
vn 0.9924 0.0484 0.1134
vn 0.9729 0.1783 -0.1469
vn -0.1418 0.4629 0.8750
vn -0.0214 0.3775 0.9258
vn -0.1168 0.4587 0.8809
vn -0.2409 0.5102 0.8256
vn 0.5940 0.7717 -0.2272
vn 0.4778 0.8504 -0.2205
vn 0.5056 0.8533 -0.1275
vn 0.6057 0.7846 -0.1321
vn -0.5596 0.5465 0.6230
vn -0.6480 0.6772 0.3485
vn -0.6182 0.6797 0.3949
vn -0.4850 0.3645 0.7950
vn 0.6203 -0.2902 0.7287
vn 0.6754 -0.2807 0.6820
vn 0.7762 -0.3499 0.5245
vn 0.7186 -0.3303 0.6120
vn 0.4578 0.3591 0.8133
vn 0.5345 0.2225 0.8153
vn 0.7022 0.1090 0.7036
vn 0.6227 0.2740 0.7329
vn -0.3677 0.7001 0.6121
vn -0.3906 0.7846 0.4815
vn -0.4189 0.8409 0.3428
vn -0.3661 0.7901 0.4916
vn -0.2956 0.8899 -0.3473
vn -0.4216 0.8949 -0.1463
vn -0.4442 0.8930 -0.0718
vn -0.3374 0.9155 -0.2192
vn 0.5321 -0.6308 0.5647
vn 0.7690 -0.6210 0.1517
vn 0.7733 -0.5895 0.2334
vn 0.6356 -0.5986 0.4876
vn 0.8520 0.3032 0.4268
vn 0.8896 0.2547 0.3790
vn 0.9293 0.2726 0.2491
vn 0.8923 0.3226 0.3157
vn 0.2719 0.8033 -0.5299
vn 0.2990 0.8088 -0.5064
vn 0.4815 0.6441 -0.5943
vn 0.5312 0.4903 -0.6909
vn 0.5422 -0.4229 0.7261
vn 0.7933 -0.4346 0.4265
vn 0.8160 -0.4422 0.3722
vn 0.6798 -0.4269 0.5963
vn -0.1428 0.7807 -0.6084
vn -0.2434 0.8344 -0.4945
vn -0.3672 0.8404 -0.3988
vn -0.2476 0.8287 -0.5020
vn 0.1103 0.7960 -0.5951
vn -0.1743 0.8924 -0.4162
vn -0.0731 0.9290 -0.3628
vn 0.1123 0.8704 -0.4794
vn 0.6943 0.5879 -0.4152
vn 0.6717 0.5807 -0.4600
vn 0.4476 0.6832 -0.5769
vn 0.5424 0.6800 -0.4934
vn -0.3192 0.9432 0.0924
vn -0.2806 0.9462 0.1615
vn -0.2482 0.9651 -0.0830
vn -0.3067 0.9131 -0.2686
vn 0.5750 0.0559 0.8163
vn 0.6364 0.0224 0.7710
vn 0.7600 -0.0686 0.6463
vn 0.6934 0.0027 0.7205
vn 0.6888 -0.5046 0.5206
vn 0.9054 -0.4245 -0.0078
vn 0.8996 -0.4217 0.1134
vn 0.7867 -0.4656 0.4054
vn 0.6104 0.6303 -0.4798
vn 0.4952 0.6985 -0.5167
vn 0.4487 0.7514 -0.4839
vn 0.5538 0.6988 -0.4528
vn -0.1107 0.9898 0.0898
vn -0.0567 0.9898 0.1306
vn -0.0125 0.9999 -0.0067
vn -0.0576 0.9948 -0.0845
vn 0.0356 0.2368 0.9709
vn -0.0970 0.3495 0.9319
vn -0.1931 0.4187 0.8873
vn 0.0024 0.3072 0.9516
vn 0.8882 0.4412 -0.1279
vn 0.8879 0.4194 -0.1892
vn 0.7982 0.4996 -0.3366
vn 0.8231 0.5132 -0.2432
vn 0.1105 0.1927 0.9750
vn 0.0176 0.2635 0.9645
vn -0.0903 0.3356 0.9377
vn 0.0095 0.2965 0.9550
vn -0.2412 0.1468 0.9593
vn -0.3771 0.2660 0.8871
vn -0.4257 0.3214 0.8459
vn -0.2228 0.1603 0.9616
vn 0.1193 0.9197 -0.3740
vn 0.0943 0.9487 -0.3018
vn 0.2210 0.8894 -0.4002
vn 0.2612 0.8239 -0.5029
vn -0.1211 0.9753 0.1846
vn -0.0081 0.9848 0.1737
vn 0.0046 0.9997 -0.0230
vn -0.1034 0.9903 -0.0929
vn 0.5948 0.5670 -0.5698
vn 0.6988 0.4654 -0.5431
vn 0.6481 0.4913 -0.5819
vn 0.5082 0.6002 -0.6177
vn 0.4137 0.3469 0.8417
vn 0.7110 0.1846 0.6785
vn 0.5718 0.3145 0.7577
vn 0.3486 0.3699 0.8612
vn -0.1373 0.7071 0.6937
vn -0.1705 0.8291 0.5325
vn -0.2462 0.8878 0.3888
vn -0.1610 0.7781 0.6072
vn 0.6200 0.2836 -0.7315
vn 0.4990 0.4031 -0.7671
vn 0.3131 0.4432 -0.8400
vn 0.4728 0.3775 -0.7962
vn 0.6162 0.2580 -0.7441
vn 0.7523 0.0855 -0.6533
vn 0.6653 0.2321 -0.7096
vn 0.4352 0.3547 -0.8275
vn 0.0876 0.9647 0.2484
vn 0.1701 0.9446 0.2806
vn 0.1971 0.9649 0.1738
vn 0.1206 0.9845 0.1274
vn -0.2738 0.3891 0.8796
vn 0.2836 0.0560 0.9573
vn 0.1859 0.1092 0.9765
vn -0.0745 0.3020 0.9504
vn 0.9290 -0.0365 -0.3684
vn 0.9666 -0.1610 -0.1995
vn 0.9556 -0.0754 -0.2850
vn 0.8547 0.0303 -0.5182
vn -0.4921 0.6080 0.6231
vn -0.4831 0.5538 0.6782
vn -0.5709 0.6354 0.5199
vn -0.6304 0.6684 0.3949
vn 0.0477 0.8610 -0.5064
vn -0.0954 0.9187 -0.3832
vn 0.0381 0.8686 -0.4941
vn 0.1345 0.7715 -0.6218
vn 0.8668 -0.4055 0.2902
vn 0.8864 -0.3761 0.2698
vn 0.9243 -0.3806 -0.0301
vn 0.9138 -0.3966 0.0877
vn 0.7388 -0.6736 0.0222
vn 0.7194 -0.6938 -0.0333
vn 0.7173 -0.6076 -0.3409
vn 0.7562 -0.6221 -0.2029
vn -0.4638 -0.2252 0.8568
vn -0.1378 -0.4530 0.8808
vn -0.1345 -0.3914 0.9103
vn -0.3512 -0.2441 0.9039
vn -0.6202 0.7494 -0.2321
vn -0.6689 0.7259 -0.1599
vn -0.6077 0.7248 -0.3245
vn -0.5503 0.7105 -0.4386
vn 0.8775 0.4088 -0.2509
vn 0.9288 0.3275 -0.1737
vn 0.9206 0.3161 -0.2292
vn 0.8532 0.4093 -0.3233
vn -0.4482 0.8539 -0.2645
vn -0.5551 0.8317 0.0074
vn -0.5754 0.8128 0.0906
vn -0.4836 0.8700 -0.0965
vn -0.7849 0.5123 0.3485
vn -0.7888 0.4729 0.3926
vn -0.8307 0.5374 0.1453
vn -0.8371 0.5456 -0.0407
vn 0.9584 0.2767 0.0695
vn 0.9565 0.1895 0.2218
vn 0.9812 0.1085 0.1598
vn 0.9744 0.2209 -0.0407
vn 0.6544 0.5445 -0.5247
vn 0.7565 0.4389 -0.4849
vn 0.7163 0.4505 -0.5329
vn 0.5767 0.5701 -0.5851
vn 0.7343 0.3856 -0.5586
vn 0.6616 0.4531 -0.5975
vn 0.5427 0.5073 -0.6695
vn 0.6380 0.4601 -0.6174
vn 0.5643 -0.0551 0.8238
vn 0.7523 -0.1432 0.6431
vn 0.6676 -0.1189 0.7349
vn 0.5156 -0.0803 0.8530
vn 0.3446 0.7456 -0.5704
vn 0.2324 0.8231 -0.5182
vn 0.4003 0.7120 -0.5769
vn 0.4940 0.5688 -0.6577
vn -0.4446 0.4571 0.7703
vn -0.5396 0.6096 0.5807
vn -0.5871 0.6789 0.4408
vn -0.4146 0.4746 0.7764
vn 0.9593 -0.1646 0.2293
vn 0.9789 -0.1100 0.1722
vn 0.9434 -0.1901 -0.2717
vn 0.9873 -0.1511 -0.0483
vn 0.3435 0.2464 0.9062
vn 0.1767 0.3890 0.9041
vn 0.0103 0.4583 0.8888
vn 0.2771 0.3337 0.9010
vt 0.303320 0.730331
vt 0.547464 0.730331
vt 0.547464 0.974475
vt 0.303320 0.974475
s 1
usemtl Leaves
f 8874/3806/8497 8877/3807/8498 8876/3808/8499 8875/3809/8500
f 8977/3807/8501 8975/3806/8502 8974/3809/8503 8976/3808/8504
f 8801/3807/8505 8799/3806/8506 8798/3809/8507 8800/3808/8508
f 9178/3806/8509 9181/3807/8510 9180/3808/8511 9179/3809/8512
f 8853/3807/8513 8852/3806/8514 8851/3809/8515 8850/3808/8516
f 8794/3806/8517 8797/3807/8518 8796/3808/8519 8795/3809/8520
f 8906/3806/8521 8909/3807/8522 8908/3808/8523 8907/3809/8524
f 9032/3806/8525 9033/3807/8526 9031/3808/8527 9030/3809/8528
f 8993/3807/8529 8991/3806/8530 8990/3809/8531 8992/3808/8532
f 8901/3807/8533 8900/3806/8534 8899/3809/8535 8898/3808/8536
f 8968/3806/8537 8969/3807/8538 8967/3808/8539 8966/3809/8540
f 9112/3806/8541 9113/3807/8542 9111/3808/8543 9110/3809/8544
f 8865/3807/8545 8863/3806/8546 8862/3809/8547 8864/3808/8548
f 8737/3807/8549 8735/3806/8550 8734/3809/8551 8736/3808/8552
f 8929/3807/8553 8927/3806/8554 8926/3809/8555 8928/3808/8556
f 8538/3806/8557 8541/3807/8558 8540/3808/8559 8539/3809/8560
f 8677/3807/8561 8676/3806/8562 8675/3809/8563 8674/3808/8564
f 8570/3806/8565 8573/3807/8566 8572/3808/8567 8571/3809/8568
f 8682/3806/8569 8685/3807/8570 8684/3808/8571 8683/3809/8572
f 8728/3806/8573 8729/3807/8574 8727/3808/8575 8726/3809/8576
f 8789/3807/8577 8788/3806/8578 8787/3809/8579 8786/3808/8580
f 8753/3807/8581 8751/3806/8582 8750/3809/8583 8752/3808/8584
f 8746/3806/8585 8749/3807/8586 8748/3808/8587 8747/3809/8588
f 8938/3806/8589 8941/3807/8590 8940/3808/8591 8939/3809/8592
f 8922/3806/8593 8925/3807/8594 8924/3808/8595 8923/3809/8596
f 8565/3807/8597 8564/3806/8598 8563/3809/8599 8562/3808/8600
f 8577/3807/8601 8575/3806/8602 8574/3809/8603 8576/3808/8604
f 8680/3806/8605 8681/3807/8606 8679/3808/8607 8678/3809/8608
f 8632/3806/8609 8633/3807/8610 8631/3808/8611 8630/3809/8612
f 9098/3806/8613 9101/3807/8614 9100/3808/8615 9099/3809/8616
f 8805/3807/8617 8804/3806/8618 8803/3809/8619 8802/3808/8620
f 8981/3807/8621 8980/3806/8622 8979/3809/8623 8978/3808/8624
f 8696/3806/8625 8697/3807/8626 8695/3808/8627 8694/3809/8628
f 9048/3806/8629 9049/3807/8630 9047/3808/8631 9046/3809/8632
f 9192/3806/8633 9193/3807/8634 9191/3808/8635 9190/3809/8636
f 8824/3806/8637 8825/3807/8638 8823/3808/8639 8822/3809/8640
f 8757/3807/8641 8756/3806/8642 8755/3809/8643 8754/3808/8644
f 8826/3806/8645 8829/3807/8646 8828/3808/8647 8827/3809/8648
f 8965/3807/8649 8964/3806/8650 8963/3809/8651 8962/3808/8652
f 9057/3807/8653 9055/3806/8654 9054/3809/8655 9056/3808/8656
f 8549/3807/8657 8548/3806/8658 8547/3809/8659 8546/3808/8660
f 8856/3806/8661 8857/3807/8662 8855/3808/8663 8854/3809/8664
f 8522/3806/8665 8525/3807/8666 8524/3808/8667 8523/3809/8668
f 8618/3806/8669 8621/3807/8670 8620/3808/8671 8619/3809/8672
f 8641/3807/8673 8639/3806/8674 8638/3809/8675 8640/3808/8676
f 9224/3806/8677 9225/3807/8678 9223/3808/8679 9222/3809/8680
f 8712/3806/8681 8713/3807/8682 8711/3808/8683 8710/3809/8684
f 8762/3806/8685 8765/3807/8686 8764/3808/8687 8763/3809/8688
f 8625/3807/8689 8623/3806/8690 8622/3809/8691 8624/3808/8692
f 8698/3806/8693 8701/3807/8694 8700/3808/8695 8699/3809/8696
f 8986/3806/8697 8989/3807/8698 8988/3808/8699 8987/3809/8700
f 8888/3806/8701 8889/3807/8702 8887/3808/8703 8886/3809/8704
f 9121/3807/8705 9119/3806/8706 9118/3809/8707 9120/3808/8708
f 8629/3807/8709 8628/3806/8710 8627/3809/8711 8626/3808/8712
f 8689/3807/8713 8687/3806/8714 8686/3809/8715 8688/3808/8716
f 8593/3807/8717 8591/3806/8718 8590/3809/8719 8592/3808/8720
f 8725/3807/8721 8724/3806/8722 8723/3809/8723 8722/3808/8724
f 8661/3807/8725 8660/3806/8726 8659/3809/8727 8658/3808/8728
f 8705/3807/8729 8703/3806/8730 8702/3809/8731 8704/3808/8732
f 8890/3806/8733 8893/3807/8734 8892/3808/8735 8891/3809/8736
f 9137/3807/8737 9135/3806/8738 9134/3809/8739 9136/3808/8740
f 9009/3807/8741 9007/3806/8742 9006/3809/8743 9008/3808/8744
f 8840/3806/8745 8841/3807/8746 8839/3808/8747 8838/3809/8748
f 8664/3806/8749 8665/3807/8750 8663/3808/8751 8662/3809/8752
f 8778/3806/8753 8781/3807/8754 8780/3808/8755 8779/3809/8756
f 8730/3806/8757 8733/3807/8758 8732/3808/8759 8731/3809/8760
f 9002/3806/8761 9005/3807/8762 9004/3808/8763 9003/3809/8764
f 8936/3806/8765 8937/3807/8766 8935/3808/8767 8934/3809/8768
f 8666/3806/8769 8669/3807/8770 8668/3808/8771 8667/3809/8772
f 9061/3807/8773 9060/3806/8774 9059/3809/8775 9058/3808/8776
f 8970/3806/8777 8973/3807/8778 8972/3808/8779 8971/3809/8780
f 8769/3807/8781 8767/3806/8782 8766/3809/8783 8768/3808/8784
f 8609/3807/8785 8607/3806/8786 8606/3809/8787 8608/3808/8788
f 9205/3807/8789 9204/3806/8790 9203/3809/8791 9202/3808/8792
f 8552/3806/8793 8553/3807/8794 8551/3808/8795 8550/3809/8796
f 8920/3806/8797 8921/3807/8798 8919/3808/8799 8918/3809/8800
f 9000/3806/8801 9001/3807/8802 8999/3808/8803 8998/3809/8804
f 9125/3807/8805 9124/3806/8806 9123/3809/8807 9122/3808/8808
f 8952/3806/8809 8953/3807/8810 8951/3808/8811 8950/3809/8812
f 8792/3806/8813 8793/3807/8814 8791/3808/8815 8790/3809/8816
f 8634/3806/8817 8637/3807/8818 8636/3808/8819 8635/3809/8820
f 9089/3807/8821 9087/3806/8822 9086/3809/8823 9088/3808/8824
f 8897/3807/8825 8895/3806/8826 8894/3809/8827 8896/3808/8828
f 9128/3806/8829 9129/3807/8830 9127/3808/8831 9126/3809/8832
f 9210/3806/8833 9213/3807/8834 9212/3808/8835 9211/3809/8836
f 8673/3807/8837 8671/3806/8838 8670/3809/8839 8672/3808/8840
f 8533/3807/8841 8532/3806/8842 8531/3809/8843 8530/3808/8844
f 9176/3806/8845 9177/3807/8846 9175/3808/8847 9174/3809/8848
f 8833/3807/8849 8831/3806/8850 8830/3809/8851 8832/3808/8852
f 8837/3807/8853 8836/3806/8854 8835/3809/8855 8834/3808/8856
f 9093/3807/8857 9092/3806/8858 9091/3809/8859 9090/3808/8860
f 8709/3807/8861 8708/3806/8862 8707/3809/8863 8706/3808/8864
f 8776/3806/8865 8777/3807/8866 8775/3808/8867 8774/3809/8868
f 8817/3807/8869 8815/3806/8870 8814/3809/8871 8816/3808/8872
f 8568/3806/8873 8569/3807/8874 8567/3808/8875 8566/3809/8876
f 8513/3807/8877 8511/3806/8878 8510/3809/8879 8512/3808/8880
f 8554/3806/8881 8557/3807/8882 8556/3808/8883 8555/3809/8884
f 8520/3806/8885 8521/3807/8886 8519/3808/8887 8518/3809/8888
f 8600/3806/8889 8601/3807/8890 8599/3808/8891 8598/3809/8892
f 8917/3807/8893 8916/3806/8894 8915/3809/8895 8914/3808/8896
f 8721/3807/8897 8719/3806/8898 8718/3809/8899 8720/3808/8900
f 8517/3807/8901 8516/3806/8902 8515/3809/8903 8514/3808/8904
f 8933/3807/8905 8932/3806/8906 8931/3809/8907 8930/3808/8908
f 9157/3807/8909 9156/3806/8910 9155/3809/8911 9154/3808/8912
f 8650/3806/8913 8653/3807/8914 8652/3808/8915 8651/3809/8916
f 8984/3806/8917 8985/3807/8918 8983/3808/8919 8982/3809/8920
f 9160/3806/8921 9161/3807/8922 9159/3808/8923 9158/3809/8924
f 8581/3807/8925 8580/3806/8926 8579/3809/8927 8578/3808/8928
f 8506/3806/8929 8509/3807/8930 8508/3808/8931 8507/3809/8932
f 8954/3806/8933 8957/3807/8934 8956/3808/8935 8955/3809/8936
f 9130/3806/8937 9133/3807/8938 9132/3808/8939 9131/3809/8940
f 8529/3807/8941 8527/3806/8942 8526/3809/8943 8528/3808/8944
f 9221/3807/8945 9220/3806/8946 9219/3809/8947 9218/3808/8948
f 8586/3806/8949 8589/3807/8950 8588/3808/8951 8587/3809/8952
f 8693/3807/8953 8692/3806/8954 8691/3809/8955 8690/3808/8956
f 8913/3807/8957 8911/3806/8958 8910/3809/8959 8912/3808/8960
f 8602/3806/8961 8605/3807/8962 8604/3808/8963 8603/3809/8964
f 9146/3806/8965 9149/3807/8966 9148/3808/8967 9147/3809/8968
f 8849/3807/8969 8847/3806/8970 8846/3809/8971 8848/3808/8972
f 8741/3807/8973 8740/3806/8974 8739/3809/8975 8738/3808/8976
f 9013/3807/8977 9012/3806/8978 9011/3809/8979 9010/3808/8980
f 8613/3807/8981 8612/3806/8982 8611/3809/8983 8610/3808/8984
f 8872/3806/8985 8873/3807/8986 8871/3808/8987 8870/3809/8988
f 9114/3806/8989 9117/3807/8990 9116/3808/8991 9115/3809/8992
f 9105/3807/8993 9103/3806/8994 9102/3809/8995 9104/3808/8996
f 8785/3807/8997 8783/3806/8998 8782/3809/8999 8784/3808/9000
f 9025/3807/9001 9023/3806/9002 9022/3809/9003 9024/3808/9004
f 9064/3806/9005 9065/3807/9006 9063/3808/9007 9062/3809/9008
f 8810/3806/9009 8813/3807/9010 8812/3808/9011 8811/3809/9012
f 8616/3806/9013 8617/3807/9014 8615/3808/9015 8614/3809/9016
f 8858/3806/9017 8861/3807/9018 8860/3808/9019 8859/3809/9020
f 9144/3806/9021 9145/3807/9022 9143/3808/9023 9142/3809/9024
f 9029/3807/9025 9028/3806/9026 9027/3809/9027 9026/3808/9028
f 9082/3806/9029 9085/3807/9030 9084/3808/9031 9083/3809/9032
f 9018/3806/9033 9021/3807/9034 9020/3808/9035 9019/3809/9036
f 8997/3807/9037 8996/3806/9038 8995/3809/9039 8994/3808/9040
f 8808/3806/9041 8809/3807/9042 8807/3808/9043 8806/3809/9044
f 8869/3807/9045 8868/3806/9046 8867/3809/9047 8866/3808/9048
f 9201/3807/9049 9199/3806/9050 9198/3809/9051 9200/3808/9052
f 8961/3807/9053 8959/3806/9054 8958/3809/9055 8960/3808/9056
f 9189/3807/9057 9188/3806/9058 9187/3809/9059 9186/3808/9060
f 8904/3806/9061 8905/3807/9062 8903/3808/9063 8902/3809/9064
f 8760/3806/9065 8761/3807/9066 8759/3808/9067 8758/3809/9068
f 9153/3807/9069 9151/3806/9070 9150/3809/9071 9152/3808/9072
f 9162/3806/9073 9165/3807/9074 9164/3808/9075 9163/3809/9076
f 9050/3806/9077 9053/3807/9078 9052/3808/9079 9051/3809/9080
f 8773/3807/9081 8772/3806/9082 8771/3809/9083 8770/3808/9084
f 9208/3806/9085 9209/3807/9086 9207/3808/9087 9206/3809/9088
f 9073/3807/9089 9071/3806/9090 9070/3809/9091 9072/3808/9092
f 9077/3807/9093 9076/3806/9094 9075/3809/9095 9074/3808/9096
f 8881/3807/9097 8879/3806/9098 8878/3809/9099 8880/3808/9100
f 9045/3807/9101 9044/3806/9102 9043/3809/9103 9042/3808/9104
f 9109/3807/9105 9108/3806/9106 9107/3809/9107 9106/3808/9108
f 8657/3807/9109 8655/3806/9110 8654/3809/9111 8656/3808/9112
f 8945/3807/9113 8943/3806/9114 8942/3809/9115 8944/3808/9116
f 9080/3806/9117 9081/3807/9118 9079/3808/9119 9078/3809/9120
f 8821/3807/9121 8820/3806/9122 8819/3809/9123 8818/3808/9124
f 8645/3807/9125 8644/3806/9126 8643/3809/9127 8642/3808/9128
f 9185/3807/9129 9183/3806/9130 9182/3809/9131 9184/3808/9132
f 8536/3806/9133 8537/3807/9134 8535/3808/9135 8534/3809/9136
f 9041/3807/9137 9039/3806/9138 9038/3809/9139 9040/3808/9140
f 9173/3807/9141 9172/3806/9142 9171/3809/9143 9170/3808/9144
f 8648/3806/9145 8649/3807/9146 8647/3808/9147 8646/3809/9148
f 8842/3806/9149 8845/3807/9150 8844/3808/9151 8843/3809/9152
f 8561/3807/9153 8559/3806/9154 8558/3809/9155 8560/3808/9156
f 9066/3806/9157 9069/3807/9158 9068/3808/9159 9067/3809/9160
f 9034/3806/9161 9037/3807/9162 9036/3808/9163 9035/3809/9164
f 9141/3807/9165 9140/3806/9166 9139/3809/9167 9138/3808/9168
f 9194/3806/9169 9197/3807/9170 9196/3808/9171 9195/3809/9172
f 9096/3806/9173 9097/3807/9174 9095/3808/9175 9094/3809/9176
f 8744/3806/9177 8745/3807/9178 8743/3808/9179 8742/3809/9180
f 8714/3806/9181 8717/3807/9182 8716/3808/9183 8715/3809/9184
f 8584/3806/9185 8585/3807/9186 8583/3808/9187 8582/3809/9188
f 9016/3806/9189 9017/3807/9190 9015/3808/9191 9014/3809/9192
f 9217/3807/9193 9215/3806/9194 9214/3809/9195 9216/3808/9196
f 8885/3807/9197 8884/3806/9198 8883/3809/9199 8882/3808/9200
f 8545/3807/9201 8543/3806/9202 8542/3809/9203 8544/3808/9204
f 8597/3807/9205 8596/3806/9206 8595/3809/9207 8594/3808/9208
f 9169/3807/9209 9167/3806/9210 9166/3809/9211 9168/3808/9212
f 8949/3807/9213 8948/3806/9214 8947/3809/9215 8946/3808/9216
o Tree_1.114
v -39.041588 17.620066 4.305697
v -36.841408 16.817774 3.885070
v -37.663937 15.511323 2.074542
v -39.864117 16.313614 2.495167
v -36.841408 16.817774 3.885070
v -39.041588 17.620066 4.305697
v -37.663937 15.511323 2.074542
v -39.864117 16.313614 2.495167
v -39.173809 15.082903 3.069623
v -38.794277 16.902491 1.584212
v -37.971752 18.208942 3.394741
v -38.351280 16.389355 4.880151
v -38.794277 16.902491 1.584212
v -39.173809 15.082903 3.069623
v -37.971752 18.208942 3.394741
v -38.351280 16.389355 4.880151
v -35.982662 18.314123 -1.495843
v -35.221699 17.785629 -3.687421
v -37.454346 17.288408 -4.342743
v -38.215309 17.816902 -2.151166
v -35.221699 17.785629 -3.687421
v -35.982662 18.314123 -1.495843
v -37.454346 17.288408 -4.342743
v -38.215309 17.816902 -2.151166
v -39.351070 17.552643 -2.670294
v -39.663490 19.818663 -3.325221
v -37.430843 20.315884 -2.669899
v -37.118423 18.049864 -2.014972
v -39.663490 19.818663 -3.325221
v -39.351070 17.552643 -2.670294
v -37.430843 20.315884 -2.669899
v -37.118423 18.049864 -2.014972
v -38.015438 17.040077 1.743133
v -35.665878 16.719618 1.547534
v -36.040668 14.644866 0.444666
v -38.390228 14.965323 0.640265
v -35.665878 16.719618 1.547534
v -38.015438 17.040077 1.743133
v -36.040668 14.644866 0.444666
v -38.390228 14.965323 0.640265
v -37.439392 14.277208 1.611645
v -37.461414 15.397072 -0.487595
v -37.086624 17.471825 0.615274
v -37.064602 16.351963 2.714514
v -38.921234 15.980186 0.760136
v -38.899212 14.860324 2.859376
v -38.546444 18.054941 1.863004
v -38.524422 16.935078 3.962244
v -36.783878 17.194202 -1.358950
v -34.597130 17.789194 -2.083864
v -34.572662 15.914438 -3.548813
v -36.759411 15.319445 -2.823899
v -34.597130 17.789194 -2.083864
v -36.783878 17.194202 -1.358950
v -34.572662 15.914438 -3.548813
v -36.759411 15.319445 -2.823899
v -39.717583 16.728018 1.867192
v -40.655087 18.066919 0.138084
v -40.679554 19.941675 1.603032
v -39.742050 18.602774 3.332140
v -33.416454 16.797876 -1.583804
v -32.478951 15.458976 0.145304
v -33.440922 18.672634 -0.118856
v -32.503414 17.333733 1.610252
v -38.880444 18.303368 3.120711
v -36.526920 17.961821 3.045483
v -36.842155 16.111761 1.582851
v -39.195679 16.453308 1.658080
v -36.526920 17.961821 3.045483
v -38.880444 18.303368 3.120711
v -36.842155 16.111761 1.582851
v -39.195679 16.453308 1.658080
v -36.870178 15.005219 1.317866
v -36.718719 16.461931 -0.557350
v -36.403484 18.311989 0.905282
v -36.554943 16.855278 2.780498
v -38.178539 17.045046 0.690381
v -38.330002 15.588333 2.565597
v -37.863304 18.895103 2.153012
v -38.014767 17.438393 4.028228
v -32.853851 18.088364 0.658821
v -30.745316 17.976257 -0.437947
v -31.633709 16.401791 -1.984943
v -33.742245 16.513899 -0.888174
v -30.745316 17.976257 -0.437947
v -32.853851 18.088364 0.658821
v -31.633709 16.401791 -1.984943
v -33.742245 16.513899 -0.888174
v -39.811035 16.847891 1.113563
v -40.463894 18.628304 -0.323548
v -39.575500 20.202770 1.223446
v -38.922638 18.422358 2.660558
v -39.004074 18.045189 -1.571279
v -38.351212 16.264774 -0.134167
v -38.115681 19.619656 -0.024284
v -37.462818 17.839243 1.412828
v -37.377808 17.483492 0.500661
v -35.063084 17.040159 0.173708
v -35.609970 15.021496 -0.960881
v -37.924694 15.464826 -0.633929
v -35.063084 17.040159 0.173708
v -37.377808 17.483492 0.500661
v -35.609970 15.021496 -0.960881
v -37.924694 15.464826 -0.633929
v -36.965809 14.698038 0.268150
v -37.031799 15.876950 -1.797570
v -36.484909 17.895617 -0.662981
v -36.418922 16.716703 1.402739
v -38.491619 16.460066 -0.549839
v -38.425632 15.281153 1.515880
v -37.944733 18.478731 0.584750
v -37.878746 17.299818 2.650469
v -37.491699 18.488106 0.487149
v -36.302505 17.618729 -1.381378
v -38.361443 17.211084 -2.502087
v -39.550636 18.080463 -0.633561
v -36.302505 17.618729 -1.381378
v -37.491699 18.488106 0.487149
v -38.361443 17.211084 -2.502087
v -39.550636 18.080463 -0.633561
v -40.579464 17.227320 0.344778
v -40.490097 19.404335 -0.611260
v -38.431164 19.811977 0.509450
v -38.520527 17.634964 1.465488
v -39.030277 18.821218 -1.858990
v -39.119640 16.644205 -0.902952
v -36.971340 19.228863 -0.738281
v -37.060703 17.051847 0.217757
v -37.829548 18.243372 1.484622
v -36.276989 16.985769 0.192575
v -38.036819 16.299854 -1.254458
v -39.589378 17.557457 0.037589
v -34.817169 16.402655 -1.055155
v -36.369724 17.660255 0.236891
v -36.576996 15.716740 -2.502188
v -38.129555 16.974342 -1.210141
v -37.704712 15.521386 -1.038101
v -37.312355 17.421215 -2.415816
v -35.552525 18.107128 -0.968786
v -35.944878 16.207302 0.408930
v -37.312355 17.421215 -2.415816
v -37.704712 15.521386 -1.038101
v -35.552525 18.107128 -0.968786
v -35.944878 16.207302 0.408930
v -37.967937 19.217182 0.204939
v -35.799404 18.975574 -0.744001
v -36.648811 17.364197 -2.274803
v -38.817341 17.605803 -1.325862
v -35.799404 18.975574 -0.744001
v -37.967937 19.217182 0.204939
v -36.648811 17.364197 -2.274803
v -38.817341 17.605803 -1.325862
v -39.166145 17.225317 0.319715
v -39.653355 18.959234 -1.235131
v -38.803951 20.570614 0.295671
v -38.316742 18.836697 1.850516
v -39.653355 18.959234 -1.235131
v -39.166145 17.225317 0.319715
v -38.803951 20.570614 0.295671
v -38.316742 18.836697 1.850516
v -36.302921 18.331081 0.059242
v -34.624119 17.238523 -1.225022
v -36.287868 16.459398 -2.737067
v -37.966671 17.551956 -1.452805
v -34.624119 17.238523 -1.225022
v -36.302921 18.331081 0.059242
v -36.287868 16.459398 -2.737067
v -37.966671 17.551956 -1.452805
v -37.432034 16.132504 -1.309667
v -37.158264 18.097361 -2.623353
v -35.494514 18.876488 -1.111307
v -35.768284 16.911631 0.202380
v -37.158264 18.097361 -2.623353
v -37.432034 16.132504 -1.309667
v -35.494514 18.876488 -1.111307
v -35.768284 16.911631 0.202380
v -37.084793 18.960197 -0.002106
v -35.697609 18.075615 -1.721005
v -37.629204 17.526325 -2.997168
v -39.016392 18.410908 -1.278270
v -35.697609 18.075615 -1.721005
v -37.084793 18.960197 -0.002106
v -37.629204 17.526325 -2.997168
v -39.016392 18.410908 -1.278270
v -38.500332 16.987358 -1.446651
v -38.422707 19.126793 -2.485006
v -36.491108 19.676083 -1.208842
v -36.568733 17.536648 -0.170487
v -38.422707 19.126793 -2.485006
v -38.500332 16.987358 -1.446651
v -36.491108 19.676083 -1.208842
v -36.568733 17.536648 -0.170487
v -37.414482 19.392715 -0.500055
v -35.054062 19.593906 -0.722138
v -35.007969 17.607775 -2.031543
v -37.368393 17.406586 -1.809459
v -35.054062 19.593906 -0.722138
v -37.414482 19.392715 -0.500055
v -35.007969 17.607775 -2.031543
v -37.368393 17.406586 -1.809459
v -37.735996 17.422836 0.336545
v -38.032093 18.717514 -1.637669
v -38.078186 20.703646 -0.328265
v -37.782085 19.408970 1.645951
v -38.032093 18.717514 -1.637669
v -37.735996 17.422836 0.336545
v -38.078186 20.703646 -0.328265
v -37.782085 19.408970 1.645951
v -38.772816 16.087372 2.659689
v -39.143059 17.331182 0.808945
v -39.245525 19.195791 2.082572
v -38.875286 17.951981 3.933318
v -37.683235 16.748068 -0.438785
v -37.312996 15.504256 1.411959
v -37.785706 18.612677 0.834842
v -37.415462 17.368866 2.685587
v -40.137138 18.303249 3.317535
v -37.909626 18.595760 3.068505
v -37.807156 16.731152 1.794877
v -40.034672 16.438641 2.043906
v -37.909626 18.595760 3.068505
v -40.137138 18.303249 3.317535
v -37.807156 16.731152 1.794877
v -40.034672 16.438641 2.043906
v -39.489918 18.865309 -2.813673
v -41.393150 19.939363 -3.391171
v -41.007153 21.485369 -1.787964
v -39.103920 20.411312 -1.210463
v -41.393150 19.939363 -3.391171
v -39.489918 18.865309 -2.813673
v -41.007153 21.485369 -1.787964
v -39.103920 20.411312 -1.210463
v -40.443596 20.215300 -0.698897
v -39.286831 21.466568 -2.184029
v -39.672829 19.920565 -3.787238
v -40.829594 18.669296 -2.302107
v -39.286831 21.466568 -2.184029
v -40.443596 20.215300 -0.698897
v -39.672829 19.920565 -3.787238
v -40.829594 18.669296 -2.302107
v -38.472065 14.762122 0.270823
v -39.028881 16.251806 -1.335479
v -37.932919 17.876291 -0.208839
v -37.376102 16.386608 1.397461
v -39.028881 16.251806 -1.335479
v -38.472065 14.762122 0.270823
v -37.932919 17.876291 -0.208839
v -37.376102 16.386608 1.397461
v -38.547279 17.233126 1.316164
v -36.650379 16.731836 0.193720
v -37.746342 15.107350 -0.932920
v -39.643242 15.608641 0.189525
v -36.650379 16.731836 0.193720
v -38.547279 17.233126 1.316164
v -37.746342 15.107350 -0.932920
v -39.643242 15.608641 0.189525
v -33.773426 12.719436 -2.503398
v -34.685703 14.787023 -2.550673
v -32.751602 15.658253 -1.769896
v -31.839325 13.590667 -1.722621
v -40.661854 21.319826 -3.424234
v -39.749580 19.252239 -3.376959
v -38.727757 22.191055 -2.643457
v -37.815479 20.123470 -2.596182
v -36.950230 19.733025 -1.584760
v -36.217834 20.007690 -3.705502
v -38.151936 19.136459 -4.486280
v -38.884331 18.861795 -2.365538
v -31.838036 14.555034 -2.801902
v -32.570435 14.280370 -0.681159
v -33.772137 13.683803 -3.582680
v -34.504536 13.409139 -1.461937
v -39.047138 17.081165 1.464669
v -39.095936 19.220167 0.735500
v -37.764393 19.836672 2.454895
v -37.715595 17.697670 3.184063
v -39.095936 19.220167 0.735500
v -39.047138 17.081165 1.464669
v -37.764393 19.836672 2.454895
v -37.715595 17.697670 3.184063
v -38.648079 18.749477 3.529065
v -36.822151 18.357063 2.255725
v -38.153694 17.740559 0.536331
v -39.979622 18.132973 1.809672
v -36.822151 18.357063 2.255725
v -38.648079 18.749477 3.529065
v -38.153694 17.740559 0.536331
v -39.979622 18.132973 1.809672
v -36.723682 18.461475 -4.138907
v -38.333748 19.753897 -5.059091
v -37.919281 21.362030 -3.525623
v -36.309216 20.069609 -2.605440
v -38.333748 19.753897 -5.059091
v -36.723682 18.461475 -4.138907
v -37.919281 21.362030 -3.525623
v -36.309216 20.069609 -2.605440
v -36.215866 17.194813 -1.812912
v -34.684425 18.118364 -3.195351
v -35.098888 16.510231 -4.728820
v -36.630329 15.586679 -3.346379
v -33.343773 19.769497 -0.770699
v -34.875210 18.845943 0.611741
v -33.758236 18.161364 -2.304167
v -35.289677 17.237810 -0.921726
v -37.160938 14.798012 -0.898300
v -37.977676 15.221966 -2.919414
v -38.046406 17.388622 -2.437154
v -37.229668 16.964668 -0.416041
v -37.977676 15.221966 -2.919414
v -37.160938 14.798012 -0.898300
v -38.046406 17.388622 -2.437154
v -37.229668 16.964668 -0.416041
v -38.588341 17.014292 -0.832622
v -36.524387 17.254208 -1.616350
v -36.455658 15.087551 -2.098608
v -38.519611 14.847635 -1.314881
v -36.524387 17.254208 -1.616350
v -38.588341 17.014292 -0.832622
v -36.455658 15.087551 -2.098608
v -38.519611 14.847635 -1.314881
v -39.484768 18.999178 -0.978116
v -39.962738 21.166790 -1.046640
v -38.078228 21.616646 0.038691
v -37.600258 19.449034 0.107214
v -39.962738 21.166790 -1.046640
v -39.484768 18.999178 -0.978116
v -38.078228 21.616646 0.038691
v -37.600258 19.449034 0.107214
v -38.328068 20.228355 1.047929
v -37.254822 20.403803 -0.888319
v -39.139332 19.953947 -1.973649
v -40.212578 19.778500 -0.037401
v -37.254822 20.403803 -0.888319
v -38.328068 20.228355 1.047929
v -39.139332 19.953947 -1.973649
v -40.212578 19.778500 -0.037401
v -37.165791 16.575907 -1.770081
v -37.811871 18.185511 -3.156967
v -36.885483 19.703461 -1.826806
v -36.239407 18.093857 -0.439919
v -37.811871 18.185511 -3.156967
v -37.165791 16.575907 -1.770081
v -36.885483 19.703461 -1.826806
v -36.239407 18.093857 -0.439919
v -37.453884 18.833479 -0.438141
v -35.541794 18.641918 -1.551205
v -36.468178 17.123968 -2.881366
v -38.380268 17.315529 -1.768304
v -35.541794 18.641918 -1.551205
v -37.453884 18.833479 -0.438141
v -36.468178 17.123968 -2.881366
v -38.380268 17.315529 -1.768304
v -39.716591 18.818626 -1.459624
v -40.153481 20.990040 -1.620193
v -38.188862 21.453773 -0.694497
v -37.751968 19.282360 -0.533929
v -40.153481 20.990040 -1.620193
v -39.716591 18.818626 -1.459624
v -38.188862 21.453773 -0.694497
v -37.751968 19.282360 -0.533929
v -32.617249 19.444967 -0.066207
v -31.678583 19.485031 -2.078420
v -33.643204 19.021297 -3.004117
v -34.581867 18.981232 -0.991903
v -37.457394 20.170958 -1.604262
v -38.396057 20.130894 0.407951
v -39.422012 19.707224 -2.529959
v -40.360680 19.667160 -0.517745
v -36.843414 17.340040 -1.705575
v -37.631611 18.845230 -3.135557
v -37.092499 20.470707 -1.721742
v -36.304302 18.965519 -0.291760
v -37.631611 18.845230 -3.135557
v -36.843414 17.340040 -1.705575
v -37.092499 20.470707 -1.721742
v -36.304302 18.965519 -0.291760
v -37.622055 19.490267 -0.392591
v -35.617111 19.644920 -1.334914
v -36.156219 18.019442 -2.748730
v -38.161163 17.864788 -1.806406
v -35.617111 19.644920 -1.334914
v -37.622055 19.490267 -0.392591
v -36.156219 18.019442 -2.748730
v -38.161163 17.864788 -1.806406
v -38.017849 18.372015 -1.522415
v -39.289635 19.230782 -3.127651
v -39.777580 20.956478 -1.817852
v -38.505795 20.097712 -0.212617
v -39.289635 19.230782 -3.127651
v -38.017849 18.372015 -1.522415
v -39.777580 20.956478 -1.817852
v -38.505795 20.097712 -0.212617
v -34.112648 17.164816 -0.929074
v -32.358746 18.267622 -1.728665
v -31.870802 16.541925 -3.038463
v -33.624702 15.439117 -2.238874
v -35.202499 19.546478 -4.622698
v -36.956398 18.443674 -3.823107
v -34.714554 17.820782 -5.932497
v -36.468452 16.717976 -5.132907
v -37.986145 18.362606 -2.157901
v -38.276299 20.505466 -2.663519
v -36.538353 21.041479 -1.389184
v -36.248199 18.898617 -0.883566
v -38.276299 20.505466 -2.663519
v -37.986145 18.362606 -2.157901
v -36.538353 21.041479 -1.389184
v -36.248199 18.898617 -0.883566
v -37.040104 19.870359 -0.212297
v -35.688419 19.641165 -1.959328
v -37.426365 19.105152 -3.233664
v -38.778049 19.334349 -1.486632
v -35.688419 19.641165 -1.959328
v -37.040104 19.870359 -0.212297
v -37.426365 19.105152 -3.233664
v -38.778049 19.334349 -1.486632
v -35.929913 16.531666 3.092607
v -34.119694 15.742922 2.432693
v -34.988754 15.283968 0.597320
v -36.798973 16.072712 1.257235
v -34.119694 15.742922 2.432693
v -35.929913 16.531666 3.092607
v -34.988754 15.283968 0.597320
v -36.798973 16.072712 1.257235
v -37.809635 15.404682 2.605149
v -37.259777 17.275976 1.876850
v -36.390720 17.734932 3.712223
v -36.940575 15.863638 4.440521
v -37.259777 17.275976 1.876850
v -37.809635 15.404682 2.605149
v -36.390720 17.734932 3.712223
v -36.940575 15.863638 4.440521
v -35.968765 16.552763 -1.926640
v -35.715996 16.795734 -3.978850
v -37.587551 15.945948 -4.309981
v -37.840321 15.702976 -2.257770
v -38.815449 20.805870 -4.418192
v -39.068222 20.562901 -2.365982
v -40.687004 19.956083 -4.749323
v -40.939774 19.713114 -2.697112
v -40.400520 18.867788 -3.575619
v -41.276814 20.752815 -3.460374
v -39.405258 21.602602 -3.129244
v -38.528965 19.717575 -3.244489
v -35.300659 14.220011 -2.586813
v -34.424366 12.334984 -2.702058
v -33.429108 15.069798 -2.255683
v -32.552814 13.184771 -2.370928
v -36.686260 15.354897 1.062860
v -34.949444 14.340972 0.524412
v -36.096645 12.845221 -0.359420
v -37.833462 13.859145 0.179029
v -34.949444 14.340972 0.524412
v -36.686260 15.354897 1.062860
v -36.096645 12.845221 -0.359420
v -37.833462 13.859145 0.179029
v -37.160530 12.936568 0.866895
v -37.116940 13.970582 -0.939597
v -35.969738 15.466333 -0.055766
v -36.013329 14.432320 1.750726
v -37.116940 13.970582 -0.939597
v -37.160530 12.936568 0.866895
v -35.969738 15.466333 -0.055766
v -36.013329 14.432320 1.750726
v -34.389011 18.716291 -0.193310
v -33.233345 19.215235 -1.851617
v -34.241779 17.788366 -2.983699
v -35.397446 17.289423 -1.325391
v -39.012154 19.901161 -1.377459
v -40.167824 19.402218 0.280848
v -40.020588 18.474295 -2.509542
v -41.176258 17.975349 -0.851233
v -39.385956 18.350021 0.020097
v -40.793785 19.781666 -0.530269
v -39.785355 21.208532 0.601812
v -38.377522 19.776890 1.152178
v -35.639095 18.204823 -2.263898
v -34.231262 16.773178 -1.713531
v -34.630661 19.631691 -1.131816
v -33.222828 18.200047 -0.581450
v -36.657043 17.486084 3.272313
v -34.894356 16.679575 2.512722
v -35.898689 16.118944 0.777354
v -37.661377 16.925455 1.536945
v -33.434532 16.096460 1.264992
v -35.197220 16.902969 2.024583
v -34.438866 15.535830 -0.470376
v -36.201553 16.342339 0.289214
v -35.730331 15.101893 0.417239
v -35.262627 16.937576 -0.446483
v -34.258293 17.498207 1.288886
v -34.725998 15.662525 2.152608
v -35.262627 16.937576 -0.446483
v -35.730331 15.101893 0.417239
v -34.258293 17.498207 1.288886
v -34.725998 15.662525 2.152608
v -36.200211 18.712770 -3.221618
v -35.089695 19.045692 -4.950900
v -36.548386 18.074192 -6.074685
v -37.658905 17.741270 -4.345404
v -38.024754 20.491835 -1.582708
v -39.135273 20.158913 0.146574
v -39.483448 19.520334 -2.706493
v -40.593967 19.187412 -0.977212
v -39.656441 18.415064 -1.526452
v -40.643078 20.226099 -1.811396
v -39.184387 21.197599 -0.687611
v -38.197746 19.386564 -0.402667
v -40.643078 20.226099 -1.811396
v -39.656441 18.415064 -1.526452
v -39.184387 21.197599 -0.687611
v -38.197746 19.386564 -0.402667
v -36.108006 15.688467 -1.013125
v -34.254406 15.590763 -1.710364
v -34.407677 13.618238 -1.841416
v -36.261276 13.715943 -1.144177
v -34.254406 15.590763 -1.710364
v -36.108006 15.688467 -1.013125
v -34.407677 13.618238 -1.841416
v -36.261276 13.715943 -1.144177
v -35.176254 13.588657 -0.497303
v -35.863419 13.765065 -2.348843
v -35.710152 15.737591 -2.217790
v -35.022984 15.561181 -0.366250
v -35.863419 13.765065 -2.348843
v -35.176254 13.588657 -0.497303
v -35.710152 15.737591 -2.217790
v -35.022984 15.561181 -0.366250
v -37.549469 20.675953 -0.464487
v -36.860641 21.156597 -2.260599
v -38.701309 21.062304 -2.991745
v -39.390137 20.581657 -1.195633
v -36.860641 21.156597 -2.260599
v -37.549469 20.675953 -0.464487
v -38.701309 21.062304 -2.991745
v -39.390137 20.581657 -1.195633
v -38.983280 19.813238 -2.120794
v -39.245930 21.734594 -1.707361
v -37.405262 21.828888 -0.976216
v -37.142612 19.907532 -1.389648
v -39.245930 21.734594 -1.707361
v -38.983280 19.813238 -2.120794
v -37.405262 21.828888 -0.976216
v -37.142612 19.907532 -1.389648
v -35.734482 17.893467 -1.680193
v -33.958443 17.960468 -2.559230
v -34.325081 16.218622 -3.432769
v -36.101120 16.151621 -2.553730
v -33.958443 17.960468 -2.559230
v -35.734482 17.893467 -1.680193
v -34.325081 16.218622 -3.432769
v -36.101120 16.151621 -2.553730
v -34.989841 15.705927 -2.131436
v -35.791573 16.650917 -3.679254
v -35.424931 18.392761 -2.805716
v -34.623203 17.447771 -1.257898
v -35.791573 16.650917 -3.679254
v -34.989841 15.705927 -2.131436
v -35.424931 18.392761 -2.805716
v -34.623203 17.447771 -1.257898
v -37.899220 21.085438 0.014104
v -37.025787 21.439774 -1.730341
v -38.559608 20.603487 -2.668181
v -39.433037 20.249153 -0.923737
v -37.649910 20.548857 -2.989811
v -38.523338 20.194523 -1.245367
v -39.183727 19.712572 -3.927651
v -40.057159 19.358236 -2.183207
v -38.631992 19.509609 -1.574371
v -39.535339 21.272163 -1.668658
v -38.001522 22.108448 -0.730818
v -37.098175 20.345896 -0.636531
v -39.535339 21.272163 -1.668658
v -38.631992 19.509609 -1.574371
v -38.001522 22.108448 -0.730818
v -37.098175 20.345896 -0.636531
v -35.199757 19.033302 -0.602038
v -33.483566 19.060589 -1.594745
v -34.279655 17.913488 -3.002551
v -35.995846 17.886204 -2.009844
v -33.483566 19.060589 -1.594745
v -35.199757 19.033302 -0.602038
v -34.279655 17.913488 -3.002551
v -35.995846 17.886204 -2.009844
v -35.012531 17.088579 -1.915976
v -35.606209 18.705654 -2.897877
v -34.810120 19.852755 -1.490072
v -34.216442 18.235680 -0.508169
v -35.606209 18.705654 -2.897877
v -35.012531 17.088579 -1.915976
v -34.810120 19.852755 -1.490072
v -34.216442 18.235680 -0.508169
v -38.222145 20.555380 -0.574739
v -36.915802 21.192739 -1.923350
v -37.726849 19.991714 -3.276590
v -39.033195 19.354355 -1.927979
v -36.915802 21.192739 -1.923350
v -38.222145 20.555380 -0.574739
v -37.726849 19.991714 -3.276590
v -39.033195 19.354355 -1.927979
v -37.884724 18.887699 -2.202136
v -39.136593 20.330902 -2.732710
v -38.325542 21.531925 -1.379471
v -37.073673 20.088722 -0.848896
v -39.136593 20.330902 -2.732710
v -37.884724 18.887699 -2.202136
v -38.325542 21.531925 -1.379471
v -37.073673 20.088722 -0.848896
v -36.469681 19.817749 -1.409369
v -34.795517 20.265104 -2.372995
v -35.081741 18.723066 -3.586139
v -36.755901 18.275715 -2.622512
v -34.795517 20.265104 -2.372995
v -36.469681 19.817749 -1.409369
v -35.081741 18.723066 -3.586139
v -36.755901 18.275715 -2.622512
v -35.574677 17.872952 -2.389249
v -36.597797 19.036360 -3.626675
v -36.311573 20.578396 -2.413532
v -35.288452 19.414989 -1.176106
v -36.597797 19.036360 -3.626675
v -35.574677 17.872952 -2.389249
v -36.311573 20.578396 -2.413532
v -35.288452 19.414989 -1.176106
v -37.427952 16.661337 2.678915
v -36.415615 18.123367 1.847700
v -35.823830 18.721838 3.621089
v -36.836170 17.259808 4.452303
v -34.955791 17.540251 0.599970
v -35.968132 16.078222 1.431185
v -34.364010 18.138723 2.373358
v -35.376350 16.676693 3.204573
v -37.218357 18.427197 4.185877
v -35.644115 17.262043 4.053758
v -36.235897 16.663572 2.280369
v -37.810139 17.828726 2.412488
v -35.644115 17.262043 4.053758
v -37.218357 18.427197 4.185877
v -36.235897 16.663572 2.280369
v -37.810139 17.828726 2.412488
v -39.453999 19.440248 -1.765137
v -40.795444 20.753536 -2.338797
v -39.901188 22.134617 -1.268187
v -38.559746 20.821331 -0.694528
v -40.795444 20.753536 -2.338797
v -39.453999 19.440248 -1.765137
v -39.901188 22.134617 -1.268187
v -38.559746 20.821331 -0.694528
v -38.536385 21.581789 -1.695028
v -39.656258 21.111500 -0.152955
v -39.430637 20.200706 -2.765637
v -40.550514 19.730417 -1.223564
v -37.518898 13.453547 0.148518
v -36.882820 14.043900 -1.612209
v -35.670609 15.321853 -0.745800
v -36.306686 14.731497 1.014927
v -36.882820 14.043900 -1.612209
v -37.518898 13.453547 0.148518
v -35.670609 15.321853 -0.745800
v -36.306686 14.731497 1.014927
v -36.755680 15.651672 0.285866
v -35.348831 14.283607 0.335406
v -36.561043 13.005655 -0.531003
v -37.967892 14.373720 -0.580542
v -35.348831 14.283607 0.335406
v -36.755680 15.651672 0.285866
v -36.561043 13.005655 -0.531003
v -37.967892 14.373720 -0.580542
v -39.143982 18.177546 -2.395056
v -39.737320 19.973000 -2.921913
v -37.923744 20.660872 -2.620157
v -37.330406 18.865419 -2.093299
v -39.737320 19.973000 -2.921913
v -39.143982 18.177546 -2.395056
v -37.923744 20.660872 -2.620157
v -37.330406 18.865419 -2.093299
v -34.698601 17.810310 -0.931340
v -34.237972 17.414764 -2.798061
v -36.051548 16.726891 -3.099817
v -36.512177 17.122437 -1.233097
v -37.961548 18.494911 -4.496873
v -38.422173 18.890457 -2.630152
v -39.775124 17.807037 -4.798629
v -40.235748 18.202583 -2.931909
v -36.348038 16.371534 2.067240
v -35.578156 17.237776 0.482881
v -35.707321 18.982134 1.373839
v -36.477200 18.115892 2.958199
v -34.118336 16.654659 -0.764850
v -34.888214 15.788419 0.819510
v -34.247498 18.399019 0.126109
v -35.017380 17.532778 1.710468
v -35.609966 18.001867 0.706158
v -33.808887 17.756683 1.447292
v -33.679726 16.012323 0.556335
v -35.480801 16.257507 -0.184801
v -35.268707 18.339798 2.695022
v -37.069790 18.584982 1.953888
v -35.139545 16.595438 1.804065
v -36.940624 16.840622 1.062930
v -34.166691 13.309389 -1.190599
v -34.775669 15.122956 -1.630369
v -33.161621 15.867020 -0.797004
v -32.552643 14.053452 -0.357234
v -38.836269 21.115749 -3.080731
v -38.227287 19.302181 -2.640962
v -37.222218 21.859814 -2.247366
v -36.613239 20.046246 -1.807597
v -35.728786 19.743053 -1.152529
v -34.792160 19.639994 -2.874559
v -36.406208 18.895931 -3.707924
v -37.342838 18.998991 -1.985894
v -35.416279 18.749079 -4.134029
v -36.352909 18.852139 -2.411999
v -37.030327 18.005016 -4.967394
v -37.966957 18.108076 -3.245364
vn -0.5834 0.5078 0.6338
vn -0.5854 0.4600 0.6676
vn -0.6726 0.5405 0.5054
vn -0.7138 0.5807 0.3915
vn -0.2554 0.9630 -0.0858
vn -0.2661 0.9638 -0.0186
vn -0.1973 0.9608 -0.1945
vn -0.1888 0.9263 -0.3261
vn 0.6964 0.6731 -0.2488
vn 0.7080 0.6292 -0.3207
vn 0.5250 0.7317 -0.4346
vn 0.5648 0.7549 -0.3333
vn -0.0004 0.5520 0.8339
vn 0.1238 0.5129 0.8495
vn 0.0241 0.6046 0.7961
vn -0.1098 0.6308 0.7681
vn 0.4733 -0.0971 0.8755
vn 0.7429 -0.2028 0.6379
vn 0.6592 -0.1826 0.7295
vn 0.4771 -0.1317 0.8689
vn -0.3666 0.1516 0.9179
vn -0.3940 0.1316 0.9096
vn -0.5827 0.2379 0.7771
vn -0.6766 0.2897 0.6769
vn -0.2757 0.5675 0.7758
vn -0.1870 0.4864 0.8535
vn -0.2656 0.5643 0.7817
vn -0.3641 0.6149 0.6995
vn 0.8910 0.3665 -0.2678
vn 0.9499 0.3035 -0.0752
vn 0.9897 0.1412 -0.0229
vn 0.9326 0.2253 -0.2819
vn 0.3472 0.9192 -0.1856
vn 0.3858 0.9180 -0.0918
vn 0.4964 0.8543 -0.1544
vn 0.4807 0.8379 -0.2586
vn 0.6946 0.1568 0.7021
vn 0.7953 0.1160 0.5951
vn 0.6971 0.1663 0.6974
vn 0.5811 0.1731 0.7952
vn 0.9858 0.0078 -0.1680
vn 0.9922 -0.1071 0.0640
vn 0.9735 -0.2114 0.0870
vn 0.9480 -0.0236 -0.3172
vn 0.6804 0.6329 -0.3694
vn 0.7691 0.5490 -0.3273
vn 0.7619 0.5236 -0.3811
vn 0.6492 0.6253 -0.4331
vn 0.6987 0.4272 -0.5739
vn 0.5766 0.5260 -0.6252
vn 0.4680 0.5654 -0.6792
vn 0.5961 0.5076 -0.6221
vn 0.5718 0.7745 -0.2706
vn 0.5941 0.7179 -0.3629
vn 0.3364 0.8256 -0.4531
vn 0.3949 0.8556 -0.3347
vn 0.3704 0.9165 -0.1510
vn 0.4046 0.9136 -0.0403
vn 0.5202 0.8482 -0.1000
vn 0.5077 0.8337 -0.2173
vn 0.2616 0.0645 0.9630
vn 0.3980 -0.0005 0.9174
vn 0.5410 -0.2036 0.8160
vn 0.4344 -0.0566 0.8989
vn -0.1940 0.6873 0.7000
vn -0.2340 0.8003 0.5521
vn -0.2968 0.8574 0.4205
vn -0.2092 0.7577 0.6182
vn 0.2205 -0.0715 0.9728
vn 0.3527 -0.1103 0.9292
vn 0.4912 -0.2892 0.8216
vn 0.3789 -0.1814 0.9075
vn 0.4101 -0.4779 0.7768
vn 0.3285 -0.4350 0.8383
vn 0.6218 -0.6211 0.4771
vn 0.5777 -0.5843 0.5700
vn 0.2191 0.7625 -0.6087
vn 0.0426 0.8333 -0.5512
vn -0.0251 0.8794 -0.4754
vn 0.1334 0.8411 -0.5241
vn 0.2461 -0.5329 0.8096
vn 0.6138 -0.6252 0.4820
vn 0.5537 -0.5682 0.6088
vn 0.3282 -0.5091 0.7957
vn 0.9460 0.2482 -0.2085
vn 0.9210 0.2701 -0.2808
vn 0.7588 0.3253 -0.5643
vn 0.8518 0.3346 -0.4032
vn -0.4517 0.6926 0.5624
vn -0.4368 0.6422 0.6299
vn -0.5377 0.7289 0.4239
vn -0.6342 0.7311 0.2517
vn 0.8852 -0.4423 0.1445
vn 0.8734 -0.4310 0.2268
vn 0.8583 -0.4071 -0.3125
vn 0.8937 -0.4226 -0.1508
vn 0.1128 -0.5372 0.8359
vn 0.1152 -0.5800 0.8065
vn 0.3987 -0.7412 0.5400
vn 0.3138 -0.6566 0.6859
vn -0.6288 0.2253 0.7442
vn -0.7630 0.4151 0.4955
vn -0.8336 0.4349 0.3405
vn -0.5829 0.0800 0.8086
vn 0.3486 0.8102 -0.4713
vn 0.2775 0.8726 -0.4019
vn 0.4193 0.7905 -0.4465
vn 0.4912 0.6919 -0.5292
vn 0.9373 0.0328 -0.3469
vn 0.9764 -0.0797 -0.2006
vn 0.9591 -0.0122 -0.2827
vn 0.8742 0.0882 -0.4774
vn 0.7946 0.1195 -0.5953
vn 0.8800 -0.0153 -0.4746
vn 0.8203 0.1127 -0.5607
vn 0.6751 0.2076 -0.7079
vn 0.8663 -0.1865 0.4634
vn 0.9041 -0.1674 0.3931
vn 0.9548 -0.1936 0.2255
vn 0.9252 -0.1887 0.3294
vn 0.8126 0.0382 0.5816
vn 0.9437 0.0053 0.3307
vn 0.8805 0.0153 0.4737
vn 0.7646 -0.0021 0.6445
vn -0.0810 0.1922 0.9780
vn -0.2637 0.3482 0.8996
vn -0.3412 0.4197 0.8411
vn -0.0218 0.1736 0.9846
vn 0.8465 0.1157 -0.5197
vn 0.9172 -0.0056 -0.3984
vn 0.8727 0.0937 -0.4792
vn 0.7517 0.1897 -0.6316
vn 0.5529 0.6005 -0.5777
vn 0.6220 0.5298 -0.5766
vn 0.5279 0.5965 -0.6046
vn 0.4570 0.6512 -0.6059
vn -0.0551 0.9848 -0.1645
vn -0.1247 0.9921 0.0127
vn -0.0031 1.0000 -0.0072
vn 0.0570 0.9869 -0.1509
vn 0.1252 0.5249 -0.8419
vn -0.1871 0.7227 -0.6653
vn -0.2615 0.7150 -0.6484
vn -0.0288 0.6527 -0.7571
vn 0.2800 0.0009 0.9600
vn 0.7516 -0.1789 0.6348
vn 0.6396 -0.1270 0.7582
vn 0.3906 -0.0442 0.9195
vn -0.1891 0.4312 0.8822
vn -0.0801 0.3423 0.9362
vn -0.1747 0.4180 0.8915
vn -0.2893 0.4730 0.8322
vn -0.3462 0.7616 0.5478
vn -0.3558 0.8940 0.2723
vn -0.3714 0.9246 0.0841
vn -0.3255 0.6904 0.6460
vn -0.0092 0.8554 -0.5179
vn -0.0836 0.8770 -0.4731
vn 0.0392 0.8171 -0.5752
vn 0.1164 0.7478 -0.6536
vn -0.6500 0.5990 0.4677
vn -0.6576 0.7333 0.1726
vn -0.6521 0.7580 -0.0101
vn -0.6375 0.5201 0.5685
vn 0.0700 0.8832 -0.4637
vn -0.1152 0.9364 -0.3315
vn -0.0773 0.9574 -0.2782
vn 0.0608 0.9250 -0.3750
vn 0.6334 -0.5503 0.5440
vn 0.5049 -0.5180 0.6905
vn 0.7335 -0.6793 0.0222
vn 0.7463 -0.6297 0.2157
vn 0.4290 -0.5152 0.7419
vn 0.3098 -0.4673 0.8280
vn 0.6257 -0.6743 0.3923
vn 0.5965 -0.6274 0.5005
vn 0.2870 0.9124 -0.2919
vn 0.3877 0.8940 -0.2246
vn 0.5149 0.7910 -0.3305
vn 0.4650 0.7683 -0.4399
vn -0.0176 0.9927 -0.1192
vn -0.0986 0.9950 0.0177
vn -0.0208 0.9991 0.0358
vn 0.0453 0.9961 -0.0756
vn 0.8977 0.4402 0.0181
vn 0.9194 0.3634 0.1507
vn 0.9553 0.2772 0.1027
vn 0.9252 0.3739 -0.0641
vn -0.0830 0.3860 0.9188
vn 0.0570 0.3005 0.9521
vn -0.0874 0.3976 0.9134
vn -0.2499 0.4373 0.8639
vn 0.1827 0.9707 -0.1559
vn 0.3045 0.9460 -0.1111
vn 0.4004 0.8802 -0.2548
vn 0.3104 0.8846 -0.3482
vn 0.3552 0.0053 0.9348
vn 0.4824 -0.0449 0.8748
vn 0.5854 -0.1529 0.7962
vn 0.4843 -0.0653 0.8725
vn 0.1596 -0.4833 0.8608
vn 0.1577 -0.4958 0.8540
vn 0.4234 -0.6658 0.6143
vn 0.3454 -0.5978 0.7234
vn 0.0319 0.8828 -0.4686
vn -0.1220 0.9262 -0.3568
vn -0.1295 0.9455 -0.2987
vn -0.0040 0.9231 -0.3845
vn -0.1126 0.9188 -0.3784
vn -0.1707 0.9332 -0.3162
vn -0.0854 0.9079 -0.4103
vn -0.0308 0.8708 -0.4907
vn 0.0142 0.5721 0.8200
vn -0.0597 0.7030 0.7087
vn -0.1770 0.7771 0.6040
vn -0.0608 0.6727 0.7374
vn 0.1922 0.9644 -0.1817
vn 0.2922 0.9473 -0.1311
vn 0.3932 0.8831 -0.2559
vn 0.3257 0.8796 -0.3468
vn 0.0708 0.9353 -0.3466
vn 0.0447 0.9638 -0.2627
vn 0.1713 0.9092 -0.3794
vn 0.2089 0.8413 -0.4985
vn 0.4101 0.0809 0.9084
vn 0.6076 -0.0662 0.7915
vn 0.4698 0.0086 0.8827
vn 0.2811 0.0746 0.9568
vn -0.4810 0.5184 0.7071
vn -0.5529 0.6525 0.5182
vn -0.5831 0.7134 0.3886
vn -0.4535 0.5416 0.7078
vn 0.2326 0.8161 -0.5290
vn 0.1281 0.8753 -0.4662
vn 0.2524 0.8155 -0.5208
vn 0.3395 0.7293 -0.5941
vn -0.5839 -0.0042 0.8118
vn -0.6456 0.0728 0.7602
vn -0.8107 0.1867 0.5548
vn -0.8632 0.1888 0.4682
vn 0.9801 -0.0748 0.1837
vn 0.9986 -0.0280 0.0447
vn 0.9983 -0.0247 -0.0528
vn 0.9959 -0.0458 0.0774
vn -0.1170 0.9929 0.0213
vn -0.0759 0.9944 0.0730
vn -0.0197 0.9977 -0.0650
vn -0.0507 0.9866 -0.1548
vn 0.0286 0.9996 -0.0010
vn -0.0497 0.9884 0.1437
vn 0.0463 0.9821 0.1825
vn 0.1112 0.9919 0.0620
vn 0.9235 0.3245 -0.2044
vn 0.9728 0.2187 -0.0762
vn 0.9758 0.1703 -0.1374
vn 0.9001 0.3056 -0.3104
vn -0.4524 0.6674 0.5915
vn -0.3872 0.5716 0.7234
vn -0.4504 0.6486 0.6136
vn -0.5284 0.6985 0.4827
vn -0.1610 -0.0275 0.9866
vn -0.2307 -0.0220 0.9728
vn -0.4858 0.0863 0.8698
vn -0.6269 0.1345 0.7674
vn 0.8489 -0.3705 0.3770
vn 0.8762 -0.3387 0.3428
vn 0.9291 -0.3653 0.0580
vn 0.9097 -0.3728 0.1826
vn 0.9915 0.0874 -0.0967
vn 1.0000 0.0011 0.0087
vn 0.9902 0.0563 -0.1278
vn 0.9646 0.1240 -0.2327
vn 0.2861 -0.3710 0.8834
vn 0.2312 -0.3206 0.9186
vn 0.5379 -0.5521 0.6371
vn 0.4689 -0.5030 0.7261
vn -0.5097 0.4442 0.7368
vn -0.5999 0.5699 0.5615
vn -0.6003 0.6056 0.5224
vn -0.4589 0.3949 0.7959
vn 0.8862 -0.1472 0.4393
vn 0.9184 -0.1261 0.3750
vn 0.9780 -0.1816 0.1029
vn 0.9564 -0.1546 0.2476
vn 0.6075 0.5164 -0.6036
vn 0.4669 0.6150 -0.6354
vn 0.2901 0.6582 -0.6947
vn 0.4567 0.6133 -0.6444
vn 0.3063 0.7752 -0.5525
vn 0.2243 0.8336 -0.5048
vn 0.3871 0.7253 -0.5693
vn 0.4704 0.5971 -0.6498
vn -0.0714 0.1553 0.9853
vn 0.0865 0.0118 0.9962
vn -0.0206 0.0819 0.9964
vn -0.1623 0.1749 0.9711
vn 0.9584 0.2855 -0.0036
vn 0.9635 0.1945 0.1838
vn 0.9861 0.0635 0.1536
vn 0.9749 0.1923 -0.1125
vn 0.1083 0.9840 -0.1413
vn 0.0036 1.0000 -0.0083
vn 0.0937 0.9947 0.0411
vn 0.1801 0.9813 -0.0683
vn 0.9854 0.0871 -0.1466
vn 0.9993 0.0031 -0.0380
vn 0.9866 0.0556 -0.1531
vn 0.9545 0.1239 -0.2713
vn -0.4958 0.2733 0.8243
vn -0.6013 0.3921 0.6962
vn -0.6169 0.4264 0.6615
vn -0.4614 0.2521 0.8506
vn 0.3674 0.5634 -0.7400
vn 0.5240 0.4239 -0.7387
vn 0.4467 0.4912 -0.7478
vn 0.2061 0.6212 -0.7561
vn 0.2084 0.9526 -0.2215
vn 0.0612 0.9917 -0.1130
vn 0.1374 0.9902 -0.0233
vn 0.2570 0.9598 -0.1131
vn 0.2413 -0.3481 0.9059
vn 0.1442 -0.2735 0.9510
vn 0.5066 -0.5668 0.6497
vn 0.4376 -0.5070 0.7426
vn 0.0342 0.9702 -0.2400
vn 0.0269 0.9833 -0.1800
vn 0.1118 0.9584 -0.2625
vn 0.1285 0.9319 -0.3392
vn 0.7080 0.7025 -0.0724
vn 0.7674 0.6275 -0.1318
vn 0.6577 0.7031 -0.2703
vn 0.6198 0.7630 -0.1833
vn 0.7963 0.5545 -0.2419
vn 0.8615 0.4809 -0.1629
vn 0.8799 0.4294 -0.2035
vn 0.7991 0.5203 -0.3010
vn -0.1553 0.4991 0.8525
vn -0.0812 0.4463 0.8912
vn -0.1692 0.5205 0.8369
vn -0.2613 0.5587 0.7872
vn 0.2650 0.9253 -0.2713
vn 0.3439 0.9162 -0.2058
vn 0.4642 0.8318 -0.3043
vn 0.4266 0.8091 -0.4042
vn 0.1974 0.4427 0.8747
vn 0.0710 0.6115 0.7881
vn -0.1056 0.6975 0.7088
vn 0.0967 0.5647 0.8196
vn 0.5971 0.4375 -0.6724
vn 0.2777 0.6670 -0.6913
vn 0.4234 0.6779 -0.6010
vn 0.6172 0.5251 -0.5859
vn 0.7170 0.4648 -0.5195
vn 0.6091 0.5480 -0.5734
vn 0.5125 0.5930 -0.6210
vn 0.6256 0.5407 -0.5624
vn 0.5936 -0.6374 0.4913
vn 0.7911 -0.6034 0.1001
vn 0.7856 -0.5840 0.2043
vn 0.6598 -0.6040 0.4470
vn -0.4494 0.4387 0.7782
vn -0.5243 0.5390 0.6592
vn -0.5561 0.5942 0.5811
vn -0.4470 0.4836 0.7526
vn -0.7472 0.4450 0.4937
vn -0.7818 0.5699 0.2530
vn -0.7924 0.5968 0.1262
vn -0.7423 0.4070 0.5323
vn -0.1436 0.9892 -0.0298
vn -0.2243 0.9551 0.1935
vn -0.0938 0.9741 0.2060
vn -0.0318 0.9988 0.0366
vn 0.8591 0.4995 -0.1115
vn 0.9254 0.3677 -0.0924
vn 0.7886 0.4387 -0.4308
vn 0.7715 0.5450 -0.3282
vn 0.8149 0.5632 -0.1372
vn 0.8886 0.4588 -0.0014
vn 0.9355 0.3449 -0.0769
vn 0.8392 0.4809 -0.2537
vn 0.3520 0.8688 -0.3483
vn 0.3521 0.9038 -0.2432
vn 0.4979 0.8116 -0.3055
vn 0.5273 0.7358 -0.4249
vn 0.5615 -0.0152 0.8273
vn 0.7066 -0.0719 0.7039
vn 0.7926 -0.1632 0.5875
vn 0.6953 -0.0661 0.7157
vn 0.9920 0.1247 -0.0189
vn 0.9906 0.0174 0.1354
vn 0.9995 -0.0076 0.0320
vn 0.9788 0.1163 -0.1687
vn 0.8958 0.3658 -0.2524
vn 0.9603 0.2486 -0.1269
vn 0.9615 0.1923 -0.1965
vn 0.8635 0.3456 -0.3673
vn 0.4284 -0.5592 0.7098
vn 0.7039 -0.6024 0.3762
vn 0.6832 -0.5742 0.4513
vn 0.5138 -0.5480 0.6601
vn 0.8737 0.4773 0.0938
vn 0.9122 0.4092 0.0206
vn 0.8599 0.4807 -0.1716
vn 0.8406 0.5384 -0.0593
vn -0.4905 0.6900 0.5322
vn -0.4960 0.8090 0.3154
vn -0.4990 0.8580 0.1218
vn -0.4476 0.7654 0.4624
vn -0.3971 0.6993 0.5944
vn -0.4165 0.7846 0.4593
vn -0.4406 0.8449 0.3033
vn -0.3902 0.8056 0.4458
vn 0.4965 -0.1938 0.8461
vn 0.5760 -0.1916 0.7947
vn 0.7209 -0.3398 0.6040
vn 0.6384 -0.2739 0.7194
vn 0.6169 0.6066 -0.5014
vn 0.7491 0.4889 -0.4470
vn 0.7484 0.4327 -0.5026
vn 0.5570 0.5950 -0.5795
vn -0.2888 0.9225 -0.2561
vn -0.4272 0.9041 -0.0096
vn -0.3823 0.9238 0.0202
vn -0.2836 0.9476 -0.1468
vn -0.6651 0.6167 0.4211
vn -0.6608 0.7301 0.1739
vn -0.6449 0.7643 0.0029
vn -0.6492 0.6252 0.4332
vn 0.1819 -0.2728 0.9447
vn 0.2697 -0.2799 0.9214
vn 0.4844 -0.5201 0.7034
vn 0.3698 -0.4128 0.8323
vn 0.2884 0.0158 0.9574
vn 0.2859 0.0485 0.9570
vn 0.5617 -0.3279 0.7596
vn 0.4823 -0.1653 0.8603
vn -0.3676 0.9182 0.1475
vn -0.3781 0.8829 0.2783
vn -0.3589 0.9156 0.1815
vn -0.3599 0.9311 0.0589
vn 0.0478 0.9972 -0.0571
vn 0.2079 0.9771 -0.0458
vn 0.2775 0.9283 -0.2475
vn 0.1465 0.9279 -0.3429
vn 0.6316 -0.4397 0.6386
vn 0.8184 -0.4435 0.3653
vn 0.8017 -0.4499 0.3935
vn 0.6827 -0.4460 0.5789
vn 0.5620 -0.2147 0.7988
vn 0.6477 -0.2100 0.7324
vn 0.7794 -0.3572 0.5147
vn 0.7015 -0.2889 0.6515
vn -0.0702 0.6013 0.7960
vn -0.1356 0.7206 0.6800
vn -0.2300 0.7873 0.5721
vn -0.1222 0.6874 0.7159
vn 0.8318 0.3221 -0.4520
vn 0.7433 0.4080 -0.5302
vn 0.6514 0.4528 -0.6088
vn 0.7510 0.3998 -0.5255
vn 0.2884 0.0394 0.9567
vn 0.3967 -0.0024 0.9179
vn 0.5580 -0.2126 0.8022
vn 0.4579 -0.0807 0.8853
vn -0.2236 0.3033 0.9263
vn -0.2184 0.2591 0.9408
vn -0.3988 0.3587 0.8440
vn -0.5146 0.4008 0.7580
vn 0.9198 0.3397 -0.1962
vn 0.9010 0.3458 -0.2619
vn 0.7934 0.4220 -0.4387
vn 0.8462 0.4189 -0.3293
vn 0.8751 0.1121 0.4708
vn 0.9816 0.1109 0.1557
vn 0.9344 0.1138 0.3375
vn 0.8379 0.0581 0.5427
vn -0.0523 0.2548 0.9656
vn -0.1877 0.3768 0.9071
vn -0.2767 0.4488 0.8497
vn -0.0691 0.3181 0.9455
vn -0.5984 0.6287 0.4967
vn -0.6138 0.7562 0.2267
vn -0.6073 0.7915 0.0682
vn -0.5738 0.5788 0.5795
vn 0.0318 0.9989 -0.0357
vn -0.0461 0.9914 0.1228
vn 0.0627 0.9864 0.1519
vn 0.1276 0.9916 0.0215
vn 0.6892 -0.0409 0.7234
vn 0.7483 -0.0546 0.6611
vn 0.8301 -0.1036 0.5479
vn 0.7748 -0.0666 0.6287
vn -0.2166 0.9727 -0.0835
vn -0.2310 0.9728 -0.0143
vn -0.1737 0.9763 -0.1291
vn -0.1602 0.9619 -0.2214
vn 0.9390 0.2545 -0.2312
vn 0.8733 0.3305 -0.3579
vn 0.8074 0.3743 -0.4561
vn 0.8827 0.3330 -0.3317
vn 0.1153 0.6034 -0.7891
vn -0.0670 0.6604 -0.7479
vn 0.1320 0.5176 -0.8454
vn 0.2763 0.3300 -0.9026
vn 0.8666 0.4313 -0.2509
vn 0.9278 0.3496 -0.1304
vn 0.9514 0.2702 -0.1477
vn 0.8724 0.3800 -0.3073
vn -0.5873 0.4091 0.6984
vn -0.6785 0.4787 0.5572
vn -0.8006 0.5422 0.2550
vn -0.8383 0.5397 0.0772
vn 0.9670 0.2515 -0.0409
vn 0.9771 0.1599 0.1402
vn 0.9924 0.0484 0.1133
vn 0.9729 0.1783 -0.1469
vn -0.1419 0.4629 0.8750
vn -0.0214 0.3775 0.9258
vn -0.1168 0.4587 0.8809
vn -0.2409 0.5102 0.8256
vn 0.5940 0.7717 -0.2273
vn 0.4778 0.8504 -0.2205
vn 0.5056 0.8533 -0.1275
vn 0.6057 0.7846 -0.1321
vn -0.5596 0.5465 0.6230
vn -0.6480 0.6772 0.3485
vn -0.6181 0.6797 0.3949
vn -0.4849 0.3645 0.7950
vn 0.6203 -0.2901 0.7287
vn 0.6754 -0.2807 0.6819
vn 0.7762 -0.3499 0.5245
vn 0.7186 -0.3303 0.6120
vn 0.4578 0.3591 0.8133
vn 0.5345 0.2224 0.8154
vn 0.7022 0.1090 0.7036
vn 0.6227 0.2740 0.7329
vn -0.3677 0.7001 0.6121
vn -0.3906 0.7846 0.4815
vn -0.4188 0.8409 0.3428
vn -0.3661 0.7901 0.4916
vn -0.2956 0.8899 -0.3473
vn -0.4216 0.8949 -0.1463
vn -0.4442 0.8930 -0.0718
vn -0.3374 0.9155 -0.2192
vn 0.5322 -0.6308 0.5648
vn 0.7690 -0.6210 0.1517
vn 0.7734 -0.5894 0.2334
vn 0.6356 -0.5986 0.4876
vn 0.8520 0.3032 0.4268
vn 0.8897 0.2547 0.3790
vn 0.9293 0.2726 0.2491
vn 0.8923 0.3226 0.3157
vn 0.2719 0.8033 -0.5299
vn 0.2990 0.8088 -0.5064
vn 0.4815 0.6441 -0.5943
vn 0.5312 0.4903 -0.6909
vn 0.5422 -0.4228 0.7261
vn 0.7933 -0.4345 0.4265
vn 0.8160 -0.4422 0.3722
vn 0.6798 -0.4269 0.5964
vn -0.1428 0.7807 -0.6084
vn -0.2434 0.8344 -0.4945
vn -0.3672 0.8404 -0.3988
vn -0.2476 0.8287 -0.5020
vn 0.1103 0.7960 -0.5951
vn -0.1743 0.8924 -0.4163
vn -0.0731 0.9290 -0.3628
vn 0.1123 0.8704 -0.4794
vn 0.6943 0.5879 -0.4152
vn 0.6717 0.5807 -0.4600
vn 0.4476 0.6832 -0.5769
vn 0.5424 0.6800 -0.4934
vn -0.3192 0.9432 0.0924
vn -0.2806 0.9462 0.1615
vn -0.2482 0.9651 -0.0830
vn -0.3067 0.9131 -0.2686
vn 0.5750 0.0559 0.8163
vn 0.6364 0.0224 0.7710
vn 0.7600 -0.0686 0.6463
vn 0.6934 0.0027 0.7205
vn 0.6888 -0.5046 0.5206
vn 0.9054 -0.4244 -0.0078
vn 0.8996 -0.4217 0.1134
vn 0.7867 -0.4655 0.4054
vn 0.6104 0.6303 -0.4798
vn 0.4952 0.6984 -0.5167
vn 0.4487 0.7514 -0.4839
vn 0.5538 0.6988 -0.4528
vn -0.1108 0.9898 0.0898
vn -0.0567 0.9898 0.1306
vn -0.0125 0.9999 -0.0067
vn -0.0577 0.9948 -0.0845
vn 0.0356 0.2368 0.9709
vn -0.0970 0.3495 0.9319
vn -0.1931 0.4188 0.8873
vn 0.0025 0.3072 0.9516
vn 0.8882 0.4412 -0.1279
vn 0.8879 0.4194 -0.1892
vn 0.7982 0.4996 -0.3366
vn 0.8231 0.5132 -0.2432
vn 0.1105 0.1927 0.9750
vn 0.0177 0.2635 0.9645
vn -0.0903 0.3357 0.9376
vn 0.0095 0.2966 0.9550
vn -0.2412 0.1468 0.9593
vn -0.3771 0.2660 0.8871
vn -0.4257 0.3214 0.8459
vn -0.2228 0.1603 0.9616
vn 0.1192 0.9197 -0.3740
vn 0.0943 0.9487 -0.3018
vn 0.2210 0.8894 -0.4002
vn 0.2612 0.8239 -0.5029
vn -0.1212 0.9753 0.1845
vn -0.0081 0.9848 0.1737
vn 0.0046 0.9997 -0.0230
vn -0.1034 0.9903 -0.0929
vn 0.5948 0.5670 -0.5698
vn 0.6988 0.4654 -0.5431
vn 0.6481 0.4913 -0.5819
vn 0.5082 0.6002 -0.6177
vn 0.4137 0.3469 0.8417
vn 0.7110 0.1846 0.6785
vn 0.5718 0.3145 0.7577
vn 0.3486 0.3699 0.8612
vn -0.1373 0.7071 0.6937
vn -0.1705 0.8291 0.5325
vn -0.2462 0.8878 0.3888
vn -0.1610 0.7781 0.6072
vn 0.6200 0.2836 -0.7315
vn 0.4991 0.4031 -0.7671
vn 0.3131 0.4433 -0.8399
vn 0.4728 0.3775 -0.7962
vn 0.6162 0.2580 -0.7441
vn 0.7523 0.0855 -0.6533
vn 0.6653 0.2322 -0.7096
vn 0.4352 0.3547 -0.8275
vn 0.0875 0.9647 0.2484
vn 0.1700 0.9447 0.2806
vn 0.1970 0.9649 0.1738
vn 0.1205 0.9845 0.1274
vn -0.2738 0.3892 0.8795
vn 0.2836 0.0560 0.9573
vn 0.1859 0.1092 0.9765
vn -0.0745 0.3020 0.9504
vn 0.9290 -0.0365 -0.3684
vn 0.9666 -0.1610 -0.1995
vn 0.9556 -0.0754 -0.2850
vn 0.8547 0.0303 -0.5182
vn -0.4921 0.6080 0.6231
vn -0.4830 0.5538 0.6782
vn -0.5709 0.6355 0.5199
vn -0.6303 0.6684 0.3949
vn 0.0478 0.8610 -0.5064
vn -0.0954 0.9187 -0.3832
vn 0.0381 0.8686 -0.4941
vn 0.1345 0.7715 -0.6218
vn 0.8668 -0.4054 0.2902
vn 0.8864 -0.3761 0.2698
vn 0.9243 -0.3805 -0.0301
vn 0.9138 -0.3965 0.0877
vn 0.7388 -0.6735 0.0222
vn 0.7194 -0.6938 -0.0333
vn 0.7174 -0.6076 -0.3409
vn 0.7563 -0.6220 -0.2029
vn -0.4638 -0.2251 0.8569
vn -0.1378 -0.4530 0.8808
vn -0.1344 -0.3914 0.9104
vn -0.3512 -0.2441 0.9039
vn -0.6201 0.7494 -0.2321
vn -0.6689 0.7259 -0.1599
vn -0.6077 0.7249 -0.3245
vn -0.5502 0.7106 -0.4386
vn 0.8775 0.4088 -0.2509
vn 0.9288 0.3275 -0.1737
vn 0.9206 0.3161 -0.2292
vn 0.8532 0.4093 -0.3233
vn -0.4482 0.8539 -0.2645
vn -0.5552 0.8317 0.0074
vn -0.5754 0.8128 0.0906
vn -0.4836 0.8700 -0.0965
vn -0.7849 0.5123 0.3485
vn -0.7888 0.4729 0.3927
vn -0.8307 0.5374 0.1453
vn -0.8370 0.5456 -0.0408
vn 0.9584 0.2767 0.0695
vn 0.9565 0.1895 0.2217
vn 0.9812 0.1085 0.1598
vn 0.9745 0.2209 -0.0407
vn 0.6544 0.5445 -0.5247
vn 0.7565 0.4389 -0.4849
vn 0.7163 0.4505 -0.5329
vn 0.5767 0.5701 -0.5851
vn 0.7343 0.3856 -0.5586
vn 0.6616 0.4532 -0.5975
vn 0.5427 0.5073 -0.6694
vn 0.6380 0.4601 -0.6174
vn 0.5643 -0.0551 0.8238
vn 0.7523 -0.1431 0.6431
vn 0.6677 -0.1189 0.7349
vn 0.5156 -0.0802 0.8530
vn 0.3446 0.7456 -0.5704
vn 0.2324 0.8231 -0.5182
vn 0.4003 0.7120 -0.5769
vn 0.4940 0.5688 -0.6577
vn -0.4445 0.4571 0.7703
vn -0.5395 0.6096 0.5807
vn -0.5871 0.6790 0.4408
vn -0.4146 0.4747 0.7764
vn 0.9593 -0.1646 0.2293
vn 0.9789 -0.1100 0.1723
vn 0.9434 -0.1901 -0.2718
vn 0.9874 -0.1510 -0.0483
vn 0.3435 0.2464 0.9062
vn 0.1767 0.3890 0.9041
vn 0.0103 0.4583 0.8888
vn 0.2772 0.3337 0.9010
vt 0.303320 0.730331
vt 0.547464 0.730331
vt 0.547464 0.974475
vt 0.303320 0.974475
s 1
usemtl Leaves
f 9594/3810/9217 9597/3811/9218 9596/3812/9219 9595/3813/9220
f 9697/3811/9221 9695/3810/9222 9694/3813/9223 9696/3812/9224
f 9521/3811/9225 9519/3810/9226 9518/3813/9227 9520/3812/9228
f 9894/3810/9229 9897/3811/9230 9896/3812/9231 9895/3813/9232
f 9573/3811/9233 9572/3810/9234 9571/3813/9235 9570/3812/9236
f 9514/3810/9237 9517/3811/9238 9516/3812/9239 9515/3813/9240
f 9626/3810/9241 9629/3811/9242 9628/3812/9243 9627/3813/9244
f 9752/3810/9245 9753/3811/9246 9751/3812/9247 9750/3813/9248
f 9713/3811/9249 9711/3810/9250 9710/3813/9251 9712/3812/9252
f 9621/3811/9253 9620/3810/9254 9619/3813/9255 9618/3812/9256
f 9688/3810/9257 9689/3811/9258 9687/3812/9259 9686/3813/9260
f 9832/3810/9261 9833/3811/9262 9831/3812/9263 9830/3813/9264
f 9585/3811/9265 9583/3810/9266 9582/3813/9267 9584/3812/9268
f 9457/3811/9269 9455/3810/9270 9454/3813/9271 9456/3812/9272
f 9649/3811/9273 9647/3810/9274 9646/3813/9275 9648/3812/9276
f 9258/3810/9277 9261/3811/9278 9260/3812/9279 9259/3813/9280
f 9397/3811/9281 9396/3810/9282 9395/3813/9283 9394/3812/9284
f 9290/3810/9285 9293/3811/9286 9292/3812/9287 9291/3813/9288
f 9402/3810/9289 9405/3811/9290 9404/3812/9291 9403/3813/9292
f 9448/3810/9293 9449/3811/9294 9447/3812/9295 9446/3813/9296
f 9509/3811/9297 9508/3810/9298 9507/3813/9299 9506/3812/9300
f 9473/3811/9301 9471/3810/9302 9470/3813/9303 9472/3812/9304
f 9466/3810/9305 9469/3811/9306 9468/3812/9307 9467/3813/9308
f 9658/3810/9309 9661/3811/9310 9660/3812/9311 9659/3813/9312
f 9642/3810/9313 9645/3811/9314 9644/3812/9315 9643/3813/9316
f 9285/3811/9317 9284/3810/9318 9283/3813/9319 9282/3812/9320
f 9297/3811/9321 9295/3810/9322 9294/3813/9323 9296/3812/9324
f 9400/3810/9325 9401/3811/9326 9399/3812/9327 9398/3813/9328
f 9352/3810/9329 9353/3811/9330 9351/3812/9331 9350/3813/9332
f 9818/3810/9333 9821/3811/9334 9820/3812/9335 9819/3813/9336
f 9525/3811/9337 9524/3810/9338 9523/3813/9339 9522/3812/9340
f 9701/3811/9341 9700/3810/9342 9699/3813/9343 9698/3812/9344
f 9416/3810/9345 9417/3811/9346 9415/3812/9347 9414/3813/9348
f 9768/3810/9349 9769/3811/9350 9767/3812/9351 9766/3813/9352
f 9908/3810/9353 9909/3811/9354 9907/3812/9355 9906/3813/9356
f 9544/3810/9357 9545/3811/9358 9543/3812/9359 9542/3813/9360
f 9477/3811/9361 9476/3810/9362 9475/3813/9363 9474/3812/9364
f 9546/3810/9365 9549/3811/9366 9548/3812/9367 9547/3813/9368
f 9685/3811/9369 9684/3810/9370 9683/3813/9371 9682/3812/9372
f 9777/3811/9373 9775/3810/9374 9774/3813/9375 9776/3812/9376
f 9269/3811/9377 9268/3810/9378 9267/3813/9379 9266/3812/9380
f 9576/3810/9381 9577/3811/9382 9575/3812/9383 9574/3813/9384
f 9242/3810/9385 9245/3811/9386 9244/3812/9387 9243/3813/9388
f 9338/3810/9389 9341/3811/9390 9340/3812/9391 9339/3813/9392
f 9361/3811/9393 9359/3810/9394 9358/3813/9395 9360/3812/9396
f 9940/3810/9397 9941/3811/9398 9939/3812/9399 9938/3813/9400
f 9432/3810/9401 9433/3811/9402 9431/3812/9403 9430/3813/9404
f 9482/3810/9405 9485/3811/9406 9484/3812/9407 9483/3813/9408
f 9345/3811/9409 9343/3810/9410 9342/3813/9411 9344/3812/9412
f 9418/3810/9413 9421/3811/9414 9420/3812/9415 9419/3813/9416
f 9706/3810/9417 9709/3811/9418 9708/3812/9419 9707/3813/9420
f 9608/3810/9421 9609/3811/9422 9607/3812/9423 9606/3813/9424
f 9841/3811/9425 9839/3810/9426 9838/3813/9427 9840/3812/9428
f 9349/3811/9429 9348/3810/9430 9347/3813/9431 9346/3812/9432
f 9409/3811/9433 9407/3810/9434 9406/3813/9435 9408/3812/9436
f 9313/3811/9437 9311/3810/9438 9310/3813/9439 9312/3812/9440
f 9445/3811/9441 9444/3810/9442 9443/3813/9443 9442/3812/9444
f 9381/3811/9445 9380/3810/9446 9379/3813/9447 9378/3812/9448
f 9425/3811/9449 9423/3810/9450 9422/3813/9451 9424/3812/9452
f 9610/3810/9453 9613/3811/9454 9612/3812/9455 9611/3813/9456
f 9857/3811/9457 9855/3810/9458 9854/3813/9459 9856/3812/9460
f 9729/3811/9461 9727/3810/9462 9726/3813/9463 9728/3812/9464
f 9560/3810/9465 9561/3811/9466 9559/3812/9467 9558/3813/9468
f 9384/3810/9469 9385/3811/9470 9383/3812/9471 9382/3813/9472
f 9498/3810/9473 9501/3811/9474 9500/3812/9475 9499/3813/9476
f 9450/3810/9477 9453/3811/9478 9452/3812/9479 9451/3813/9480
f 9722/3810/9481 9725/3811/9482 9724/3812/9483 9723/3813/9484
f 9656/3810/9485 9657/3811/9486 9655/3812/9487 9654/3813/9488
f 9386/3810/9489 9389/3811/9490 9388/3812/9491 9387/3813/9492
f 9781/3811/9493 9780/3810/9494 9779/3813/9495 9778/3812/9496
f 9690/3810/9497 9693/3811/9498 9692/3812/9499 9691/3813/9500
f 9489/3811/9501 9487/3810/9502 9486/3813/9503 9488/3812/9504
f 9329/3811/9505 9327/3810/9506 9326/3813/9507 9328/3812/9508
f 9921/3811/9509 9920/3810/9510 9919/3813/9511 9918/3812/9512
f 9272/3810/9513 9273/3811/9514 9271/3812/9515 9270/3813/9516
f 9640/3810/9517 9641/3811/9518 9639/3812/9519 9638/3813/9520
f 9720/3810/9521 9721/3811/9522 9719/3812/9523 9718/3813/9524
f 9845/3811/9525 9844/3810/9526 9843/3813/9527 9842/3812/9528
f 9672/3810/9529 9673/3811/9530 9671/3812/9531 9670/3813/9532
f 9512/3810/9533 9513/3811/9534 9511/3812/9535 9510/3813/9536
f 9354/3810/9537 9357/3811/9538 9356/3812/9539 9355/3813/9540
f 9809/3811/9541 9807/3810/9542 9806/3813/9543 9808/3812/9544
f 9617/3811/9545 9615/3810/9546 9614/3813/9547 9616/3812/9548
f 9848/3810/9549 9849/3811/9550 9847/3812/9551 9846/3813/9552
f 9926/3810/9553 9929/3811/9554 9928/3812/9555 9927/3813/9556
f 9393/3811/9557 9391/3810/9558 9390/3813/9559 9392/3812/9560
f 9253/3811/9561 9252/3810/9562 9251/3813/9563 9250/3812/9564
f 9892/3810/9565 9893/3811/9566 9891/3812/9567 9890/3813/9568
f 9553/3811/9569 9551/3810/9570 9550/3813/9571 9552/3812/9572
f 9557/3811/9573 9556/3810/9574 9555/3813/9575 9554/3812/9576
f 9813/3811/9577 9812/3810/9578 9811/3813/9579 9810/3812/9580
f 9429/3811/9581 9428/3810/9582 9427/3813/9583 9426/3812/9584
f 9496/3810/9585 9497/3811/9586 9495/3812/9587 9494/3813/9588
f 9537/3811/9589 9535/3810/9590 9534/3813/9591 9536/3812/9592
f 9288/3810/9593 9289/3811/9594 9287/3812/9595 9286/3813/9596
f 9233/3811/9597 9231/3810/9598 9230/3813/9599 9232/3812/9600
f 9274/3810/9601 9277/3811/9602 9276/3812/9603 9275/3813/9604
f 9240/3810/9605 9241/3811/9606 9239/3812/9607 9238/3813/9608
f 9320/3810/9609 9321/3811/9610 9319/3812/9611 9318/3813/9612
f 9637/3811/9613 9636/3810/9614 9635/3813/9615 9634/3812/9616
f 9441/3811/9617 9439/3810/9618 9438/3813/9619 9440/3812/9620
f 9237/3811/9621 9236/3810/9622 9235/3813/9623 9234/3812/9624
f 9653/3811/9625 9652/3810/9626 9651/3813/9627 9650/3812/9628
f 9370/3810/9629 9373/3811/9630 9372/3812/9631 9371/3813/9632
f 9704/3810/9633 9705/3811/9634 9703/3812/9635 9702/3813/9636
f 9876/3810/9637 9877/3811/9638 9875/3812/9639 9874/3813/9640
f 9301/3811/9641 9300/3810/9642 9299/3813/9643 9298/3812/9644
f 9226/3810/9645 9229/3811/9646 9228/3812/9647 9227/3813/9648
f 9674/3810/9649 9677/3811/9650 9676/3812/9651 9675/3813/9652
f 9850/3810/9653 9853/3811/9654 9852/3812/9655 9851/3813/9656
f 9249/3811/9657 9247/3810/9658 9246/3813/9659 9248/3812/9660
f 9937/3811/9661 9936/3810/9662 9935/3813/9663 9934/3812/9664
f 9306/3810/9665 9309/3811/9666 9308/3812/9667 9307/3813/9668
f 9413/3811/9669 9412/3810/9670 9411/3813/9671 9410/3812/9672
f 9633/3811/9673 9631/3810/9674 9630/3813/9675 9632/3812/9676
f 9322/3810/9677 9325/3811/9678 9324/3812/9679 9323/3813/9680
f 9866/3810/9681 9869/3811/9682 9868/3812/9683 9867/3813/9684
f 9569/3811/9685 9567/3810/9686 9566/3813/9687 9568/3812/9688
f 9461/3811/9689 9460/3810/9690 9459/3813/9691 9458/3812/9692
f 9733/3811/9693 9732/3810/9694 9731/3813/9695 9730/3812/9696
f 9333/3811/9697 9332/3810/9698 9331/3813/9699 9330/3812/9700
f 9592/3810/9701 9593/3811/9702 9591/3812/9703 9590/3813/9704
f 9834/3810/9705 9837/3811/9706 9836/3812/9707 9835/3813/9708
f 9825/3811/9709 9823/3810/9710 9822/3813/9711 9824/3812/9712
f 9505/3811/9713 9503/3810/9714 9502/3813/9715 9504/3812/9716
f 9745/3811/9717 9743/3810/9718 9742/3813/9719 9744/3812/9720
f 9784/3810/9721 9785/3811/9722 9783/3812/9723 9782/3813/9724
f 9530/3810/9725 9533/3811/9726 9532/3812/9727 9531/3813/9728
f 9336/3810/9729 9337/3811/9730 9335/3812/9731 9334/3813/9732
f 9578/3810/9733 9581/3811/9734 9580/3812/9735 9579/3813/9736
f 9864/3810/9737 9865/3811/9738 9863/3812/9739 9862/3813/9740
f 9749/3811/9741 9748/3810/9742 9747/3813/9743 9746/3812/9744
f 9802/3810/9745 9805/3811/9746 9804/3812/9747 9803/3813/9748
f 9738/3810/9749 9741/3811/9750 9740/3812/9751 9739/3813/9752
f 9717/3811/9753 9716/3810/9754 9715/3813/9755 9714/3812/9756
f 9528/3810/9757 9529/3811/9758 9527/3812/9759 9526/3813/9760
f 9589/3811/9761 9588/3810/9762 9587/3813/9763 9586/3812/9764
f 9917/3811/9765 9915/3810/9766 9914/3813/9767 9916/3812/9768
f 9681/3811/9769 9679/3810/9770 9678/3813/9771 9680/3812/9772
f 9905/3811/9773 9904/3810/9774 9903/3813/9775 9902/3812/9776
f 9624/3810/9777 9625/3811/9778 9623/3812/9779 9622/3813/9780
f 9480/3810/9781 9481/3811/9782 9479/3812/9783 9478/3813/9784
f 9873/3811/9785 9871/3810/9786 9870/3813/9787 9872/3812/9788
f 9878/3810/9789 9881/3811/9790 9880/3812/9791 9879/3813/9792
f 9770/3810/9793 9773/3811/9794 9772/3812/9795 9771/3813/9796
f 9493/3811/9797 9492/3810/9798 9491/3813/9799 9490/3812/9800
f 9924/3810/9801 9925/3811/9802 9923/3812/9803 9922/3813/9804
f 9793/3811/9805 9791/3810/9806 9790/3813/9807 9792/3812/9808
f 9797/3811/9809 9796/3810/9810 9795/3813/9811 9794/3812/9812
f 9601/3811/9813 9599/3810/9814 9598/3813/9815 9600/3812/9816
f 9765/3811/9817 9764/3810/9818 9763/3813/9819 9762/3812/9820
f 9829/3811/9821 9828/3810/9822 9827/3813/9823 9826/3812/9824
f 9377/3811/9825 9375/3810/9826 9374/3813/9827 9376/3812/9828
f 9665/3811/9829 9663/3810/9830 9662/3813/9831 9664/3812/9832
f 9800/3810/9833 9801/3811/9834 9799/3812/9835 9798/3813/9836
f 9541/3811/9837 9540/3810/9838 9539/3813/9839 9538/3812/9840
f 9365/3811/9841 9364/3810/9842 9363/3813/9843 9362/3812/9844
f 9901/3811/9845 9899/3810/9846 9898/3813/9847 9900/3812/9848
f 9256/3810/9849 9257/3811/9850 9255/3812/9851 9254/3813/9852
f 9761/3811/9853 9759/3810/9854 9758/3813/9855 9760/3812/9856
f 9889/3811/9857 9888/3810/9858 9887/3813/9859 9886/3812/9860
f 9368/3810/9861 9369/3811/9862 9367/3812/9863 9366/3813/9864
f 9562/3810/9865 9565/3811/9866 9564/3812/9867 9563/3813/9868
f 9281/3811/9869 9279/3810/9870 9278/3813/9871 9280/3812/9872
f 9786/3810/9873 9789/3811/9874 9788/3812/9875 9787/3813/9876
f 9754/3810/9877 9757/3811/9878 9756/3812/9879 9755/3813/9880
f 9861/3811/9881 9860/3810/9882 9859/3813/9883 9858/3812/9884
f 9910/3810/9885 9913/3811/9886 9912/3812/9887 9911/3813/9888
f 9816/3810/9889 9817/3811/9890 9815/3812/9891 9814/3813/9892
f 9464/3810/9893 9465/3811/9894 9463/3812/9895 9462/3813/9896
f 9434/3810/9897 9437/3811/9898 9436/3812/9899 9435/3813/9900
f 9304/3810/9901 9305/3811/9902 9303/3812/9903 9302/3813/9904
f 9736/3810/9905 9737/3811/9906 9735/3812/9907 9734/3813/9908
f 9933/3811/9909 9931/3810/9910 9930/3813/9911 9932/3812/9912
f 9605/3811/9913 9604/3810/9914 9603/3813/9915 9602/3812/9916
f 9265/3811/9917 9263/3810/9918 9262/3813/9919 9264/3812/9920
f 9317/3811/9921 9316/3810/9922 9315/3813/9923 9314/3812/9924
f 9885/3811/9925 9883/3810/9926 9882/3813/9927 9884/3812/9928
f 9669/3811/9929 9668/3810/9930 9667/3813/9931 9666/3812/9932
